origin_quarter,origin_year,cy_logLik,cyandny_logLik,cy_rw_sd,cyandny_rw_sd,forecaster_id
1,2001,89.1462041234737,91.0213312671647,1.98977722917502,1.96412805346678,1
2,2001,90.4064315375175,92.1994621377562,1.96633249787743,1.9421396691488,1
3,2001,93.2862275935672,95.0115243904188,2.03444733047301,2.01226688207221,1
4,2001,96.1281354315912,97.6840923893699,2.10900985069188,2.0843145473869,1
1,2002,99.5632250405092,101.489948726846,2.08628254920799,2.06207949883326,1
2,2002,102.076782275657,103.937419346291,2.12268063619958,2.09850038555871,1
4,2002,103.904973817156,105.432270251082,2.06799345389552,2.04547223027306,1
1,2003,106.760855855289,108.699251766827,2.02287917984974,2.00321032313079,1
3,2003,109.21286241512,110.978457503818,1.98807889878426,1.97247537202685,1
4,2003,110.84869608659,112.34220839958,1.9999914088702,1.97993057479002,1
1,2004,116.025490975957,117.9482802147,2.0543050446994,2.03465226236234,1
2,2004,117.445758111958,119.266397093927,2.04089037958431,2.02117395336891,1
4,2004,119.567129039466,121.06519051712,2.0102110071006,1.99151400443678,1
2,2005,124.4451321427,126.249513711533,1.98490183542851,1.96749579892432,1
3,2005,120.194617674057,121.737310916187,1.79032843549254,1.77456099955281,1
1,2006,123.583198490398,125.789991063756,1.73960886106333,1.73127045942016,1
2,2006,125.332319380598,127.065568083113,1.74704902709699,1.73437850210639,1
4,2006,125.458745524125,126.953072510616,1.67725895421696,1.6684287646613,1
1,2007,129.666135924145,131.381210268796,1.69210321760147,1.67862040603764,1
2,2007,131.097523049909,132.77784573718,1.68864084132357,1.67665850365457,1
4,2007,133.247577398031,134.639358506767,1.67812689852115,1.666854715164,1
1,2008,136.899309535038,138.647336480654,1.67814659077737,1.66658299497473,1
2,2008,138.708203398271,140.356216476081,1.68459342546877,1.67260529887746,1
4,2008,142.83474238786,144.554662787108,1.72086442068521,1.71249047583238,1
1,2009,145.502707917731,148.290812916615,1.69879155428977,1.71182478935322,1
2,2009,151.430964915818,153.709500030745,1.80600520899032,1.80825315059955,1
3,2009,161.264622851949,163.026326738235,2.01967391975999,2.00583782625072,1
4,2009,165.947024325042,168.446203854517,2.12241874952578,2.12384211467909,1
1,2010,169.183563533932,171.15194757698,2.10559717230845,2.09243562279162,1
2,2010,171.509837908882,173.386090987373,2.121001213507,2.10742880686722,1
4,2010,173.99168410671,175.693721390382,2.10216793093258,2.09045555083859,1
2,2011,177.76045455627,179.619800002668,2.0566936283598,2.0445230414634,1
4,2011,183.37695328578,185.651070084928,2.09210731565363,2.08442815392588,1
1,2012,185.586373125564,188.034340554167,2.07967825107408,2.07277923761819,1
2,2012,187.749316101074,190.235597305655,2.08606193692653,2.08018011858059,1
4,2012,190.89330299278,193.193624798114,2.06518043257782,2.05849616580496,1
1,2013,192.913355729452,195.362544749187,2.04882994335512,2.04310610712271,1
2,2013,194.835021640313,197.370616690705,2.04770671824933,2.04469249213822,1
4,2013,200.462750136307,202.709368107888,2.0891809241038,2.08189732500251,1
1,2014,201.509148829136,203.933715384329,2.05018578980404,2.04444863415032,1
2,2014,203.022630926921,205.405221296754,2.04211275840668,2.0354202171657,1
4,2014,206.353460388512,208.615168827481,2.02844852081371,2.02233198873389,1
1,2015,210.177844071135,212.927227478488,2.04644824512059,2.04195537915669,1
2,2015,212.79269984711,215.271174133442,2.0666747264578,2.06058835402787,1
4,2015,215.006392627166,217.324057504145,2.02739701877779,2.02200031230097,1
1,2016,216.619324523096,219.105580071718,2.00783664228368,2.00255496154241,1
3,2016,219.701878715534,222.096802980566,1.99228359039862,1.98659482835872,1
4,2016,222.69028599802,224.987919751476,2.01139756766131,2.00613694166548,1
1,2017,224.434567683254,226.90590711243,1.99532439401062,1.99018918167554,1
2,2017,226.350481965688,228.789348647688,1.99566472580771,1.99018081971291,1
3,2017,227.430765978673,229.814312863216,1.9789368753892,1.97348028011231,1
4,2017,229.204481838215,231.507207825418,1.97417732318542,1.96945630753174,1
1,2018,230.591140934205,233.047311961859,1.95278752519564,1.94800330075664,1
2,2018,232.00282601267,234.425371972432,1.94427333767758,1.93920206629783,1
4,2018,236.16399034956,238.42908355939,1.94844305745612,1.94371933937276,1
1,2019,238.034035805897,240.475091661549,1.93656682391262,1.93206359690803,1
2,2019,239.491483016581,241.896147088194,1.92963904679398,1.92473481094102,1
4,2019,247.844174086751,250.114650165446,2.00765889084148,2.00273480332183,1
1,2020,254.149725623006,256.617683171332,2.07440568908492,2.06953124102206,1
2,2020,257.588177874961,261.007048302683,2.07904365470429,2.07067138980354,1
4,2020,325.381550832286,350.840873068578,3.41004175347339,4.19957242500767,1
1,2021,453.938955671218,458.432456575858,10.4638163144099,10.4677064607606,1
2,2021,465.292476397527,468.922375928884,11.2230213421078,11.1846107252465,1
3,2021,468.682547696386,472.273156490558,11.2339380434132,11.2009777481877,1
1,2022,476.578663518332,480.239707613921,11.1671528907792,11.1262415505626,1
2,2022,480.153619734889,483.769035215931,11.1788518737875,11.1406618325132,1
4,2022,485.80693250853,489.375263154484,11.1038739256383,11.0710518509433,1
2,2023,490.735548888224,494.319795936607,10.7684739790118,10.7332792332513,1
3,2023,491.3904481828,494.922887853791,10.5536019720751,10.5238236917543,1
4,2023,493.301934088945,496.820761719184,10.4521454241479,10.4209387352514,1
1,2024,497.051102181576,500.639319405204,10.3259889585751,10.2909140830955,1
2,2024,500.336600348317,503.877170110828,10.3192445198397,10.2863866509601,1
3,2024,498.654543210266,502.131559808358,9.94505720664513,9.91765178111653,1
4,2024,500.679094082859,504.149286018418,9.86411291267071,9.8354235726538,1
1,2001,89.1531692310651,91.0279760550209,1.99014198109642,1.96446273193577,2
2,2001,90.4324207766936,92.2221186238682,1.96764325961837,1.94324003403569,2
4,2001,96.2423588061128,98.8731789733653,2.11489165000533,2.14415251142729,2
1,2002,99.5257383000778,101.508012853691,2.08442106181429,2.06294593110123,2
2,2002,102.011548515231,103.873163990514,2.11946127518662,2.09543807466977,2
3,2002,103.093211256816,104.853847308326,2.09499244751055,2.07444841959208,2
4,2002,103.901093020346,105.431825207109,2.06781514495725,2.0454523029847,2
3,2003,109.196526671679,110.907405032597,1.9874024278796,1.96961729142705,2
1,2004,116.054767902592,117.963430349436,2.05550825027566,2.03525676188522,2
2,2004,117.445758111958,119.284887049052,2.04089037958431,2.0218927620559,2
4,2004,119.613545787527,121.134378401267,2.01197213946714,1.9940667546204,2
2,2005,124.530000303,126.345530364266,1.98796699410808,1.97087208579524,2
1,2006,123.563919237425,125.773275785703,1.73929664044905,1.73101761464497,2
2,2006,125.29171431776,126.959613038793,1.74584710405964,1.73131856715818,2
4,2006,125.408306451302,126.935448444573,1.67587288982735,1.66795349222104,2
1,2007,129.676241463545,131.391958611291,1.69237904970219,1.67890682197086,2
2,2007,131.152652642605,132.972883277061,1.69011915084393,1.6817781003449,2
4,2007,133.063719706861,134.429111809117,1.67355505442024,1.66211035839252,2
1,2008,136.844523238352,138.570960374032,1.67675670703443,1.66469227342939,2
2,2008,138.733257240658,140.37305815339,1.68522112333999,1.6730203663224,2
4,2008,142.165743867202,143.63659925924,1.70666765858864,1.69728439832021,2
1,2009,145.704402619692,148.102926281178,1.70366601665453,1.70738415781751,2
1,2010,169.170367306238,171.119317017451,2.10522424199554,2.09154960810213,2
2,2010,171.579003564772,173.464692316496,2.12293191768615,2.10953869660105,2
4,2010,173.529334231395,175.213063058339,2.09194997026142,2.0811190526454,2
2,2011,177.780661190973,179.636807760897,2.05720774040889,2.04495118782129,2
4,2011,183.375461631082,185.718193369369,2.09210590733707,2.08552265436741,2
1,2012,185.583400591353,188.038650111515,2.07964206718731,2.0730222837327,2
2,2012,187.841320082147,190.333783289904,2.08678338294656,2.08183379459785,2
4,2012,190.892139231797,193.237106722956,2.06517959671185,2.05926395662718,2
1,2013,192.913355729452,195.362544749187,2.04882994335512,2.04310610712271,2
2,2013,194.899294865827,197.434688478047,2.04818489661612,2.04556439109148,2
4,2013,200.455194898501,202.700672373665,2.08917440062056,2.08185094974059,2
2,2014,203.029075125831,205.42080518713,2.04215943458239,2.03568997665043,2
4,2014,206.346685710806,208.621249034425,2.02844390061034,2.02241010584761,2
1,2015,210.177844071135,212.935109449297,2.04644824512059,2.04206200073235,2
2,2015,212.799007980725,215.277414861275,2.06670815596553,2.06065520579772,2
4,2015,215.006988286946,217.329964494041,2.02739728445576,2.02206608056143,2
1,2016,216.623779749381,219.112246922569,2.00787263225559,2.00265398870795,2
1,2017,224.441037799583,226.91275428208,1.99537512976614,1.99026079481582,2
3,2017,227.426686688182,229.805202535959,1.97892980352833,1.97337760892701,2
4,2017,229.203757367179,231.483372101128,1.97417703263237,1.96921535393739,2
1,2018,230.59320597744,233.045824067884,1.9528026696542,1.94796690249324,2
2,2018,232.00282601267,234.421610083779,1.94427333767758,1.93915629530546,2
3,2018,233.442619409868,235.804567757187,1.93564004457674,1.93050094469499,2
4,2018,236.16399034956,238.441355021739,1.94844305745612,1.94384255237433,2
1,2019,238.016295806381,240.464233555363,1.93644027751854,1.93197502280862,2
2,2019,239.504269167901,241.914425891308,1.92969374887745,1.92492123663676,2
4,2019,247.842459189193,250.121052697576,2.0076581698819,2.00281152962381,2
1,2020,254.159030898949,256.627557596813,2.07448158231644,2.06968079517001,2
2,2020,257.010888755673,260.119410721129,2.07607276164381,2.06876772804961,2
4,2020,327.185670340486,353.391664053375,3.41370284173474,4.25944869730058,2
1,2021,454.634726476854,459.602953101901,10.5236975503346,10.5584672579458,2
2,2021,465.275745081699,468.9751822519,11.2215757239137,11.1886657626212,2
4,2021,472.86670586008,476.446151103802,11.3104664102855,11.2731089953315,2
1,2022,476.603983646927,480.26910687475,11.1693751648489,11.1286660350694,2
2,2022,480.1574917788,483.769049562772,11.1791736850043,11.1407013868619,2
4,2023,493.303606965307,496.819883901372,10.4521987891157,10.4209121845184,2
2,2024,500.335259381671,503.875820284326,10.3191489322647,10.2862908177989,2
4,2024,500.679546063091,504.147867151949,9.86412546095578,9.83536173054386,2
1,2001,89.147448381205,91.0371229063465,1.98984238231792,1.96492350309209,3
2,2001,90.4171644019087,92.205731908595,1.96687370580074,1.94244412503429,3
3,2001,93.3496429925156,95.286547219039,2.03767515996837,2.02580913922493,3
4,2001,96.0009083888391,97.6705587532511,2.10247609480636,2.0836431030565,3
1,2002,99.5363718498482,101.537289159131,2.08494961608523,2.0643509410712,3
2,2002,102.011548515231,103.873163990514,2.11946127518662,2.09543807466977,3
4,2002,103.904973817156,105.432270251082,2.06799345389552,2.04547223027306,3
1,2003,106.768816799802,108.667849886889,2.02322930436252,2.00187238796973,3
2,2003,107.284469563696,109.174942917403,1.97124063775418,1.95487189964579,3
4,2003,110.599144686432,112.37420685689,1.98983247242842,1.9811979421729,3
2,2004,117.48102351653,119.303970808544,2.04230208259002,2.02263491509538,3
2,2005,124.485377067105,126.318948240667,1.98635475669299,1.96993675973526,3
4,2005,123.141320654371,124.555063854375,1.8447999964653,1.8288676144468,3
2,2006,125.256813338145,126.934607934514,1.74481467334347,1.73059717870776,3
4,2006,125.59980100633,126.92911942006,1.68113881424317,1.66778261575947,3
1,2007,129.666135924145,131.397137392953,1.69210321760147,1.67904482195742,3
2,2007,131.152652642605,132.872112973454,1.69011915084393,1.67912996971513,3
3,2007,132.086592309598,133.621532148663,1.67873852012336,1.66718523893937,3
4,2007,133.063719706861,134.429111809117,1.67355505442024,1.66211035839252,3
1,2009,145.502707917731,147.889955291152,1.69879155428977,1.70235504993439,3
2,2009,151.979437602757,153.809929750212,1.81972499246283,1.81052622145692,3
4,2009,165.657189435908,167.43643876597,2.11557774585818,2.10669214483983,3
2,2010,171.644201860709,173.565993254008,2.12475371997378,2.11224071648159,3
4,2010,173.529334231395,175.216189346575,2.09194997026142,2.08160196047589,3
1,2011,176.778759432083,178.715532385335,2.07720299337823,2.06441603757863,3
2,2011,177.841283050525,179.704159947158,2.05875100875251,2.04658382987491,3
4,2011,183.377218953418,185.878348598768,2.09210751662138,2.08783290946878,3
1,2012,185.783017030874,188.226415239764,2.08207753543042,2.07564464616504,3
3,2012,190.090333116112,192.464837434506,2.09514235048536,2.08703890683526,3
4,2012,190.897200485428,193.18337275114,2.06518322891455,2.05827274165931,3
1,2013,192.913355729452,195.342921421243,2.04882994335512,2.04220237071972,3
2,2013,194.948696601902,197.42083762166,2.04855282086186,2.04464084565861,3
4,2013,200.45421775785,202.700723292785,2.08917365498202,2.08186916698785,3
2,2014,203.021587621021,205.410921775806,2.04210519369766,2.03550083859482,3
4,2014,206.359574324897,208.590825128916,2.02845269754146,2.02190418520795,3
1,2015,210.174088527123,212.926261785844,2.04643145475623,2.04195676342718,3
2,2015,212.790368106572,215.264415401363,2.06666236584323,2.06048245206557,3
2,2017,226.347010117133,228.785316187033,1.99564830528147,1.99013807936269,3
1,2001,89.1462041234737,91.0383002197561,1.98977722917502,1.96498282935385,4
2,2001,90.4171644019087,92.2393426822302,1.96687370580074,1.94407693604098,4
4,2001,96.0009083888391,97.8847470542606,2.10247609480636,2.09429472901919,4
1,2002,99.5488685390721,101.527669813593,2.08557005753868,2.06388918636226,4
2,2002,102.294430536015,104.219183739173,2.13345195021833,2.11198153576118,4
3,2002,103.419860957586,105.35088418158,2.11060157344899,2.09748747349671,4
4,2002,103.901093020346,105.47824087916,2.06781514495725,2.04751672181201,4
1,2003,106.764177789587,108.710878405266,2.0230252824398,2.00370592061004,4
2,2003,107.284469563696,109.24077488675,1.97124063775418,1.95755480648863,4
3,2003,109.345963659003,111.014201308794,1.99359923637468,1.97391483280965,4
4,2003,110.692056497475,112.250845899577,1.99360876220584,1.97631689366366,4
1,2004,116.044565637564,117.953124252945,2.05508888619436,2.0348455210233,4
2,2004,117.48102351653,119.304357927256,2.04230208259002,2.02264995980539,4
3,2004,118.952306258695,120.625146129823,2.03899583819501,2.01969289613971,4
4,2004,119.613545787527,121.134378401267,2.01197213946714,1.9940667546204,4
1,2005,124.351691965881,126.260142344717,2.04560027760531,2.02707565019606,4
2,2005,124.485377067105,126.298859983812,1.98635475669299,1.96923025969539,4
4,2005,123.257354209084,124.711136213929,1.84855848516128,1.83379366931981,4
1,2006,123.563919237425,125.779278796807,1.73929664044905,1.73117285581441,4
2,2006,125.378604949313,127.231955281772,1.7484201045639,1.73919462212524,4
3,2006,125.602024767583,127.304968127955,1.71446343303701,1.70603280732962,4
4,2006,125.59980100633,127.001958024735,1.68113881424317,1.66974522741839,4
1,2007,129.666135924145,131.385073724893,1.69210321760147,1.67872068581393,4
2,2007,131.280968592913,133.111574723323,1.69356499121117,1.68542646932269,4
3,2007,132.073550880774,133.563877917666,1.67839871406227,1.66573827500221,4
4,2007,132.967402079277,134.326485895509,1.67116467625368,1.65955114861762,4
1,2008,136.950167028557,138.733487255656,1.67943786026736,1.66871358353822,4
2,2008,138.707762790271,140.341847863478,1.68458238161469,1.67225318761838,4
4,2008,142.0906050056,143.634324538249,1.70508692515586,1.69710280530592,4
1,2009,145.336743966296,147.748631801424,1.6947914189608,1.69905986523302,4
2,2009,151.430964915818,153.967124260281,1.80600520899032,1.81465867171577,4
4,2009,166.519533477371,168.232158943957,2.13607016710087,2.12347072767282,4
1,2010,169.177836898442,171.139366221672,2.10543419215733,2.09209335803761,4
2,2010,171.609699634579,173.510105482448,2.12378895804164,2.11074989205324,4
3,2010,172.332589854659,174.205079531221,2.0993112075315,2.08933030982169,4
4,2010,173.73746389149,175.427316038479,2.0965373957493,2.08634050883245,4
1,2011,176.764910832258,178.717713086523,2.07683710586873,2.06447182938734,4
2,2011,177.768534313436,179.632004677385,2.05689919090677,2.04483431438113,4
3,2011,180.122532758984,181.985118441522,2.07662237142137,2.06675089547214,4
4,2011,183.375373075202,185.643542015652,2.09210613740797,2.08435198269543,4
1,2012,185.611813791696,188.075709983368,2.07998800921612,2.07298359917237,4
2,2012,187.749316101074,190.253956417247,2.08606193692653,2.08051519907501,4
4,2012,190.890772365613,193.196793221311,2.0651786149573,2.05864463788541,4
1,2013,192.906918688934,195.373685955709,2.0487554433867,2.0432936311536,4
2,2013,194.855135196399,197.434831918582,2.04785630392124,2.04589846091026,4
3,2013,198.034297478281,200.468282978938,2.08020883613378,2.07406304368012,4
4,2013,200.462750136307,202.708124073546,2.0891809241038,2.08187034883762,4
1,2014,201.502656366989,203.918591062598,2.05011165132521,2.04415999154114,4
2,2014,203.022630926921,205.405221296754,2.04211275840668,2.0354202171657,4
3,2014,204.73440682008,207.078427760832,2.0375630915905,2.0306641811594,4
1,2015,210.174088527123,212.926261785844,2.04643145475623,2.04195676342718,4
2,2015,212.791036924436,215.265736972737,2.06666591045824,2.0605044812486,4
3,2015,214.39336344702,216.814733038209,2.05831927803398,2.05208940355823,4
4,2015,215.006392627166,217.320804667208,2.02739701877779,2.02196522467585,4
1,2016,216.612789011144,219.097022223931,2.00778385649526,2.00243003009786,4
2,2016,218.720478129036,221.170974129454,2.01200145629958,2.00624611364591,4
3,2016,219.710722435922,222.121153226171,1.99229932287106,1.9868705249001,4
4,2016,222.690501773855,224.986863099873,2.01139765700793,2.00612254474724,4
1,2017,224.434330989788,226.905733640318,1.99532253343077,1.9901850798301,4
2,2017,226.348211609203,228.787607172086,1.99565398633558,1.99017229354124,4
3,2017,227.426686688182,229.810965955121,1.97892980352833,1.97347142858238,4
4,2017,229.206584279834,231.503526667911,1.97417815787813,1.96940903772642,4
2,2018,232.002244627402,234.423685500539,1.94427079861835,1.93917140670803,4
3,2018,233.45250171496,235.810873767839,1.93565621808,1.93048513587929,4
4,2018,236.162911268514,238.428219084788,1.94844264542315,1.9437173412259,4
1,2019,238.023415482022,240.465130686341,1.93649106128636,1.93197323332968,4
2,2019,239.494592344816,241.900094474895,1.92965234947236,1.9247727852731,4
4,2019,247.844174086751,250.114387352564,2.00765889084148,2.00273743247436,4
1,2020,254.154272689762,256.622624472054,2.07444277210802,2.06953094182344,4
2,2020,257.588177874961,260.831268422125,2.07904365470429,2.07006294638056,4
3,2020,276.820643906438,287.694098544391,2.44134539175356,2.55153304870672,4
4,2020,324.770120967362,349.993636340244,3.40880685888054,4.17992968166812,4
1,2021,454.110958374879,458.776036603394,10.4785809382135,10.4935223490616,4
2,2021,465.288286781934,468.930861451534,11.2226593264053,11.1853213602855,4
3,2021,468.677711526188,472.28471562462,11.2335870550985,11.2017864937442,4
4,2021,472.963985087287,476.554293641412,11.3144052860069,11.2749453504785,4
1,2022,476.590825093951,480.252756331214,11.1682202079104,11.1273383151428,4
4,2022,485.790460216956,489.356796573037,11.1032571398633,11.0699666557775,4
2,2023,490.738880373521,494.314951590798,10.7687317634471,10.7329413714374,4
3,2023,491.392845626509,494.919297796121,10.5537506440377,10.523554335467,4
4,2023,493.301934088945,496.819379100419,10.4521454241479,10.4208690718876,4
1,2024,497.041298146439,500.632542803534,10.3252474882828,10.2904417371329,4
2,2024,500.330044378584,503.875736620747,10.3187771890531,10.2862721433106,4
4,2024,500.679094082859,504.14825318178,9.86411291267071,9.83536471541523,4
1,2001,89.1462041234737,91.0213312671647,1.98977722917502,1.96412805346678,5
2,2001,90.4171644019087,92.205731908595,1.96687370580074,1.94244412503429,5
3,2001,93.2360943135727,95.059032881073,2.0318991611535,2.01459966317357,5
4,2001,96.0239464584884,97.9917320520706,2.10365771878792,2.09963325952189,5
2,2002,102.145698093629,104.063357990227,2.12608361414564,2.10451523685258,5
3,2002,103.298957653281,105.281903393801,2.10481029368258,2.09427470061725,5
4,2002,104.272718865621,106.108083074215,2.08496126318953,2.07573637680063,5
1,2003,106.764177789587,108.67981541227,2.0230252824398,2.00238209851932,5
2,2003,107.300648961184,109.16523948466,1.97191934274365,1.9544768030141,5
4,2003,110.692056497475,112.231324616121,1.99360876220584,1.97554543427825,5
2,2004,117.48102351653,119.312920478017,2.04230208259002,2.02298303616502,5
4,2004,119.567129039466,121.06519051712,2.0102110071006,1.99151400443678,5
1,2005,124.317138691487,126.220879604229,2.04429178599578,2.02562912234004,5
2,2005,124.4451321427,126.256680312742,1.98490183542851,1.96774759419062,5
3,2005,120.233878234957,121.82999189648,1.79158398833702,1.77744847861389,5
4,2005,123.257354209084,124.752778707454,1.84855848516128,1.83510910661016,5
1,2006,123.583198490398,125.790527283394,1.73960886106333,1.73111280178288,5
2,2006,125.332319380598,127.084142171516,1.74704902709699,1.73491546787633,5
3,2006,125.579507208638,127.180170416837,1.71382015945714,1.70254643899009,5
4,2006,125.458745524125,126.953072510616,1.67725895421696,1.6684287646613,5
1,2007,129.670704791413,131.407528856317,1.69222349487164,1.67931907036202,5
2,2007,131.354081176099,133.133067641767,1.69553152067073,1.68599261085364,5
4,2007,133.063719706861,134.410938781471,1.67355505442024,1.66153977595372,5
1,2008,136.899309535038,138.647336480654,1.67814659077737,1.66658299497473,5
3,2008,143.349435273706,145.458743200448,1.76757379058188,1.76889872525479,5
4,2008,142.83474238786,144.476720840777,1.72086442068521,1.71145583084654,5
1,2009,145.370191602948,147.696432815472,1.69559680670295,1.69781823619374,5
2,2009,150.81523864522,154.010769822599,1.79074174404174,1.81508079099282,5
4,2009,165.657189435908,167.43643876597,2.11557774585818,2.10669214483983,5
2,2010,171.682500009496,173.571461486065,2.12582417948829,2.11244532415747,5
3,2010,172.201726045199,173.981301641047,2.0958546236179,2.08395253886802,5
4,2010,173.73746389149,175.439911131846,2.0965373957493,2.08504652717091,5
1,2011,176.76556924644,178.697301184717,2.07685449440768,2.06394961506474,5
2,2011,177.817040890419,179.709791761606,2.05813371052872,2.04667083013538,5
3,2011,180.23133032332,182.255835447462,2.07927610129667,2.07242288250368,5
4,2011,183.377218953418,185.650021472879,2.09210751662138,2.08444133551066,5
1,2012,185.637859251422,188.114943077013,2.08030533723493,2.0731910491108,5
4,2012,190.892139231797,193.188321371805,2.06517959671185,2.05853267345731,5
4,2013,200.462750136307,202.707756391655,2.0891809241038,2.08184722380928,5
1,2014,201.492570161242,203.910802829571,2.04999648967446,2.04402447889757,5
2,2014,203.021587621021,205.404791985334,2.04210519369766,2.03538755141966,5
1,2015,210.175768357328,212.923094289874,2.04643896356995,2.04190705360687,5
2,2015,212.79269984711,215.266388688502,2.0666747264578,2.06048809209315,5
1,2016,216.615660934671,219.101467103388,2.00780704904092,2.00250510699783,5
2,2016,218.723153909633,221.17574052352,2.01201455539367,2.00630911567546,5
3,2016,219.717006264794,222.118090785522,1.9923104977539,1.98676300418087,5
2,2017,226.354822987188,228.794632298434,1.99568526101585,1.99023196038346,5
4,2017,229.205360812676,231.509146010596,1.97417766641325,1.96947369364662,5
1,2018,230.596687196237,233.060714146733,1.95282820857119,1.94819794472235,5
4,2018,236.162911268514,238.426001862756,1.94844264542315,1.94369567336733,5
1,2019,238.040658611469,240.482401483357,1.93661408175976,1.9321392987638,5
4,2019,247.842459189193,250.112832488798,2.0076581698819,2.00273511382979,5
1,2020,254.149898314615,256.620397395952,2.07440709336245,2.06957326096551,5
2,2020,257.285340512282,260.273216812555,2.07748235337285,2.06882860265031,5
3,2020,276.998823225088,284.919314371686,2.4418920556352,2.52467530240212,5
4,2020,324.327166927125,349.727456251765,3.40791408295335,4.17842937830743,5
1,2021,454.110958374879,458.678393516593,10.4785809382135,10.4870588551016,5
2,2021,465.299716759907,468.919115489348,11.2236470077399,11.1842922893876,5
4,2021,472.938375651682,476.520740820415,11.3133677643302,11.2751243111473,5
1,2022,476.603983646927,480.266885663745,11.1693751648489,11.1285258593483,5
2,2022,480.153619734889,483.771809495389,11.1788518737875,11.1408662807702,5
3,2022,484.646278970507,488.226768415395,11.2894599514275,11.2555264453716,5
4,2022,485.80693250853,489.371967259829,11.1038739256383,11.0704333503326,5
1,2023,487.667490332,491.305700934766,10.797929038986,10.7604715697422,5
2,2023,490.737238646994,494.313223653131,10.768604728378,10.7328268318741,5
4,2023,493.303216328242,496.820403170617,10.4521863295537,10.4208598401217,5
1,2024,497.043008471673,500.630343971955,10.3253768337069,10.2902909215844,5
2,2024,500.331385380639,503.872915682443,10.3188727790352,10.286099838676,5
4,2024,500.679094082859,504.146922916857,9.86411291267071,9.83528925083306,5
1,2001,89.1531692310651,91.0353756198845,1.99014198109642,1.96483548275296,7
2,2001,90.4521900484833,92.2922848564715,1.96864092101206,1.94665168775525,7
3,2001,93.3496429925156,95.3219645977895,2.03767515996837,2.02755972330181,7
1,2002,99.5632250405092,101.575010655342,2.08628254920799,2.06616265484565,7
2,2002,102.374170513641,104.289595899611,2.13741190222216,2.11536398479205,7
4,2002,103.904973817156,105.444684905141,2.06799345389552,2.04602433287771,7
1,2003,106.764177789587,108.791266928231,2.0230252824398,2.00713594439992,7
2,2003,107.323943098851,109.231517852065,1.97289689400536,1.95717739634901,7
3,2003,109.287646374927,110.958138857988,1.99117866318855,1.97165773482666,7
4,2003,110.599144686432,112.418565984698,1.98983247242842,1.98295619175149,7
1,2004,116.032864396126,117.941940058224,2.05460800616838,2.03439933726657,7
2,2004,117.461293455303,119.287676392887,2.04151215191559,2.02200121608694,7
3,2004,118.960490336497,120.647384408483,2.0393167677998,2.02054047116908,7
4,2004,119.613545787527,121.29373714633,2.01197213946714,1.99995877512545,7
1,2005,124.317138691487,126.235027656887,2.04429178599578,2.02615025175797,7
2,2005,124.377852564629,126.170196465504,1.98247528600286,1.96471110526075,7
3,2005,120.342252599248,122.199098993566,1.79505438338998,1.78899468814987,7
4,2005,123.100227369262,124.664921390224,1.84347076714887,1.8323336590189,7
1,2006,123.560381806248,125.767703091955,1.73923937123163,1.73087997497123,7
2,2006,125.332319380598,127.049243049963,1.74704902709699,1.73390668999586,7
3,2006,125.602024767583,127.211954545252,1.71446343303701,1.70343365200584,7
4,2006,125.408306451302,127.144968637054,1.67587288982735,1.67359808832083,7
1,2007,129.666135924145,131.382116631543,1.69210321760147,1.67864456239629,7
2,2007,131.213812907492,132.959100536609,1.69176069596847,1.68141306370635,7
3,2007,132.106324307438,133.65922640228,1.67925278542474,1.66813313638367,7
4,2007,133.063719706861,134.429111809117,1.67355505442024,1.66211035839252,7
1,2008,136.979877069548,138.757702268711,1.68019265543007,1.6693153909733,7
2,2008,138.731936379303,140.396155159303,1.6851880209707,1.67357158717667,7
3,2008,143.349435273706,145.350052325342,1.76757379058188,1.76618843642909,7
4,2008,142.165743867202,143.638121555024,1.70666765858864,1.69665479883858,7
1,2009,145.615490091297,148.811626856806,1.70151545014665,1.72420646575875,7
2,2009,150.551742511982,154.487586648591,1.78425444042347,1.8259595240004,7
3,2009,158.532694085161,160.421266681806,1.94737762848334,1.94388026164955,7
4,2009,165.657189435908,167.4181830857,2.11557774585818,2.10620796924747,7
1,2010,169.169364215497,171.114245102111,2.10519589706931,2.09140825881312,7
2,2010,171.509837908882,173.388107061035,2.121001213507,2.10748856757846,7
3,2010,172.332589854659,174.280013049431,2.0993112075315,2.09107036251611,7
4,2010,173.529334231395,175.26198142179,2.09194997026142,2.08361864111602,7
1,2011,176.769202432009,178.732925028319,2.07695047961769,2.06485634915336,7
2,2011,177.756424291962,179.620832090716,2.05659111397567,2.04454200444309,7
3,2011,180.23133032332,182.097722544464,2.07927610129667,2.06933575322016,7
4,2011,183.375461631082,185.648683685907,2.09210590733707,2.08443647972403,7
1,2012,185.659712982471,188.14710237397,2.08057174613765,2.07336474722771,7
2,2012,187.749316101074,190.263892581485,2.08606193692653,2.08069409387097,7
3,2012,190.04355345766,192.425333876934,2.0949952714497,2.08712659179386,7
4,2012,190.891160286386,193.162679194774,2.06517889085019,2.05811531797645,7
1,2013,192.888107759749,195.359107376439,2.04853778787588,2.042653052453,7
2,2013,194.855135196399,197.38252987492,2.04785630392124,2.04479843144206,7
3,2013,198.03953376993,200.451351219561,2.08022504240846,2.07378350556451,7
4,2013,200.462750136307,202.708124073546,2.0891809241038,2.08187034883762,7
3,2014,204.738785362063,207.089916606277,2.03757572146214,2.03083478835666,7
4,2014,206.367616114556,208.652526389168,2.02845818551213,2.02274597170588,7
1,2015,210.175768357328,212.931438315406,2.04643896356995,2.04201900310988,7
2,2015,212.79269984711,215.269323082333,2.0666747264578,2.06055730266305,7
3,2015,214.395245815574,216.821316181734,2.05832290350184,2.05217499939372,7
4,2015,215.009002467655,217.329905014494,2.02739814448982,2.02202193564194,7
1,2016,216.623779749381,219.110540212544,2.00787263225559,2.00261419963266,7
2,2016,218.72604734363,221.177920446094,2.01202872005999,2.00632063542775,7
3,2016,219.705679918898,222.099936327424,1.99229035385592,1.98660338433383,7
4,2016,222.69028599802,224.989514040515,2.01139756766131,2.00615416980145,7
1,2017,224.435909055052,226.907320571366,1.99533490784911,1.99020382955274,7
2,2017,226.348211609203,228.786699393843,1.99565398633558,1.99015640474749,7
3,2017,227.430765978673,229.816942833019,1.9789368753892,1.97351969054093,7
4,2017,229.210064692196,231.506432214645,1.97417954785003,1.96941486115381,7
1,2018,230.592143995882,233.044560472147,1.95279488116324,1.94796724282949,7
2,2018,232.002244627402,234.420413034221,1.94427079861835,1.93913770883366,7
3,2018,233.446887600571,235.80805268495,1.93564702978245,1.93050976094987,7
4,2018,236.16399034956,238.431130003651,1.94844305745612,1.94374050080047,7
1,2019,238.056116090975,240.497178307693,1.93672439319537,1.93225906891798,7
2,2019,239.496147087829,241.902085315876,1.92965899820141,1.92479162390319,7
3,2019,241.849570849905,244.200198582428,1.93746054436256,1.93236562424714,7
4,2019,247.842444861749,250.11725480759,2.0076581660054,2.00277585184427,7
1,2020,254.151155861405,256.615864264125,2.07441735368683,2.06951711350627,7
3,2020,276.922371445451,289.030273263212,2.44165700213364,2.56440614229182,7
4,2020,324.319897788571,351.162360361243,3.40789944483594,4.23173805003772,7
1,2021,453.938396764186,458.447787377095,10.4637683755371,10.4686942869837,7
2,2021,465.280496046628,468.939971104373,11.2219861902871,11.1859534706458,7
3,2021,468.673019993453,472.302981620824,11.2332465828214,11.2028268398355,7
4,2021,472.986846542918,476.5839890267,11.315331834261,11.2751326965931,7
1,2022,476.581064269555,480.238350428069,11.1673635755523,11.1262901712628,7
2,2022,480.166384144969,483.782881909228,11.1799127951336,11.1416714667334,7
3,2022,484.636037541283,488.218534295482,11.2887380535165,11.2550228095082,7
4,2022,485.777478030178,489.341041791948,11.1027711428029,11.0688338500338,7
2,2023,490.735548888224,494.313632116867,10.7684739790118,10.7328409281504,7
3,2023,491.399258681729,494.925479750548,10.5541483598908,10.5239092737737,7
4,2023,493.301934088945,496.820761719184,10.4521454241479,10.4209387352514,7
1,2024,497.051102181576,500.640104765545,10.3259889585751,10.2909592014716,7
2,2024,500.338090287789,503.878835263353,10.3193507339571,10.2864797397972,7
3,2024,498.654848604537,502.131427436594,9.9450741936213,9.9176433886843,7
4,2024,500.680979868138,504.148750093922,9.86416526245889,9.83537569535267,7
1,2001,89.1531692310651,91.047788543445,1.99014198109642,1.96546094165202,9
2,2001,90.4171644019087,92.2282467273128,1.96687370580074,1.94353775313093,9
4,2001,96.0239464584884,98.0952265844425,2.10365771878792,2.10481365304336,9
2,2002,102.374170513641,104.460777132665,2.13741190222216,2.12360788779882,9
3,2002,103.298957653281,105.316938947285,2.10481029368258,2.09590573264153,9
2,2003,107.315054352806,109.14803272333,1.97252381415403,1.95377632726787,9
3,2003,109.345963659003,111.00005327783,1.99359923637468,1.97334493435965,9
1,2004,116.036284194829,117.945713089542,2.05474853620797,2.03454984364338,9
2,2004,117.504938559432,119.345221598396,2.04325997963951,2.0242400352962,9
3,2004,118.960490336497,120.640445306995,2.0393167677998,2.02027596324543,9
4,2004,119.722931302877,121.432261373289,2.01612853335853,2.00509460711659,9
1,2005,124.367082305052,126.283473183515,2.04618337156866,2.02793569693311,9
2,2005,124.485377067105,126.298859983812,1.98635475669299,1.96923025969539,9
3,2005,120.201016122161,121.745076497102,1.79053299856947,1.77480276152283,9
4,2005,123.447417910093,125.028268794824,1.85472982697617,1.84384310682048,9
2,2006,125.354753701709,127.081129152406,1.74771344726668,1.73482836617173,9
3,2006,125.579507208638,127.156470035316,1.71382015945714,1.70188513094318,9
4,2006,125.458745524125,126.898272423843,1.67725895421696,1.66695495951645,9
3,2007,132.286105867063,134.074678385026,1.68394589031527,1.67862801829767,9
4,2007,133.371928235878,134.887281847191,1.68123192896241,1.67252048213515,9
1,2001,89.1457999332319,91.0334546981909,1.98975607452526,1.96473871097938,10
2,2001,90.4171644019087,92.2522295671195,1.96687370580074,1.94470335521984,10
3,2001,93.1993436882377,95.0393763437526,2.03003323373161,2.01363414036192,10
4,2001,96.1281354315912,97.6840923893699,2.10900985069188,2.0843145473869,10
1,2002,99.5488685390721,101.51596492043,2.08557005753868,2.06332747685755,10
2,2002,102.076782275657,103.951164020389,2.12268063619958,2.09915492662245,10
3,2002,103.39299279855,105.354919458846,2.10931450338531,2.09767549726105,10
4,2002,103.909185854519,105.435094651885,2.06818700544567,2.04559778169744,10
1,2003,106.7609188626,108.725295999479,2.02288196014635,2.00432064623423,10
3,2003,109.232126518768,110.978723247149,1.98887691620474,1.97248613330656,10
4,2003,110.57737916606,112.481438079546,1.98894888005878,1.9854504044005,10
2,2004,117.46644936267,119.288106946581,2.04171855150114,2.02201796154687,10
4,2004,119.581150714425,121.108627221927,2.01074284754474,1.99311621508576,10
1,2005,124.32903378983,126.232930716973,2.04474214944641,2.02607299987675,10
1,2006,123.579983261184,125.789974901507,1.73955678028909,1.73136688950034,10
2,2006,125.436598314092,127.315177563866,1.75013951175407,1.74160855547574,10
3,2006,125.662251442708,127.492995940572,1.71618517106836,1.71129906410183,10
4,2006,125.42200256888,127.438531784155,1.67624699914073,1.68153784702795,10
1,2007,129.669458536231,131.38566968013,1.69219391123223,1.67873657288443,10
2,2007,131.14918529243,132.849838782946,1.69002614216382,1.67854802128783,10
3,2007,132.080132193786,133.581125085899,1.67856790103324,1.66616878897951,10
4,2007,133.007404753321,134.353976539909,1.67215695862323,1.66021384031484,10
2,2008,138.707762790271,140.341979103363,1.68458238161469,1.67225398597535,10
3,2008,142.80073068676,144.539343679047,1.75346267636709,1.74590744022915,10
4,2008,142.174196130981,143.644406015627,1.70684564937367,1.69745554502449,10
1,2009,145.380304727679,147.698004257757,1.6958403982036,1.6978526337054,10
2,2009,150.804506595125,153.631287637128,1.7904770020646,1.80580444403146,10
4,2009,166.088512381624,167.785147687297,2.12577538759483,2.11395766982527,10
1,2010,169.175455121891,171.132491983199,2.10536802054051,2.09190600153802,10
2,2010,171.636352889947,173.583313095885,2.12453440419296,2.11268527369987,10
3,2010,172.201726045199,174.008715379818,2.0958546236179,2.08457242848006,10
3,2016,219.724531400658,222.142093606114,1.99232389053204,1.98705291056201,10
1,2017,224.434041659845,226.908853340574,1.99532026699363,1.99022147486252,10
3,2017,227.422378773073,229.808271569296,1.97892234713613,1.97345684249386,10
3,2018,233.439697146473,235.802480985472,1.93563526212992,1.93049315494965,10
1,2019,238.019418046947,240.460450486623,1.93646254729194,1.93191945146956,10
3,2019,241.876037059003,244.232832900765,1.9375035280677,1.93255056312522,10
4,2019,247.847379077427,250.118310679629,2.00766023610997,2.00275067702394,10
1,2020,254.150397126185,256.619756942179,2.07441116361167,2.06953431486972,10
4,2020,325.69618953692,349.450228359618,3.41067837556922,4.14144906399745,10
2,2022,480.153807305763,483.765931673402,11.178867458967,11.1404628083356,10
1,2001,89.1511489339329,91.028481567734,1.99003616286197,1.96448819627968,11
2,2001,90.4171644019087,92.2522295671195,1.96687370580074,1.94470335521984,11
3,2001,93.2360943135727,95.1481822157208,2.0318991611535,2.01898458454463,11
4,2001,96.1046557103596,98.1126670043493,2.10780252603796,2.10568677330722,11
1,2002,99.5363718498482,101.587199011848,2.08494961608523,2.06674837709012,11
2,2002,102.076782275657,103.937419346291,2.12268063619958,2.09850038555871,11
3,2002,103.008712956356,104.716898171381,2.09097315411934,2.06814536934702,11
4,2002,103.957006810858,105.48391848391,2.0703857384465,2.04776986603529,11
1,2003,106.798523446177,108.976402780618,2.0245362958911,2.01505761168216,11
2,2003,107.288099036413,109.301331481134,1.97139287640174,1.96002594311347,11
3,2003,109.196526671679,110.995809053532,1.9874024278796,1.97317386102366,11
4,2003,110.599144686432,112.33297727375,1.98983247242842,1.97956512056341,11
1,2004,116.029925485144,117.938093174834,2.05448724738628,2.0342458834673,11
2,2004,117.445758111958,119.268804783663,2.04089037958431,2.02126754466278,11
3,2004,118.982045690745,120.682216969953,2.04016227967664,2.02186876653266,11
2,2005,124.377852564629,126.170196465504,1.98247528600286,1.96471110526075,11
3,2005,120.342252599248,121.997418200173,1.79505438338998,1.78267659839051,11
4,2005,123.141320654371,124.555063854375,1.8447999964653,1.8288676144468,11
1,2006,123.575327827419,125.785266053381,1.73948137544303,1.73127342921074,11
2,2006,125.332319380598,127.153314476712,1.74704902709699,1.73691666540319,11
3,2006,125.579507208638,127.206998839867,1.71382015945714,1.70329533204543,11
4,2006,125.448933789916,127.700420866306,1.67698924045088,1.68865284411733,11
1,2007,129.666135924145,131.390080971748,1.69210321760147,1.67885678252253,11
2,2007,131.213812907492,132.937172799001,1.69176069596847,1.68084006814858,11
3,2007,132.073550880774,133.559678673192,1.67839871406227,1.66563176656072,11
4,2007,132.967402079277,134.3122838466,1.67116467625368,1.65918701466183,11
1,2009,145.441347111593,148.154106171413,1.69731147772954,1.70859682859799,11
1,2010,169.177836898442,171.121164183711,2.10543419215733,2.09159998418481,11
1,2001,89.1486608218363,91.0279765955813,1.989905866971,1.96446274260646,14
2,2001,90.4324207766936,92.2149922063836,1.96764325961837,1.94289387247426,14
3,2001,93.4262141800534,95.5329853941647,2.04157945566144,2.03802136762591,14
1,2002,99.5794375378223,101.555065926284,2.08708856303728,2.06520455057676,14
2,2002,102.145698093629,104.016350897188,2.12608361414564,2.10226819993482,14
3,2002,103.190013876498,104.958323689387,2.09960653472913,2.07926999422021,14
4,2002,103.904973817156,105.432270251082,2.06799345389552,2.04547223027306,14
1,2003,106.761523912595,108.692669351873,2.02290856276889,2.00292979666037,14
2,2003,107.285352165118,109.13840329242,1.97127765993615,1.95338438538172,14
3,2003,109.287646374927,110.936216455102,1.99117866318855,1.97077572611908,14
4,2003,110.599144686432,112.294892865579,1.98983247242842,1.9780580454305,14
1,2004,116.022981691819,117.958256752906,2.05420194927144,2.03505030596754,14
2,2004,117.434425165206,119.257701823296,2.0404369195526,2.02083601348958,14
3,2004,118.982045690745,120.708779849348,2.04016227967664,2.02288228625681,14
4,2004,119.613545787527,121.147722817199,2.01197213946714,1.99455944330372,14
1,2005,124.317138691487,126.225138222857,2.04429178599578,2.02578597178917,14
2,2005,124.409284878074,126.212100410958,1.98360857375148,1.96618178106459,14
3,2005,120.279464372708,121.865537124129,1.79304293828264,1.77855717904081,14
4,2005,123.141320654371,124.580708043472,1.8447999964653,1.82967591032425,14
1,2006,123.568901316462,125.778540320237,1.73937730435786,1.73113286337872,14
2,2006,125.29171431776,127.021760528398,1.74584710405964,1.73311267231989,14
4,2006,125.580264939134,128.200151062958,1.68060304106533,1.70231254583496,14
1,2007,129.676241463545,131.451986231359,1.69237904970219,1.68050724533282,14
2,2007,130.968620375432,132.610556793951,1.68518932615216,1.67228424368265,14
3,2007,132.106324307438,133.736297940454,1.67925278542474,1.67007837290774,14
4,2007,133.063719706861,134.442352521463,1.67355505442024,1.66218330605379,14
1,2008,137.012431296775,138.801989574029,1.68102009853594,1.67041494366924,14
2,2008,138.704905117824,140.346041978283,1.6845108008698,1.67235499134494,14
3,2008,142.966723662947,144.683825816765,1.75771912894426,1.7495387705271,14
4,2008,142.165743867202,143.616428868053,1.70666765858864,1.69659761338619,14
1,2009,146.100680266709,149.658736370384,1.71328523167319,1.74455604916529,14
2,2009,150.524641788836,154.389622510884,1.78358872861415,1.82334731987276,14
3,2009,161.691070245627,163.460695850243,2.03126246201478,2.01729808026061,14
4,2009,165.657189435908,167.43643876597,2.11557774585818,2.10669214483983,14
1,2010,169.177282720808,171.124821888564,2.10541847824469,2.09169819828031,14
2,2010,171.49444644713,173.370731739321,2.12057192509191,2.10699969085012,14
3,2010,172.154340666227,173.957741470235,2.09460521498788,2.08331914946308,14
4,2010,173.367791447062,175.126823255527,2.08840495197378,2.08060244875215,14
1,2011,176.766121951341,178.698499888487,2.07686909953331,2.06398013286689,14
2,2011,177.76045455627,179.615317099492,2.0566936283598,2.04440814878104,14
3,2011,180.23133032332,182.097722544464,2.07927610129667,2.06933575322016,14
4,2011,183.375373075202,185.643855638492,2.09210613740797,2.08435804009777,14
1,2012,185.598941774138,188.070323850058,2.07983126238236,2.07299193430292,14
2,2012,187.764822245717,190.286367984932,2.08618352392897,2.08118060505704,14
3,2012,190.034486426189,192.450432639754,2.09496677531356,2.08774747597273,14
4,2012,190.895260883496,193.275586869687,2.0651818386812,2.05984752559168,14
3,2013,198.03953376993,200.524288626432,2.08022504240846,2.07502430422181,14
4,2013,200.458039024916,202.707320953874,2.08917736646777,2.08189137078707,14
1,2014,201.509148829136,203.919741775622,2.05018578980404,2.04413482359759,14
2,2014,203.021434155348,205.403566682511,2.04210408990308,2.03538878483669,14
3,2014,204.752737682196,207.089042257682,2.03761598085814,2.03065007874134,14
4,2014,206.34927430748,208.598003269111,2.02844566016968,2.0221172982163,14
1,2015,210.172804582299,212.91980875744,2.04642571365298,2.04187778448129,14
3,2015,214.39336344702,216.814448107672,2.05831927803398,2.05208643618994,14
4,2015,215.006988286946,217.348489303762,2.02739728445576,2.02227216947938,14
1,2016,216.635064973315,219.146280049193,2.00796380085416,2.00320965342632,14
4,2016,222.6938668806,224.994723580183,2.01139908952891,2.00618450695585,14
1,2017,224.434567683254,226.90600411313,1.99532439401062,1.99018620395545,14
2,2017,226.346877493221,228.786317474177,1.99564767565679,1.99014903829882,14
3,2017,227.422378773073,229.808271569296,1.97892234713613,1.97345684249386,14
4,2017,229.203757367179,231.487290727936,1.97417703263237,1.96925386105982,14
1,2018,230.591140934205,233.045665272252,1.95278752519564,1.94798514551229,14
2,2018,232.004402495392,234.425893925021,1.94428020866356,1.9391508811716,14
3,2018,233.440590529885,235.798187136245,1.93563672416059,1.930432170623,14
1,2019,238.08689679957,240.548354199249,1.9369441392701,1.93297013900764,14
2,2019,239.510836625932,241.956946720213,1.92972184503684,1.92548777718109,14
3,2019,241.85000968648,244.221730420836,1.9374612508383,1.93261501663521,14
4,2019,247.846255051998,250.154359098161,2.00765976140508,2.00314695128248,14
1,2020,254.207509042509,256.680303304173,2.07487716746833,2.07028294672914,14
2,2020,256.959407635013,260.45205335144,2.07580891884016,2.07052888854902,14
3,2020,276.800579310229,285.809884643664,2.44128286250919,2.53229043889814,14
4,2020,322.817561129926,349.353801448205,3.40488303506771,4.19065657017922,14
1,2021,454.007599819293,458.457235123736,10.4697056466769,10.4706518001277,14
2,2021,465.27763940855,468.924852117451,11.2217393866611,11.1846212055357,14
3,2021,469.116190517116,472.706742668605,11.2655152096892,11.23515770507,14
4,2021,472.844536070599,476.49217769427,11.3095695935548,11.2700056558954,14
1,2022,476.511009809673,480.170255460888,11.1612178381486,11.1203957065484,14
3,2022,484.771921583443,488.48005993447,11.2983251033468,11.2677163420288,14
4,2022,485.760294045457,489.331592341633,11.1021280035324,11.0687803894361,14
1,2023,487.659084597192,491.287459374816,10.7972403598094,10.7591342266116,14
2,2023,490.753096517753,494.334675662847,10.7698319073028,10.7342621581582,14
3,2023,491.392845626509,494.919049298366,10.5537506440377,10.5234925915157,14
4,2023,493.301934088945,496.818186747945,10.4521454241479,10.4208223378519,14
1,2024,497.04087846801,500.629993730039,10.3252157498868,10.2902518149643,14
2,2024,500.330342502334,503.873928995884,10.3187984394916,10.2861188173992,14
3,2024,498.670475838184,502.149571111003,9.94594343236457,9.91840865757061,14
4,2024,500.683629088406,504.151132653122,9.86423880688954,9.83537879995396,14
1,2001,89.1457999332319,91.026369453276,1.98975607452526,1.96438179717419,15
2,2001,90.4171644019087,92.205731908595,1.96687370580074,1.94244412503429,15
3,2001,93.1760497898988,94.8982129352431,2.02885143900623,2.00671364941276,15
4,2001,96.0357359838559,97.7726510810778,2.10426266380324,2.08871435245045,15
1,2002,99.6507307755619,101.599664203744,2.0906343106859,2.06734755473421,15
2,2002,102.457439380593,104.523897130478,2.14155497320103,2.12665815545239,15
3,2002,103.934183773261,106.520299422188,2.13541624123775,2.15270283044452,15
4,2002,104.09152178137,105.675409163682,2.07658308546174,2.05630961385607,15
1,2003,106.807192468801,108.700549695122,2.02491786691546,2.00326564205958,15
3,2003,109.345963659003,111.014201308794,1.99359923637468,1.97391483280965,15
4,2003,111.200361242921,112.72459413255,2.0143954098436,1.99512793317917,15
1,2004,116.054767902592,117.963430349436,2.05550825027566,2.03525676188522,15
2,2004,117.56527445635,119.409129425394,2.04567867299351,2.02672931614173,15
3,2004,118.952306258695,120.630216221722,2.03899583819501,2.01988610877123,15
4,2004,119.613545787527,121.155577288099,2.01197213946714,1.99484950030446,15
1,2005,124.321685465166,126.228682351256,2.04446392272504,2.02591650870864,15
2,2005,124.507142685274,126.326063925173,1.98714098503637,1.97018709389679,15
4,2005,123.111372300179,124.536405523726,1.84383116628936,1.82827977589194,15
1,2006,123.575327827419,125.78656600676,1.73948137544303,1.73131822300462,15
2,2006,125.256813338145,126.9756602946,1.74481467334347,1.73178161890945,15
3,2006,125.591293348083,127.095902936259,1.71415682791683,1.70019637402315,15
4,2006,125.458745524125,126.995189631713,1.67725895421696,1.66956231146918,15
1,2007,129.665512711138,131.386344461661,1.69208621636087,1.67875720398664,15
2,2007,131.152652642605,132.844195102732,1.69011915084393,1.67840002114394,15
3,2007,132.086592309598,133.592140563961,1.67873852012336,1.66644729809382,15
4,2007,132.967402079277,134.368402733491,1.67116467625368,1.66057895740419,15
1,2008,136.899309535038,138.653907544242,1.67814659077737,1.66674503300477,15
2,2008,138.705784797799,140.354355352386,1.68452991242591,1.67255882505009,15
3,2008,142.88158595303,144.64470099233,1.75553465429605,1.7485329682385,15
4,2008,142.83474238786,144.324898331965,1.72086442068521,1.71003880135764,15
1,2009,145.302726033718,147.415742888815,1.69397270831864,1.691282194115,15
2,2009,151.007465055417,153.89054116463,1.79549122383178,1.81241950479541,15
3,2009,160.437218184398,162.148023952023,1.99742424122427,1.98558256915724,15
4,2009,165.738176711005,167.450867433263,2.11748458109596,2.10696316410069,15
1,2010,169.177282720808,171.14852284195,2.10541847824469,2.09234281588219,15
2,2010,171.509837908882,173.386090987373,2.121001213507,2.10742880686722,15
3,2010,172.26115969621,174.088900883293,2.09742376519809,2.08652526118713,15
4,2010,173.529334231395,175.237163237986,2.09194997026142,2.08267307553223,15
1,2011,176.764910832258,178.710792839667,2.07683710586873,2.06429474808809,15
2,2011,177.796831630675,179.663454183066,2.05761927782172,2.04556878774026,15
3,2011,180.025601526393,181.818684092905,2.07426199122185,2.06324172449008,15
4,2011,183.375373075202,185.649033223446,2.09210613740797,2.08443147001772,15
1,2012,185.586373125564,188.055661696435,2.07967825107408,2.07299427320104,15
2,2012,187.764822245717,190.276096241122,2.08618352392897,2.08098497569355,15
3,2012,190.035925350737,192.434246823762,2.09497129515064,2.08742134668031,15
4,2012,190.890772365613,193.188314226736,2.0651786149573,2.05851991177692,15
1,2013,192.88879458314,195.362750663891,2.0485457275936,2.04284469120791,15
2,2013,194.876559669022,197.44687089273,2.04801568861886,2.04601271989771,15
3,2013,198.055015004517,200.496049495969,2.08027297467653,2.07451492222308,15
4,2013,200.462750136307,202.707756391655,2.0891809241038,2.08184722380928,15
1,2014,201.509148829136,203.925702995655,2.05018578980404,2.04427888402838,15
2,2014,203.022630926921,205.407032185014,2.04211275840668,2.0354523135134,15
3,2014,204.73440682008,207.087736824548,2.0375630915905,2.03081670558893,15
4,2014,206.347016081637,208.619994071729,2.02844412353955,2.02242245562823,15
1,2015,210.175768357328,212.927322495439,2.04643896356995,2.04196712932058,15
2,2015,212.791036924436,215.264995114086,2.06666591045824,2.06049089302222,15
3,2015,214.393720150217,216.816719138664,2.05831996207056,2.05211728191841,15
4,2015,215.007064020743,217.322989955472,2.02739731195785,2.02197774263007,15
1,2016,216.615660934671,219.101467103388,2.00780704904092,2.00250510699783,15
2,2016,218.723153909633,221.174455335761,2.01201455539367,2.00628589861146,15
3,2016,219.705679918898,222.102394261269,1.99229035385592,1.98664170357488,15
4,2016,222.69028599802,224.987919751476,2.01139756766131,2.00613694166548,15
1,2017,224.434567683254,226.906259067889,1.99532439401062,1.99019675732211,15
2,2017,226.350481965688,228.789348647688,1.99566472580771,1.99018081971291,15
3,2017,227.426686688182,229.810965955121,1.97892980352833,1.97347142858238,15
4,2017,229.210064692196,231.495266157284,1.97417954785003,1.96929135083648,15
1,2018,230.596687196237,233.0512692632,1.95282820857119,1.94805713773667,15
2,2018,232.004514275111,234.425910332768,1.94428069819341,1.93921069664661,15
3,2018,233.437890404573,235.795450619767,1.93563230527484,1.93040991441702,15
4,2018,236.162911268514,238.428219084788,1.94844264542315,1.9437173412259,15
1,2019,238.05652925133,240.495915920431,1.936727337808,1.93221385281203,15
2,2019,239.498854400671,241.907692214754,1.92967057978633,1.92485850486802,15
3,2019,241.849406994182,244.199567262343,1.93746027407686,1.93235670412866,15
4,2019,247.842459189193,250.11799039017,2.0076581698819,2.00278255713401,15
1,2020,254.152776273457,256.618974750541,2.0744305673986,2.06956601248517,15
2,2020,257.919364328514,262.215112830865,2.08075827527766,2.0749905829624,15
3,2020,276.788592679522,287.693453615956,2.44124696969553,2.5560350771243,15
4,2020,325.69618953692,351.130608096459,3.41067837556922,4.20415850654262,15
1,2021,454.811862311419,459.857720302764,10.5390092107744,10.5789169183123,15
2,2021,465.284607107542,468.927059095476,11.2223413821921,11.1849463295313,15
3,2021,468.675805966036,472.291888945429,11.233448759435,11.2022407029739,15
4,2021,473.017781998106,476.622039777837,11.3165861469925,11.2756892732563,15
1,2022,476.58161041483,480.239920993433,11.1674115043293,11.1263474778534,15
2,2022,480.156498308325,483.768131541403,11.1790911128268,11.1406466883512,15
3,2022,484.646278970507,488.232517643872,11.2894599514275,11.255721816832,15
4,2022,485.783532833945,489.349550245247,11.1029977995431,11.0695950160361,15
1,2023,487.661654815651,491.293817013612,10.7974509266399,10.7595978126302,15
2,2023,490.736148808219,494.314782745431,10.7685203978544,10.7329484905377,15
3,2023,491.394607743847,494.921661464574,10.5538599226427,10.5237434600177,15
4,2023,493.303216328242,496.823424841824,10.4521863295537,10.4209780372241,15
1,2024,497.051102181576,500.639319405204,10.3259889585751,10.2909140830955,15
2,2024,500.335259381671,503.875828255816,10.3191489322647,10.2862848067064,15
3,2024,498.654543210266,502.131218288484,9.94505720664513,9.91763175634617,15
4,2024,500.679094082859,504.147465479518,9.86411291267071,9.83531994025698,15
1,2001,89.1462041234737,91.0318136547793,1.98977722917502,1.96465603528552,16
1,2002,99.5363718498482,101.473874955095,2.08494961608523,2.06130883601117,16
2,2002,102.21826003014,104.186486503775,2.1296741343389,2.11041261161988,16
4,2002,103.901093020346,105.431825207109,2.06781514495725,2.0454523029847,16
1,2003,106.760855855289,108.688444069268,2.02287917984974,2.00274972320866,16
2,2003,107.333954230719,109.129030604453,1.97331717212902,1.95300302588872,16
3,2003,109.243253423613,110.899098085825,1.98933801385788,1.96928349536816,16
4,2003,110.692056497475,112.215011624669,1.99360876220584,1.97490096546145,16
1,2004,116.025490975957,117.935333715898,2.0543050446994,2.03413582063332,16
2,2004,117.434425165206,119.255832846517,2.0404369195526,2.02076338122158,16
3,2004,119.126505383799,120.891832447403,2.04583772500022,2.02988069137804,16
4,2004,119.584012505914,121.084379073411,2.01085141321976,1.99222178447703,16
1,2005,124.303808411242,126.217430874468,2.04378720307354,2.02550210894901,16
2,2005,124.310186800911,126.13442842027,1.98003778371387,1.96345662632777,16
3,2005,120.279464372708,121.979239324827,1.79304293828264,1.78210815812616,16
4,2005,123.257354209084,124.88051143397,1.84855848516128,1.83915345204702,16
1,2006,123.592512964238,125.806060506222,1.73975979121364,1.73174485359558,16
2,2006,125.256813338145,127.021922872021,1.74481467334347,1.73311734746015,16
3,2006,125.591293348083,127.108110949834,1.71415682791683,1.70053267995359,16
4,2006,125.830223583774,127.154090579838,1.68750263017768,1.67384560810092,16
1,2007,129.670704791413,131.388471012463,1.69222349487164,1.67881388184253,16
2,2007,131.280968592913,133.030588574763,1.69356499121117,1.68329516559456,16
3,2007,132.073550880774,133.559678673192,1.67839871406227,1.66563176656072,16
4,2007,133.247577398031,134.750724873533,1.67812689852115,1.66929493961397,16
1,2008,137.086037980341,138.923342098581,1.68289251792595,1.67342510694574,16
2,2008,138.707762790271,140.345210634917,1.68458238161469,1.6723342869235,16
3,2008,142.966723662947,144.683825816765,1.75771912894426,1.7495387705271,16
4,2008,142.315337181526,143.777964563541,1.70982298696797,1.69949655400303,16
1,2009,145.502707917731,148.227975270389,1.69879155428977,1.71033594349635,16
2,2009,150.761651344861,153.746977818607,1.7894202643449,1.80854716313541,16
3,2009,160.846562920182,162.588196593806,2.00839326564911,1.99468945339399,16
4,2009,165.865279465554,167.561793498023,2.12048457555439,2.10929447047545,16
1,2010,169.170182544265,171.113397750516,2.10521902417181,2.0913860363448,16
2,2010,171.552122774069,173.4426165416,2.12218242254107,2.10892959765136,16
3,2010,172.154340666227,173.920636781088,2.09460521498788,2.0824685663872,16
4,2010,173.73746389149,175.427045173202,2.0965373957493,2.08529304609155,16
1,2011,176.772494036448,178.7070127924,2.0770374504185,2.06419798781498,16
2,2011,177.817040890419,179.699820061313,2.05813371052872,2.04643822840474,16
3,2011,179.867635701579,181.617276244562,2.07042321735479,2.05899391347071,16
4,2011,183.37695328578,185.654240036436,2.09210731565363,2.08447325484439,16
1,2012,185.583981010093,188.060224476148,2.0796491259767,2.07310530266734,16
2,2012,187.858440574579,190.35397291484,2.08691840138457,2.08214371607695,16
3,2012,190.035925350737,192.42842266494,2.09497129515064,2.08733636652206,16
4,2012,190.890772365613,193.188314226736,2.0651786149573,2.05851991177692,16
1,2013,192.89685661694,195.342738863519,2.04863900356955,2.04269776147523,16
2,2013,194.899294865827,197.460461370284,2.04818489661612,2.04613231406402,16
3,2013,198.03953376993,200.460057233501,2.08022504240846,2.07393455407837,16
4,2013,200.45421775785,202.699260629228,2.08917365498202,2.08184809070316,16
1,2014,201.525031949175,203.946806123506,2.05036721901709,2.04464861426421,16
2,2014,203.025177924696,205.415835049644,2.04213120951232,2.03560713683713,16
3,2014,204.73440682008,207.087736824548,2.0375630915905,2.03081670558893,16
4,2014,206.34927430748,208.612387507167,2.02844566016968,2.0223194293023,16
1,2015,210.171424352714,212.927911577618,2.04641954465237,2.04195356947735,16
2,2015,212.790368106572,215.267048356511,2.06666236584323,2.06051811945751,16
3,2015,214.39336344702,216.815514576478,2.05831927803398,2.05209853187448,16
4,2015,215.006392627166,217.322123344636,2.02739701877779,2.02197943736955,16
1,2016,216.619324523096,219.103786237442,2.00783664228368,2.00249972190684,16
2,2016,218.72604734363,221.17629900613,2.01202872005999,2.00627768267254,16
3,2016,219.705679918898,222.122612113723,1.99229035385592,1.98692447669606,16
4,2016,222.69028599802,224.986642363167,2.01139756766131,2.00612253092214,16
1,2017,224.438065766324,226.91032465098,1.99535182491462,1.9902023335931,16
2,2017,226.348211609203,228.790862567329,1.99565398633558,1.99021985207988,16
3,2017,227.422150151079,229.812204931041,1.97892194875485,1.97348647187845,16
4,2017,229.204481838215,231.493586993949,1.97417732318542,1.96931737452289,16
1,2018,230.591140934205,233.045665272252,1.95278752519564,1.94798514551229,16
2,2018,232.00282601267,234.423240714474,1.94427333767758,1.9391766166321,16
3,2018,233.438120810968,235.795253695083,1.93563268022267,1.93041264551091,16
4,2018,236.16399034956,238.42908355939,1.94844305745612,1.94371933937276,16
1,2019,238.034035805897,240.475091661549,1.93656682391262,1.93206359690803,16
2,2019,239.48872258286,241.893463597394,1.92962723905449,1.92470153846452,16
3,2019,241.85196955675,244.204783797254,1.93746443600268,1.93240642930866,16
4,2019,247.842234383915,250.112232102037,2.00765807328799,2.00273238661593,16
1,2020,254.150397126185,256.616538466051,2.07441116361167,2.0695116168503,16
2,2020,264.780887561769,273.480077853507,2.11806842177955,2.10146188272727,16
3,2020,276.986273072364,289.14391085643,2.44185438898291,2.56269594389085,16
4,2020,324.039302359137,350.035922173238,3.40733471983258,4.19501145708742,16
1,2021,454.95447378995,460.120684438697,10.5513562355342,10.5994761195604,16
2,2021,465.273123481503,469.012193197829,11.2213492427957,11.1913410194238,16
3,2021,468.679958777317,472.28965037397,11.2337501417021,11.2022624046788,16
4,2021,472.913625837933,476.506181138062,11.3123654653465,11.2730281254835,16
1,2022,476.590825093951,480.255575282091,11.1682202079104,11.127517542195,16
2,2022,480.155633121576,483.767280859383,11.1790192055285,11.140553007422,16
3,2022,484.638462885268,488.216228875706,11.2889090032658,11.2550228241789,16
4,2022,485.772295850559,489.339958905267,11.1025771756072,11.0692619961191,16
1,2023,487.661654815651,491.294529305512,10.7974509266399,10.7596495534948,16
2,2023,490.737238646994,494.314576512096,10.768604728378,10.7329443273786,16
4,2023,493.303216328242,496.820094160441,10.4521863295537,10.4208522808317,16
1,2024,497.043008471673,500.63115022966,10.3253768337069,10.2903540526216,16
2,2024,500.331385380639,503.87367100566,10.3188727790352,10.2861561158607,16
3,2024,498.655177901107,502.132755868415,9.94509250646037,9.91768501423019,16
4,2024,500.679623930191,504.147737758985,9.86412761892542,9.83529177319743,16
1,2001,89.1457999332319,91.0334546981909,1.98975607452526,1.96473871097938,17
2,2001,90.4002296604383,92.1823069406923,1.96601982427378,1.94130692346456,17
4,2001,96.2773328364983,97.8256447616199,2.11669627428397,2.09135088301114,17
1,2002,99.6391655638427,101.566719458433,2.09005868915482,2.06576429798255,17
2,2002,102.374170513641,104.350700742139,2.13741190222216,2.11830343085456,17
3,2002,103.696733246184,106.172124850268,2.12392382281091,2.13611504181249,17
4,2002,103.901093020346,105.544408076183,2.06781514495725,2.05046333351689,17
1,2003,106.838235607381,108.738244940394,2.02628484330501,2.00487293626865,17
2,2003,107.300648961184,109.135316664212,1.97191934274365,1.95325879210457,17
3,2003,109.287646374927,110.942324287465,1.99117866318855,1.97102146864959,17
4,2003,110.692056497475,112.250845899577,1.99360876220584,1.97631689366366,17
1,2004,116.025490975957,117.955385603424,2.0543050446994,2.03493574200435,17
2,2004,117.504938559432,119.338207640447,2.04325997963951,2.02396702478385,17
3,2004,118.960490336497,120.640445306995,2.0393167677998,2.02027596324543,17
4,2004,119.584012505914,121.106184353535,2.01085141321976,1.99302607694476,17
1,2005,124.351691965881,126.256036681321,2.04560027760531,2.02692434610088,17
2,2005,124.485377067105,126.318948240667,1.98635475669299,1.96993675973526,17
3,2005,120.201016122161,121.75663474703,1.79053299856947,1.77516265355351,17
4,2005,123.100227369262,124.580304969221,1.84347076714887,1.82966417152896,17
1,2006,123.592512964238,125.798889653046,1.73975979121364,1.73130073726548,17
2,2006,125.332319380598,127.084142171516,1.74704902709699,1.73491546787633,17
1,2001,89.1457999332319,91.0404538398824,1.98975607452526,1.96509134586937,18
2,2001,90.476458494168,92.391651377182,1.96986631394594,1.9514933752689,18
1,2004,116.039318369659,117.977448323981,2.05487323051991,2.03581623957996,18
4,2004,120.011023965969,121.927204044951,2.02711653671811,2.02355316640701,18
3,2005,120.210722617876,121.785075767481,1.79084335857874,1.77604853752065,18
1,2006,123.575327827419,125.785266053381,1.73948137544303,1.73127342921074,18
2,2006,125.256813338145,126.943507476822,1.74481467334347,1.73085388580038,18
4,2006,125.458745524125,126.898272423843,1.67725895421696,1.66695495951645,18
1,2007,129.676241463545,131.424608226473,1.69237904970219,1.67977711717575,18
3,2007,132.152079750231,133.76273869504,1.68044592043434,1.6707429988041,18
1,2009,145.315412977653,147.071350252988,1.69427799760248,1.68322589534349,18
1,2010,169.169364215497,171.117010455766,2.10519589706931,2.09148489875133,18
1,2001,89.1457999332319,91.0239428858135,1.98975607452526,1.96425958882772,19
2,2001,90.4324207766936,92.2848625547613,1.96764325961837,1.94629049945442,19
3,2001,93.1760497898988,94.8707847792213,2.02885143900623,2.0053717347263,19
4,2001,96.0009083888391,97.8420212092165,2.10247609480636,2.0921656058975,19
2,2002,102.076782275657,103.951164020389,2.12268063619958,2.09915492662245,19
3,2002,103.298957653281,105.217930571834,2.10481029368258,2.09129923290663,19
4,2002,103.968618316467,105.503319039959,2.070919981364,2.04863383348459,19
1,2003,106.764177789587,108.710878405266,2.0230252824398,2.00370592061004,19
3,2003,109.21286241512,110.956013201448,1.98807889878426,1.97157212899841,19
4,2003,110.692056497475,112.231324616121,1.99360876220584,1.97554543427825,19
3,2004,118.960490336497,120.640445306995,2.0393167677998,2.02027596324543,19
4,2004,119.567129039466,121.071036098898,2.0102110071006,1.99172953746538,19
1,2005,124.351691965881,126.269871738889,2.04560027760531,2.02743425922002,19
2,2005,124.409284878074,126.206945667354,1.98360857375148,1.96600080893281,19
3,2005,120.205578500949,121.768122060767,1.79067887532655,1.77552040273894,19
4,2005,123.100227369262,124.580304969221,1.84347076714887,1.82966417152896,19
1,2006,123.575327827419,125.785266053381,1.73948137544303,1.73127342921074,19
4,2006,125.408306451302,127.504866599577,1.67587288982735,1.68333862984365,19
1,2007,129.670704791413,131.399127814403,1.69222349487164,1.67909788022408,19
2,2007,131.354081176099,133.160359351179,1.69553152067073,1.68671169063562,19
3,2007,132.080132193786,133.581125085899,1.67856790103324,1.66616878897951,19
4,2007,132.967402079277,134.317234618377,1.67116467625368,1.65931861793597,19
3,2008,143.149716449785,145.185699423501,1.76242396273745,1.7620214352616,19
4,2008,142.165743867202,143.63659925924,1.70666765858864,1.69728439832021,19
2,2009,150.713348191303,154.504830513316,1.78823003652266,1.8269638614471,19
3,2009,159.264756700425,161.031166898954,1.96642291307873,1.95827403840407,19
1,2011,176.76556924644,178.702967096325,2.07685449440768,2.06409615185434,19
4,2011,183.375373075202,185.644938507674,2.09210613740797,2.08437097073057,19
1,2001,89.1462041234737,91.0318136547793,1.98977722917502,1.96465603528552,20
1,2002,99.5632250405092,101.506120920035,2.08628254920799,2.06285517577814,20
4,2002,103.904973817156,105.430568144233,2.06799345389552,2.04539650532178,20
1,2003,106.762173791122,108.788670219823,2.02293714692237,2.00702503225846,20
2,2003,107.29074633304,109.216650866684,1.97150391333742,1.95657126710369,20
3,2003,109.243253423613,111.025203064272,1.98933801385788,1.97435802847998,20
4,2003,110.692056497475,112.231324616121,1.99360876220584,1.97554543427825,20
1,2004,116.036284194829,117.945713089542,2.05474853620797,2.03454984364338,20
2,2004,117.445758111958,119.277864582072,2.04089037958431,2.02161972877506,20
3,2004,118.952306258695,120.630216221722,2.03899583819501,2.01988610877123,20
4,2004,119.584012505914,121.095492931325,2.01085141321976,1.99263161621463,20
1,2005,124.338236054726,126.24263609607,2.04509062201996,2.0264305529733,20
2,2005,124.377852564629,126.174322770023,1.98247528600286,1.96485586395987,20
3,2005,120.279464372708,121.925175266408,1.79304293828264,1.78041880649368,20
4,2005,123.141320654371,124.554027817448,1.8447999964653,1.82883510850679,20
1,2006,123.568901316462,125.775007718833,1.73937730435786,1.73096333682451,20
2,2006,125.29171431776,126.980509134759,1.74584710405964,1.73192159246638,20
3,2006,125.579507208638,127.156470035316,1.71382015945714,1.70188513094318,20
4,2006,125.448933789916,127.792553094865,1.67698924045088,1.6911604061266,20
1,2007,129.665512711138,131.383290252856,1.69208621636087,1.67867583465958,20
2,2007,131.048456041852,132.72579795017,1.68732618539368,1.67529800076248,20
3,2007,132.106324307438,133.639975928065,1.67925278542474,1.66765067116882,20
4,2007,133.063719706861,134.410938781471,1.67355505442024,1.66153977595372,20
1,2008,136.950167028557,138.717155499662,1.67943786026736,1.66831206412352,20
3,2008,142.966723662947,144.652331753974,1.75771912894426,1.74876819474317,20
4,2008,142.315337181526,143.802144691233,1.70982298696797,1.69966927486848,20
1,2009,145.414837576506,148.024165793402,1.69666726417796,1.70553023397171,20
2,2009,151.007465055417,153.577377636267,1.79549122383178,1.80474351966768,20
3,2009,158.893551054974,160.841136655838,1.95673586331616,1.95512263347169,20
4,2009,165.657189435908,167.43643876597,2.11557774585818,2.10669214483983,20
1,2010,169.183563533932,171.15194757698,2.10559717230845,2.09243562279162,20
3,2010,172.201726045199,173.970487068144,2.0958546236179,2.08371445173969,20
4,2010,173.529334231395,175.213539616454,2.09194997026142,2.0813373586847,20
1,2011,176.778759432083,178.710929936221,2.07720299337823,2.06430513058252,20
2,2011,177.817040890419,179.679166007335,2.05813371052872,2.0459663663587,20
3,2011,179.867635701579,181.618725383815,2.07042321735479,2.05892055911037,20
4,2011,183.375461631082,185.648683685907,2.09210590733707,2.08443647972403,20
1,2012,185.586373125564,188.041429464187,2.07967825107408,2.0728453894058,20
2,2012,187.764822245717,190.257064870916,2.08618352392897,2.08061644886083,20
3,2012,190.038947696074,192.423356669106,2.09498079186237,2.08718585626738,20
4,2012,190.890772365613,193.188314226736,2.0651786149573,2.05851991177692,20
1,2013,192.887982372006,195.353313861102,2.04853633185453,2.04264787396403,20
2,2013,194.835021640313,197.370616690705,2.04770671824933,2.04469249213822,20
4,2013,200.458039024916,202.702960215723,2.08917736646777,2.0818457727918,20
1,2014,201.516607396897,203.927659876672,2.05027097709146,2.04425466021167,20
2,2014,203.025177924696,205.406841136573,2.04213120951232,2.03543278553587,20
3,2014,204.73440682008,207.074666602287,2.0375630915905,2.03060063538199,20
4,2014,206.347016081637,208.590695821348,2.02844412353955,2.02202226920657,20
1,2015,210.174088527123,212.926261785844,2.04643145475623,2.04195676342718,20
2,2015,212.790368106572,215.265627743275,2.06666236584323,2.06049998862221,20
3,2015,214.393720150217,216.816719138664,2.05831996207056,2.05211728191841,20
4,2015,215.006988286946,217.324394316188,2.02739728445576,2.0220029751696,20
1,2016,216.619324523096,219.10713320959,2.00783664228368,2.00258958884902,20
2,2016,218.729977793954,221.1825351656,2.01204795696341,2.00636527825683,20
3,2016,219.705679918898,222.117511616923,1.99229035385592,1.98685575423028,20
4,2016,222.69028599802,224.991745372141,2.01139756766131,2.00617808253681,20
1,2017,224.438065766324,226.90960297254,1.99535182491462,1.99022770029175,20
2,2017,226.348211609203,228.786699393843,1.99565398633558,1.99015640474749,20
3,2017,227.422378773073,229.805694163233,1.97892234713613,1.97342645194516,20
4,2017,229.203757367179,231.489994764026,1.97417703263237,1.96928084264349,20
1,2018,230.592143995882,233.048991902329,1.95279488116324,1.94803270932027,20
2,2018,232.002244627402,234.423685500539,1.94427079861835,1.93917140670803,20
3,2018,233.438120810968,235.795253695083,1.93563268022267,1.93041264551091,20
4,2018,236.162911268514,238.426769968815,1.94844264542315,1.94370328785561,20
1,2019,238.028288081355,240.470740742014,1.93652582256908,1.93203592717468,20
2,2019,239.48952642665,241.899950128282,1.92963067955288,1.92478285738523,20
3,2019,241.85196955675,244.203314110038,1.93746443600268,1.93238495167536,20
4,2019,247.842459189193,250.112751563727,2.0076581698819,2.00273637546673,20
1,2020,254.149898314615,256.616703684918,2.07440709336245,2.06953243807558,20
2,2020,257.588177874961,261.338460257551,2.07904365470429,2.07209767553681,20
3,2020,276.82602287555,286.086383492924,2.44136191170401,2.53846328333385,20
4,2020,324.770120967362,349.993636340244,3.40880685888054,4.17992968166812,20
1,2021,454.811862311419,460.047869470991,10.5390092107744,10.5921942203798,20
2,2021,465.274989245637,468.971559406231,11.2215104270764,11.1883255537949,20
3,2021,468.677711526188,472.294663120663,11.2335870550985,11.2025581895365,20
4,2021,472.963985087287,476.561994372634,11.3144052860069,11.2743133691565,20
1,2022,476.590825093951,480.250176786737,11.1682202079104,11.1271913722057,20
2,2022,480.155633121576,483.767280859383,11.1790192055285,11.140553007422,20
3,2022,484.640730371779,488.219150765814,11.2890688320269,11.2551527508391,20
1,2023,487.662988939934,491.295996172145,10.7975602305295,10.7597585186736,20
2,2023,490.737238646994,494.313477161135,10.768604728378,10.7328519505543,20
3,2023,491.392845626509,494.919297796121,10.5537506440377,10.523554335467,20
4,2023,493.302129408119,496.818434497434,10.4521516547799,10.4208570556266,20
1,2024,497.043617497468,500.630851672037,10.325422892548,10.2903291022192,20
2,2024,500.334067395336,503.874620460696,10.3190639605159,10.2862056418222,20
3,2024,498.654543210266,502.131218288484,9.94505720664513,9.91763175634617,20
4,2024,500.679546063091,504.147867151949,9.86412546095578,9.83536173054386,20
1,2001,89.1531692310651,91.0353756198845,1.99014198109642,1.96483548275296,22
2,2001,90.476458494168,92.2937523188203,1.96986631394594,1.94672310806064,22
3,2001,93.2862275935672,95.0695299889134,2.03444733047301,2.01511551679641,22
4,2001,96.0009083888391,97.6219065348382,2.10247609480636,2.08123048601132,22
1,2002,99.5100714665347,101.496116314686,2.08364369686685,2.06237527444585,22
2,2002,101.838273564648,103.69441692026,2.11093938949748,2.08694282246161,22
3,2002,102.877184364217,104.604486913584,2.08473211042846,2.06298566288899,22
4,2002,103.901093020346,105.43893269133,2.06781514495725,2.0457682758938,22
1,2003,106.762173791122,108.708478579443,2.02293714692237,2.00360360058807,22
2,2003,107.285352165118,109.1109386749,1.97127765993615,1.95226703618451,22
4,2003,110.599144686432,112.33297727375,1.98983247242842,1.97956512056341,22
1,2004,116.025490975957,117.933810467696,2.0543050446994,2.03407507204934,22
2,2004,117.445758111958,119.266397093927,2.04089037958431,2.02117395336891,22
3,2004,118.960490336497,120.63327384225,2.0393167677998,2.02000263493425,22
4,2004,119.567129039466,121.071036098898,2.0102110071006,1.99172953746538,22
1,2005,124.338236054726,126.24263609607,2.04509062201996,2.0264305529733,22
2,2005,124.4451321427,126.249513711533,1.98490183542851,1.96749579892432,22
4,2005,123.141320654371,124.555063854375,1.8447999964653,1.8288676144468,22
1,2006,123.575327827419,125.785266053381,1.73948137544303,1.73127342921074,22
2,2006,125.378604949313,127.178549355942,1.7484201045639,1.73764731824323,22
3,2006,125.602024767583,127.304968127955,1.71446343303701,1.70603280732962,22
4,2006,125.408306451302,127.348035365607,1.67587288982735,1.67908707663267,22
1,2007,129.670704791413,131.388471012463,1.69222349487164,1.67881388184253,22
2,2007,131.097523049909,132.752125088322,1.68864084132357,1.67598519177479,22
3,2007,132.086592309598,133.57225320752,1.67873852012336,1.66595276068271,22
4,2007,133.063719706861,134.461392726705,1.67355505442024,1.66260066773859,22
1,2008,136.979877069548,138.742096429515,1.68019265543007,1.668931913131,22
2,2008,138.707762790271,140.342324142961,1.68458238161469,1.67226247254247,22
4,2008,142.165743867202,143.616428868053,1.70666765858864,1.69659761338619,22
1,2009,145.441347111593,148.029943134592,1.69731147772954,1.70566132862035,22
2,2009,151.007465055417,154.100783176038,1.79549122383178,1.81758205212057,22
3,2009,161.264622851949,162.994351480324,2.01967391975999,2.00599035293213,22
4,2009,165.657189435908,167.43643876597,2.11557774585818,2.10669214483983,22
1,2010,169.170182544265,171.116711797916,2.10521902417181,2.0914760343306,22
2,2010,171.509837908882,173.385559613393,2.121001213507,2.1074089906037,22
3,2010,172.11904493715,173.864519114935,2.09367494277909,2.08112952518544,22
4,2010,173.73746389149,175.43279376061,2.0965373957493,2.08671804923811,22
1,2011,176.764910832258,178.697998295094,2.07683710586873,2.06396747723531,22
2,2011,177.796831630675,179.663454183066,2.05761927782172,2.04556878774026,22
4,2011,183.375373075202,185.649033223446,2.09210613740797,2.08443147001772,22
1,2012,185.604928547038,188.065034076015,2.07990415613247,2.07292859307854,22
2,2012,187.764822245717,190.240050715128,2.08618352392897,2.08027821838308,22
3,2012,190.035925350737,192.41844167056,2.09497129515064,2.08719213937111,22
4,2012,190.891160286386,193.162679194774,2.06517889085019,2.05811531797645,22
1,2013,192.88879458314,195.336807000173,2.0485457275936,2.0424807751478,22
2,2013,194.835021640313,197.370616690705,2.04770671824933,2.04469249213822,22
3,2013,198.055015004517,200.476771767317,2.08027297467653,2.07416388093285,22
4,2013,200.455194898501,202.700941327514,2.08917440062056,2.08186389171177,22
1,2014,201.502656366989,203.912807918261,2.05011165132521,2.04402778464362,22
2,2014,203.022630926921,205.405221296754,2.04211275840668,2.0354202171657,22
3,2014,204.731760035089,207.073561548657,2.03755545297052,2.03058864653893,22
1,2015,210.172804582299,212.923783130796,2.04642571365298,2.04192645931905,22
3,2015,214.393720150217,216.815588141375,2.05831996207056,2.05210095844489,22
4,2015,215.007064020743,217.321599032715,2.02739731195785,2.02196423249095,22
1,2016,216.619324523096,219.105580071718,2.00783664228368,2.00255496154241,22
3,2016,219.710722435922,222.112849399477,1.99229932287106,1.98674926852141,22
4,2016,222.69028599802,224.989514040515,2.01139756766131,2.00615416980145,22
1,2017,224.435909055052,226.907320571366,1.99533490784911,1.99020382955274,22
2,2017,226.347010117133,228.785908403641,1.99564830528147,1.99015141409766,22
3,2017,227.422150151079,229.806183980565,1.97892194875485,1.97342173140264,22
4,2017,229.204481838215,231.493586993949,1.97417732318542,1.96931737452289,22
1,2018,230.591140934205,233.044484824855,1.95278752519564,1.94797146828432,22
2,2018,232.00282601267,234.421610083779,1.94427333767758,1.93915629530546,22
3,2018,233.439697146473,235.797897636785,1.93563526212992,1.93043608984663,22
4,2018,236.162911268514,238.428219084788,1.94844264542315,1.9437173412259,22
1,2019,238.040658611469,240.484750013496,1.93661408175976,1.93218808034061,22
2,2019,239.491483016581,241.903362251744,1.92963904679398,1.92482932556228,22
3,2019,241.85196955675,244.204783797254,1.93746443600268,1.93240642930866,22
4,2019,247.842459189193,250.115599570728,2.0076581698819,2.00276015956112,22
1,2020,254.150915201401,256.615990085274,2.07441538663036,2.06952406144857,22
2,2020,259.082597482094,263.972360499388,2.08684150083772,2.07854937499008,22
3,2020,276.82602287555,286.308513748825,2.44136191170401,2.5419522579537,22
4,2020,326.343312179848,350.979484706622,3.41199020907115,4.18509568744489,22
1,2021,454.284262441226,459.029312563327,10.4934829737781,10.5135337201974,22
2,2021,465.282958523546,468.939784025881,11.2221989503276,11.1859942084836,22
3,2021,468.675805966036,472.302976602274,11.233448759435,11.2030780143772,22
4,2021,473.017781998106,476.622039777837,11.3165861469925,11.2756892732563,22
1,2022,476.597279784306,480.262214964376,11.1687867354689,11.1280809216837,22
2,2022,480.153231579017,483.766263020251,11.1788196143156,11.1404800104021,22
1,2001,89.1457999332319,91.026369453276,1.98975607452526,1.96438179717419,23
2,2001,90.4171644019087,92.205731908595,1.96687370580074,1.94244412503429,23
3,2001,93.2360943135727,95.1162661171361,2.0318991611535,2.01741365563081,23
1,2003,106.762173791122,108.752316088313,2.02293714692237,2.00547323027618,23
2,2003,107.29074633304,109.195240315671,1.97150391333742,1.95569873991094,23
3,2003,109.21286241512,110.978457503818,1.98807889878426,1.97247537202685,23
4,2003,110.692056497475,112.360845451872,1.99360876220584,1.98066940661287,23
1,2004,116.044565637564,117.953124252945,2.05508888619436,2.0348455210233,23
2,2004,117.533026806276,119.375039290662,2.04438559611211,2.02540108679823,23
3,2004,118.957506087252,120.640521829552,2.03919974141993,2.02027887341514,23
4,2004,119.613545787527,121.29373714633,2.01197213946714,1.99995877512545,23
1,2005,124.326717468725,126.237414331862,2.04465443776587,2.02623816792129,23
2,2005,124.409284878074,126.219011785414,1.98360857375148,1.966424444793,23
3,2005,120.279464372708,121.865537124129,1.79304293828264,1.77855717904081,23
1,2006,123.583198490398,125.791339988639,1.73960886106333,1.73134851071421,23
2,2006,125.29171431776,127.04002108117,1.74584710405964,1.73364019633259,23
3,2006,125.579507208638,127.156470035316,1.71382015945714,1.70188513094318,23
4,2006,125.408306451302,127.348035365607,1.67587288982735,1.67908707663267,23
1,2007,129.688350775375,131.419469044173,1.6927096098767,1.67964009395964,23
2,2007,131.213812907492,132.873422962786,1.69176069596847,1.6791644115829,23
3,2007,132.073550880774,133.582010898198,1.67839871406227,1.66619756221172,23
4,2007,133.063719706861,134.461392726705,1.67355505442024,1.66260066773859,23
1,2008,137.012431296775,138.785055424637,1.68102009853594,1.66999544317479,23
2,2008,138.716774853583,140.36060021197,1.68480814167932,1.6727069051681,23
3,2008,142.966723662947,144.683825816765,1.75771912894426,1.7495387705271,23
4,2008,142.0906050056,143.590155039496,1.70508692515586,1.69615516785893,23
1,2009,145.704402619692,149.314947264215,1.70366601665453,1.73626880717624,23
2,2009,150.551742511982,154.770569039944,1.78425444042347,1.83289070496997,23
3,2009,160.437218184398,162.189940206898,1.99742424122427,1.98801569202205,23
4,2009,165.865279465554,167.581879362156,2.12048457555439,2.11028343965934,23
1,2010,169.170367306238,171.113535322576,2.10522424199554,2.09138996199286,23
3,2010,172.201726045199,174.008715379818,2.0958546236179,2.08457242848006,23
4,2010,173.73746389149,175.424000792287,2.0965373957493,2.0860089144433,23
1,2011,176.76556924644,178.699557718423,2.07685449440768,2.0640085121812,23
2,2011,177.780661190973,179.636045505438,2.05720774040889,2.04491919375825,23
3,2011,180.025601526393,181.832298486607,2.07426199122185,2.06348020233103,23
4,2011,183.375373075202,185.655541799557,2.09210613740797,2.08454398848847,23
1,2012,185.628279268732,188.090188297648,2.08018859915751,2.07307184108403,23
2,2012,187.749316101074,190.235597305655,2.08606193692653,2.08018011858059,23
3,2012,190.038947696074,192.415137335773,2.09498079186237,2.08707917765658,23
4,2012,190.890772365613,193.156396319834,2.0651786149573,2.05804966307784,23
1,2013,192.890544381755,195.366011819394,2.04856597314896,2.04295994306572,23
2,2013,194.899294865827,197.411011713797,2.04818489661612,2.04502626662295,23
3,2013,198.046439616677,200.446789572495,2.08024642342155,2.07367085304929,23
4,2013,200.458039024916,202.709828292996,2.08917736646777,2.08197542756592,23
1,2014,201.497130114402,203.903305713897,2.05004855479211,2.04383889723341,23
2,2014,203.023091323406,205.403479223197,2.04211609567241,2.0353723474116,23
3,2014,204.731760035089,207.067313956382,2.03755545297052,2.03048958375117,23
4,2014,206.347016081637,208.580493731911,2.02844412353955,2.02188184290122,23
1,2015,210.171916523776,212.91835646562,2.04642174024295,2.04186151702368,23
2,2015,212.790368106572,215.26404795986,2.06666236584323,2.06047858642672,23
3,2015,214.394175706843,216.815919141725,2.05832083899822,2.05210175972021,23
4,2015,215.006392627166,217.320541635925,2.02739701877779,2.02196251850876,23
1,2016,216.60942023928,219.095150325328,2.00775665007654,2.00242580959381,23
2,2016,218.720478129036,221.171802726246,2.01200145629958,2.00625668184223,23
3,2016,219.710722435922,222.10949022255,1.99229932287106,1.98669775695226,23
4,2016,222.690501773855,224.989967883945,2.01139765700793,2.00615209753895,23
1,2017,224.434567683254,226.90600411313,1.99532439401062,1.99018620395545,23
2,2017,226.347010117133,228.787065753297,1.99564830528147,1.99016638213889,23
3,2017,227.423890952258,229.808952190126,1.97892496680712,1.97346361515247,23
4,2017,229.204481838215,231.502008891483,1.97417732318542,1.96940349733613,23
1,2018,230.59098357735,233.044028582612,1.95278636649057,1.94796093193776,23
2,2018,232.004514275111,234.424035010505,1.94428069819341,1.93918433103186,23
3,2018,233.437890404573,235.795450619767,1.93563230527484,1.93040991441702,23
4,2018,236.162911268514,238.428219084788,1.94844264542315,1.9437173412259,23
1,2019,238.034035805897,240.47728055609,1.93656682391262,1.93210754023214,23
2,2019,239.48872258286,241.897808671364,1.92962723905449,1.92474579263757,23
3,2019,241.861239863884,244.214764955198,1.93747948869337,1.93245012468983,23
4,2019,247.844174086751,250.114387352564,2.00765889084148,2.00273743247436,23
1,2020,254.149725623006,256.615136890397,2.07440568908492,2.0695083668271,23
2,2020,257.010888755673,260.555272137815,2.07607276164381,2.07081304246808,23
3,2020,276.895502912069,286.184648559401,2.4415753634617,2.5428479874159,23
4,2020,327.185670340486,351.991460589118,3.41370284173474,4.20543040659973,23
1,2021,454.110958374879,458.878276659925,10.4785809382135,10.5003718521882,23
2,2021,465.28004390647,468.963831644529,11.221947130353,11.1879176041574,23
3,2021,468.677711526188,472.305851876508,11.2335870550985,11.2034160192168,23
4,2021,473.104919182809,476.722979122552,11.3201225135892,11.2777887353715,23
1,2022,476.607428994333,480.275728808573,11.1696775929422,11.1291694388256,23
2,2022,480.153231579017,483.768143258788,11.1788196143156,11.1406272760052,23
3,2022,484.640730371779,488.21847343659,11.2890688320269,11.2551822789637,23
4,2022,485.790460216956,489.361831420497,11.1032571398633,11.0706805967353,23
1,2023,487.665489887625,491.298330898434,10.7977651354884,10.7599362223266,23
2,2023,490.736190795501,494.317126866798,10.7685236449,10.7330623180886,23
3,2023,491.392845626509,494.919123390455,10.5537506440377,10.523485356258,23
4,2023,493.303216328242,496.819383129351,10.4521863295537,10.4208665143882,23
1,2024,497.041616858234,500.629355762288,10.3252715892318,10.2902139090969,23
2,2024,500.330342372308,503.871831198023,10.3187984302525,10.286013931712,23
3,2024,498.65465297616,502.131241396016,9.94506331151677,9.91763335561865,23
4,2024,500.679094082859,504.146922916857,9.86411291267071,9.83528925083306,23
1,2001,89.1462041234737,91.0318136547793,1.98977722917502,1.96465603528552,24
2,2001,90.4324207766936,92.2699308654995,1.96764325961837,1.94556412637371,24
3,2001,93.3496429925156,95.399253660347,2.03767515996837,2.03138517924377,24
4,2001,96.0239464584884,97.7475101057954,2.10365771878792,2.0874628996828,24
2,2002,102.011548515231,103.873163990514,2.11946127518662,2.09543807466977,24
3,2002,103.093211256816,104.912009514462,2.09499244751055,2.07713103352267,24
4,2002,103.904973817156,105.436177706279,2.06799345389552,2.04564581297862,24
1,2003,106.765477379148,108.826442218498,2.02308242292795,2.008638628793,24
2,2003,107.315054352806,109.194741469633,1.97252381415403,1.9556784501099,24
3,2003,109.287646374927,110.958138857988,1.99117866318855,1.97165773482666,24
4,2003,110.692056497475,112.273567957862,1.99360876220584,1.97721520321895,24
1,2004,116.054767902592,117.963430349436,2.05550825027566,2.03525676188522,24
2,2004,117.48102351653,119.312920478017,2.04230208259002,2.02298303616502,24
3,2004,118.957506087252,120.640521829552,2.03919974141993,2.02027887341514,24
4,2004,119.722931302877,121.510456359575,2.01612853335853,2.00799954933984,24
1,2005,124.338236054726,126.258406942702,2.04509062201996,2.02701168655383,24
2,2005,124.409284878074,126.219011785414,1.98360857375148,1.966424444793,24
3,2005,120.342252599248,122.02395764131,1.79505438338998,1.78350671973115,24
4,2005,123.141320654371,124.568406555045,1.8447999964653,1.82928873942027,24
1,2006,123.615471663941,125.82990182598,1.74013199651685,1.7322248410103,24
2,2006,125.256813338145,127.021922872021,1.74481467334347,1.73311734746015,24
3,2006,125.575089137239,127.209268701813,1.71369396468698,1.70335876587417,24
4,2006,125.59980100633,127.113417977087,1.68113881424317,1.67274962342732,24
1,2007,129.691160937504,131.423828674835,1.69278633723868,1.67975355925824,24
2,2007,131.280968592913,132.988494018701,1.69356499121117,1.68218594717624,24
3,2007,132.086592309598,133.575394353314,1.67873852012336,1.66603435605615,24
4,2007,132.967402079277,134.3122838466,1.67116467625368,1.65918701466183,24
2,2008,138.704905117824,140.341752357184,1.6845108008698,1.6722504286151,24
3,2008,143.349435273706,145.350052325342,1.76757379058188,1.76618843642909,24
4,2008,142.0906050056,143.634324538249,1.70508692515586,1.69710280530592,24
1,2009,145.502707917731,148.632287704002,1.69879155428977,1.71994284865491,24
2,2009,150.551742511982,155.068778227818,1.78425444042347,1.84022741665917,24
3,2009,160.649837507822,162.362775132812,2.00311227766039,1.99119087801835,24
1,2010,169.170367306238,171.12984890747,2.10522424199554,2.09183382929757,24
2,2010,171.529065264383,173.418499002912,2.12153906647019,2.10827621745489,24
3,2010,172.11904493715,173.893146754926,2.09367494277909,2.08177199974199,24
4,2010,173.99168410671,175.681111542654,2.10216793093258,2.09174655427059,24
1,2011,176.780969468351,178.738553855415,2.07726139812298,2.06499944387883,24
2,2011,177.76045455627,179.615317099492,2.0566936283598,2.04440814878104,24
3,2011,180.122532758984,181.932189552279,2.07662237142137,2.06578491270673,24
4,2011,183.37695328578,185.646215711771,2.09210731565363,2.08437744351985,24
1,2012,185.598941774138,188.055559143889,2.07983126238236,2.07288066049575,24
2,2012,187.764822245717,190.240050715128,2.08618352392897,2.08027821838308,24
3,2012,190.04355345766,192.414814069326,2.0949952714497,2.08701080141502,24
4,2012,190.891160286386,193.157575196795,2.06517889085019,2.05804275953398,24
1,2013,192.888107759749,195.352071750657,2.04853778787588,2.04256472386133,24
2,2013,194.816219181891,197.36025542579,2.04756693910934,2.04459187744461,24
3,2013,198.046439616677,200.472164351928,2.08024642342155,2.07412794976588,24
4,2013,200.454435891437,202.699257112116,2.08917381937601,2.08184521725033,24
1,2014,201.504213203336,203.916998007187,2.05012943127244,2.0441150135092,24
2,2014,203.021434155348,205.405209270198,2.04210408990308,2.03541298992308,24
3,2014,204.738785362063,207.081120016902,2.03757572146214,2.03067969530077,24
4,2014,206.347791329354,208.593416471129,2.02844465032778,2.02205976315333,24
1,2015,210.173588076384,212.923073732048,2.04642921455831,2.04191795543034,24
2,2015,212.793190652296,215.267491301502,2.06667732536084,2.0605165502357,24
3,2015,214.39377959552,216.815070196131,2.05832007655152,2.0520920847727,24
4,2015,215.006403286606,217.32127758865,2.02739702580611,2.02197070283762,24
1,2016,216.614716231931,219.099293041836,2.00779941905718,2.00246266977938,24
2,2016,218.723153909633,221.173924591433,2.01201455539367,2.0062748984405,24
3,2016,219.708000765659,222.121628920475,1.99229447940556,1.98689734214402,24
4,2016,222.690263568071,224.986792830436,2.01139755578211,2.00612401058044,24
1,2017,224.434088858112,226.905588381648,1.99532063944385,1.99018483424777,24
2,2017,226.36091672528,228.799873020619,1.99571409177737,1.99024916468886,24
3,2017,227.426686688182,229.817092006666,1.97892980352833,1.97355420236652,24
4,2017,229.204481838215,231.493586993949,1.97417732318542,1.96931737452289,24
1,2018,230.592143995882,233.054004928936,1.95279488116324,1.94809235181397,24
2,2018,232.00282601267,234.431136278886,1.94427333767758,1.93926836281411,24
3,2018,233.438120810968,235.794351355236,1.93563268022267,1.9304017078737,24
4,2018,236.162866144919,238.426458251702,1.94844263029173,1.94370020612857,24
1,2019,238.023415482022,240.463261252402,1.93649106128636,1.93193895245913,24
2,2019,239.488715743613,241.895009278485,1.92962720980182,1.92471222318942,24
3,2019,241.85196955675,244.209439650975,1.93746443600268,1.93246682141474,24
4,2019,247.842395117118,250.112432915818,2.00765814504616,2.00273320882476,24
1,2020,254.1497418452,256.615693197858,2.07440581727332,2.06951839554821,24
2,2020,258.972408079211,263.26174101129,2.08626047376333,2.07577137920449,24
3,2020,277.723525710055,289.060878489467,2.44412796727117,2.53641613397149,24
4,2020,324.770120967362,350.372900644509,3.40880685888054,4.19398754945092,24
1,2021,453.909133164264,458.519566948524,10.4612589475735,10.4728637664106,24
2,2021,465.290317852473,468.94353854254,11.2228348226853,11.1864373665308,24
3,2021,468.679958777317,472.297788600584,11.2337501417021,11.2029030742831,24
4,2021,472.95521439899,476.550375709869,11.3140499108851,11.2742226918306,24
1,2022,476.597279784306,480.263890861322,11.1687867354689,11.1281912961231,24
2,2022,480.153455292545,483.766501243483,11.1788382030744,11.1405053127365,24
3,2022,484.640730371779,488.225069091633,11.2890688320269,11.2553448051269,24
4,2022,485.796974783168,489.371228752273,11.1035010537199,11.0713835507951,24
1,2023,487.672290664882,491.317800173612,10.7983223578825,10.7613578897332,24
2,2023,490.735708431341,494.313335462203,10.7684863202704,10.7328300774457,24
3,2023,491.393313602387,494.919757781079,10.5537796648844,10.523507337462,24
4,2023,493.302673519151,496.819068229381,10.452169010083,10.4208367777455,24
1,2024,497.041808119133,500.631733770646,10.3252860553294,10.2903901143025,24
2,2024,500.33220041928,503.873857422993,10.3189308785735,10.2861722784044,24
3,2024,498.654848604537,502.13143515524,9.9450741936213,9.91764020363627,24
1,2001,89.1457999332319,91.0214324053966,1.98975607452526,1.9641331565828,26
2,2001,90.4171644019087,92.2282467273128,1.96687370580074,1.94353775313093,26
3,2001,93.3496429925156,95.3595373925669,2.03767515996837,2.02941850933763,26
4,2001,96.0009083888391,97.6991807204063,2.10247609480636,2.08506281603913,26
1,2002,99.5169707257653,101.483060546079,2.08398673768134,2.06174920004439,26
2,2002,101.892262511604,103.759281973291,2.11359144406793,2.09002172871371,26
3,2002,103.008712956356,104.716898171381,2.09097315411934,2.06814536934702,26
4,2002,103.957006810858,105.48391848391,2.0703857384465,2.04776986603529,26
1,2003,106.798523446177,108.976402780618,2.0245362958911,2.01505761168216,26
2,2003,107.288099036413,109.301331481134,1.97139287640174,1.96002594311347,26
3,2003,109.196526671679,110.995809053532,1.9874024278796,1.97317386102366,26
4,2003,110.599144686432,112.33297727375,1.98983247242842,1.97956512056341,26
1,2004,116.029925485144,117.938093174834,2.05448724738628,2.0342458834673,26
2,2004,117.461293455303,119.28232510457,2.04151215191559,2.02179314093196,26
3,2004,118.982045690745,120.682216969953,2.04016227967664,2.02186876653266,26
4,2004,119.613545787527,121.164219040845,2.01197213946714,1.99516868570038,26
1,2005,124.326717468725,126.230965576713,2.04465443776587,2.02600060834852,26
2,2005,124.485377067105,126.298859983812,1.98635475669299,1.96923025969539,26
3,2005,120.205578500949,121.780283009899,1.79067887532655,1.77589921419673,26
4,2005,123.257354209084,124.711136213929,1.84855848516128,1.83379366931981,26
1,2006,123.575327827419,125.781740694556,1.73948137544303,1.731029806432,26
2,2006,125.378604949313,127.134065924717,1.7484201045639,1.73635959193826,26
3,2006,125.602024767583,127.211954545252,1.71446343303701,1.70343365200584,26
4,2006,125.408306451302,127.085977283035,1.67587288982735,1.67200689903199,26
1,2007,129.665512711138,131.380977547957,1.69208621636087,1.67861421636619,26
2,2007,131.213812907492,132.937172799001,1.69176069596847,1.68084006814858,26
3,2007,132.073550880774,133.571322718369,1.67839871406227,1.66592687955416,26
4,2007,133.0396293299,134.416139608546,1.67295680341798,1.66156639621386,26
1,2008,137.170911356058,139.228184480183,1.68505415109959,1.68100740474108,26
2,2008,138.780671340712,140.428561406311,1.68640618779935,1.6743696598072,26
3,2008,143.79785114482,146.003351936307,1.77919343037308,1.78272313965462,26
4,2008,142.165743867202,143.66736908179,1.70666765858864,1.698089209333,26
1,2009,145.974097697648,148.850307920972,1.71020649777786,1.7251369871733,26
2,2009,150.524389946205,154.067779741506,1.78358255038946,1.81523816747259,26
1,2010,169.278386644436,171.297483248278,2.1082789338011,2.09642092533028,26
4,2010,173.367791447062,175.062656122391,2.08840495197378,2.07846159169907,26
1,2011,176.786892400843,178.718483544895,2.07741791240669,2.06449812627778,26
2,2011,177.76045455627,179.619800002668,2.0566936283598,2.0445230414634,26
3,2011,180.351908486474,182.350364509747,2.08222259578746,2.0746583342194,26
4,2011,183.37695328578,185.645338345949,2.09210731565363,2.08436044804716,26
2,2012,187.785325464661,190.250402985987,2.08634435084322,2.08039750869313,26
3,2012,190.035925350737,192.423154254131,2.09497129515064,2.08725956923135,26
4,2012,190.892139231797,193.215499075558,2.06517959671185,2.05894072460708,26
1,2013,192.901418956628,195.334469432127,2.04869179240279,2.04256136036219,26
2,2013,194.876559669022,197.395994907126,2.04801568861886,2.04490968778408,26
3,2013,198.065259916639,200.483156987962,2.0803046915694,2.07420214792588,26
4,2013,200.458039024916,202.703587117191,2.08917736646777,2.08186678964154,26
1,2014,201.502656366989,203.912807918261,2.05011165132521,2.04402778464362,26
2,2014,203.021587621021,205.403317732526,2.04210519369766,2.03537122699945,26
3,2014,204.73440682008,207.0715011258,2.0375630915905,2.03054558368245,26
4,2014,206.346685710806,208.573452493903,2.02844390061034,2.02177697938334,26
2,2015,212.792012794522,215.267319249186,2.06667108267926,2.06048846972749,26
1,2016,216.612789011144,219.097393032554,2.00778385649526,2.00244499931033,26
2,2016,218.723153909633,221.173638645718,2.01201455539367,2.00626805852792,26
3,2016,219.710722435922,222.10949022255,1.99229932287106,1.98669775695226,26
1,2017,224.434567683254,226.90590711243,1.99532439401062,1.99018918167554,26
4,2017,229.204481838215,231.48464821394,1.97417732318542,1.96922315565061,26
1,2018,230.59098357735,233.045048475711,1.95278636649057,1.94796967940576,26
2,2018,232.002244627402,234.420413034221,1.94427079861835,1.93913770883366,26
3,2018,233.438120810968,235.795253695083,1.93563268022267,1.93041264551091,26
4,2018,236.162911268514,238.428219084788,1.94844264542315,1.9437173412259,26
1,2019,238.048156446067,240.493148989021,1.936667585035,1.9322775298258,26
2,2019,239.504269167901,241.917566101175,1.92969374887745,1.92497063328717,26
3,2019,241.848226160641,244.198836116352,1.93745836037948,1.93235666711473,26
4,2019,247.842234383915,250.128330841196,2.00765807328799,2.00289394557116,26
1,2020,254.163424397131,256.634676208615,2.07451741840955,2.06978097592182,26
2,2020,258.747559705524,263.714021658355,2.08507912916942,2.07876544455582,26
3,2020,276.800579310229,288.30893978858,2.44128286250919,2.57148129769695,26
4,2020,326.844266859016,352.234763441267,3.41300803496713,4.22216467127736,26
1,2021,453.973251525592,458.453769302993,10.4667582253288,10.46975457139,26
2,2021,465.32462988912,468.943661972107,11.2258002387952,11.1864649054501,26
3,2021,468.710234157861,472.296950425153,11.2359479235856,11.2030846612698,26
4,2021,472.823226652306,476.412083874324,11.3087078705384,11.2702847552075,26
1,2022,476.572956770232,480.232380380047,11.1666521031266,11.1256566485315,26
2,2022,480.153619734889,483.767923912154,11.1788518737875,11.1405807022516,26
3,2022,484.640730371779,488.220174943084,11.2890688320269,11.2551653833297,26
4,2022,485.783532833945,489.354383500653,11.1029977995431,11.0702511231242,26
1,2023,487.665489887625,491.305605216083,10.7977651354884,10.7604593861172,26
2,2023,490.735810854633,494.312460144437,10.7684942513541,10.7327668776247,26
3,2023,491.391459101565,494.917828443957,10.5536646631078,10.5234511755608,26
4,2023,493.303216328242,496.819500737849,10.4521863295537,10.4208504187422,26
1,2024,497.041616858234,500.630412980609,10.3252715892318,10.2902919724562,26
2,2024,500.330789373829,503.87350212541,10.3188302929511,10.2861382858049,26
3,2024,498.655177901107,502.132181753306,9.94509250646037,9.91766396136451,26
4,2024,500.679094082859,504.146625497361,9.86411291267071,9.83527264887313,26
1,2001,89.1457999332319,91.0209051862307,1.98975607452526,1.96410659557132,29
2,2001,90.4064315375175,92.1885495055354,1.96633249787743,1.94160992096012,29
3,2001,93.2862275935672,95.2822557913706,2.03444733047301,2.0255971248132,29
4,2001,96.0009083888391,97.8847470542606,2.10247609480636,2.09429472901919,29
1,2002,99.5363718498482,101.523340906676,2.08494961608523,2.06368143021754,29
2,2002,102.145698093629,104.016350897188,2.12608361414564,2.10226819993482,29
3,2002,103.093211256816,104.838672122266,2.09499244751055,2.07374908129164,29
4,2002,103.904973817156,105.453796357474,2.06799345389552,2.0464292070005,29
2,2003,107.285352165118,109.263170683146,1.97127765993615,1.95846837494063,29
3,2003,109.21286241512,110.956013201448,1.98807889878426,1.97157212899841,29
4,2003,110.599144686432,112.37420685689,1.98983247242842,1.9811979421729,29
1,2004,116.029925485144,117.938698481129,2.05448724738628,2.03427003276627,29
2,2004,117.445758111958,119.268804783663,2.04089037958431,2.02126754466278,29
3,2004,118.952306258695,120.630216221722,2.03899583819501,2.01988610877123,29
4,2004,119.613545787527,121.124190471432,2.01197213946714,1.99369070032681,29
1,2005,124.351691965881,126.256036681321,2.04560027760531,2.02692434610088,29
1,2006,123.567789337999,125.777847036236,1.73935929538453,1.731122744399,29
2,2006,125.29171431776,127.021760528398,1.74584710405964,1.73311267231989,29
3,2006,125.575927810202,127.086314058776,1.71371791773086,1.69992912042232,29
2,2007,131.152652642605,132.872112973454,1.69011915084393,1.67912996971513,29
4,2007,133.063719706861,134.40904694706,1.67355505442024,1.66152940565006,29
1,2008,136.899309535038,138.635743920779,1.67814659077737,1.66629571532632,29
2,2008,138.704905117824,140.354067462954,1.6845108008698,1.67254879636879,29
3,2008,143.565585127649,146.015938815498,1.77316492219369,1.78296247243183,29
4,2008,142.165743867202,143.73942700747,1.70666765858864,1.69981624545651,29
1,2009,145.502707917731,148.290812916615,1.69879155428977,1.71182478935322,29
2,2009,151.430964915818,153.619866783932,1.80600520899032,1.806018781934,29
3,2009,162.567822867227,164.477814144396,2.0553477832136,2.04233770536053,29
4,2009,165.738176711005,167.43656951953,2.11748458109596,2.10639215485544,29
1,2010,169.19166369925,171.198112842803,2.10582612630294,2.09369481689134,29
2,2010,171.509837908882,173.386090987373,2.121001213507,2.10742880686722,29
3,2010,172.11904493715,173.862200253028,2.09367494277909,2.08108953754105,29
4,2010,173.529334231395,175.26198142179,2.09194997026142,2.08361864111602,29
1,2011,176.774151837765,178.734709953476,2.07708125569784,2.06490106278488,29
2,2011,177.768534313436,179.623429849345,2.05689919090677,2.04461112014185,29
3,2011,180.025601526393,181.818684092905,2.07426199122185,2.06324172449008,29
4,2011,183.375461631082,185.644810639301,2.09210590733707,2.08437383615375,29
1,2012,185.611813791696,188.08658943629,2.07998800921612,2.07305210837616,29
2,2012,187.749316101074,190.244524609054,2.08606193692653,2.08034387384521,29
3,2012,190.038947696074,192.418969020639,2.09498079186237,2.08712797337098,29
4,2012,190.890772365613,193.156396319834,2.0651786149573,2.05804966307784,29
2,2013,194.835021640313,197.280444328305,2.04770671824933,2.04265952142962,29
3,2013,198.055015004517,200.43857762252,2.08027297467653,2.07343912380727,29
4,2013,200.458039024916,202.709828292996,2.08917736646777,2.08197542756592,29
3,2014,204.731661754911,207.069609386242,2.03755517208762,2.03047745487399,29
4,2014,206.346685710806,208.580953718713,2.02844390061034,2.0218756153621,29
1,2015,210.174088527123,212.923008758365,2.04643145475623,2.04191579448297,29
3,2015,214.396156928778,216.817683397314,2.05832465205891,2.05210562514037,29
4,2015,215.016680522306,217.330506185395,2.02740143960228,2.0219685893221,29
1,2016,216.610708774296,219.095128304367,2.00776705848038,2.00241906774049,29
2,2016,218.721297502904,221.171551495655,2.01200546906077,2.00624953351988,29
3,2016,219.733297840471,222.139805342763,1.99233948045445,1.98692105259745,29
4,2016,222.692055028992,224.988906501126,2.01139831714807,2.00612531688103,29
1,2017,224.434041659845,226.905612322653,1.99532026699363,1.99018581792371,29
2,2017,226.358229231213,228.798189636575,1.9957013773518,1.99025879786628,29
3,2017,227.436128820778,229.828016564868,1.97894616900832,1.97362939125093,29
4,2017,229.206584279834,231.499066164367,1.97417815787813,1.96936204906331,29
1,2018,230.596687196237,233.0512692632,1.95282820857119,1.94805713773667,29
2,2018,232.004514275111,234.424035010505,1.94428069819341,1.93918433103186,29
3,2018,233.442619409868,235.799054339891,1.93564004457674,1.93042119068405,29
4,2018,236.166504526804,238.431393555809,1.94844402888216,1.94372162474824,29
4,2020,325.69618953692,351.130608096459,3.41067837556922,4.20415850654262,29
1,2021,454.353945752547,458.979750431799,10.499482173636,10.511471330787,29
2,2021,465.284607107542,468.937618206744,11.2223413821921,11.1858435802066,29
3,2021,468.671600973945,472.320077834262,11.2331436017413,11.2037689602242,29
4,2021,472.963985087287,476.561994372634,11.3144052860069,11.2743133691565,29
1,2022,476.58161041483,480.240236989707,11.1674115043293,11.1263612924145,29
2,2022,480.156498308325,483.768131541403,11.1790911128268,11.1406466883512,29
3,2022,484.640730371779,488.219784390626,11.2890688320269,11.2551578628822,29
4,2022,485.80693250853,489.371001869167,11.1038739256383,11.0701703946237,29
1,2023,487.662288558959,491.299002938825,10.7975028486205,10.7599761954219,29
2,2023,490.736624739868,494.313597519551,10.7685572266138,10.7328630197353,29
3,2023,491.392845626509,494.920056268015,10.5537506440377,10.523635082273,29
4,2023,493.302129408119,496.819060272334,10.4521516547799,10.4209166302251,29
1,2024,497.046686126631,500.633730526858,10.325654967929,10.290529614482,29
2,2024,500.33342371689,503.8742190005,10.3190180768938,10.2861906072043,29
3,2024,498.654543210266,502.131218288484,9.94505720664513,9.91763175634617,29
1,2001,89.1462041234737,91.0233282015225,1.98977722917502,1.96422862972681,30
2,2001,90.4171644019087,92.2114390754415,1.96687370580074,1.94272127782189,30
3,2001,93.2360943135727,95.0865464608644,2.0318991611535,2.01595193902849,30
4,2001,96.0239464584884,98.1510289993815,2.10365771878792,2.10761159316359,30
1,2002,99.5794375378223,101.533888552302,2.08708856303728,2.06418770232949,30
3,2002,103.008712956356,104.725014778701,2.09097315411934,2.06851835674282,30
1,2003,106.761523912595,108.716701914064,2.02290856276889,2.00395419734801,30
2,2003,107.285352165118,109.263170683146,1.97127765993615,1.95846837494063,30
3,2003,109.21286241512,111.059701914785,1.98807889878426,1.97574842788548,30
4,2003,110.599144686432,112.37420685689,1.98983247242842,1.9811979421729,30
1,2004,116.054767902592,117.964180907671,2.05550825027566,2.03528670560096,30
2,2004,117.461293455303,119.283866282301,2.04151215191559,2.02185306487446,30
3,2004,118.982045690745,120.682216969953,2.04016227967664,2.02186876653266,30
4,2004,119.567129039466,121.078711172423,2.0102110071006,1.99201259481939,30
1,2005,124.317138691487,126.242082167242,2.04429178599578,2.02641015056266,30
2,2005,124.377852564629,126.169811407912,1.98247528600286,1.96469758827787,30
3,2005,120.518942300042,122.499667218823,1.80072681090664,1.79845232016352,30
4,2005,123.141320654371,124.554027817448,1.8447999964653,1.82883510850679,30
1,2006,123.575327827419,125.781975586835,1.73948137544303,1.7311261093826,30
3,2006,125.579507208638,127.118481691953,1.71382015945714,1.70082568693497,30
4,2006,125.408306451302,127.208327013885,1.67587288982735,1.67530876334967,30
1,2007,129.664405072032,131.390511440857,1.69205242848995,1.67886825479583,30
2,2007,131.152652642605,132.872112973454,1.69011915084393,1.67912996971513,30
3,2007,132.080132193786,133.567370952276,1.67856790103324,1.66582545890024,30
1,2008,136.899309535038,138.635743920779,1.67814659077737,1.66629571532632,30
2,2008,138.704905117824,140.339209174597,1.6845108008698,1.67218838515065,30
3,2008,142.520725414542,144.087277103447,1.74630698303167,1.73473411577541,30
4,2008,142.0906050056,143.634324538249,1.70508692515586,1.69710280530592,30
3,2009,160.036916919357,161.737689431782,1.98677049933743,1.97418318667957,30
1,2010,169.183563533932,171.126935230933,2.10559717230845,2.09176076395252,30
2,2010,171.49444644713,173.370667813825,2.12057192509191,2.10700534320686,30
3,2010,172.11904493715,173.893146754926,2.09367494277909,2.08177199974199,30
4,2010,173.73746389149,175.43279376061,2.0965373957493,2.08671804923811,30
1,2011,176.769202432009,178.706372476432,2.07695047961769,2.06418045832356,30
3,2011,180.025601526393,181.832298486607,2.07426199122185,2.06348020233103,30
4,2011,183.37695328578,185.646215711771,2.09210731565363,2.08437744351985,30
1,2012,185.611813791696,188.050742864625,2.07998800921612,2.07312853628711,30
2,2012,187.756444501302,190.264373214355,2.08611730457053,2.08074286139632,30
3,2012,190.04355345766,192.40929900117,2.0949952714497,2.08697378148486,30
4,2012,190.891160286386,193.162679194774,2.06517889085019,2.05811531797645,30
1,2013,192.887982372006,195.305870385111,2.04853633185453,2.0420063986182,30
2,2013,194.855135196399,197.370765327694,2.04785630392124,2.04454204278948,30
3,2013,198.046439616677,200.446789572495,2.08024642342155,2.07367085304929,30
1,2014,201.48897658111,203.893890107494,2.04995546607012,2.04368670356201,30
2,2014,203.021434155348,205.405209270198,2.04210408990308,2.03541298992308,30
3,2014,204.731760035089,207.067313956382,2.03755545297052,2.03048958375117,30
4,2014,206.34927430748,208.598003269111,2.02844566016968,2.0221172982163,30
2,2015,212.79269984711,215.266451785391,2.0666747264578,2.06049715328592,30
3,2015,214.393720150217,216.814815947664,2.05831996207056,2.05208677701022,30
3,2016,219.701878715534,222.096802980566,1.99228359039862,1.98659482835872,30
4,2016,222.6938668806,224.994723580183,2.01139908952891,2.00618450695585,30
1,2017,224.435909055052,226.907320571366,1.99533490784911,1.99020382955274,30
4,2017,229.204481838215,231.493586993949,1.97417732318542,1.96931737452289,30
1,2018,230.59098357735,233.048487014449,1.95278636649057,1.94800062334612,30
2,2018,232.00282601267,234.425371972432,1.94427333767758,1.93920206629783,30
3,2018,233.438120810968,235.799046834178,1.93563268022267,1.93045591324281,30
4,2018,236.162911268514,238.433160278099,1.94844264542315,1.94376474050678,30
1,2020,254.152776273457,256.618027557046,2.0744305673986,2.0695476457972,30
2,2020,257.783490345619,262.112777214951,2.08005391586788,2.07514806004521,30
3,2020,276.785683203429,287.453207125718,2.4412380365845,2.55352297494889,30
4,2020,324.755140139562,350.840158065617,3.40877664167068,4.21166787252893,30
1,2021,454.073005703371,458.734766033014,10.47532091171,10.4900953805154,30
2,2021,465.288090686399,468.929214918409,11.2226423826459,11.1851768780938,30
3,2021,468.680202294577,472.287124113802,11.2337678152864,11.2020701027006,30
4,2021,472.963985087287,476.561994372634,11.3144052860069,11.2743133691565,30
1,2022,476.594021287979,480.26097551577,11.1685007312885,11.1279364991863,30
2,2022,480.156498308325,483.768131541403,11.1790911128268,11.1406466883512,30
3,2022,484.632772171277,488.212206212157,11.2885079088787,11.2547195159213,30
4,2022,485.790460216956,489.355397232927,11.1032571398633,11.0697121215583,30
1,2023,487.661087711841,491.294267974387,10.7974044702015,10.7596303202032,30
2,2023,490.736624739868,494.31478652789,10.7685572266138,10.7329561020076,30
3,2023,491.394039672411,494.92072762738,10.5538246917758,10.5236635001469,30
4,2023,493.30167389274,496.819551293495,10.452137127612,10.4209019396197,30
1,2024,497.047353740546,500.634421872019,10.3257054593372,10.2905800504285,30
2,2024,500.336046084483,503.876702169998,10.3192050106689,10.2863634073418,30
3,2024,498.654713394542,502.131658485415,9.94506667360487,9.91766419882536,30
1,2001,89.147448381205,91.0311629052726,1.98984238231792,1.96462326245881,31
2,2001,90.4324207766936,92.2280922000471,1.96764325961837,1.94353024334645,31
3,2001,93.1993436882377,94.9656709501971,2.03003323373161,2.01001776609171,31
4,2001,96.1046557103596,98.5349224219308,2.10780252603796,2.12695791649504,31
1,2002,99.5363718498482,101.606513580702,2.08494961608523,2.06767690289313,31
2,2002,102.011548515231,103.874564610213,2.11946127518662,2.09550452631653,31
3,2002,103.190013876498,104.976261946064,2.09960653472913,2.08009890179303,31
4,2002,103.901093020346,105.47824087916,2.06781514495725,2.04751672181201,31
1,2003,106.761523912595,108.716701914064,2.02290856276889,2.00395419734801,31
2,2003,107.288099036413,109.273883513425,1.97139287640174,1.95890548639495,31
4,2003,110.599144686432,112.37420685689,1.98983247242842,1.9811979421729,31
1,2004,116.036284194829,117.948192906502,2.05474853620797,2.03464877330159,31
2,2004,117.434425165206,119.25541459244,2.0404369195526,2.0207471236613,31
3,2004,118.982045690745,120.664566844371,2.04016227967664,2.02119560670117,31
4,2004,119.567129039466,121.078711172423,2.0102110071006,1.99201259481939,31
1,2005,124.309501789091,126.219990375176,2.04400269742708,2.02559636828035,31
2,2005,124.377852564629,126.171186929392,1.98247528600286,1.96474584346656,31
3,2005,120.342252599248,122.053339255067,1.79505438338998,1.78442619584029,31
4,2005,123.100227369262,124.529312068623,1.84347076714887,1.82805603371252,31
1,2006,123.583198490398,125.789991063756,1.73960886106333,1.73127045942016,31
2,2006,125.29171431776,127.04002108117,1.74584710405964,1.73364019633259,31
3,2006,125.575927810202,127.109525707217,1.71371791773086,1.70057605025394,31
1,2007,129.666135924145,131.397137392953,1.69210321760147,1.67904482195742,31
2,2007,131.097523049909,132.77784573718,1.68864084132357,1.67665850365457,31
4,2007,132.959351632658,134.528254703777,1.67096312399623,1.66422209070962,31
1,2008,136.950167028557,138.717155499662,1.67943786026736,1.66831206412352,31
3,2008,142.520725414542,144.053784358644,1.74630698303167,1.73394087943823,31
4,2008,143.639190813449,145.944764912455,1.73822970291615,1.73645198655229,31
2,2009,151.007465055417,153.89054116463,1.79549122383178,1.81241950479541,31
3,2009,160.437218184398,162.241116528203,1.99742424122427,1.99021341203262,31
4,2009,165.657189435908,167.43643876597,2.11557774585818,2.10669214483983,31
1,2010,169.177282720808,171.157686561527,2.10541847824469,2.0925918657355,31
2,2010,171.552122774069,173.430306985226,2.12218242254107,2.108644408068,31
3,2010,172.154340666227,173.920636781088,2.09460521498788,2.0824685663872,31
4,2010,173.73746389149,175.440432091294,2.0965373957493,2.0871417081956,31
1,2011,176.766121951341,178.709876096861,2.07686909953331,2.06426975583913,31
2,2011,177.780661190973,179.641470642698,2.05720774040889,2.04503791323437,31
3,2011,180.351908486474,182.267870428865,2.08222259578746,2.07305908677474,31
4,2011,183.375373075202,185.649033223446,2.09210613740797,2.08443147001772,31
1,2012,185.589663993877,188.040212352228,2.07971830677534,2.07280598354504,31
2,2012,187.764822245717,190.257064870916,2.08618352392897,2.08061644886083,31
4,2012,190.891160286386,193.174983467439,2.06517889085019,2.05829108158788,31
1,2013,192.890544381755,195.391008456171,2.04856597314896,2.04331970413244,31
2,2013,194.948696601902,197.407494785963,2.04855282086186,2.04428242451147,31
4,2013,200.455194898501,202.704654612967,2.08917440062056,2.0819239213907,31
1,2014,201.509148829136,203.922465957554,2.05018578980404,2.04420363945503,31
2,2014,203.021434155348,205.405209270198,2.04210408990308,2.03541298992308,31
4,2014,206.34927430748,208.612387507167,2.02844566016968,2.0223194293023,31
1,2015,210.177844071135,212.930649683818,2.04644824512059,2.04200396081925,31
2,2015,212.791036924436,215.264995114086,2.06666591045824,2.06049089302222,31
3,2015,214.39336344702,216.814733038209,2.05831927803398,2.05208940355823,31
4,2015,215.006392627166,217.322123344636,2.02739701877779,2.02197943736955,31
1,2016,216.619324523096,219.10446440787,2.00783664228368,2.0025250083813,31
2,2016,218.72604734363,221.177920446094,2.01202872005999,2.00632063542775,31
3,2016,219.699318829457,222.091004033146,1.99227904447361,1.98653305082204,31
4,2016,222.691407699902,224.99877919035,2.0113980397021,2.00625041097365,31
1,2017,224.435909055052,226.908778805006,1.99533490784911,1.99023363146976,31
2,2017,226.350481965688,228.788512199969,1.99566472580771,1.99015247916576,31
3,2017,227.426686688182,229.80700272311,1.97892980352833,1.97341256309351,31
1,2018,230.593992754313,233.051574400434,1.95280844364721,1.94807113318324,31
1,2020,254.150915201401,256.616818481044,2.07441538663036,2.06953790348197,31
2,2020,257.588177874961,261.007048302683,2.07904365470429,2.07067138980354,31
1,2001,89.1486608218363,91.0235127392548,1.989905866971,1.96423792009526,32
2,2001,90.4171644019087,92.2018247311269,1.96687370580074,1.94225439948383,32
3,2001,93.1993436882377,94.9880120912509,2.03003323373161,2.01111325260347,32
4,2001,96.0009083888391,98.0294922882175,2.10247609480636,2.10152375575973,32
1,2002,99.6174128237846,101.579422757261,2.08897564824308,2.06637462180255,32
2,2002,102.374170513641,104.302611365494,2.13741190222216,2.11598978050207,32
3,2002,103.696733246184,105.794635083376,2.12392382281091,2.11827222116037,32
4,2002,103.904973817156,105.469095327358,2.06799345389552,2.0471102452116,32
1,2003,106.764177789587,108.688733557321,2.0230252824398,2.00276207342521,32
2,2003,107.29074633304,109.291388987634,1.97150391333742,1.95962006123517,32
3,2003,109.243253423613,111.025203064272,1.98933801385788,1.97435802847998,32
4,2003,110.692056497475,112.328578265632,1.99360876220584,1.97939166636694,32
1,2004,116.044565637564,117.953124252945,2.05508888619436,2.0348455210233,32
2,2004,117.48102351653,119.312920478017,2.04230208259002,2.02298303616502,32
3,2004,118.960490336497,120.63327384225,2.0393167677998,2.02000263493425,32
4,2004,119.567129039466,121.078711172423,2.0102110071006,1.99201259481939,32
1,2005,124.309501789091,126.216230752495,2.04400269742708,2.02545791343176,32
2,2005,124.377852564629,126.171186929392,1.98247528600286,1.96474584346656,32
3,2005,120.422127307131,122.252757758035,1.79761644649004,1.79067947330874,32
1,2006,123.563919237425,125.779278796807,1.73929664044905,1.73117285581441,32
4,2006,125.448933789916,127.792553094865,1.67698924045088,1.6911604061266,32
1,2007,129.665512711138,131.382504801492,1.69208621636087,1.67865490852927,32
4,2007,133.063719706861,134.417121667034,1.67355505442024,1.66165220763465,32
1,2008,136.950167028557,138.702882982066,1.67943786026736,1.66796001411253,32
2,2008,138.704905117824,140.339076449191,1.6845108008698,1.67218513753875,32
3,2008,142.966723662947,144.755538161606,1.75771912894426,1.75129974271166,32
4,2008,142.165743867202,143.616428868053,1.70666765858864,1.69659761338619,32
1,2009,145.804199397396,149.115287520756,1.70608320980968,1.73146569545159,32
2,2009,151.161558666056,153.408755989608,1.79930880436654,1.80070987163664,32
3,2009,161.264622851949,162.98778381888,2.01967391975999,2.00614504723147,32
1,2010,169.201582037872,171.216659482245,2.10610649608064,2.09420103083469,32
2,2010,171.475188454406,173.389163872857,2.12003662674507,2.10750512652586,32
3,2010,172.154340666227,173.973967292034,2.09460521498788,2.08369936090955,32
4,2010,173.73746389149,175.440432091294,2.0965373957493,2.0871417081956,32
1,2011,176.774151837765,178.714223706159,2.07708125569784,2.06438081515478,32
2,2011,177.780661190973,179.646502944153,2.05720774040889,2.04515378490668,32
3,2011,180.025601526393,181.789248545358,2.07426199122185,2.0627869647561,32
4,2011,183.380202261606,185.64841641498,2.09210974102141,2.08435375904132,32
1,2012,185.604928547038,188.075155460075,2.07990415613247,2.07299663381451,32
3,2012,190.038947696074,192.433799611905,2.09498079186237,2.08732754971423,32
4,2012,190.890772365613,193.173451267234,2.0651786149573,2.05830115103577,32
1,2013,192.887982372006,195.334904060869,2.04853633185453,2.04240325873085,32
2,2013,194.899294865827,197.411011713797,2.04818489661612,2.04502626662295,32
3,2013,198.046439616677,200.454676246499,2.08024642342155,2.07381448498346,32
4,2013,200.458039024916,202.702920260751,2.08917736646777,2.0818511392144,32
1,2014,201.497130114402,203.920119970208,2.05004855479211,2.04419993240668,32
2,2014,203.022630926921,205.409381836794,2.04211275840668,2.03549162466857,32
3,2014,204.73440682008,207.087736824548,2.0375630915905,2.03081670558893,32
4,2014,206.347016081637,208.611558063302,2.02844412353955,2.02230749214634,32
1,2015,210.177844071135,212.928808881502,2.04644824512059,2.04197848495351,32
2,2015,212.791036924436,215.266925832933,2.06666591045824,2.0605235751985,32
3,2015,214.395245815574,216.817858747619,2.05832290350184,2.05212181166627,32
4,2015,215.006392627166,217.322123344636,2.02739701877779,2.02197943736955,32
1,2016,216.619324523096,219.109123796826,2.00783664228368,2.00262888079265,32
2,2016,218.723153909633,221.179716312225,2.01201455539367,2.0063716512338,32
3,2016,219.701878715534,222.099416823194,1.99228359039862,1.98663211936134,32
4,2016,222.69028599802,224.99461372167,2.01139756766131,2.00620867109368,32
1,2017,224.438065766324,226.90960297254,1.99535182491462,1.99022770029175,32
2,2017,226.347010117133,228.785908403641,1.99564830528147,1.99015141409766,32
3,2017,227.423890952258,229.806537493739,1.97892496680712,1.97343221097662,32
4,2017,229.203757367179,231.489994764026,1.97417703263237,1.96928084264349,32
1,2018,230.592143995882,233.04718469226,1.95279488116324,1.94800961761581,32
2,2018,232.00282601267,234.421610083779,1.94427333767758,1.93915629530546,32
3,2018,233.438120810968,235.799046834178,1.93563268022267,1.93045591324281,32
4,2018,236.16399034956,238.431130003651,1.94844305745612,1.94374050080047,32
1,2019,238.048156446067,240.487066181104,1.936667585035,1.93212999637196,32
2,2019,239.494592344816,241.902229065012,1.92965234947236,1.92480516818783,32
3,2019,241.849406994182,244.200070238139,1.93746027407686,1.93236558323608,32
4,2019,247.842234383915,250.117402455332,2.00765807328799,2.00278523636738,32
1,2020,254.152776273457,256.620376835572,2.0744305673986,2.06958882784428,32
2,2020,257.783490345619,261.748507155077,2.08005391586788,2.07325238954644,32
3,2020,276.792295405715,287.986497066272,2.44125833669737,2.55965992202586,32
4,2020,326.179301012771,351.154024018918,3.41165741292281,4.19512354424989,32
1,2021,454.145515464198,458.826383000523,10.4815503643802,10.4974954677464,32
2,2021,465.294762405472,468.932844471034,11.2232188766322,11.1855546219544,32
3,2021,468.705254503687,472.288135278429,11.2355863682326,11.2022662955763,32
4,2021,472.938375651682,476.53037983806,11.3133677643302,11.2739085826132,32
1,2022,476.606388851888,480.280708457929,11.1695862888741,11.129494288117,32
2,2022,480.153455292545,483.771009991887,11.1788382030744,11.1408626661403,32
3,2022,484.636533304714,488.218533888036,11.2887729963757,11.2550234620131,32
4,2022,485.790460216956,489.357364154568,11.1032571398633,11.0700583573136,32
1,2023,487.661087711841,491.292850856313,10.7974044702015,10.759526877252,32
2,2023,490.739908184067,494.315918740019,10.7688112967212,10.7330369829671,32
3,2023,491.394607743847,494.922383593488,10.5538599226427,10.5238159100867,32
4,2023,493.301571781441,496.819752793574,10.4521338684135,10.420946738631,32
1,2024,497.045880012911,500.632849013542,10.3255939985284,10.2904734973072,32
2,2024,500.335259381671,503.875820284326,10.3191489322647,10.2862908177989,32
3,2024,498.654848604537,502.13143515524,9.9450741936213,9.91764020363627,32
4,2024,500.679632318678,504.147220763534,9.86412785352454,9.83530360185358,32
1,2001,89.1531692310651,91.047788543445,1.99014198109642,1.96546094165202,33
2,2001,90.4064315375175,92.1903852252706,1.96633249787743,1.94169903012422,33
3,2001,93.1993436882377,94.9880120912509,2.03003323373161,2.01111325260347,33
4,2001,96.0009083888391,97.8847470542606,2.10247609480636,2.09429472901919,33
1,2002,99.7154139354204,101.659386750413,2.09385649409708,2.07022082801387,33
2,2002,102.21826003014,104.153591183,2.1296741343389,2.10883503662653,33
3,2002,102.877184364217,104.617584623718,2.08473211042846,2.06358613090761,33
4,2002,103.904973817156,105.432270251082,2.06799345389552,2.04547223027306,33
1,2003,106.764177789587,108.666295868697,2.0230252824398,2.00180619779826,33
2,2003,107.38519153209,109.174054854296,1.97546954363897,1.95483576397085,33
3,2003,109.243253423613,110.928837742826,1.98933801385788,1.97047907171471,33
4,2003,110.692056497475,112.328578265632,1.99360876220584,1.97939166636694,33
2,2004,117.48102351653,119.312920478017,2.04230208259002,2.02298303616502,33
3,2004,119.065116927875,120.865481030932,2.04342400408499,2.02887170439084,33
4,2004,119.567129039466,121.071036098898,2.0102110071006,1.99172953746538,33
1,2005,124.309501789091,126.216230752495,2.04400269742708,2.02545791343176,33
2,2005,124.485377067105,126.318948240667,1.98635475669299,1.96993675973526,33
3,2005,120.518942300042,122.499667218823,1.80072681090664,1.79845232016352,33
4,2005,123.100227369262,124.63299573246,1.84347076714887,1.83132596097485,33
1,2006,123.575327827419,125.781975586835,1.73948137544303,1.7311261093826,33
2,2006,125.48810730064,127.414787260771,1.75166810112419,1.74450221205815,33
3,2006,125.591293348083,127.093411560926,1.71415682791683,1.70012693375047,33
4,2006,125.580264939134,127.997958307286,1.68060304106533,1.69677181175983,33
1,2007,129.665512711138,131.382504801492,1.69208621636087,1.67865490852927,33
2,2007,131.097523049909,132.794322855151,1.68864084132357,1.67709264992106,33
1,2008,136.878175280203,138.593559630705,1.67761029962045,1.66525574467595,33
2,2008,138.708203398271,140.342389848206,1.68459342546877,1.67226652405966,33
3,2008,142.651988768423,144.288481079565,1.74965769347968,1.73969737296244,33
1,2009,145.307636065748,147.299229891434,1.69409085630344,1.68853185762428,33
2,2009,150.713348191303,154.417014144893,1.78823003652266,1.82480936943605,33
3,2009,160.437218184398,162.142896509959,1.99742424122427,1.98468157150759,33
4,2009,165.657189435908,167.43643876597,2.11557774585818,2.10669214483983,33
1,2010,169.183563533932,171.127862146591,2.10559717230845,2.09178366694678,33
3,2010,172.095869741945,173.838524855867,2.09306439980247,2.08048530455608,33
4,2010,173.99168410671,175.682206218957,2.10216793093258,2.0908334322384,33
1,2011,176.778759432083,178.710929936221,2.07720299337823,2.06430513058252,33
2,2011,177.780661190973,179.641470642698,2.05720774040889,2.04503791323437,33
3,2011,180.025601526393,181.832298486607,2.07426199122185,2.06348020233103,33
4,2011,183.37695328578,185.645338345949,2.09210731565363,2.08436044804716,33
1,2012,185.611813791696,188.075709983368,2.07998800921612,2.07298359917237,33
2,2012,187.764822245717,190.257064870916,2.08618352392897,2.08061644886083,33
3,2012,190.035925350737,192.410684251775,2.09497129515064,2.08708221710109,33
4,2012,190.902852763698,193.171761643299,2.06518728599083,2.05802560808355,33
1,2013,192.890544381755,195.334332698971,2.04856597314896,2.04249032017519,33
3,2017,227.430765978673,229.814312863216,1.9789368753892,1.97348028011231,33
4,2017,229.204481838215,231.502008891483,1.97417732318542,1.96940349733613,33
1,2018,230.593992754313,233.048105201799,1.95280844364721,1.9480195652688,33
2,2018,232.004514275111,234.428286255496,1.94428069819341,1.93924218882417,33
3,2018,233.445274759273,235.801534378368,1.93564439240551,1.9303962444105,33
4,2018,236.162911268514,238.428219084788,1.94844264542315,1.9437173412259,33
1,2019,238.048156446067,240.489982158131,1.936667585035,1.93220869182014,33
2,2019,239.504269167901,241.909691981509,1.92969374887745,1.92483771169181,33
3,2019,241.849406994182,244.201145425986,1.93746027407686,1.93238027122471,33
4,2019,247.842459189193,250.112456254353,2.0076581698819,2.00273245478302,33
1,2020,254.150915201401,256.618101783883,2.07441538663036,2.06955618381082,33
2,2020,257.919364328514,261.600445647875,2.08075827527766,2.07209747027894,33
3,2020,276.942933244138,285.87606989743,2.44172113998429,2.53911071598929,33
4,2020,324.9207473496,349.990982769865,3.40911080698734,4.17693729837199,33
1,2021,454.564225718595,459.244027156639,10.5176109757897,10.5329039540914,33
2,2021,465.276628470926,468.918570632484,11.2216520450973,11.1840718970499,33
2,2022,480.158278091137,483.784005607414,11.1792390341129,11.141702744636,33
3,2022,484.687965796828,488.305013161004,11.2923994947126,11.2592601695987,33
4,2022,485.907711383093,489.477347736957,11.1076508175103,11.0721725631196,33
2,2023,490.736070722962,494.318048758027,10.7685143557405,10.7331275563466,33
4,2023,493.301571781441,496.818581796101,10.4521338684135,10.42087171502,33
1,2024,497.048795635041,500.636151706481,10.3258145122608,10.2906990126148,33
2,2024,500.335259381671,503.875828255816,10.3191489322647,10.2862848067064,33
3,2024,498.656117979695,502.134273679126,9.94514479166481,9.91773963478313,33
4,2024,500.679546063091,504.147574820462,9.86412546095578,9.83533905181174,33
1,2001,89.1462041234737,91.0213312671647,1.98977722917502,1.96412805346678,34
1,2001,89.1569003923008,91.0342022361844,1.99033738907951,1.96477636595943,35
2,2001,90.3985630967725,92.1807899643712,1.96593581417997,1.94123331139166,35
3,2001,93.1760497898988,94.8604636883065,2.02885143900623,2.0048670187832,35
4,2001,96.2423588061128,98.9503967555971,2.11489165000533,2.14809993154255,35
1,2002,99.6174128237846,101.579422757261,2.08897564824308,2.06637462180255,35
2,2002,102.21826003014,104.378167491833,2.1296741343389,2.11962621740847,35
3,2002,103.298957653281,105.721858450165,2.10481029368258,2.11484884959148,35
4,2002,104.09152178137,106.127389617537,2.07658308546174,2.07660727764538,35
1,2003,106.764177789587,108.657723685759,2.0230252824398,2.00144112897404,35
2,2003,107.29074633304,109.076500193236,1.97150391333742,1.95086685957406,35
3,2003,109.243253423613,110.903135141624,1.98933801385788,1.9694456207944,35
4,2003,110.84869608659,112.477719055278,1.9999914088702,1.98530118483647,35
1,2004,116.054767902592,117.981128634468,2.05550825027566,2.03596315315925,35
2,2004,117.533026806276,119.420584415294,2.04438559611211,2.02717579846619,35
3,2004,118.957506087252,120.686040011687,2.03919974141993,2.0220146157748,35
4,2004,119.613545787527,121.20664272082,2.01197213946714,1.99673639468625,35
1,2005,124.338236054726,126.252354902893,2.04509062201996,2.02678865945715,35
2,2005,124.530000303,126.428171190926,1.98796699410808,1.97378260443244,35
3,2005,120.205578500949,121.748998272244,1.79067887532655,1.77492488282561,35
4,2005,123.257354209084,124.730097326084,1.84855848516128,1.83439307767868,35
1,2006,123.583198490398,125.789991063756,1.73960886106333,1.73127045942016,35
2,2006,125.256813338145,126.968099209418,1.74481467334347,1.73156339514392,35
3,2006,125.591293348083,127.090797005822,1.71415682791683,1.70005405281441,35
4,2006,125.408306451302,127.144968637054,1.67587288982735,1.67359808832083,35
1,2007,129.664405072032,131.390511440857,1.69205242848995,1.67886825479583,35
3,2007,132.080132193786,133.566599302291,1.67856790103324,1.6658090212062,35
4,2007,133.063719706861,134.429111809117,1.67355505442024,1.66211035839252,35
1,2008,136.899309535038,138.613379702117,1.67814659077737,1.66574769098157,35
2,2008,138.717655828894,140.355382441703,1.68483021600735,1.67258068728766,35
3,2008,142.651988768423,144.378073852621,1.74965769347968,1.74188529759394,35
1,2009,145.470639532308,147.982618183653,1.69801786197511,1.70454039917937,35
2,2009,150.713348191303,154.164135289041,1.78823003652266,1.81861896704584,35
3,2009,161.264622851949,162.994351480324,2.01967391975999,2.00599035293213,35
4,2009,165.657189435908,167.38806503918,2.11557774585818,2.10538442782227,35
1,2010,169.183563533932,171.127862146591,2.10559717230845,2.09178366694678,35
2,2010,171.529065264383,173.425564579317,2.12153906647019,2.108459791673,35
3,2010,172.154340666227,173.957741470235,2.09460521498788,2.08331914946308,35
4,2010,173.529334231395,175.248490182735,2.09194997026142,2.08312244297862,35
1,2012,185.598941774138,188.03753697396,2.07983126238236,2.07293992614767,35
2,2012,187.764822245717,190.257064870916,2.08618352392897,2.08061644886083,35
4,2013,200.458039024916,202.703587117191,2.08917736646777,2.08186678964154,35
2,2014,203.025177924696,205.405576765579,2.04213120951232,2.035388987521,35
3,2014,204.738785362063,207.070674511491,2.03757572146214,2.03047131404991,35
4,2014,206.34927430748,208.604824889119,2.02844566016968,2.02221338892729,35
1,2015,210.177844071135,212.924842895397,2.04644824512059,2.04191626405247,35
2,2015,212.790368106572,215.264415401363,2.06666236584323,2.06048245206557,35
3,2015,214.395245815574,216.816396974698,2.05832290350184,2.05208816955724,35
4,2015,215.006392627166,217.320101486419,2.02739701877779,2.02195767147281,35
1,2016,216.612789011144,219.097393032554,2.00778385649526,2.00244499931033,35
2,2016,218.723153909633,221.173638645718,2.01201455539367,2.00626805852792,35
3,2016,219.710722435922,222.10949022255,1.99229932287106,1.98669775695226,35
1,2017,224.434330989788,226.905687093182,1.99532253343077,1.99018756603953,35
2,2017,226.350481965688,228.789348647688,1.99566472580771,1.99018081971291,35
3,2017,227.426686688182,229.808713970652,1.97892980352833,1.97343900134374,35
4,2017,229.210064692196,231.498329467477,1.97417954785003,1.96932602305537,35
1,2018,230.593992754313,233.046500890909,1.95280844364721,1.94798593583579,35
2,2018,232.007309410427,234.424331494769,1.9442928804142,1.93915537829262,35
3,2018,233.439697146473,235.805621574469,1.93563526212992,1.93053053833772,35
1,2019,238.034035805897,240.473383341051,1.93656682391262,1.93202408981057,35
1,2001,89.1511489339329,91.0332602428019,1.99003616286197,1.96472889926979,36
2,2001,90.4002296604383,92.1836329513124,1.96601982427378,1.94137129062899,36
3,2001,93.1872430938959,94.8635431114051,2.02941923952437,2.00501761663752,36
4,2001,96.0357359838559,97.7406647138879,2.10426266380324,2.08712357800808,36
1,2002,99.6174128237846,101.545512202099,2.08897564824308,2.06474576197381,36
2,2002,102.294430536015,104.249396807483,2.13345195021833,2.1134308284354,36
3,2002,103.190013876498,105.068892431789,2.09960653472913,2.08438509740783,36
4,2002,104.09152178137,105.785949497148,2.07658308546174,2.06125504345593,36
1,2003,106.768816799802,108.672941927827,2.02322930436252,2.0020892880585,36
3,2003,109.842066476876,111.749278032606,2.01431035381058,2.0037477530638,36
4,2003,110.692056497475,112.299482058697,1.99360876220584,1.97824020238416,36
2,2004,117.504938559432,119.329153302031,2.04325997963951,2.02361465455189,36
3,2004,118.960490336497,120.640445306995,2.0393167677998,2.02027596324543,36
1,2005,124.384403762265,126.299208105397,2.04683981398977,2.02851594909531,36
2,2005,124.57898047272,126.417738926374,1.98973814642736,1.97341498624318,36
4,2005,123.710039465015,125.450467161725,1.86329291667691,1.85730567207745,36
1,2006,123.563919237425,125.770437520353,1.73929664044905,1.73086017254376,36
2,2006,125.332319380598,127.023354360945,1.74704902709699,1.73315875170784,36
4,2006,125.458745524125,126.794623314586,1.67725895421696,1.66417076901849,36
1,2007,129.69831040371,131.430293615394,1.69298155299749,1.67992871212329,36
2,2007,131.005480130326,132.647106207493,1.68617204473152,1.67323881226225,36
3,2007,132.106324307438,133.611169747365,1.67925278542474,1.6669281105125,36
1,2008,136.859911595398,138.569474314642,1.67714480136066,1.66466069552762,36
4,2008,143.639190813449,145.735029246865,1.73822970291615,1.73321938167056,36
1,2009,145.502707917731,147.995139241238,1.69879155428977,1.70483336293253,36
1,2010,169.201582037872,171.203706317946,2.10610649608064,2.09384814275605,36
2,2010,171.48289547779,173.406958616842,2.12025147946098,2.10799901209094,36
3,2010,172.201726045199,174.008715379818,2.0958546236179,2.08457242848006,36
1,2011,176.768097100669,178.718806676312,2.0769212794711,2.06450576815636,36
4,2011,183.375373075202,185.646648600526,2.09210613740797,2.08439625735967,36
1,2012,185.585502508514,188.046007377276,2.07966764514328,2.07317927583757,36
3,2012,190.079977910649,192.479943624931,2.09510978574437,2.08809053762019,36
1,2013,192.92904132312,195.357866722744,2.04901153889432,2.04291915874426,36
3,2013,198.12293436885,200.543274852636,2.08048331431702,2.07474269758054,36
3,2014,204.752737682196,207.089042257682,2.03761598085814,2.03065007874134,36
4,2014,206.346685710806,208.580953718713,2.02844390061034,2.0218756153621,36
1,2015,210.174088527123,212.926261785844,2.04643145475623,2.04195676342718,36
2,2015,212.792012794522,215.267319249186,2.06667108267926,2.06048846972749,36
4,2015,215.029426789665,217.343048131963,2.02740691592757,2.0219633714636,36
3,2017,227.430765978673,229.816942833019,1.9789368753892,1.97351969054093,36
4,2017,229.206584279834,231.49526434524,1.97417815787813,1.96932155303289,36
1,2018,230.59098357735,233.045048475711,1.95278636649057,1.94796967940576,36
2,2018,232.002244627402,234.423685500539,1.94427079861835,1.93917140670803,36
4,2018,236.165058392457,238.436102561075,1.94844347165621,1.94375888318743,36
1,2019,238.065776960821,240.507561329798,1.93679334427335,1.93236105742386,36
2,2019,239.504269167901,241.909691981509,1.92969374887745,1.92483771169181,36
2,2020,257.588177874961,260.226034705561,2.07904365470429,2.06972478809935,36
3,2020,276.986273072364,287.470640840465,2.44185438898291,2.53827753590674,36
4,2020,324.770120967362,349.993636340244,3.40880685888054,4.17992968166812,36
4,2021,473.267310140492,476.928226039478,11.3267259852712,11.2814345314396,36
4,2022,485.838183794111,489.401787271722,11.105044518898,11.0708514195551,36
1,2001,89.147448381205,91.0222900102705,1.98984238231792,1.96417633455062,37
2,2001,90.4171644019087,92.2393426822302,1.96687370580074,1.94407693604098,37
3,2001,93.2360943135727,95.0865464608644,2.0318991611535,2.01595193902849,37
4,2001,96.0009083888391,97.8420212092165,2.10247609480636,2.0921656058975,37
1,2002,99.5363718498482,101.489598027218,2.08494961608523,2.06206267653809,37
2,2002,102.076782275657,103.945040746211,2.12268063619958,2.09886386277613,37
3,2002,103.008712956356,104.716898171381,2.09097315411934,2.06814536934702,37
4,2002,103.904973817156,105.436177706279,2.06799345389552,2.04564581297862,37
1,2003,106.764177789587,108.710878405266,2.0230252824398,2.00370592061004,37
2,2003,107.315054352806,109.14803272333,1.97252381415403,1.95377632726787,37
3,2003,109.503942201649,111.182006560302,2.00017125520071,1.98068572734618,37
4,2003,110.692056497475,112.299482058697,1.99360876220584,1.97824020238416,37
2,2004,117.48102351653,119.312920478017,2.04230208259002,2.02298303616502,37
3,2004,118.952306258695,120.625146129823,2.03899583819501,2.01969289613971,37
4,2004,119.66407547072,121.282583914335,2.01389108692503,1.99954579671637,37
1,2005,124.338236054726,126.242210588179,2.04509062201996,2.0264148720009,37
2,2005,124.57898047272,126.445767347452,1.98973814642736,1.97440290826609,37
3,2005,120.205578500949,121.780283009899,1.79067887532655,1.77589921419673,37
4,2005,123.141320654371,124.559857386813,1.8447999964653,1.82901909767678,37
1,2006,123.575327827419,125.781975586835,1.73948137544303,1.7311261093826,37
2,2006,125.29171431776,127.060530237395,1.74584710405964,1.73423286753405,37
3,2006,125.579507208638,127.118481691953,1.71382015945714,1.70082568693497,37
4,2006,125.408306451302,127.144968637054,1.67587288982735,1.67359808832083,37
1,2007,129.664405072032,131.38480115269,1.69205242848995,1.67871608503576,37
2,2007,131.213812907492,132.959100536609,1.69176069596847,1.68141306370635,37
3,2007,132.171413300701,133.794264318009,1.68095032860133,1.67153866709274,37
4,2007,132.959351632658,134.528254703777,1.67096312399623,1.66422209070962,37
2,2008,138.708203398271,140.350252500937,1.68459342546877,1.67245681409308,37
3,2008,142.651988768423,144.225484677477,1.74965769347968,1.7381734490056,37
1,2009,145.704402619692,149.072922924047,1.70366601665453,1.73045344084931,37
2,2009,151.007465055417,153.89054116463,1.79549122383178,1.81241950479541,37
3,2009,162.125578526354,163.889956981573,2.04315505442141,2.0290490554993,37
4,2009,165.738176711005,167.473695117208,2.11748458109596,2.10772826625588,37
1,2010,169.177282720808,171.120662456167,2.10541847824469,2.09158697289355,37
2,2010,171.529065264383,173.412916107011,2.12153906647019,2.10813260644292,37
3,2010,172.154340666227,173.957741470235,2.09460521498788,2.08331914946308,37
4,2010,173.73746389149,175.427316038479,2.0965373957493,2.08634050883245,37
1,2011,176.769202432009,178.716994705037,2.07695047961769,2.06445043349753,37
2,2011,177.780661190973,179.637984717247,2.05720774040889,2.04495971670009,37
3,2011,180.351908486474,182.320992442568,2.08222259578746,2.07408168579447,37
4,2011,183.375373075202,185.643855638492,2.09210613740797,2.08435804009777,37
1,2012,185.598941774138,188.070323850058,2.07983126238236,2.07299193430292,37
2,2012,187.756444501302,190.285085391309,2.08611730457053,2.0811249727671,37
3,2012,190.035925350737,192.423154254131,2.09497129515064,2.08725956923135,37
4,2012,190.891160286386,193.174983467439,2.06517889085019,2.05829108158788,37
1,2013,192.889170744441,195.366160798029,2.04855008752544,2.04266532476057,37
2,2013,194.816219181891,197.36025542579,2.04756693910934,2.04459187744461,37
3,2013,198.046439616677,200.454676246499,2.08024642342155,2.07381448498346,37
4,2013,200.458039024916,202.703587117191,2.08917736646777,2.08186678964154,37
1,2014,201.497130114402,203.906858482722,2.05004855479211,2.04393354974202,37
2,2014,203.023091323406,205.405780376384,2.04211609567241,2.0353759792524,37
3,2014,204.730845012787,207.070622053479,2.03755281569929,2.03052641172146,37
4,2014,206.347016081637,208.580493731911,2.02844412353955,2.02188184290122,37
1,2015,210.174088527123,212.923008758365,2.04643145475623,2.04191579448297,37
2,2015,212.79269984711,215.267918995199,2.0666747264578,2.0605317547703,37
3,2015,214.393720150217,216.815588141375,2.05831996207056,2.05210095844489,37
4,2015,215.007064020743,217.321599032715,2.02739731195785,2.02196423249095,37
1,2016,216.612789011144,219.09820137606,2.00778385649526,2.00246463740395,37
2,2016,218.723153909633,221.177494189897,2.01201455539367,2.0063376959417,37
3,2016,219.705679918898,222.102394261269,1.99229035385592,1.98664170357488,37
4,2016,222.69028599802,224.989514040515,2.01139756766131,2.00615416980145,37
1,2017,224.435909055052,226.908778805006,1.99533490784911,1.99023363146976,37
2,2017,226.347010117133,228.785908403641,1.99564830528147,1.99015141409766,37
3,2017,227.426686688182,229.808713970652,1.97892980352833,1.97343900134374,37
4,2017,229.204481838215,231.497468597819,1.97417732318542,1.96935718527127,37
1,2018,230.591140934205,233.044484824855,1.95278752519564,1.94797146828432,37
2,2018,232.007309410427,234.426068385828,1.9442928804142,1.93919453929417,37
3,2018,233.437890404573,235.797235060596,1.93563230527484,1.9304276020012,37
4,2018,236.163267282737,238.428800131128,1.94844278850767,1.94371561934122,37
1,2019,238.028288081355,240.473250518023,1.93652582256908,1.93207947961256,37
2,2019,239.48952642665,241.897274596274,1.92963067955288,1.92475223272776,37
4,2019,247.844174086751,250.114650165446,2.00765889084148,2.00273480332183,37
1,2020,254.150915201401,256.616818481044,2.07441538663036,2.06953790348197,37
2,2020,259.082597482094,263.098616636277,2.08684150083772,2.07491169192275,37
4,2020,324.770120967362,350.849105729168,3.40880685888054,4.21171899310586,37
1,2021,454.811862311419,459.811976250226,10.5390092107744,10.5757521914205,37
2,2021,465.282958523546,468.941793933031,11.2221989503276,11.1861629541813,37
3,2021,468.682547696386,472.289234618112,11.2339380434132,11.202310408227,37
4,2021,472.99045394,476.587818964755,11.3154780703712,11.2752367871757,37
1,2022,476.587691211213,480.248667294895,11.1679451643881,11.1270119800034,37
2,2022,480.153807305763,483.767272900344,11.178867458967,11.1405744487728,37
3,2022,484.636533304714,488.214207321509,11.2887729963757,11.2549084902969,37
4,2022,485.783532833945,489.356219483062,11.1029977995431,11.0704694464936,37
1,2023,487.664589606593,491.302037524206,10.7976913778052,10.760199073248,37
2,2023,490.735810854633,494.314422794622,10.7684942513541,10.7329135021262,37
3,2023,491.392845626509,494.919297796121,10.5537506440377,10.523554335467,37
4,2023,493.301934088945,496.818314015743,10.4521454241479,10.4208247466316,37
1,2024,497.042008150532,500.631460097831,10.3253011828967,10.2903719990301,37
2,2024,500.333024395963,503.873847071002,10.318989612022,10.2861641803787,37
3,2024,498.654543210266,502.131218288484,9.94505720664513,9.91763175634617,37
4,2024,500.679094082859,504.147163555475,9.86411291267071,9.83530283658584,37
1,2001,89.1457999332319,91.0214324053966,1.98975607452526,1.9641331565828,38
2,2001,90.4521900484833,92.2788829823983,1.96864092101206,1.94599959433588,38
4,2003,110.599144686432,112.294892865579,1.98983247242842,1.9780580454305,38
1,2004,116.025490975957,117.9482802147,2.0543050446994,2.03465226236234,38
2,2004,117.42730022375,119.27771329379,2.04015188148129,2.02161384225631,38
3,2004,118.960490336497,120.647384408483,2.0393167677998,2.02054047116908,38
4,2004,119.584012505914,121.095492931325,2.01085141321976,1.99263161621463,38
1,2005,124.317138691487,126.222304817126,2.04429178599578,2.02568161069518,38
2,2005,124.4451321427,126.276270311219,1.98490183542851,1.96843604320809,38
3,2005,120.205578500949,121.748998272244,1.79067887532655,1.77492488282561,38
4,2005,123.100227369262,124.529312068623,1.84347076714887,1.82805603371252,38
1,2006,123.592512964238,125.798889653046,1.73975979121364,1.73130073726548,38
2,2006,125.256813338145,126.968099209418,1.74481467334347,1.73156339514392,38
3,2006,125.591293348083,127.099183473065,1.71415682791683,1.70028780827711,38
4,2006,125.458745524125,127.041752747919,1.67725895421696,1.67081463161584,38
1,2007,129.666135924145,131.397137392953,1.69210321760147,1.67904482195742,38
2,2007,131.213812907492,132.937172799001,1.69176069596847,1.68084006814858,38
3,2007,132.073550880774,133.559678673192,1.67839871406227,1.66563176656072,38
4,2007,132.959351632658,134.449093276757,1.67096312399623,1.66235424232765,38
1,2008,136.979877069548,138.775363627419,1.68019265543007,1.66975326809058,38
2,2008,138.731936379303,140.409347325822,1.6851880209707,1.67389245326396,38
3,2008,142.966723662947,144.718230729175,1.75771912894426,1.75038264171167,38
4,2008,142.090273672953,143.659086847231,1.70507997096152,1.69710873262026,38
1,2009,145.470639532308,148.281813604936,1.69801786197511,1.71161637251796,38
2,2009,150.874087138768,153.773673664654,1.79219424907587,1.80938274768372,38
3,2009,158.893551054974,160.750768458148,1.95673586331616,1.9520897172627,38
4,2009,165.657189435908,167.38806503918,2.11557774585818,2.10538442782227,38
1,2010,169.183563533932,171.133607188199,2.10559717230845,2.09193785917309,38
2,2010,171.48289547779,173.370738817825,2.12025147946098,2.10701183493214,38
3,2010,172.154340666227,173.957741470235,2.09460521498788,2.08331914946308,38
4,2010,173.367791447062,175.275248870232,2.08840495197378,2.08469414202368,38
1,2011,176.774151837765,178.714223706159,2.07708125569784,2.06438081515478,38
3,2011,180.025601526393,181.806970363612,2.07426199122185,2.06304669792701,38
4,2011,183.37695328578,185.649994067544,2.09210731565363,2.08444410166883,38
1,2012,185.619597405154,188.077868680368,2.080082820195,2.07300316721389,38
2,2012,187.749316101074,190.263892581485,2.08606193692653,2.08069409387097,38
3,2012,190.04355345766,192.421271242835,2.0949952714497,2.08707836738981,38
4,2012,190.891160286386,193.157575196795,2.06517889085019,2.05804275953398,38
1,2013,192.887982372006,195.353313861102,2.04853633185453,2.04264787396403,38
2,2013,194.798727989952,197.314521403766,2.04743695681829,2.04375646657781,38
3,2013,198.03953376993,200.451351219561,2.08022504240846,2.07378350556451,38
4,2013,200.462750136307,202.709368107888,2.0891809241038,2.08189732500251,38
1,2014,201.509148829136,203.922465957554,2.05018578980404,2.04420363945503,38
2,2014,203.021434155348,205.405209270198,2.04210408990308,2.03541298992308,38
3,2014,204.731760035089,207.070139875336,2.03755545297052,2.03053487884279,38
4,2014,206.346685710806,208.580953718713,2.02844390061034,2.0218756153621,38
2,2015,212.79269984711,215.266961891569,2.0666747264578,2.06051170274283,38
3,2015,214.397940442853,216.819034705771,2.05832808725484,2.05209672336568,38
4,2015,215.006392627166,217.320541635925,2.02739701877779,2.02196251850876,38
1,2016,216.612789011144,219.097393032554,2.00778385649526,2.00244499931033,38
2,2016,218.721297502904,221.172139884928,2.01200546906077,2.00626105266311,38
3,2016,219.710722435922,222.121153226171,1.99229932287106,1.9868705249001,38
4,2016,222.69028599802,224.986962522088,2.01139756766131,2.00612640247257,38
1,2017,224.434567683254,226.906550070255,1.99532439401062,1.99018781258486,38
2,2017,226.348211609203,228.790862567329,1.99565398633558,1.99021985207988,38
3,2017,227.426686688182,229.813758646435,1.97892980352833,1.97350982705062,38
4,2017,229.204481838215,231.497468597819,1.97417732318542,1.96935718527127,38
1,2018,230.591140934205,233.043770631423,1.95278752519564,1.94796227103304,38
2,2018,232.004514275111,234.428286255496,1.94428069819341,1.93924218882417,38
3,2018,233.438120810968,235.795253695083,1.93563268022267,1.93041264551091,38
4,2018,236.162911268514,238.426001862756,1.94844264542315,1.94369567336733,38
1,2019,238.023415482022,240.463261252402,1.93649106128636,1.93193895245913,38
2,2019,239.490999479194,241.895354416359,1.92963698058947,1.92472610034478,38
3,2019,241.85196955675,244.209439650975,1.93746443600268,1.93246682141474,38
4,2019,247.842459189193,250.115599570728,2.0076581698819,2.00276015956112,38
1,2020,254.150915201401,256.616818481044,2.07441538663036,2.06953790348197,38
2,2020,257.652148471202,261.058929985408,2.07937425883201,2.07071018813347,38
4,2020,324.794271352493,350.333439038514,3.40885557884312,4.19206250976884,38
1,2021,454.49038375194,459.317825685613,10.5112405194605,10.5365770860133,38
2,2021,465.283492925257,468.935589780138,11.2222451210599,11.1856516866886,38
4,2021,472.953638171358,476.544963028495,11.3139860474382,11.2744899880351,38
1,2022,476.587691211213,480.248667294895,11.1679451643881,11.1270119800034,38
2,2022,480.154037523818,483.776696955795,11.1788865961392,11.1412174535614,38
3,2022,484.645969444836,488.229113632726,11.2894381300903,11.2555858096044,38
4,2022,485.78070676296,489.35004358414,11.1028920070031,11.0699147412335,38
1,2023,487.664332515215,491.296977938048,10.797670314018,10.7598340984926,38
2,2023,490.736796769952,494.31280446341,10.7685705324972,10.7327947615384,38
3,2023,491.397649943728,494.924057143666,10.5540485878859,10.5237596892641,38
4,2023,493.30156670339,496.818022218156,10.4521337027315,10.4208336439413,38
1,2024,497.043243372928,500.630281314646,10.3253946004174,10.290283328716,38
3,2024,498.65465297616,502.131246333589,9.94506331151677,9.91763027668596,38
4,2024,500.679098186165,504.146822458702,9.86411302474881,9.83528242590473,38
1,2001,89.1462041234737,91.0318136547793,1.98977722917502,1.96465603528552,39
2,2001,90.4171644019087,92.2282467273128,1.96687370580074,1.94353775313093,39
3,2001,93.2360943135727,95.1162661171361,2.0318991611535,2.01741365563081,39
4,2001,96.0357359838559,97.6412471210815,2.10426266380324,2.08218952519505,39
1,2002,99.5727300842722,101.556427766925,2.08675474294428,2.06526995089748,39
2,2002,102.457439380593,104.438240754235,2.14155497320103,2.12252224204095,39
3,2002,102.93666277848,104.636033808415,2.08755205345562,2.06443264728583,39
1,2003,106.765477379148,108.750017643,2.02308242292795,2.00537516141402,39
3,2003,109.21286241512,110.956013201448,1.98807889878426,1.97157212899841,39
4,2003,110.599144686432,112.174279341088,1.98983247242842,1.97329266623547,39
1,2004,116.022981691819,117.943606789965,2.05420194927144,2.03446582226621,39
2,2004,117.445758111958,119.268804783663,2.04089037958431,2.02126754466278,39
3,2004,118.982045690745,120.672276488123,2.04016227967664,2.02148961502701,39
4,2004,119.584012505914,121.106184353535,2.01085141321976,1.99302607694476,39
1,2005,124.326717468725,126.231374464222,2.04465443776587,2.02601567539808,39
2,2005,124.4451321427,126.256680312742,1.98490183542851,1.96774759419062,39
3,2005,120.233878234957,121.82999189648,1.79158398833702,1.77744847861389,39
4,2005,123.141320654371,124.554027817448,1.8447999964653,1.82883510850679,39
1,2006,123.568901316462,125.788947154949,1.73937730435786,1.73141715539429,39
2,2006,125.29171431776,127.083283380396,1.74584710405964,1.73489061143018,39
3,2006,125.602024767583,127.342175116494,1.71446343303701,1.70707363628558,39
4,2006,125.448933789916,127.612435208454,1.67698924045088,1.68625886421202,39
1,2007,129.665512711138,131.380977547957,1.69208621636087,1.67861421636619,39
2,2007,131.213812907492,132.983415339435,1.69176069596847,1.68205490421955,39
4,2007,133.063719706861,134.417121667034,1.67355505442024,1.66165220763465,39
1,2008,136.899309535038,138.660994738863,1.67814659077737,1.66691985894858,39
2,2008,138.716774853583,140.379097606221,1.68480814167932,1.67315828372058,39
4,2008,142.0906050056,143.764077818086,1.70508692515586,1.69983167263199,39
1,2009,145.370191602948,147.96276501991,1.69559680670295,1.70409370574105,39
2,2009,151.161558666056,153.717998342188,1.79930880436654,1.8083297499646,39
3,2009,160.036916919357,161.788396865005,1.98677049933743,1.97755674603441,39
4,2009,165.657189435908,167.402057804916,2.11557774585818,2.10577245294036,39
1,2010,169.183563533932,171.138424750947,2.10559717230845,2.09206915060664,39
2,2010,171.509837908882,173.385559613393,2.121001213507,2.1074089906037,39
3,2010,172.154340666227,173.905558229085,2.09460521498788,2.08214276576182,39
4,2010,173.73746389149,175.423864061109,2.0965373957493,2.08548486585864,39
1,2011,176.76556924644,178.707002260766,2.07685449440768,2.0641967546224,39
2,2011,177.817040890419,179.734359912581,2.05813371052872,2.04724897215423,39
4,2011,183.377218953418,185.645416923047,2.09210751662138,2.08435254620107,39
1,2012,185.598941774138,188.045113369804,2.07983126238236,2.07282895789224,39
2,2012,187.756444501302,190.229000166059,2.08611730457053,2.08006955190905,39
3,2012,190.038947696074,192.415137335773,2.09498079186237,2.08707917765658,39
4,2012,190.890772365613,193.173451267234,2.0651786149573,2.05830115103577,39
1,2013,192.888107759749,195.34553547963,2.04853778787588,2.0424828771609,39
2,2013,194.835021640313,197.358495819883,2.04770671824933,2.04443686193892,39
4,2013,200.455194898501,202.700941327514,2.08917440062056,2.08186389171177,39
1,2014,201.502656366989,203.918591062598,2.05011165132521,2.04415999154114,39
2,2014,203.021434155348,205.403566682511,2.04210408990308,2.03538878483669,39
3,2014,204.731760035089,207.070139875336,2.03755545297052,2.03053487884279,39
4,2014,206.347016081637,208.590695821348,2.02844412353955,2.02202226920657,39
1,2015,210.175768357328,212.929250708569,2.04643896356995,2.04199188500175,39
2,2015,212.795356869298,215.274885662507,2.06668880121037,2.06063869280574,39
3,2015,214.393720150217,216.816719138664,2.05831996207056,2.05211728191841,39
4,2015,215.006392627166,217.322123344636,2.02739701877779,2.02197943736955,39
1,2016,216.619324523096,219.10446440787,2.00783664228368,2.0025250083813,39
2,2016,218.723153909633,221.174455335761,2.01201455539367,2.00628589861146,39
3,2016,219.701878715534,222.106230306101,1.99228359039862,1.98672491688114,39
4,2016,222.690501773855,224.987260960168,2.01139765700793,2.00612571243292,39
1,2017,224.434567683254,226.906259067889,1.99532439401062,1.99019675732211,39
2,2017,226.348211609203,228.787607172086,1.99565398633558,1.99017229354124,39
3,2017,227.423890952258,229.811907599154,1.97892496680712,1.97350100205902,39
4,2017,229.204481838215,231.507207825418,1.97417732318542,1.96945630753174,39
1,2018,230.596687196237,233.05293124131,1.95282820857119,1.94808561176942,39
2,2018,232.00282601267,234.425371972432,1.94427333767758,1.93920206629783,39
3,2018,233.438120810968,235.79686726699,1.93563268022267,1.93043132628243,39
4,2018,236.162911268514,238.426769968815,1.94844264542315,1.94370328785561,39
1,2019,238.034035805897,240.473383341051,1.93656682391262,1.93202408981057,39
2,2019,239.494592344816,241.900094474895,1.92965234947236,1.9247727852731,39
3,2019,241.85196955675,244.203314110038,1.93746443600268,1.93238495167536,39
4,2019,247.842459189193,250.112832488798,2.0076581698819,2.00273511382979,39
1,2020,254.149725623006,256.617683171332,2.07440568908492,2.06953124102206,39
2,2020,257.463638912278,261.278357138338,2.07840082979934,2.07234794073764,39
3,2020,276.785211969574,287.267392034064,2.44123658973694,2.55131197757173,39
4,2020,324.473330701918,350.673032472495,3.4082085105681,4.21070148488484,39
1,2021,454.284262441226,459.018998760598,10.4934829737781,10.5128405529953,39
2,2021,465.280586022208,468.951166663427,11.2219939660201,11.186886361197,39
3,2021,468.678569424937,472.296083580027,11.233649314587,11.202709331029,39
4,2021,472.920960509855,476.514857282578,11.312662454576,11.2731724696308,39
1,2022,476.594021287979,480.257722302329,11.1685007312885,11.1277228070942,39
2,2022,480.154130052332,483.765930069004,11.1788942842251,11.1404627698471,39
3,2022,484.637234523674,488.217513634152,11.2888224189187,11.2549865033859,39
4,2022,485.783758754409,489.349005231733,11.1030062609558,11.0694762932214,39
1,2023,487.662915281251,491.297647319932,10.7975541957269,10.759877767595,39
2,2023,490.736484367271,494.313956162627,10.7685463647223,10.7328902348346,39
3,2023,491.393744112674,494.92015766989,10.553806362774,10.5236084261264,39
4,2023,493.301711192152,496.818253942494,10.4521383101123,10.4208305036396,39
1,2024,497.042837195119,500.63097309462,10.3253638788403,10.2903401781627,39
2,2024,500.332313994932,503.873245412773,10.3189389708495,10.2861218834819,39
3,2024,498.654761308286,502.131642093772,9.94506933664731,9.91764393104366,39
4,2024,500.679093887638,504.147007168222,9.86411290549678,9.8352957291108,39
1,2001,89.1511489339329,91.0332602428019,1.99003616286197,1.96472889926979,41
2,2001,90.4064315375175,92.2067008777628,1.96633249787743,1.94249116871426,41
3,2001,93.1662597330383,94.8687199641287,2.02835494670138,2.00527078938388,41
4,2001,96.0357359838559,97.6852282301591,2.10426266380324,2.08437087581444,41
1,2002,99.5488685390721,101.51596492043,2.08557005753868,2.06332747685755,41
2,2002,102.011548515231,103.870348397766,2.11946127518662,2.0953040106025,41
3,2002,103.093211256816,104.814666618411,2.09499244751055,2.07264329966152,41
4,2002,103.904973817156,105.432270251082,2.06799345389552,2.04547223027306,41
1,2003,106.764177789587,108.699088521727,2.0230252824398,2.00320336238737,41
2,2003,107.29074633304,109.195240315671,1.97150391333742,1.95569873991094,41
3,2003,109.243253423613,110.979665173812,1.98933801385788,1.97252406726814,41
4,2003,110.599144686432,112.33297727375,1.98983247242842,1.97956512056341,41
1,2004,116.036284194829,117.957338635474,2.05474853620797,2.03501367036093,41
2,2004,117.48102351653,119.338204614905,2.04230208259002,2.02396689193582,41
3,2004,118.982045690745,120.682216969953,2.04016227967664,2.02186876653266,41
4,2004,119.567129039466,121.06519051712,2.0102110071006,1.99151400443678,41
1,2005,124.326717468725,126.230965576713,2.04465443776587,2.02600060834852,41
2,2005,124.409284878074,126.201909622957,1.98360857375148,1.96582403570098,41
3,2005,120.233878234957,121.813956290935,1.79158398833702,1.77694855944524,41
4,2005,123.141320654371,124.555063854375,1.8447999964653,1.8288676144468,41
1,2006,123.592512964238,125.799746536799,1.73975979121364,1.73125017020079,41
2,2006,125.20420165175,126.868689208958,1.74325949897694,1.7286969739857,41
3,2006,125.591293348083,127.091340620798,1.71415682791683,1.70006919583395,41
4,2006,125.458745524125,126.953072510616,1.67725895421696,1.6684287646613,41
2,2007,131.213812907492,132.959100536609,1.69176069596847,1.68141306370635,41
3,2007,132.086592309598,133.582302838392,1.67873852012336,1.66620054955706,41
4,2007,132.967402079277,134.326485895509,1.67116467625368,1.65955114861762,41
1,2008,136.950167028557,138.717155499662,1.67943786026736,1.66831206412352,41
2,2008,138.707762790271,140.35821135163,1.68458238161469,1.67264851844675,41
3,2008,143.149716449785,145.240844113355,1.76242396273745,1.76339429589227,41
4,2008,142.315337181526,143.767630646232,1.70982298696797,1.6996022175542,41
1,2009,145.370191602948,147.696432815472,1.69559680670295,1.69781823619374,41
2,2009,151.336108581218,153.769595533654,1.80364424927017,1.8097120219835,41
3,2009,159.645987294237,161.430932663939,1.97643557661714,1.96884711317877,41
4,2009,165.622520614356,167.515809964871,2.11476115144518,2.10806368706331,41
1,2010,169.172822174352,171.126005233008,2.10529361537905,2.09172921047926,41
2,2010,171.509837908882,173.388107061035,2.121001213507,2.10748856757846,41
3,2010,172.11904493715,173.862200253028,2.09367494277909,2.08108953754105,41
4,2010,173.529334231395,175.248490182735,2.09194997026142,2.08312244297862,41
1,2011,176.766121951341,178.716323850742,2.07686909953331,2.06443428845488,41
2,2011,177.768534313436,179.624741052629,2.05689919090677,2.04464783061522,41
3,2011,180.025601526393,181.832298486607,2.07426199122185,2.06348020233103,41
4,2011,183.375373075202,185.655825882379,2.09210613740797,2.08453369068034,41
1,2012,185.619597405154,188.09316566234,2.080082820195,2.07307685573568,41
2,2012,187.756444501302,190.264373214355,2.08611730457053,2.08074286139632,41
3,2012,190.035925350737,192.423154254131,2.09497129515064,2.08725956923135,41
4,2012,190.891160286386,193.182183526159,2.06517889085019,2.05839430323647,41
1,2013,192.893231740281,195.343492769169,2.04859706366431,2.04267468147969,41
2,2013,194.876559669022,197.395994907126,2.04801568861886,2.04490968778408,41
3,2013,198.055015004517,200.476771767317,2.08027297467653,2.07416388093285,41
4,2013,200.458039024916,202.703587117191,2.08917736646777,2.08186678964154,41
1,2014,201.502656366989,203.912807918261,2.05011165132521,2.04402778464362,41
2,2014,203.021587621021,205.403317732526,2.04210519369766,2.03537122699945,41
3,2014,204.730845012787,207.074299917529,2.03755281569929,2.03057890348781,41
4,2014,206.34927430748,208.620690981257,2.02844566016968,2.02243541750656,41
1,2015,210.177844071135,212.927227478488,2.04644824512059,2.04195537915669,41
2,2015,212.790368106572,215.264127537322,2.06666236584323,2.06048022619606,41
3,2015,214.394175706843,216.815357994714,2.05832083899822,2.05209138141578,41
4,2015,215.006988286946,217.322532404548,2.02739728445576,2.02198141480929,41
1,2016,216.619324523096,219.10446440787,2.00783664228368,2.0025250083813,41
2,2016,218.72604734363,221.176875479636,2.01202872005999,2.00629646956874,41
3,2016,219.733297840471,222.14428197124,1.99233948045445,1.98699391639625,41
4,2016,222.69028599802,224.989514040515,2.01139756766131,2.00615416980145,41
2,2017,226.348211609203,228.786699393843,1.99565398633558,1.99015640474749,41
3,2017,227.426686688182,229.810965955121,1.97892980352833,1.97347142858238,41
4,2017,229.204481838215,231.493586993949,1.97417732318542,1.96931737452289,41
1,2018,230.600227300787,233.053979586592,1.95285418318302,1.94807479999931,41
2,2018,232.002244627402,234.422327026915,1.94427079861835,1.93915743106668,41
3,2018,233.442619409868,235.802163983074,1.93564004457674,1.93046845558886,41
4,2018,236.16399034956,238.431130003651,1.94844305745612,1.94374050080047,41
1,2019,238.08689679957,240.526336729358,1.9369441392701,1.93245934172701,41
2,2019,239.498854400671,241.907692214754,1.92967057978633,1.92485850486802,41
3,2019,241.848427058607,244.19883188121,1.93745868459878,1.93235439992022,41
4,2019,247.842459189193,250.11799039017,2.0076581698819,2.00278255713401,41
1,2020,254.155481513786,256.620941985253,2.07445263376358,2.06958011215164,41
2,2020,255.899565159565,258.407484828118,2.07041645472454,2.06514428184019,41
3,2020,276.787319535085,286.204192382492,2.44124212826722,2.53632956870345,41
4,2020,324.620982066606,349.430702549962,3.40850609726123,4.16201910197501,41
1,2021,454.249498096686,458.998977685755,10.4904915939,10.5108884230388,41
2,2021,465.282958523546,468.945950844072,11.2221989503276,11.1865113614256,41
3,2021,468.682547696386,472.29705649598,11.2339380434132,11.2029399309702,41
4,2021,472.938375651682,476.53037983806,11.3133677643302,11.2739085826132,41
1,2022,476.578663518332,480.239707613921,11.1671528907792,11.1262415505626,41
2,2022,480.153169054948,483.77307972821,11.1788144162086,11.1409836657398,41
3,2022,484.638462885268,488.220207382564,11.2889090032658,11.2551128359236,41
4,2022,485.777478030178,489.343704998399,11.1027711428029,11.0693392271659,41
1,2023,487.662288558959,491.299002938825,10.7975028486205,10.7599761954219,41
2,2023,490.737990526234,494.314695210259,10.7686629086632,10.7329538852617,41
3,2023,491.396745436011,494.922946174049,10.5539924943886,10.5237437372697,41
4,2023,493.302129408119,496.818434497434,10.4521516547799,10.4208570556266,41
1,2024,497.045880012911,500.632956910485,10.3255939985284,10.29047075218,41
2,2024,500.334067395336,503.874631349078,10.3190639605159,10.2862005914712,41
3,2024,498.655177901107,502.132438728825,9.94509250646037,9.9176728459651,41
4,2024,500.679094082859,504.147465479518,9.86411291267071,9.83531994025698,41
1,2001,89.1486608218363,91.0324540371042,1.989905866971,1.96468829413839,42
2,2001,90.4324207766936,92.2848625547613,1.96764325961837,1.94629049945442,42
3,2001,93.2360943135727,95.1162661171361,2.0318991611535,2.01741365563081,42
4,2001,96.0009083888391,97.6705587532511,2.10247609480636,2.0836431030565,42
1,2002,99.5632250405092,101.546650546025,2.08628254920799,2.06480041902669,42
2,2002,102.21826003014,104.115639854519,2.1296741343389,2.10701738018851,42
3,2002,103.093211256816,104.825610663284,2.09499244751055,2.07314734437979,42
4,2002,103.904973817156,105.432270251082,2.06799345389552,2.04547223027306,42
1,2003,106.762173791122,108.752316088313,2.02293714692237,2.00547323027618,42
3,2003,109.330084077276,110.985574559496,1.99293982153042,1.97276195321659,42
4,2003,110.692056497475,112.250845899577,1.99360876220584,1.97631689366366,42
1,2004,116.036284194829,117.944941586079,2.05474853620797,2.0345190700945,42
2,2004,117.434425165206,119.257701823296,2.0404369195526,2.02083601348958,42
3,2004,118.960490336497,120.640445306995,2.0393167677998,2.02027596324543,42
4,2004,119.567129039466,121.071036098898,2.0102110071006,1.99172953746538,42
1,2005,124.303808411242,126.212745098018,2.04378720307354,2.02532955075217,42
2,2005,124.409284878074,126.219011785414,1.98360857375148,1.966424444793,42
3,2005,120.279464372708,121.882546575666,1.79304293828264,1.77908793532257,42
4,2005,123.100227369262,124.529312068623,1.84347076714887,1.82805603371252,42
1,2006,123.592512964238,125.803099375496,1.73975979121364,1.73163051935602,42
2,2006,125.256813338145,126.983785833376,1.74481467334347,1.73201614421288,42
1,2007,129.666135924145,131.397137392953,1.69210321760147,1.67904482195742,42
2,2007,131.213812907492,132.959100536609,1.69176069596847,1.68141306370635,42
3,2007,132.086592309598,133.605218262659,1.67873852012336,1.66677610793653,42
4,2007,133.063719706861,134.427593959794,1.67355505442024,1.6618667171162,42
1,2008,136.979877069548,138.816839691795,1.68019265543007,1.67077887892711,42
2,2008,138.731936379303,140.409347325822,1.6851880209707,1.67389245326396,42
3,2008,143.349435273706,145.350052325342,1.76757379058188,1.76618843642909,42
4,2008,142.0906050056,143.559845065336,1.70508692515586,1.69548544557994,42
1,2009,145.470639532308,148.218275273034,1.69801786197511,1.71011067418999,42
2,2009,151.246294048623,154.038826606734,1.80141198138227,1.8163107956488,42
3,2009,160.846562920182,162.588386592651,2.00839326564911,1.99815868753343,42
4,2009,165.738176711005,167.488303130488,2.11748458109596,2.10818430152134,42
1,2010,169.169364215497,171.117010455766,2.10519589706931,2.09148489875133,42
2,2010,171.509837908882,173.396592162688,2.121001213507,2.10772799649713,42
4,2010,173.73746389149,175.422849662139,2.0965373957493,2.08572451153264,42
1,2011,176.764910832258,178.700934967045,2.07683710586873,2.06404257420565,42
2,2011,177.768534313436,179.623665985714,2.05689919090677,2.04461207134439,42
3,2011,180.025601526393,181.806970363612,2.07426199122185,2.06304669792701,42
4,2011,183.375373075202,185.643855638492,2.09210613740797,2.08435804009777,42
2,2012,187.756444501302,190.264373214355,2.08611730457053,2.08074286139632,42
4,2012,190.891160286386,193.168481985523,2.06517889085019,2.05819809694212,42
1,2013,192.888107759749,195.34553547963,2.04853778787588,2.0424828771609,42
1,2014,201.502656366989,203.915443029073,2.05011165132521,2.04409067930529,42
1,2015,210.174088527123,212.926261785844,2.04643145475623,2.04195676342718,42
2,2015,212.79269984711,215.267918995199,2.0666747264578,2.0605317547703,42
3,2015,214.393720150217,216.816719138664,2.05831996207056,2.05211728191841,42
4,2015,215.006988286946,217.324394316188,2.02739728445576,2.0220029751696,42
2,2018,232.011211407226,234.430704273361,1.94430989351839,1.93923543946165,42
1,2020,254.155481513786,256.620330904975,2.07445263376358,2.06956165092883,42
4,2020,326.343312179848,350.054320868715,3.41199020907115,4.15036361023749,42
1,2021,454.564225718595,459.410081280918,10.5176109757897,10.5441001880621,42
3,2021,468.671600973945,472.320077834262,11.2331436017413,11.2037689602242,42
4,2022,485.790460216956,489.363288485724,11.1032571398633,11.0688106737335,42
4,2023,493.301934088945,496.818735355813,10.4521454241479,10.420839973895,42
1,2024,497.044299097683,500.631869668566,10.3254744383337,10.2903801362469,42
3,2024,498.656117979695,502.133523104679,9.94514479166481,9.91771478654577,42
1,2001,89.1916808577449,91.2525780897091,1.99215992453879,1.97580861009969,45
2,2001,90.4171644019087,92.2282467273128,1.96687370580074,1.94353775313093,45
3,2001,93.1760497898988,94.8982129352431,2.02885143900623,2.00671364941276,45
4,2001,96.1281354315912,97.6840923893699,2.10900985069188,2.0843145473869,45
2,2002,102.011548515231,103.869080559308,2.11946127518662,2.09524364574926,45
3,2002,103.190013876498,104.958323689387,2.09960653472913,2.07926999422021,45
4,2002,104.09152178137,105.639836959061,2.07658308546174,2.05472092168535,45
3,2003,109.418103832792,111.075259335599,1.99659763775025,1.97637573741286,45
4,2003,110.692056497475,112.360845451872,1.99360876220584,1.98066940661287,45
1,2004,116.080925052421,118.064681369397,2.05658384887883,2.03930133042783,45
2,2004,117.533026806276,119.383949022704,2.04438559611211,2.02574813589011,45
3,2004,118.97608179625,120.728275650453,2.03992830127026,2.02362649140286,45
4,2004,119.722931302877,121.600858766034,2.01612853335853,2.01136328840285,45
1,2005,124.351691965881,126.285218897306,2.04560027760531,2.02800006351441,45
2,2005,124.4451321427,126.249513711533,1.98490183542851,1.96749579892432,45
3,2005,120.194617674057,121.739783553012,1.79032843549254,1.77463797892407,45
4,2005,123.710039465015,125.50024278241,1.86329291667691,1.85890107568995,45
1,2006,123.568901316462,125.778540320237,1.73937730435786,1.73113286337872,45
2,2006,125.29171431776,127.021760528398,1.74584710405964,1.73311267231989,45
3,2006,125.575927810202,127.096343275745,1.71371791773086,1.70020861730235,45
4,2006,125.458745524125,126.91541961006,1.67725895421696,1.66741429579337,45
1,2007,129.670704791413,131.386217332829,1.69222349487164,1.67875381811159,45
2,2007,131.152652642605,132.836090290422,1.69011915084393,1.67818750931813,45
3,2007,132.119232822537,133.643277263861,1.67958930583873,1.66773420563459,45
1,2008,136.899309535038,138.647336480654,1.67814659077737,1.66658299497473,45
2,2008,138.708203398271,140.342389848206,1.68459342546877,1.67226652405966,45
3,2008,142.966723662947,144.933602275761,1.75771912894426,1.75569832134036,45
3,2010,172.084835387688,173.870621382785,2.09277379574834,2.08130019770691,45
3,2013,198.03953376993,200.489603615138,2.08022504240846,2.07444010164083,45
4,2013,200.462750136307,202.707756391655,2.0891809241038,2.08184722380928,45
3,2014,204.748836241617,207.096819452359,2.03760472353902,2.03086679583067,45
4,2014,206.348529014525,208.591433049835,2.02844515651775,2.02202887783065,45
1,2015,210.174878956902,212.925026415211,2.04643498653379,2.0419397969742,45
2,2015,212.790406488752,215.264524915713,2.06666257184352,2.06048260017324,45
3,2015,214.393395678373,216.818912608069,2.05831933765136,2.05214513656596,45
4,2015,215.006532075471,217.32475587832,2.02739707872281,2.02200927018034,45
1,2016,216.621453183285,219.107615120185,2.00785383403527,2.00257483951225,45
3,2016,219.717006264794,222.110066732398,1.9923104977539,1.9866236052443,45
3,2017,227.428565889126,229.812472766517,1.97893306139334,1.97347572651505,45
4,2017,229.217869005605,231.513392601796,1.97418264770994,1.96942413006476,45
1,2018,230.595234265752,233.048694058967,1.95281755160625,1.94802066104369,45
2,2018,232.009122051612,234.427255094739,1.94430078790017,1.9391944543061,45
4,2018,236.16302776932,238.426777564725,1.94844269664369,1.94370277116029,45
1,2019,238.048156446067,240.488613279345,1.936667585035,1.93217473462797,45
2,2019,239.510836625932,241.917206099854,1.92972184503684,1.9248979205548,45
3,2019,241.848146848008,244.198561407815,1.93745822740924,1.93235614344906,45
4,2019,247.842459189193,250.12192319062,2.0076581698819,2.00281980070433,45
1,2020,254.151301327512,256.617018161685,2.07441853595182,2.0695399374833,45
3,2020,277.105841941035,284.568618625528,2.44222224420484,2.52013715182243,45
4,2020,324.845248226711,350.953708979856,3.40895843649313,4.21420403920993,45
1,2021,454.353945752547,459.21693997033,10.499482173636,10.5274188611348,45
2,2021,465.282958523546,468.954812949444,11.2221989503276,11.1872518575574,45
3,2021,468.678569424937,472.294398113827,11.233649314587,11.2025784743669,45
1,2022,476.592415402607,480.256404665321,11.1683597849477,11.1276039679027,45
2,2022,480.153766330997,483.767824270708,11.1788640573463,11.1406185847506,45
3,2022,484.638254721106,488.221612817403,11.2888943288681,11.255173109169,45
4,2022,485.791950398654,489.35803303449,11.1033129354084,11.0699914956621,45
1,2023,487.666481695162,491.31733423806,10.7978464003185,10.7613157529477,45
2,2023,490.73622694422,494.3278696142,10.7685264457294,10.7338015761536,45
4,2023,493.301585895775,496.818782470824,10.4521343168131,10.4208724429625,45
1,2024,497.044008408508,500.632387404027,10.3254524523855,10.2904504282764,45
2,2024,500.333579749929,503.875264036497,10.3190291994597,10.2862789642926,45
3,2024,498.655187549114,502.134540391272,9.9450930448503,9.9177623429303,45
4,2024,500.679390217041,504.147290495185,9.86412113482659,9.83532014289181,45
1,2001,89.1457999332319,91.0209051862307,1.98975607452526,1.96410659557132,48
2,2001,90.4324207766936,92.2358625462392,1.96764325961837,1.9439078115366,48
4,2001,96.0357359838559,97.7406647138879,2.10426266380324,2.08712357800808,48
1,2002,99.5794375378223,101.533888552302,2.08708856303728,2.06418770232949,48
2,2002,102.011548515231,103.877526742871,2.11946127518662,2.09564583386028,48
3,2002,102.93666277848,104.632538955019,2.08755205345562,2.06427222125277,48
4,2002,103.901093020346,105.497321796785,2.06781514495725,2.04836601360014,48
2,2003,107.285352165118,109.15479374418,1.97127765993615,1.95405150173005,48
3,2003,109.243253423613,110.979665173812,1.98933801385788,1.97252406726814,48
4,2003,110.692056497475,112.250845899577,1.99360876220584,1.97631689366366,48
1,2004,116.025490975957,117.93762097938,2.0543050446994,2.03422704776301,48
2,2004,117.434425165206,119.274542719901,2.0404369195526,2.02149058880012,48
3,2004,118.982045690745,120.694385780461,2.04016227967664,2.02233300540192,48
4,2004,119.567129039466,121.07202268747,2.0102110071006,1.9917659748895,48
1,2005,124.351691965881,126.256036681321,2.04560027760531,2.02692434610088,48
2,2005,124.409284878074,126.203548524488,1.98360857375148,1.96588155680964,48
3,2005,120.194617674057,121.739783553012,1.79032843549254,1.77463797892407,48
4,2005,123.141320654371,124.556749677481,1.8447999964653,1.82892128012976,48
1,2006,123.568901316462,125.775421276997,1.73937730435786,1.73100709858296,48
3,2006,125.575927810202,127.086314058776,1.71371791773086,1.69992912042232,48
4,2006,125.458745524125,126.91541961006,1.67725895421696,1.66741429579337,48
1,2007,129.664405072032,131.381140841526,1.69205242848995,1.67861855563821,48
2,2007,131.097523049909,132.834492059386,1.68864084132357,1.6781455484908,48
3,2007,132.106324307438,133.623955502525,1.67925278542474,1.6672483977251,48
4,2007,133.063719706861,134.418135546725,1.67355505442024,1.66181473822363,48
1,2008,136.822387816181,138.531450242943,1.67619548165997,1.66371834920111,48
2,2008,138.733257240658,140.367627636845,1.68522112333999,1.67288493625703,48
3,2008,142.520725414542,144.269589614625,1.74630698303167,1.73917496281842,48
4,2008,142.0906050056,143.849551804561,1.70508692515586,1.7016129007486,48
1,2009,145.315412977653,147.043552274588,1.69427799760248,1.6825641041305,48
3,2009,159.264756700425,160.999697280503,1.96642291307873,1.95692843804346,48
4,2009,165.865279465554,167.564838437726,2.12048457555439,2.10865688683848,48
1,2010,169.201582037872,171.14923360989,2.10610649608064,2.09237161068175,48
2,2010,171.49444644713,173.381710368428,2.12057192509191,2.1073153402996,48
3,2010,172.095869741945,173.850164151179,2.09306439980247,2.0808169224659,48
4,2010,173.529334231395,175.228002818963,2.09194997026142,2.08226984472481,48
1,2011,176.766121951341,178.700963686354,2.07686909953331,2.06404268243899,48
2,2011,177.756424291962,179.616113128435,2.05659111397567,2.04442615013718,48
3,2011,180.025601526393,181.797158264763,2.07426199122185,2.06289512318759,48
4,2011,183.375461631082,185.646409899417,2.09210590733707,2.0843992273082,48
1,2012,185.598941774138,188.03753697396,2.07983126238236,2.07293992614767,48
3,2012,190.034486426189,192.40284049171,2.09496677531356,2.08701180027334,48
4,2012,190.891160286386,193.153170080653,2.06517889085019,2.05798042476403,48
1,2013,192.888107759749,195.306028069071,2.04853778787588,2.04200994068694,48
2,2013,194.855135196399,197.370765327694,2.04785630392124,2.04454204278948,48
4,2013,200.455194898501,202.700144860932,2.08917440062056,2.08184929516433,48
1,2014,201.502656366989,203.918591062598,2.05011165132521,2.04415999154114,48
2,2014,203.025177924696,205.40828151787,2.04213120951232,2.03546552714311,48
3,2014,204.744895653159,207.08949997856,2.03759335337643,2.03077204024324,48
4,2014,206.34927430748,208.612387507167,2.02844566016968,2.0223194293023,48
1,2015,210.180315665687,212.932474332504,2.04645930000203,2.04201703668682,48
3,2015,214.397940442853,216.823374677805,2.05832808725484,2.0521826744048,48
4,2015,215.006392627166,217.324057504145,2.02739701877779,2.02200031230097,48
1,2016,216.623779749381,219.109270944456,2.00787263225559,2.0025790872688,48
2,2016,218.734945246814,221.185765051228,2.01207227358478,2.00635156940584,48
3,2016,219.699318829457,222.094957540241,1.99227904447361,1.98658731338497,48
4,2016,222.69028599802,224.989514040515,2.01139756766131,2.00615416980145,48
1,2017,224.434567683254,226.906550070255,1.99532439401062,1.99018781258486,48
2,2017,226.350481965688,228.792104881055,1.99566472580771,1.99023021802498,48
3,2017,227.430765978673,229.828076534399,1.9789368753892,1.97367380358977,48
4,2017,229.206584279834,231.508645807292,1.97417815787813,1.96946253814898,48
1,2018,230.600227300787,233.055335834948,1.95285418318302,1.9481037196196,48
2,2018,232.004514275111,234.425910332768,1.94428069819341,1.93921069664661,48
3,2018,233.439697146473,235.797897636785,1.93563526212992,1.93043608984663,48
4,2018,236.162911268514,238.428219084788,1.94844264542315,1.9437173412259,48
1,2019,238.05652925133,240.495915920431,1.936727337808,1.93221385281203,48
2,2019,239.498854400671,241.905312529218,1.92967057978633,1.9248201591893,48
3,2019,241.848226160641,244.198480779773,1.93745836037948,1.9323550324089,48
4,2019,247.842234383915,250.117402455332,2.00765807328799,2.00278523636738,48
1,2020,254.152776273457,256.618027557046,2.0744305673986,2.0695476457972,48
4,2020,326.016776810083,351.425852181687,3.4113278478504,4.20876543821233,48
1,2021,454.145515464198,458.918808790131,10.4815503643802,10.503695649443,48
2,2021,465.278777889113,468.981317608876,11.2218377425196,11.18930946601,48
3,2021,468.674242116435,472.328990855877,11.2333352656113,11.2048676220556,48
4,2021,472.938375651682,476.535613700655,11.3133677643302,11.2735204479815,48
4,2022,485.777478030178,489.343195069405,11.1027711428029,11.0692640477304,48
1,2023,487.660587249174,491.28803172218,10.7973634606651,10.7591798910975,48
2,2023,490.737990526234,494.314443150295,10.7686629086632,10.7329316962747,48
3,2023,491.394607743847,494.921382123694,10.5538599226427,10.5237121592331,48
4,2023,493.301934088945,496.819379100419,10.4521454241479,10.4208690718876,48
2,2024,500.333024395963,503.874045158728,10.318989612022,10.2861821225694,48
3,2024,498.656117979695,502.135264905966,9.94514479166481,9.91777762885443,48
4,2024,500.679094082859,504.147163555475,9.86411291267071,9.83530283658584,48
1,2001,89.1486608218363,91.0324540371042,1.989905866971,1.96468829413839,49
2,2001,90.4324207766936,92.2567846930641,1.96764325961837,1.94492482405347,49
3,2001,93.2862275935672,95.2822557913706,2.03444733047301,2.0255971248132,49
2,2002,102.011548515231,103.88343573521,2.11946127518662,2.09592727603907,49
4,2002,103.901093020346,105.497321796785,2.06781514495725,2.04836601360014,49
4,2003,110.599144686432,112.883867905094,1.98983247242842,2.00149355779056,49
1,2004,116.156156434896,118.150480839159,2.05968053576243,2.04273498413444,49
3,2004,118.957506087252,120.634723127375,2.03919974141993,2.02005786184024,49
1,2005,124.303808411242,126.217430874468,2.04378720307354,2.02550210894901,49
4,2005,123.141320654371,124.555063854375,1.8447999964653,1.8288676144468,49
4,2009,165.738176711005,167.473695117208,2.11748458109596,2.10772826625588,49
3,2010,172.332589854659,174.118475121563,2.0993112075315,2.08739510554273,49
2,2011,177.869551016877,179.776891412043,2.05947108413929,2.04829670834124,49
3,2011,179.940613335288,181.702443342278,2.07219545407318,2.06075866646811,49
2,2012,187.74343710775,190.21856994253,2.08601508255108,2.07983579545079,49
1,2013,192.887982372006,195.334904060869,2.04853633185453,2.04240325873085,49
2,2013,194.835021640313,197.346899866279,2.04770671824933,2.04418866108959,49
3,2013,198.046439616677,200.454676246499,2.08024642342155,2.07381448498346,49
4,2014,206.347016081637,208.590695821348,2.02844412353955,2.02202226920657,49
1,2015,210.172804582299,212.923783130796,2.04642571365298,2.04192645931905,49
2,2015,212.795356869298,215.27002783966,2.06668880121037,2.06054265793884,49
3,2015,214.395245815574,216.819339184249,2.05832290350184,2.052145330788,49
4,2015,215.006988286946,217.324394316188,2.02739728445576,2.0220029751696,49
1,2016,216.619324523096,219.103786237442,2.00783664228368,2.00249972190684,49
2,2016,218.721297502904,221.172139884928,2.01200546906077,2.00626105266311,49
3,2016,219.724531400658,222.132300092243,1.99232389053204,1.98690317043629,49
4,2016,222.690501773855,224.987260960168,2.01139765700793,2.00612571243292,49
1,2017,224.434041659845,226.905362617352,1.99532026699363,1.99018376142717,49
2,2017,226.350481965688,228.792104881055,1.99566472580771,1.99023021802498,49
3,2017,227.426686688182,229.825380561364,1.97892980352833,1.97366089478098,49
4,2017,229.204481838215,231.502008891483,1.97417732318542,1.96940349733613,49
1,2018,230.593992754313,233.051574400434,1.95280844364721,1.94807113318324,49
2,2018,232.00277012259,234.423226889816,1.94427308966273,1.93915018792887,49
3,2018,233.439697146473,235.797897636785,1.93563526212992,1.93043608984663,49
4,2018,236.16399034956,238.42908355939,1.94844305745612,1.94371933937276,49
2,2019,239.48952642665,241.897274596274,1.92963067955288,1.92475223272776,49
4,2020,324.9207473496,351.70477280697,3.40911080698734,4.24097300182975,49
1,2021,454.042000456204,458.675809361999,10.4726585748107,10.4856198651778,49
2,2021,465.302385079697,468.933742147723,11.2238775980359,11.1856654954442,49
3,2021,468.699291365874,472.286761841948,11.2351534391842,11.202223723051,49
4,2021,472.938375651682,476.531614456635,11.3133677643302,11.2738062927327,49
1,2022,476.578663518332,480.23741157888,11.1671528907792,11.1261127684443,49
3,2022,484.638462885268,488.217661560313,11.2889090032658,11.255022241861,49
4,2022,485.777478030178,489.350570023341,11.1027711428029,11.0701701680649,49
1,2023,487.661087711841,491.29353711933,10.7974044702015,10.7595769004118,49
2,2023,490.736624739868,494.313597519551,10.7685572266138,10.7328630197353,49
3,2023,491.391459101565,494.919676628261,10.5536646631078,10.5236158671036,49
4,2023,493.301934088945,496.819379100419,10.4521454241479,10.4208690718876,49
1,2024,497.045053270263,500.632045999012,10.3255314786637,10.2904149001529,49
2,2024,500.335259381671,503.875828255816,10.3191489322647,10.2862848067064,49
3,2024,498.654543210266,502.131137775333,9.94505720664513,9.91762667202253,49
4,2024,500.679094082859,504.146922916857,9.86411291267071,9.83528925083306,49
1,2001,89.1511489339329,91.029309992994,1.99003616286197,1.96452991704026,50
4,2001,96.0009083888391,97.9785012699876,2.10247609480636,2.09897425960733,50
1,2002,99.5794375378223,101.51812024801,2.08708856303728,2.06343090243771,50
2,2002,102.011548515231,103.86936074248,2.11946127518662,2.09525700635581,50
2,2003,107.300648961184,109.123014709573,1.97191934274365,1.95275825532858,50
4,2003,110.60691734785,113.083742789139,1.99014810774602,2.00950644750655,50
1,2004,116.06688863779,117.976244180961,2.05600659543113,2.03576818428363,50
2,2004,117.461293455303,119.282446465725,2.04151215191559,2.02179786480824,50
4,2004,119.567129039466,121.06519051712,2.0102110071006,1.99151400443678,50
1,2005,124.309501789091,126.212936857237,2.04400269742708,2.02533661412132,50
2,2005,124.377852564629,126.185872712341,1.98247528600286,1.96526113343657,50
3,2005,120.233878234957,121.82999189648,1.79158398833702,1.77744847861389,50
4,2005,123.141320654371,124.559857386813,1.8447999964653,1.82901909767678,50
1,2006,123.592512964238,125.799467279398,1.73975979121364,1.73144013123178,50
2,2006,125.256813338145,126.968099209418,1.74481467334347,1.73156339514392,50
4,2009,165.946029208453,167.645953984924,2.12239518457783,2.11142075159295,50
1,2001,89.1511489339329,91.0268566077579,1.99003616286197,1.96440633988148,53
2,2001,90.3985630967725,92.1807899643712,1.96593581417997,1.94123331139166,53
3,2001,93.1993436882377,94.9880120912509,2.03003323373161,2.01111325260347,53
4,2001,96.0357359838559,97.6618007961047,2.10426266380324,2.08320865520621,53
1,2002,99.5257383000778,101.588925645243,2.08442106181429,2.06683136003523,53
2,2002,102.011548515231,103.869080559308,2.11946127518662,2.09524364574926,53
3,2002,103.008712956356,104.735260971341,2.09097315411934,2.06898933290248,53
4,2002,103.901093020346,105.497321796785,2.06781514495725,2.04836601360014,53
1,2003,106.764177789587,108.688733557321,2.0230252824398,2.00276207342521,53
2,2003,107.285352165118,109.192872777014,1.97127765993615,1.95560227097162,53
3,2003,109.21286241512,111.003225203796,1.98807889878426,1.97347261039987,53
4,2003,110.692056497475,112.273567957862,1.99360876220584,1.97721520321895,53
1,2004,116.025490975957,117.935333715898,2.0543050446994,2.03413582063332,53
1,2001,89.1462041234737,91.0233282015225,1.98977722917502,1.96422862972681,54
2,2001,90.4064315375175,92.1994621377562,1.96633249787743,1.9421396691488,54
3,2001,93.2360943135727,95.0865464608644,2.0318991611535,2.01595193902849,54
4,2001,96.0357359838559,97.6412471210815,2.10426266380324,2.08218952519505,54
1,2002,99.5363718498482,101.537289159131,2.08494961608523,2.0643509410712,54
2,2002,102.076782275657,103.951164020389,2.12268063619958,2.09915492662245,54
3,2002,103.093211256816,104.853847308326,2.09499244751055,2.07444841959208,54
4,2002,103.901093020346,105.572395165791,2.06781514495725,2.05171096462569,54
1,2003,106.761523912595,108.746459660742,2.02290856276889,2.00522337879463,54
2,2003,107.300648961184,109.16523948466,1.97191934274365,1.9544768030141,54
3,2003,109.287646374927,110.969563141469,1.99117866318855,1.97211748280316,54
4,2003,110.599144686432,112.294892865579,1.98983247242842,1.9780580454305,54
1,2004,116.036284194829,117.945713089542,2.05474853620797,2.03454984364338,54
2,2004,117.461293455303,119.282446465725,2.04151215191559,2.02179786480824,54
3,2004,118.982045690745,120.672276488123,2.04016227967664,2.02148961502701,54
4,2004,119.567129039466,121.066528684804,2.0102110071006,1.99156333337522,54
1,2005,124.338236054726,126.247708642693,2.04509062201996,2.02661744731548,54
2,2005,124.485377067105,126.318948240667,1.98635475669299,1.96993675973526,54
3,2005,120.205578500949,121.768122060767,1.79067887532655,1.77552040273894,54
4,2005,123.257354209084,124.730097326084,1.84855848516128,1.83439307767868,54
1,2006,123.575327827419,125.788056863993,1.73948137544303,1.73136620086537,54
2,2006,125.29171431776,127.060530237395,1.74584710405964,1.73423286753405,54
3,2006,125.575927810202,127.125857264952,1.71371791773086,1.70103138103041,54
4,2006,125.408306451302,127.348035365607,1.67587288982735,1.67908707663267,54
1,2007,129.678110419349,131.421682105104,1.69243005863736,1.67969910118924,54
2,2007,131.354081176099,133.190014426896,1.69553152067073,1.68749338620094,54
3,2007,132.073550880774,133.559678673192,1.67839871406227,1.66563176656072,54
4,2007,132.959351632658,134.449093276757,1.67096312399623,1.66235424232765,54
1,2008,137.012431296775,138.842008850453,1.68102009853594,1.67140305091412,54
2,2008,138.707762790271,140.395757670372,1.68458238161469,1.67356540572847,54
3,2008,143.149716449785,145.083882432135,1.76242396273745,1.75949285986545,54
4,2008,142.165743867202,143.627491005433,1.70666765858864,1.69653616132424,54
2,2009,151.336108581218,153.936591208557,1.80364424927017,1.8138483228701,54
3,2009,160.846562920182,162.563626929902,2.00839326564911,1.99659382263509,54
4,2009,165.738176711005,167.442651473519,2.11748458109596,2.1066533325608,54
1,2010,169.177282720808,171.128802731837,2.10541847824469,2.09180606263944,54
2,2010,171.529065264383,173.408816479888,2.12153906647019,2.10802893598054,54
3,2010,172.154340666227,173.943443351628,2.09460521498788,2.08298809023285,54
4,2010,173.529334231395,175.248490182735,2.09194997026142,2.08312244297862,54
2,2011,177.796831630675,179.688282750271,2.05761927782172,2.04614802810116,54
3,2011,179.940613335288,181.692844532227,2.07219545407318,2.06066558718246,54
4,2011,183.375373075202,185.643855638492,2.09210613740797,2.08435804009777,54
1,2012,185.637859251422,188.114943077013,2.08030533723493,2.0731910491108,54
2,2012,187.749316101074,190.227174650297,2.08606193692653,2.08002394327073,54
3,2012,190.04355345766,192.414814069326,2.0949952714497,2.08701080141502,54
2,2013,194.816219181891,197.36025542579,2.04756693910934,2.04459187744461,54
3,2013,198.03953376993,200.469334752893,2.08022504240846,2.07409432920251,54
4,2013,200.462750136307,202.708124073546,2.0891809241038,2.08187034883762,54
4,2014,206.353460388512,208.623339763055,2.02844852081371,2.02244899647102,54
1,2015,210.177844071135,212.927227478488,2.04644824512059,2.04195537915669,54
2,2015,212.790368106572,215.265627743275,2.06666236584323,2.06049998862221,54
3,2015,214.395245815574,216.816874891394,2.05832290350184,2.05210444656787,54
4,2015,215.006988286946,217.322532404548,2.02739728445576,2.02198141480929,54
1,2016,216.619324523096,219.109123796826,2.00783664228368,2.00262888079265,54
2,2016,218.723153909633,221.177494189897,2.01201455539367,2.0063376959417,54
3,2016,219.717006264794,222.110066732398,1.9923104977539,1.9866236052443,54
4,2016,222.69028599802,224.991745372141,2.01139756766131,2.00617808253681,54
1,2017,224.435909055052,226.907320571366,1.99533490784911,1.99020382955274,54
2,2017,226.350481965688,228.789348647688,1.99566472580771,1.99018081971291,54
2,2018,232.00282601267,234.423240714474,1.94427333767758,1.9391766166321,54
3,2018,233.438120810968,235.79686726699,1.93563268022267,1.93043132628243,54
1,2019,238.05652925133,240.495915920431,1.936727337808,1.93221385281203,54
3,2020,276.79038569141,285.72995146718,2.44125247299927,2.52975315834854,54
4,2020,324.039302359137,348.608316071814,3.40733471983258,4.14283806584421,54
1,2021,454.634726476854,459.439464505085,10.5236975503346,10.5473019899726,54
2,2021,465.28004390647,468.940789825762,11.221947130353,11.1860099192879,54
3,2021,468.677711526188,472.292574307769,11.2335870550985,11.2023969537128,54
4,2021,472.913625837933,476.49874208788,11.3123654653465,11.2737842671977,54
1,2022,476.58161041483,480.241920679464,11.1674115043293,11.1264508212072,54
2,2022,480.153455292545,483.770285495644,11.1788382030744,11.1408056907894,54
3,2022,484.661429840202,488.255792913158,11.2905281034692,11.2568789076188,54
4,2022,485.798260127772,489.362710514799,11.1035491811855,11.0699305879182,54
1,2023,487.662988939934,491.304480370808,10.7975602305295,10.7603770593689,54
2,2023,490.738880373521,494.31560118401,10.7687317634471,10.7330273347194,54
3,2023,491.402147455981,494.928371396037,10.5543275240384,10.5240766650876,54
4,2023,493.301571781441,496.82025432377,10.4521338684135,10.4209786831027,54
1,2024,497.046779323124,500.633741166344,10.3256620144611,10.2905383559487,54
2,2024,500.335259381671,503.875865285155,10.3191489322647,10.2863002890441,54
3,2024,498.654848604537,502.13143515524,9.9450741936213,9.91764020363627,54
4,2024,500.679546063091,504.147343773518,9.86412546095578,9.83531989446091,54
1,2001,89.1531692310651,91.0905116674849,1.99014198109642,1.96761517945272,55
1,2001,89.147448381205,91.0266987598523,1.98984238231792,1.96439838790664,56
2,2001,90.4064315375175,92.1940230972013,1.96633249787743,1.94187561430636,56
3,2001,93.1662597330383,94.8569163526532,2.02835494670138,2.00469360794355,56
1,2002,99.6174128237846,101.569879927298,2.08897564824308,2.06591614256926,56
2,2002,102.145698093629,104.016350897188,2.12608361414564,2.10226819993482,56
3,2002,103.298957653281,105.114611995224,2.10481029368258,2.08650424743628,56
4,2002,103.968618316467,105.506806619041,2.070919981364,2.04878845893912,56
1,2003,106.764177789587,108.67981541227,2.0230252824398,2.00238209851932,56
2,2003,107.29074633304,109.127232146458,1.97150391333742,1.95292983582085,56
3,2003,109.287646374927,110.949058370244,1.99117866318855,1.97129238371054,56
4,2003,110.599144686432,112.259968122639,1.98983247242842,1.97667701615694,56
1,2004,116.022981691819,117.938373532016,2.05420194927144,2.03425707049438,56
2,2004,117.434425165206,119.261652813683,2.0404369195526,2.0209895650968,56
3,2004,118.982045690745,120.672276488123,2.04016227967664,2.02148961502701,56
4,2004,119.567129039466,121.071036098898,2.0102110071006,1.99172953746538,56
1,2005,124.309501789091,126.216230752495,2.04400269742708,2.02545791343176,56
2,2005,124.377852564629,126.174322770023,1.98247528600286,1.96485586395987,56
3,2005,120.279464372708,121.950781626126,1.79304293828264,1.78121873311901,56
4,2005,123.141320654371,124.554027817448,1.8447999964653,1.82883510850679,56
1,2006,123.583198490398,125.789405908763,1.73960886106333,1.73120515516388,56
2,2006,125.256813338145,126.943507476822,1.74481467334347,1.73085388580038,56
3,2006,125.602024767583,127.304968127955,1.71446343303701,1.70603280732962,56
4,2006,125.408306451302,127.276025471686,1.67587288982735,1.67713855574576,56
1,2007,129.670704791413,131.407528856317,1.69222349487164,1.67931907036202,56
2,2007,131.280968592913,133.055210219566,1.69356499121117,1.68394024756567,56
3,2007,132.080132193786,133.592866205174,1.67856790103324,1.66646583295086,56
1,2008,136.923308863011,138.680362798322,1.67875580609666,1.66740065512168,56
3,2008,142.80073068676,144.505724884625,1.75346267636709,1.74508389778929,56
4,2008,142.0906050056,143.726478580637,1.70508692515586,1.69904526876236,56
1,2009,145.302300138202,147.389236017829,1.69396246088609,1.69065564905838,56
2,2009,151.430964915818,153.619866783932,1.80600520899032,1.806018781934,56
1,2010,169.183563533932,171.170649320652,2.10559717230845,2.0929459188775,56
2,2010,171.509837908882,173.386513020384,2.121001213507,2.10742789518733,56
4,2010,173.73746389149,175.440432091294,2.0965373957493,2.0871417081956,56
1,2011,176.766121951341,178.716323850742,2.07686909953331,2.06443428845488,56
2,2011,177.792652988242,179.658265578385,2.05751291652311,2.04544285543925,56
3,2011,180.025601526393,181.806970363612,2.07426199122185,2.06304669792701,56
4,2011,183.375461631082,185.651631956257,2.09210590733707,2.08448285034187,56
3,2012,190.035925350737,192.423154254131,2.09497129515064,2.08725956923135,56
4,2012,190.890772365613,193.173451267234,2.0651786149573,2.05830115103577,56
3,2013,198.03953376993,200.469334752893,2.08022504240846,2.07409432920251,56
2,2014,203.021434155348,205.403566682511,2.04210408990308,2.03538878483669,56
1,2017,224.434567683254,226.90590711243,1.99532439401062,1.99018918167554,56
2,2017,226.348211609203,228.787607172086,1.99565398633558,1.99017229354124,56
3,2017,227.423890952258,229.808952190126,1.97892496680712,1.97346361515247,56
4,2017,229.204481838215,231.493586993949,1.97417732318542,1.96931737452289,56
1,2018,230.592143995882,233.051265321881,1.95279488116324,1.94806028584917,56
2,2018,232.004514275111,234.428286255496,1.94428069819341,1.93924218882417,56
3,2018,233.439697146473,235.802480985472,1.93563526212992,1.93049315494965,56
4,2018,236.16399034956,238.42908355939,1.94844305745612,1.94371933937276,56
1,2019,238.048156446067,240.488613279345,1.936667585035,1.93217473462797,56
2,2019,239.498854400671,241.903448419143,1.92967057978633,1.92478690638463,56
3,2019,241.849406994182,244.202792809055,1.93746027407686,1.93240077441134,56
4,2019,247.842234383915,250.115102584173,2.00765807328799,2.00276215700756,56
1,2020,254.150915201401,256.615990085274,2.07441538663036,2.06952406144857,56
2,2020,261.027585478108,268.730907685456,2.09722662441471,2.09429073497319,56
3,2020,276.787319535085,286.888974979339,2.44124212826722,2.54687286636668,56
4,2020,325.538126584505,350.843645071731,3.41035846059279,4.19655562175115,56
1,2021,454.529051492309,459.379542996334,10.5145758542691,10.5414271552504,56
2,2021,465.281437453781,468.938192730216,11.2220675244857,11.1858276423034,56
3,2021,468.671600973945,472.309446575698,11.2331436017413,11.2030200261401,56
4,2021,472.86670586008,476.450838867519,11.3104664102855,11.272248177465,56
1,2022,476.578663518332,480.23741157888,11.1671528907792,11.1261127684443,56
2,2022,480.154287616782,483.766423457028,11.1789073833417,11.1405069572223,56
3,2022,484.649560028357,488.230955352574,11.2896912496004,11.255746362158,56
4,2022,485.772295850559,489.33932609457,11.1025771756072,11.0691847882568,56
1,2023,487.664589606593,491.299320827324,10.7976913778052,10.7600029446756,56
2,2023,490.735624876809,494.317344331481,10.7684798532064,10.7330943271501,56
3,2023,491.394607743847,494.921157266166,10.5538599226427,10.5236841349673,56
4,2023,493.301934088945,496.819029427699,10.4521454241479,10.420852784886,56
1,2024,497.045053270263,500.632045999012,10.3255314786637,10.2904149001529,56
2,2024,500.335259381671,503.875828255816,10.3191489322647,10.2862848067064,56
3,2024,498.654543210266,502.131218288484,9.94505720664513,9.91763175634617,56
4,2024,500.679546063091,504.147867151949,9.86412546095578,9.83536173054386,56
1,2001,89.1511489339329,91.0268566077579,1.99003616286197,1.96440633988148,57
2,2001,90.4171644019087,92.205731908595,1.96687370580074,1.94244412503429,57
3,2001,93.2360943135727,95.1822844463476,2.0318991611535,2.02066448719854,57
4,2001,96.0009083888391,97.8847470542606,2.10247609480636,2.09429472901919,57
1,2002,99.59750172712,101.527649868015,2.08798641472065,2.06388823022729,57
2,2002,102.145698093629,104.006567099359,2.12608361414564,2.10180083971068,57
3,2002,103.298957653281,105.137344392533,2.10481029368258,2.0875584403687,57
1,2003,106.768816799802,108.687445713265,2.02322930436252,2.00270720030511,57
3,2003,109.345963659003,111.005956560618,1.99359923637468,1.97358271530306,57
4,2003,110.599144686432,112.466037909508,1.98983247242842,1.98483957250276,57
1,2004,116.054767902592,117.969866719687,2.05550825027566,2.03551362512461,57
2,2004,117.48102351653,119.304357927256,2.04230208259002,2.02264995980539,57
3,2004,118.960490336497,120.640445306995,2.0393167677998,2.02027596324543,57
4,2004,119.567129039466,121.071036098898,2.0102110071006,1.99172953746538,57
1,2005,124.338236054726,126.242210588179,2.04509062201996,2.0264148720009,57
2,2005,124.409284878074,126.206945667354,1.98360857375148,1.96600080893281,57
3,2005,120.279464372708,121.950781626126,1.79304293828264,1.78121873311901,57
4,2005,123.257354209084,124.711136213929,1.84855848516128,1.83379366931981,57
1,2006,123.568901316462,125.788947154949,1.73937730435786,1.73141715539429,57
2,2006,125.29171431776,127.060530237395,1.74584710405964,1.73423286753405,57
3,2006,125.579507208638,127.180170416837,1.71382015945714,1.70254643899009,57
4,2006,125.408306451302,127.348035365607,1.67587288982735,1.67908707663267,57
1,2007,129.670704791413,131.407528856317,1.69222349487164,1.67931907036202,57
2,2007,131.354081176099,133.256387826147,1.69553152067073,1.68924030705841,57
3,2007,132.086592309598,133.582302838392,1.67873852012336,1.66620054955706,57
4,2007,133.247577398031,134.716524087037,1.67812689852115,1.66853203346573,57
1,2008,136.923308863011,138.680362798322,1.67875580609666,1.66740065512168,57
2,2008,138.716774853583,140.407209839539,1.68480814167932,1.67384061292062,57
3,2008,143.149716449785,145.185699423501,1.76242396273745,1.7620214352616,57
4,2008,142.165743867202,143.66736908179,1.70666765858864,1.698089209333,57
1,2009,145.307636065748,147.445322550666,1.69409085630344,1.69195504027915,57
2,2009,152.103658710301,154.188624234209,1.82284886905373,1.8202443501787,57
3,2009,162.567822867227,164.310955179326,2.0553477832136,2.04135594763941,57
4,2009,165.657189435908,167.530714993596,2.11557774585818,2.10911534019833,57
1,2010,169.170367306238,171.129657297905,2.10522424199554,2.09183372274028,57
3,2010,172.154340666227,173.920636781088,2.09460521498788,2.0824685663872,57
4,2010,173.99168410671,175.686884492895,2.10216793093258,2.09062131624338,57
2,2011,177.768534313436,179.623665985714,2.05689919090677,2.04461207134439,57
4,2011,183.375373075202,185.646648600526,2.09210613740797,2.08439625735967,57
1,2012,185.598941774138,188.070323850058,2.07983126238236,2.07299193430292,57
2,2012,187.74343710775,190.235582750564,2.08601508255108,2.0801390157893,57
4,2012,190.891160286386,193.162679194774,2.06517889085019,2.05811531797645,57
1,2013,192.893231740281,195.333118348127,2.04859706366431,2.04250694178933,57
2,2013,194.876559669022,197.44687089273,2.04801568861886,2.04601271989771,57
3,2013,198.077174334057,200.530176167786,2.08034158445142,2.07499032223446,57
4,2013,200.455194898501,202.701996350245,2.08917440062056,2.08186719849836,57
1,2014,201.509148829136,203.929452826812,2.05018578980404,2.04436055214855,57
2,2014,203.022630926921,205.407032185014,2.04211275840668,2.0354523135134,57
3,2014,204.744895653159,207.08949997856,2.03759335337643,2.03077204024324,57
4,2014,206.359574324897,208.612604453169,2.02845269754146,2.02223706541872,57
1,2015,210.171916523776,212.920402570201,2.04642174024295,2.04188542771732,57
3,2015,214.395245815574,216.819339184249,2.05832290350184,2.052145330788,57
4,2015,215.006392627166,217.324057504145,2.02739701877779,2.02200031230097,57
1,2016,216.623779749381,219.110540212544,2.00787263225559,2.00261419963266,57
2,2016,218.729977793954,221.18427681636,2.01204795696341,2.00640112703244,57
3,2016,219.710722435922,222.10949022255,1.99229932287106,1.98669775695226,57
4,2019,247.842234383915,250.113474223832,2.00765807328799,2.00274565415022,57
1,2020,254.149898314615,256.614574947517,2.07440709336245,2.06950452049157,57
1,2001,89.1597278922431,91.0926285165107,1.99048548119377,1.96772198315802,59
2,2001,90.476458494168,92.391651377182,1.96986631394594,1.9514933752689,59
3,2001,93.2360943135727,95.1481822157208,2.0318991611535,2.01898458454463,59
1,2002,99.5632250405092,101.575010655342,2.08628254920799,2.06616265484565,59
3,2002,103.298957653281,105.093955399244,2.10481029368258,2.08554603726006,59
4,2002,103.904973817156,105.432270251082,2.06799345389552,2.04547223027306,59
1,2003,106.761523912595,108.716701914064,2.02290856276889,2.00395419734801,59
2,2003,107.29074633304,109.195240315671,1.97150391333742,1.95569873991094,59
3,2003,109.21286241512,110.956013201448,1.98807889878426,1.97157212899841,59
4,2003,110.57069007738,112.586906766356,1.98867740329109,1.98964170531942,59
1,2004,116.036284194829,117.948192906502,2.05474853620797,2.03464877330159,59
2,2004,117.461293455303,119.28232510457,2.04151215191559,2.02179314093196,59
4,2004,119.584012505914,121.106184353535,2.01085141321976,1.99302607694476,59
1,2005,124.303808411242,126.217430874468,2.04378720307354,2.02550210894901,59
2,2005,124.377852564629,126.171186929392,1.98247528600286,1.96474584346656,59
3,2005,120.342252599248,122.02395764131,1.79505438338998,1.78350671973115,59
4,2005,123.100227369262,124.529312068623,1.84347076714887,1.82805603371252,59
1,2006,123.575327827419,125.795928948784,1.73948137544303,1.73159003641621,59
2,2006,125.256813338145,127.044364684306,1.74481467334347,1.7337656854478,59
3,2006,125.575927810202,127.193691295254,1.71371791773086,1.70292392046958,59
4,2006,125.408306451302,127.504866599577,1.67587288982735,1.68333862984365,59
1,2007,129.678110419349,131.411938436679,1.69243005863736,1.67943660070427,59
2,2007,131.213812907492,132.917637048306,1.69176069596847,1.68032709435675,59
3,2007,132.106324307438,133.65922640228,1.67925278542474,1.66813313638367,59
4,2007,133.063719706861,134.427593959794,1.67355505442024,1.6618667171162,59
1,2008,136.950167028557,138.717155499662,1.67943786026736,1.66831206412352,59
2,2008,138.731936379303,140.442927501492,1.6851880209707,1.67470942210122,59
3,2008,143.79785114482,146.198446695352,1.77919343037308,1.78764540676903,59
4,2008,142.090273672953,143.760862791136,1.70507997096152,1.69905855123683,59
4,2009,166.256445437566,167.977901440034,2.12977397508396,2.11732600476634,59
1,2010,169.177836898442,171.124554213501,2.10543419215733,2.09169037109772,59
2,2010,171.609699634579,173.51917122154,2.12378895804164,2.11098404443247,59
1,2011,176.76556924644,178.702967096325,2.07685449440768,2.06409615185434,59
2,2014,203.022630926921,205.409381836794,2.04211275840668,2.03549162466857,59
3,2014,204.744895653159,207.093939774464,2.03759335337643,2.03085511870061,59
4,2014,206.34927430748,208.620690981257,2.02844566016968,2.02243541750656,59
2,2015,212.795356869298,215.271200162743,2.06668880121037,2.06056916938016,59
4,2017,229.210064692196,231.495266157284,1.97417954785003,1.96929135083648,59
1,2018,230.592143995882,233.04718469226,1.95279488116324,1.94800961761581,59
2,2018,232.002244627402,234.420413034221,1.94427079861835,1.93913770883366,59
1,2001,89.1486608218363,91.0548550138234,1.989905866971,1.9658170906611,61
2,2001,90.4002296604383,92.1921697983979,1.96601982427378,1.94178565543646,61
3,2001,93.1993436882377,94.9880120912509,2.03003323373161,2.01111325260347,61
4,2001,96.0357359838559,97.5969074529295,2.10426266380324,2.07999262111765,61
1,2002,99.5488685390721,101.587959169271,2.08557005753868,2.06678490267949,61
3,2002,103.008712956356,104.707062336225,2.09097315411934,2.06769349302032,61
4,2002,103.901093020346,105.47824087916,2.06781514495725,2.04751672181201,61
1,2003,106.764177789587,108.754834666851,2.0230252824398,2.00558072987063,61
4,2003,110.57069007738,112.530754991225,1.98867740329109,1.98740883724875,61
1,2004,116.044565637564,117.983580399544,2.05508888619436,2.03606104385258,61
2,2004,117.504938559432,119.341812712612,2.04325997963951,2.02410738105873,61
4,2004,119.567129039466,121.07202268747,2.0102110071006,1.9917659748895,61
1,2005,124.326717468725,126.24703828843,2.04465443776587,2.02659276102736,61
4,2005,123.141320654371,124.555063854375,1.8447999964653,1.8288676144468,61
1,2006,123.563919237425,125.770000934482,1.73929664044905,1.73088039966075,61
2,2006,125.378604949313,127.134065924717,1.7484201045639,1.73635959193826,61
3,2006,125.602024767583,127.211954545252,1.71446343303701,1.70343365200584,61
4,2006,125.408306451302,127.085977283035,1.67587288982735,1.67200689903199,61
1,2007,129.670704791413,131.392774786154,1.69222349487164,1.67892856558421,61
2,2007,131.280968592913,133.008348181437,1.69356499121117,1.68270781733481,61
3,2007,132.080132193786,133.592866205174,1.67856790103324,1.66646583295086,61
4,2007,133.063719706861,134.461392726705,1.67355505442024,1.66260066773859,61
1,2008,136.979877069548,138.775363627419,1.68019265543007,1.66975326809058,61
2,2008,138.707762790271,140.368322866836,1.68458238161469,1.67289463910522,61
3,2008,142.80073068676,144.539343679047,1.75346267636709,1.74590744022915,61
4,2008,142.165743867202,143.770331373459,1.70666765858864,1.7005304296297,61
2,2009,151.530823822233,153.412909213344,1.80849445017549,1.79963519668617,61
4,2009,165.692369770586,167.816853361308,2.11640560702681,2.11288016915879,61
1,2010,169.170367306238,171.116168947041,2.10522424199554,2.09146124015048,61
2,2010,171.609699634579,173.541734687402,2.12378895804164,2.11157070352803,61
4,2010,173.367791447062,175.071143870245,2.08840495197378,2.07879735340278,61
3,2011,179.806726789697,181.560170383902,2.06894566234654,2.05749823728231,61
4,2011,183.377218953418,185.660556957559,2.09210751662138,2.08461634100625,61
4,2014,206.34927430748,208.612387507167,2.02844566016968,2.0223194293023,61
1,2015,210.174088527123,212.920074855248,2.04643145475623,2.04187206275372,61
2,2015,212.791036924436,215.264852437315,2.06666591045824,2.0604801970952,61
3,2015,214.393720150217,216.820470865953,2.05831996207056,2.05216836875487,61
4,2015,215.006392627166,217.326607127358,2.02739701877779,2.0220278280555,61
1,2016,216.623779749381,219.109270944456,2.00787263225559,2.0025790872688,61
2,2016,218.723153909633,221.173638645718,2.01201455539367,2.00626805852792,61
3,2016,219.705679918898,222.099936327424,1.99229035385592,1.98660338433383,61
4,2016,222.69028599802,224.99461372167,2.01139756766131,2.00620867109368,61
1,2017,224.435909055052,226.907320571366,1.99533490784911,1.99020382955274,61
2,2017,226.348211609203,228.786699393843,1.99565398633558,1.99015640474749,61
3,2017,227.423890952258,229.808952190126,1.97892496680712,1.97346361515247,61
4,2017,229.204481838215,231.497468597819,1.97417732318542,1.96935718527127,61
1,2018,230.593992754313,233.046500890909,1.95280844364721,1.94798593583579,61
2,2018,232.004514275111,234.421412852835,1.94428069819341,1.93913600800674,61
3,2018,233.438120810968,235.79686726699,1.93563268022267,1.93043132628243,61
4,2018,236.162911268514,238.428219084788,1.94844264542315,1.9437173412259,61
1,2019,238.05652925133,240.497622608889,1.936727337808,1.93226343389739,61
2,2019,239.491483016581,241.893915153087,1.92963904679398,1.92469722694187,61
3,2019,241.849406994182,244.200070238139,1.93746027407686,1.93236558323608,61
4,2019,247.842459189193,250.11799039017,2.0076581698819,2.00278255713401,61
1,2020,254.150915201401,256.61561660577,2.07441538663036,2.06951466580436,61
2,2020,257.010888755673,259.517870468492,2.07607276164381,2.07443184604127,61
3,2020,276.811526160918,287.561440119055,2.44131739073263,2.55045777822149,61
1,2021,454.249498096686,459.040783365981,10.4904915939,10.5137070169418,61
2,2021,465.278777889113,468.941549656748,11.2218377425196,11.1860372763525,61
3,2021,468.685478256786,472.27951950021,11.23415074773,11.2015589312856,61
4,2021,472.938375651682,476.525933622467,11.3133677643302,11.2743528155572,61
1,2022,476.587691211213,480.262905217615,11.1679451643881,11.1279747576074,61
2,2022,480.155633121576,483.769154759349,11.1790192055285,11.1407487267921,61
4,2022,485.80693250853,489.370611109305,11.1038739256383,11.0700122478987,61
1,2023,487.66375595657,491.292102473047,10.797623074343,10.7594888469933,61
4,2023,493.301934088945,496.819379100419,10.4521454241479,10.4208690718876,61
1,2024,497.045053270263,500.632778717615,10.3255314786637,10.2904440968702,61
2,2024,500.333024395963,503.87444808866,10.318989612022,10.2861585006133,61
4,2024,500.679094082859,504.147163555475,9.86411291267071,9.83530283658584,61
1,2001,89.1486608218363,91.0249959339924,1.989905866971,1.96431262138876,63
2,2001,90.476458494168,92.3709026787215,1.96986631394594,1.95048139250068,63
3,2001,93.3496429925156,95.4850657295065,2.03767515996837,2.03564094924129,63
4,2001,96.1046557103596,98.4011627217669,2.10780252603796,2.12019780676356,63
1,2002,99.5363718498482,101.606513580702,2.08494961608523,2.06767690289313,63
2,2002,102.21826003014,104.106038015451,2.1296741343389,2.10655764566014,63
3,2002,103.008712956356,104.710913456575,2.09097315411934,2.06787040641834,63
4,2002,103.901093020346,105.43893269133,2.06781514495725,2.0457682758938,63
1,2003,106.798523446177,108.976402780618,2.0245362958911,2.01505761168216,63
2,2003,107.285352165118,109.263170683146,1.97127765993615,1.95846837494063,63
3,2003,109.196526671679,110.995809053532,1.9874024278796,1.97317386102366,63
1,2004,116.029925485144,117.938093174834,2.05448724738628,2.0342458834673,63
2,2004,117.445758111958,119.268804783663,2.04089037958431,2.02126754466278,63
4,2004,119.567129039466,121.078711172423,2.0102110071006,1.99201259481939,63
1,2005,124.309501789091,126.231732083212,2.04400269742708,2.02602884886926,63
2,2005,124.4451321427,126.249513711533,1.98490183542851,1.96749579892432,63
3,2005,120.233878234957,121.82999189648,1.79158398833702,1.77744847861389,63
4,2005,123.257354209084,124.711136213929,1.84855848516128,1.83379366931981,63
1,2006,123.583198490398,125.789405908763,1.73960886106333,1.73120515516388,63
2,2006,125.332319380598,127.153314476712,1.74704902709699,1.73691666540319,63
3,2006,125.579507208638,127.206998839867,1.71382015945714,1.70329533204543,63
4,2006,125.448933789916,127.700420866306,1.67698924045088,1.68865284411733,63
1,2007,129.666135924145,131.385073724893,1.69210321760147,1.67872068581393,63
4,2007,132.967402079277,134.3122838466,1.67116467625368,1.65918701466183,63
1,2008,137.012431296775,138.842008850453,1.68102009853594,1.67140305091412,63
2,2008,138.731936379303,140.424939185115,1.6851880209707,1.67427301619293,63
3,2008,143.149716449785,144.9525152052,1.76242396273745,1.75624472828487,63
3,2009,160.437218184398,162.150608542568,1.99742424122427,1.98580151231461,63
4,2009,165.865279465554,167.561793498023,2.12048457555439,2.10929447047545,63
1,2013,192.890544381755,195.34550656232,2.04856597314896,2.04265868228426,63
2,2014,203.022630926921,205.405221296754,2.04211275840668,2.0354202171657,63
3,2014,204.73440682008,207.078427760832,2.0375630915905,2.0306641811594,63
4,2014,206.347016081637,208.60386292655,2.02844412353955,2.02220246851802,63
1,2016,216.615660934671,219.102866623855,2.00780704904092,2.00253456566074,63
2,2016,218.720478129036,221.17486545842,2.01200145629958,2.00629393204171,63
4,2017,229.204481838215,231.502008891483,1.97417732318542,1.96940349733613,63
1,2018,230.591140934205,233.055049332913,1.95278752519564,1.94808469904194,63
2,2018,232.00282601267,234.425371972432,1.94427333767758,1.93920206629783,63
3,2018,233.437890404573,235.794232195328,1.93563230527484,1.93039812841371,63
2,2019,239.494592344816,241.897372160754,1.92965234947236,1.92472328618716,63
3,2019,241.855913847666,244.210076516904,1.93747084435805,1.93244139972755,63
1,2020,254.150397126185,256.615611611094,2.07441116361167,2.06950693906108,63
2,2020,257.588177874961,260.916993916563,2.07904365470429,2.0703440213488,63
4,2020,324.770120967362,349.052374402641,3.40880685888054,4.14528465653619,63
1,2021,454.811862311419,459.75580840748,10.5390092107744,10.5718831802327,63
2,2021,465.275745081699,468.942626622766,11.2215757239137,11.1860153438561,63
4,2021,472.938375651682,476.524945122105,11.3133677643302,11.2744726352035,63
1,2022,476.597279784306,480.259366629842,11.1687867354689,11.1279012860376,63
2,2022,480.15525798867,483.779968083365,11.178988027916,11.1414359647274,63
3,2022,484.646278970507,488.224061051936,11.2894599514275,11.2555600502177,63
1,2023,487.664589606593,491.299320827324,10.7976913778052,10.7600029446756,63
2,2023,490.737990526234,494.314203678465,10.7686629086632,10.7328806335028,63
4,2023,493.301934088945,496.818115081736,10.4521454241479,10.4208233995286,63
1,2024,497.043008471673,500.630833181803,10.3253768337069,10.2903296335271,63
2,2024,500.332130389416,503.873381840401,10.3189258848775,10.2861348785093,63
4,2024,500.679094082859,504.146573222985,9.86411291267071,9.83527012740474,63
1,2001,89.1511489339329,91.0456473548599,1.99003616286197,1.96535303318376,64
4,2001,96.0239464584884,98.0421206460268,2.10365771878792,2.10215439602284,64
1,2002,99.5558145402622,101.514389979124,2.08591499855452,2.06325190309016,64
2,2002,102.145698093629,104.006567099359,2.12608361414564,2.10180083971068,64
4,2002,103.904973817156,105.444684905141,2.06799345389552,2.04602433287771,64
1,2001,89.1457999332319,91.0239428858135,1.98975607452526,1.96425958882772,67
2,2002,102.145698093629,104.050894177756,2.12608361414564,2.10391920531845,67
4,2002,104.272718865621,106.108083074215,2.08496126318953,2.07573637680063,67
1,2003,106.764177789587,108.666295868697,2.0230252824398,2.00180619779826,67
2,2003,107.38519153209,109.174054854296,1.97546954363897,1.95483576397085,67
4,2003,110.692056497475,112.250845899577,1.99360876220584,1.97631689366366,67
1,2004,116.025490975957,117.93762097938,2.0543050446994,2.03422704776301,67
2,2004,117.504938559432,119.364216386792,2.04325997963951,2.02497957428174,67
4,2004,119.567129039466,121.066528684804,2.0102110071006,1.99156333337522,67
1,2005,124.338236054726,126.258406942702,2.04509062201996,2.02701168655383,67
2,2005,124.57898047272,126.522610795939,1.98973814642736,1.97711397063164,67
4,2005,123.257354209084,124.730097326084,1.84855848516128,1.83439307767868,67
1,2006,123.575327827419,125.782769279763,1.73948137544303,1.73100078423719,67
2,2006,125.256813338145,126.92169300294,1.74481467334347,1.73022475457454,67
4,2006,125.59980100633,127.001958024735,1.68113881424317,1.66974522741839,67
1,2007,129.676241463545,131.424608226473,1.69237904970219,1.67977711717575,67
2,2007,130.937898332335,132.567506568642,1.68436775126197,1.67115974737093,67
4,2007,133.517598746135,135.009238736472,1.68487511824942,1.67548462693438,67
1,2008,136.844523238352,138.592269142066,1.67675670703443,1.66521914719231,67
2,2008,138.733257240658,140.399254497812,1.68522112333999,1.67366194321907,67
4,2008,142.315337181526,143.767655123609,1.70982298696797,1.6997592983817,67
1,2009,145.370191602948,147.696432815472,1.69559680670295,1.69781823619374,67
1,2010,169.169364215497,171.150286141466,2.10519589706931,2.09239669517636,67
2,2010,171.579003564772,173.478039887569,2.12293191768615,2.10988013018197,67
4,2010,173.529334231395,175.248490182735,2.09194997026142,2.08312244297862,67
1,2011,176.778759432083,178.732926226614,2.07720299337823,2.06485616475029,67
2,2011,177.76045455627,179.619800002668,2.0566936283598,2.0445230414634,67
1,2012,185.637859251422,188.090456049802,2.08030533723493,2.07313208074443,67
2,2012,187.74343710775,190.244846226435,2.08601508255108,2.08030197861729,67
4,2012,190.89330299278,193.185608481267,2.06518043257782,2.05838377782052,67
1,2013,192.887982372006,195.346677881946,2.04853633185453,2.04255983201924,67
2,2013,194.782548221021,197.283494322292,2.04731675798392,2.0432140018732,67
4,2013,200.455194898501,202.702444588684,2.08917440062056,2.08188876243766,67
1,2014,201.502656366989,203.918591062598,2.05011165132521,2.04415999154114,67
4,2014,206.34927430748,208.604824889119,2.02844566016968,2.02221338892729,67
1,2015,210.175768357328,212.922203721357,2.04643896356995,2.04189176916422,67
3,2015,214.393720150217,216.816719138664,2.05831996207056,2.05211728191841,67
1,2016,216.615660934671,219.100505082903,2.00780704904092,2.0024803103148,67
2,2016,218.72604734363,221.176875479636,2.01202872005999,2.00629646956874,67
3,2016,219.701878715534,222.099416823194,1.99228359039862,1.98663211936134,67
4,2016,222.691407699902,224.992560925263,2.0113980397021,2.00618115553667,67
1,2017,224.435909055052,226.907320571366,1.99533490784911,1.99020382955274,67
2,2017,226.350481965688,228.788690442973,1.99566472580771,1.99016401906208,67
4,2017,229.206584279834,231.499066164367,1.97417815787813,1.96936204906331,67
1,2018,230.596687196237,233.0512692632,1.95282820857119,1.94805713773667,67
2,2018,232.007309410427,234.424949622053,1.9442928804142,1.93917239041081,67
3,2018,233.439697146473,235.802480985472,1.93563526212992,1.93049315494965,67
4,2018,236.166504526804,238.439324754343,1.94844402888216,1.9438063995651,67
1,2019,238.065776960821,240.502979396866,1.93679334427335,1.93217003790993,67
2,2019,239.498854400671,241.903448419143,1.92967057978633,1.92478690638463,67
4,2019,247.842459189193,250.121052697576,2.0076581698819,2.00281152962381,67
1,2020,254.149725623006,256.617683171332,2.07440568908492,2.06953124102206,67
1,2001,89.147448381205,91.0311629052726,1.98984238231792,1.96462326245881,68
3,2001,93.1993436882377,94.9880120912509,2.03003323373161,2.01111325260347,68
4,2001,96.0357359838559,97.6618007961047,2.10426266380324,2.08320865520621,68
1,2002,99.5794375378223,101.543802009307,2.08708856303728,2.06466364541539,68
2,2002,102.076782275657,103.940458866963,2.12268063619958,2.09864498877951,68
4,2002,103.968618316467,105.498025250224,2.070919981364,2.04839799186634,68
1,2003,106.764177789587,108.710878405266,2.0230252824398,2.00370592061004,68
2,2003,107.333954230719,109.178895529538,1.97331717212902,1.95503294525441,68
4,2003,110.84869608659,112.377627615539,1.9999914088702,1.98133418435135,68
1,2004,116.054767902592,117.964074929781,2.05550825027566,2.03528248369247,68
2,2004,117.533026806276,119.362183595896,2.04438559611211,2.02490042915697,68
4,2004,119.722931302877,121.397775769304,2.01612853335853,2.0038148172723,68
1,2005,124.338236054726,126.245581430487,2.04509062201996,2.02653907239617,68
2,2005,124.4451321427,126.240444038845,1.98490183542851,1.96717718687911,68
4,2005,123.141320654371,124.556749677481,1.8447999964653,1.82892128012976,68
1,2006,123.575327827419,125.781740694556,1.73948137544303,1.731029806432,68
2,2006,125.256813338145,126.934607934514,1.74481467334347,1.73059717870776,68
4,2006,125.408306451302,127.208327013885,1.67587288982735,1.67530876334967,68
1,2007,129.664405072032,131.381140841526,1.69205242848995,1.67861855563821,68
2,2007,131.152652642605,132.836090290422,1.69011915084393,1.67818750931813,68
4,2007,133.063719706861,134.40904694706,1.67355505442024,1.66152940565006,68
2,2008,138.708203398271,140.342389848206,1.68459342546877,1.67226652405966,68
4,2008,142.83474238786,144.311579875515,1.72086442068521,1.7100474125352,68
1,2009,145.302300138202,147.352303989247,1.69396246088609,1.68978940643766,68
4,2009,165.634257207582,167.518829374272,2.11503847248764,2.10740024475955,68
1,2010,169.183563533932,171.194522553068,2.10559717230845,2.09359728374844,68
2,2010,171.509837908882,173.396592162688,2.121001213507,2.10772799649713,68
4,2010,174.291390494801,176.076004697226,2.10884858816281,2.09653052487742,68
1,2011,176.764910832258,178.700934967045,2.07683710586873,2.06404257420565,68
2,2011,177.796831630675,179.663454183066,2.05761927782172,2.04556878774026,68
4,2011,183.375461631082,185.655254656154,2.09210590733707,2.08454062533467,68
1,2012,185.611813791696,188.092748885641,2.07998800921612,2.07309629233678,68
2,2012,187.749316101074,190.253956417247,2.08606193692653,2.08051519907501,68
4,2012,190.891160286386,193.190082035434,2.06517889085019,2.0585077454889,68
1,2013,192.890544381755,195.358677574558,2.04856597314896,2.04285301873911,68
2,2013,194.855135196399,197.407632623545,2.04785630392124,2.04533355391429,68
3,2013,198.03953376993,200.489603615138,2.08022504240846,2.07444010164083,68
4,2013,200.462750136307,202.707586827899,2.0891809241038,2.08185364667128,68
1,2014,201.509148829136,203.929452826812,2.05018578980404,2.04436055214855,68
2,2014,203.022630926921,205.409381836794,2.04211275840668,2.03549162466857,68
3,2014,204.738785362063,207.085220555429,2.03757572146214,2.0307530001072,68
4,2014,206.34927430748,208.612387507167,2.02844566016968,2.0223194293023,68
1,2015,210.175768357328,212.929250708569,2.04643896356995,2.04199188500175,68
2,2015,212.795356869298,215.271200162743,2.06668880121037,2.06056916938016,68
4,2015,215.006392627166,217.324057504145,2.02739701877779,2.02200031230097,68
1,2016,216.623779749381,219.112246922569,2.00787263225559,2.00265398870795,68
2,2016,218.72604734363,221.179433885883,2.01202872005999,2.0063501716482,68
3,2016,219.705679918898,222.098007034196,1.99229035385592,1.98657114465803,68
4,2016,222.69028599802,224.989514040515,2.01139756766131,2.00615416980145,68
1,2017,224.434567683254,226.906259067889,1.99532439401062,1.99019675732211,68
4,2017,229.206584279834,231.503526667911,1.97417815787813,1.96940903772642,68
1,2018,230.596687196237,233.05293124131,1.95282820857119,1.94808561176942,68
2,2018,232.004514275111,234.424035010505,1.94428069819341,1.93918433103186,68
3,2018,233.439697146473,235.799906328326,1.93563526212992,1.93046167016026,68
4,2018,236.16399034956,238.431130003651,1.94844305745612,1.94374050080047,68
1,2019,238.05652925133,240.495915920431,1.936727337808,1.93221385281203,68
2,2019,239.494592344816,241.900094474895,1.92965234947236,1.9247727852731,68
3,2019,241.849406994182,244.200536306497,1.93746027407686,1.93237220086859,68
1,2020,254.150915201401,256.616818481044,2.07441538663036,2.06953790348197,68
2,2020,257.919364328514,261.532241781508,2.08075827527766,2.0718290770607,68
3,2020,276.942318452703,287.910662980621,2.44171924805541,2.54677033889696,68
4,2020,324.9207473496,350.27451508076,3.40911080698734,4.18745124940224,68
1,2021,454.388864526451,459.183121419163,10.5024899745365,10.5257154119133,68
2,2021,465.281437453781,468.944355486744,11.2220675244857,11.1863423369671,68
4,2021,472.913625837933,476.50497072175,11.3123654653465,11.2731256291338,68
1,2022,476.584619648614,480.244746807725,11.1676755924009,11.1266989461361,68
2,2022,480.15489622312,483.767044399764,11.178957959135,11.1405617709881,68
3,2022,484.640730371779,488.222228749048,11.2890688320269,11.2552285975071,68
4,2022,485.783532833945,489.350678344664,11.1029977995431,11.0697653255107,68
1,2023,487.665489887625,491.304539887591,10.7977651354884,10.7603821285619,68
2,2023,490.736148808219,494.313106291674,10.7685203978544,10.7328207597754,68
3,2023,491.392845626509,494.919748959515,10.5537506440377,10.5236048866186,68
4,2023,493.301934088945,496.818735355813,10.4521454241479,10.420839973895,68
1,2024,497.044299097683,500.632087467245,10.3254744383337,10.2904267096448,68
2,2024,500.333024395963,503.87460025092,10.318989612022,10.2862283887771,68
3,2024,498.654543210266,502.131358966227,9.94505720664513,9.91764012596156,68
4,2024,500.679094082859,504.147828688477,9.86411291267071,9.8353405688621,68
1,2001,89.147448381205,91.0237314974092,1.98984238231792,1.96424893715326,70
2,2001,90.4521900484833,92.2788829823983,1.96864092101206,1.94599959433588,70
3,2001,93.2360943135727,94.9898145990463,2.0318991611535,2.011201672803,70
2,2002,102.011548515231,103.88343573521,2.11946127518662,2.09592727603907,70
4,2002,103.904973817156,105.467101210108,2.06799345389552,2.04702102810974,70
1,2003,106.762173791122,108.708478579443,2.02293714692237,2.00360360058807,70
4,2003,110.692056497475,112.273567957862,1.99360876220584,1.97721520321895,70
1,2004,116.029925485144,117.944098042879,2.05448724738628,2.03448542095706,70
2,2004,117.461293455303,119.282446465725,2.04151215191559,2.02179786480824,70
3,2004,118.960490336497,120.647384408483,2.0393167677998,2.02054047116908,70
1,2005,124.326717468725,126.230965576713,2.04465443776587,2.02600060834852,70
2,2005,124.4451321427,126.276270311219,1.98490183542851,1.96843604320809,70
3,2005,120.233878234957,121.790539111659,1.79158398833702,1.77621878698976,70
4,2005,123.141320654371,124.555063854375,1.8447999964653,1.8288676144468,70
1,2006,123.592512964238,125.798796598602,1.73975979121364,1.73136406038603,70
2,2006,125.332319380598,127.104961133756,1.74704902709699,1.73551753057487,70
3,2006,125.602024767583,127.239847864537,1.71446343303701,1.70421268499168,70
4,2006,125.458745524125,126.995189631713,1.67725895421696,1.66956231146918,70
1,2007,129.676241463545,131.398873743653,1.69237904970219,1.67908879056689,70
2,2007,131.048456041852,132.712073033229,1.68732618539368,1.6749364980095,70
1,2008,136.950167028557,138.690672301746,1.67943786026736,1.6676590975769,70
3,2008,143.565585127649,145.752240742489,1.77316492219369,1.7763245225338,70
4,2008,142.165743867202,143.63659925924,1.70666765858864,1.69728439832021,70
1,2009,145.575141706665,148.446138906885,1.70054043571611,1.71550336167244,70
2,2009,150.938171696016,153.635040690612,1.79377751014928,1.8060799230825,70
3,2009,160.036916919357,161.737689431782,1.98677049933743,1.97418318667957,70
4,2009,165.738176711005,167.473695117208,2.11748458109596,2.10772826625588,70
1,2010,169.184302311894,171.128242167144,2.10561689446428,2.09179470097825,70
2,2010,171.644201860709,173.555280545909,2.12475371997378,2.1119635945025,70
3,2010,172.26115969621,174.12858451056,2.09742376519809,2.08743873780341,70
4,2010,173.73746389149,175.43279376061,2.0965373957493,2.08671804923811,70
1,2011,176.76556924644,178.697301184717,2.07685449440768,2.06394961506474,70
2,2011,177.817040890419,179.691391334717,2.05813371052872,2.04624327905551,70
4,2011,183.375461631082,185.644060257741,2.09210590733707,2.084357696466,70
1,2012,185.648337209031,188.113153501528,2.080433051614,2.07321839199741,70
2,2012,187.733297028985,190.234620919055,2.08593636603045,2.07989440161521,70
3,2012,190.049742626666,192.44363458074,2.09501472353326,2.08724454706953,70
4,2012,190.890772365613,193.167067570591,2.0651786149573,2.05820710156746,70
1,2013,192.887982372006,195.329766346263,2.04853633185453,2.0423347092664,70
2,2013,194.855135196399,197.359525650979,2.04785630392124,2.04429310222134,70
3,2013,198.03953376993,200.443216872611,2.08022504240846,2.07364118390806,70
4,2013,200.462750136307,202.711318896782,2.0891809241038,2.08193459269225,70
1,2014,201.492570161242,203.919307056974,2.04999648967446,2.04417150273071,70
2,2014,203.021587621021,205.40935693804,2.04210519369766,2.03544187345125,70
3,2014,204.73440682008,207.082784528844,2.0375630915905,2.03073620415655,70
4,2014,206.347016081637,208.596908803438,2.02844412353955,2.02210739657587,70
1,2015,210.172804582299,212.922198919302,2.04642571365298,2.04190786583682,70
2,2015,212.790368106572,215.267048356511,2.06666236584323,2.06051811945751,70
3,2015,214.401804030481,216.828825571211,2.05833551874834,2.05222932608863,70
4,2015,215.006988286946,217.333672701508,2.02739728445576,2.02210761006575,70
1,2016,216.635064973315,219.123001670921,2.00796380085416,2.00276084069362,70
2,2016,218.740949683067,221.195213154819,2.01210167118159,2.00648425337662,70
3,2016,219.701878715534,222.094717785993,1.99228359039862,1.98656363320111,70
4,2016,222.69028599802,224.99461372167,2.01139756766131,2.00620867109368,70
1,2017,224.435909055052,226.907320571366,1.99533490784911,1.99020382955274,70
2,2017,226.347010117133,228.785033614228,1.99564830528147,1.99013726277101,70
3,2017,227.423890952258,229.80466353934,1.97892496680712,1.9734067751286,70
1,2020,254.149898314615,256.615539185495,2.07440709336245,2.06951869031478,70
4,2020,323.3456774139,350.613491293339,3.40594137790991,4.22819654630108,70
1,2021,454.705429665036,459.731867281775,10.5298059111677,10.5685017735562,70
1,2001,89.1597278922431,91.0351755096265,1.99048548119377,1.96482539592147,73
2,2001,90.4324207766936,92.2149922063836,1.96764325961837,1.94289387247426,73
3,2001,93.1993436882377,94.8987421632366,2.03003323373161,2.00673954449723,73
4,2001,96.2773328364983,97.8256447616199,2.11669627428397,2.09135088301114,73
1,2002,99.7154139354204,101.675917679928,2.09385649409708,2.07101683645974,73
2,2002,102.727992590854,105.128479991784,2.15506917254106,2.15607747515924,73
3,2002,104.19624978266,107.366439480109,2.14817463687509,2.19356420076099,73
4,2002,106.480204701127,111.089235210295,2.18978002520553,2.31308172331867,73
1,2003,106.807192468801,108.700689541925,2.02491786691546,2.00327160498194,73
2,2003,107.29074633304,109.34991422432,1.97150391333742,1.96201079855403,73
3,2003,109.503942201649,111.162830828062,2.00017125520071,1.97991113804976,73
4,2003,110.692056497475,112.181949899021,1.99360876220584,1.97359521026618,73
1,2004,116.022981691819,117.938373532016,2.05420194927144,2.03425707049438,73
2,2004,117.434425165206,119.254895036681,2.0404369195526,2.02072693800039,73
3,2004,119.065116927875,120.822663008496,2.04342400408499,2.02723337569624,73
4,2004,119.584012505914,121.087964602162,2.01085141321976,1.99235391976108,73
1,2005,124.303808411242,126.217430874468,2.04378720307354,2.02550210894901,73
2,2005,124.507142685274,126.394338172148,1.98714098503637,1.97259049870561,73
3,2005,120.205578500949,121.755944587869,1.79067887532655,1.77514120644932,73
4,2005,123.257354209084,124.740973495252,1.84855848516128,1.83473684044902,73
1,2006,123.567520371417,125.776480744814,1.73935494424016,1.73089305205687,73
2,2006,125.22123913745,126.885803783953,1.74376296765323,1.72919013715985,73
3,2006,125.637093884889,127.1459474914,1.71546577192443,1.70159163977404,73
4,2006,125.458745524125,127.05408590043,1.67725895421696,1.67114679531733,73
1,2007,129.670704791413,131.385859430951,1.69222349487164,1.67874429285907,73
2,2007,131.152652642605,132.809688727594,1.69011915084393,1.67749540518286,73
4,2007,133.0396293299,134.793368485752,1.67295680341798,1.67026891106473,73
1,2008,136.899309535038,138.609660232186,1.67814659077737,1.6656594242171,73
2,2008,138.708203398271,140.357691862911,1.68459342546877,1.67263780730552,73
3,2009,158.532694085161,160.251778923469,1.94737762848334,1.93760448690718,73
4,2009,167.371069748385,170.441101327462,2.15671548575385,2.16045549156219,73
1,2010,169.201582037872,171.158324398405,2.10610649608064,2.09261502996212,73
2,2010,171.4785613018,173.354867502548,2.1201290250726,2.10657319043638,73
3,2010,172.083874466707,173.83128616088,2.09274848416064,2.08029744323473,73
4,2010,173.253221679058,175.289609557464,2.08589858343131,2.08458677507964,73
1,2011,176.778759432083,178.732926226614,2.07720299337823,2.06485616475029,73
2,2011,177.841283050525,179.809093916936,2.05875100875251,2.04903256450813,73
3,2011,180.025601526393,181.784222444428,2.07426199122185,2.06314131813575,73
4,2015,215.006988286946,217.324394316188,2.02739728445576,2.0220029751696,73
1,2016,216.623779749381,219.109270944456,2.00787263225559,2.0025790872688,73
2,2016,218.721297502904,221.173196787922,2.01200546906077,2.00627794649705,73
1,2020,254.152776273457,256.617535267511,2.0744305673986,2.06953371353081,73
2,2020,257.285340512282,260.228100873031,2.07748235337285,2.06873192826533,73
3,2020,276.788592679522,285.915231543585,2.44124696969553,2.52900563094405,73
1,2021,454.110958374879,458.631300729569,10.4785809382135,10.4839717357974,73
2,2021,465.28004390647,468.922317930683,11.221947130353,11.1844662816281,73
3,2021,468.677711526188,472.294663120663,11.2335870550985,11.2025581895365,73
4,2021,472.938375651682,476.52805828289,11.3133677643302,11.2741236860274,73
1,2022,476.590825093951,480.252156495923,11.1682202079104,11.1273020743147,73
2,2022,480.15525798867,483.772619035728,11.178988027916,11.1409061159807,73
1,2001,89.1531692310651,91.0279760550209,1.99014198109642,1.96446273193577,82
2,2003,107.29074633304,109.114657431393,1.97150391333742,1.95241828986506,82
3,2003,109.196526671679,110.946948931919,1.9874024278796,1.97120737786618,82
4,2003,110.599144686432,112.228216378817,1.98983247242842,1.97542228876495,82
1,2004,116.029925485144,117.956008489203,2.05448724738628,2.03496059387252,82
2,2004,117.434425165206,119.258538250799,2.0404369195526,2.02086851046369,82
3,2004,118.982045690745,120.65606715946,2.04016227967664,2.02087154913566,82
4,2004,119.567129039466,121.141017442046,2.0102110071006,1.99431196166134,82
1,2005,124.298256728892,126.201477329936,2.04357709900466,2.02491467245139,82
2,2005,124.35085040697,126.157279248702,1.98150223773378,1.96425794450488,82
3,2005,120.422127307131,122.114737292325,1.79761644649004,1.78634921875414,82
4,2005,123.134398745246,124.634227452618,1.84457602409558,1.83136462306862,82
1,2006,123.592512964238,125.809784804883,1.73975979121364,1.7318719289618,82
2,2006,125.20420165175,126.910387766756,1.74325949897694,1.72989873129772,82
3,2006,125.625574742549,127.131664203916,1.71513646670597,1.70119339242981,82
4,2006,125.458745524125,127.272036259834,1.67725895421696,1.67703255566911,82
1,2007,129.701423050725,131.438452674734,1.6930619908311,1.6801434742411,82
2,2007,131.354081176099,133.108145373255,1.69553152067073,1.68533355560738,82
3,2007,132.080132193786,133.592866205174,1.67856790103324,1.66646583295086,82
4,2007,133.063719706861,134.442352521463,1.67355505442024,1.66218330605379,82
1,2008,137.012431296775,138.801989574029,1.68102009853594,1.67041494366924,82
2,2008,138.731936379303,140.385365425846,1.6851880209707,1.67331181040451,82
3,2008,142.966723662947,144.652331753974,1.75771912894426,1.74876819474317,82
4,2008,142.0906050056,143.692315263572,1.70508692515586,1.69832457626562,82
1,2009,145.502707917731,148.490281235215,1.69879155428977,1.71656129439345,82
2,2009,151.246294048623,153.444169139625,1.80141198138227,1.80161576517922,82
3,2009,161.264622851949,163.013622514539,2.01967391975999,2.00583664761103,82
4,2009,165.738176711005,167.432622839261,2.11748458109596,2.10617963680416,82
1,2010,169.172822174352,171.116574913005,2.10529361537905,2.09147325481042,82
2,2010,171.552122774069,173.436858015701,2.12218242254107,2.10878241405594,82
3,2010,172.201726045199,174.025311370689,2.0958546236179,2.08495474335262,82
4,2010,173.73746389149,175.43279376061,2.0965373957493,2.08671804923811,82
2,2011,177.76045455627,179.616784820113,2.0566936283598,2.04444675208451,82
3,2011,180.025601526393,181.789248545358,2.07426199122185,2.0627869647561,82
4,2011,183.375373075202,185.643542015652,2.09210613740797,2.08435198269543,82
1,2012,185.699225409838,188.182528536221,2.08105377890806,2.0736196257433,82
2,2012,187.73880757292,190.227948073466,2.0859787881799,2.07994858653795,82
3,2012,190.049742626666,192.422166920525,2.09501472353326,2.08701494045073,82
4,2012,190.89330299278,193.156006172574,2.06518043257782,2.05797516871434,82
1,2013,192.887982372006,195.340541259446,2.04853633185453,2.04247829287127,82
2,2013,194.855135196399,197.359525650979,2.04785630392124,2.04429310222134,82
3,2013,198.046439616677,200.439474692239,2.08024642342155,2.07353594590562,82
4,2013,200.455194898501,202.704654612967,2.08917440062056,2.0819239213907,82
1,2014,201.492570161242,203.899949990699,2.04999648967446,2.04380750805158,82
2,2014,203.023091323406,205.403707427384,2.04211609567241,2.0353663263181,82
3,2014,204.731760035089,207.065083842335,2.03755545297052,2.03045277351878,82
4,2014,206.347016081637,208.590695821348,2.02844412353955,2.02202226920657,82
1,2015,210.172804582299,212.920874126676,2.04642571365298,2.04189163670782,82
2,2015,212.791036924436,215.264700267457,2.06666591045824,2.06048279738433,82
3,2015,214.39336344702,216.814659786489,2.05831927803398,2.05208961932065,82
4,2015,215.006392627166,217.320013809415,2.02739701877779,2.02195676052429,82
1,2016,216.612789011144,219.097393032554,2.00778385649526,2.00244499931033,82
2,2016,218.721297502904,221.172139884928,2.01200546906077,2.00626105266311,82
3,2016,219.717006264794,222.136188185568,1.9923104977539,1.98703399688067,82
4,2016,222.690501773855,224.987978597467,2.01139765700793,2.00613624432841,82
1,2017,224.435435670401,226.906774380356,1.99533120051402,1.99019307528363,82
2,2017,226.353821177056,228.794547239318,1.99568052174844,1.99024319908716,82
3,2017,227.426686688182,229.817092006666,1.97892980352833,1.97355420236652,82
4,2017,229.204481838215,231.502008891483,1.97417732318542,1.96940349733613,82
1,2018,230.592143995882,233.051265321881,1.95279488116324,1.94806028584917,82
2,2018,232.004514275111,234.428286255496,1.94428069819341,1.93924218882417,82
3,2018,233.437890404573,235.794232195328,1.93563230527484,1.93039812841371,82
4,2018,236.162911268514,238.426001862756,1.94844264542315,1.94369567336733,82
1,2019,238.034035805897,240.472155625657,1.93656682391262,1.93198902495967,82
2,2019,239.48952642665,241.895114690243,1.92963067955288,1.92472668586267,82
3,2019,241.855913847666,244.210076516904,1.93747084435805,1.93244139972755,82
4,2019,247.844174086751,250.114387352564,2.00765889084148,2.00273743247436,82
1,2020,254.151912819673,256.617771376006,2.07442352093397,2.06951455605019,82
2,2020,258.586808964135,263.350104560818,2.08423697272568,2.07765084182287,82
3,2020,276.786417987849,287.718222670627,2.44123984413938,2.55941623836631,82
3,2021,468.675805966036,472.287801446074,11.233448759435,11.201929901404,82
1,2022,476.597279784306,480.259366629842,11.1687867354689,11.1279012860376,82
2,2022,480.153136166325,483.765800430177,11.178811678901,11.1404381656968,82
3,2022,484.646278970507,488.228555705312,11.2894599514275,11.2555748622349,82
1,2023,487.665489887625,491.299084139169,10.7977651354884,10.7599897556491,82
2,2023,490.736148808219,494.312219612489,10.7685203978544,10.7327492320301,82
3,2023,491.391459101565,494.917828443957,10.5536646631078,10.5234511755608,82
4,2023,493.301934088945,496.818186747945,10.4521454241479,10.4208223378519,82
1,2024,497.043617497468,500.630851672037,10.325422892548,10.2903291022192,82
2,2024,500.333024395963,503.873701956219,10.318989612022,10.2861497036564,82
3,2024,498.655177901107,502.132438728825,9.94509250646037,9.9176728459651,82
4,2024,500.679094082859,504.146743564058,9.86411291267071,9.83527918998951,82
1,2001,89.1531692310651,91.0285041014493,1.99014198109642,1.96448932643568,85
2,2001,90.4171644019087,92.1994140759689,1.96687370580074,1.94213735977547,85
3,2001,93.2360943135727,95.1162661171361,2.0318991611535,2.01741365563081,85
4,2001,96.0009083888391,97.7649577825865,2.10247609480636,2.08833088745026,85
1,2002,99.5632250405092,101.499373083167,2.08628254920799,2.06253148830361,85
2,2002,102.076782275657,104.055418621857,2.12268063619958,2.10413548198434,85
3,2002,103.008712956356,104.74763384115,2.09097315411934,2.06955818262715,85
4,2002,103.904973817156,105.430568144233,2.06799345389552,2.04539650532178,85
1,2003,106.760855855289,108.688444069268,2.02287917984974,2.00274972320866,85
2,2003,107.29074633304,109.157701319394,1.97150391333742,1.95416988167575,85
3,2003,109.21286241512,110.956013201448,1.98807889878426,1.97157212899841,85
4,2003,110.692056497475,112.231324616121,1.99360876220584,1.97554543427825,85
1,2004,116.029925485144,117.944098042879,2.05448724738628,2.03448542095706,85
2,2004,117.48102351653,119.302567650212,2.04230208259002,2.02258033135424,85
3,2004,118.982045690745,120.708779849348,2.04016227967664,2.02288228625681,85
4,2004,119.584012505914,121.120035113912,2.01085141321976,1.99353722242611,85
1,2005,124.338236054726,126.252354902893,2.04509062201996,2.02678865945715,85
2,2005,124.485377067105,126.285771539692,1.98635475669299,1.96877008370634,85
3,2005,120.233878234957,121.895345791505,1.79158398833702,1.77948740127703,85
4,2005,123.141320654371,124.563228374645,1.8447999964653,1.82912565678634,85
1,2006,123.575327827419,125.784561949412,1.73948137544303,1.73098450265535,85
2,2006,125.256813338145,126.927975468944,1.74481467334347,1.73040590086945,85
3,2006,125.602024767583,127.187184182658,1.71446343303701,1.70274214428819,85
4,2006,125.458745524125,126.91541961006,1.67725895421696,1.66741429579337,85
1,2007,129.664405072032,131.379972610532,1.69205242848995,1.6785851467318,85
2,2007,131.152652642605,132.85290082064,1.69011915084393,1.67862601818442,85
3,2007,132.073550880774,133.558726212051,1.67839871406227,1.66560737927785,85
4,2007,132.967402079277,134.326485895509,1.67116467625368,1.65955114861762,85
1,2009,145.314526474455,147.399347557709,1.69425666690976,1.69087004486572,85
2,2009,151.246294048623,153.444169139625,1.80141198138227,1.80161576517922,85
3,2009,161.264622851949,163.076713288034,2.01967391975999,2.00615457033127,85
1,2010,169.226867201316,171.23293021301,2.10682022522653,2.0946489963307,85
3,2010,172.095869741945,173.844326373534,2.09306439980247,2.08060899776808,85
4,2010,173.73746389149,175.440432091294,2.0965373957493,2.0871417081956,85
1,2011,176.764910832258,178.705199952985,2.07683710586873,2.06415166010434,85
3,2011,180.025601526393,181.783241740526,2.07426199122185,2.0627222157261,85
4,2011,183.375461631082,185.648683685907,2.09210590733707,2.08443647972403,85
1,2012,185.632957003788,188.107065360031,2.08024559533593,2.07314925601758,85
2,2012,187.763928252747,190.250561339437,2.086175991114,2.08048911471574,85
3,2012,190.037231775712,192.407607793659,2.09497539854869,2.08701610519939,85
4,2012,190.891073061917,193.172597038181,2.06517882803493,2.05826001846224,85
1,2013,192.899073769422,195.350286725674,2.04866465806133,2.04284183317449,85
2,2013,194.923340582111,197.427580217872,2.04836393318549,2.04514817438173,85
3,2013,198.059947999823,200.484028065237,2.0802882448308,2.07426260396919,85
4,2013,200.456616057094,202.701546098588,2.08917548201368,2.08185089745208,85
1,2014,201.508413755355,203.93601369793,2.05017739766698,2.04449599806728,85
2,2014,203.021813974538,205.414474444613,2.04210683578809,2.03555921187655,85
3,2014,204.7365439139,207.102564869961,2.03756925444503,2.03105406717208,85
4,2014,206.34951897795,208.612223795657,2.02844583251923,2.02231609181048,85
1,2015,210.179697713019,212.946447692061,2.04645653171948,2.04219984575275,85
2,2015,212.800143768979,215.282035329812,2.0667141838085,2.06073336159498,85
3,2015,214.399008881434,216.827992266884,2.05833014382387,2.05224536857806,85
4,2015,215.006409966327,217.325417137393,2.02739703106823,2.02201603495026,85
1,2016,216.624219548424,219.112332658507,2.00787618258863,2.00265098771227,85
2,2016,218.725150085127,221.179880830074,2.01202432830921,2.0063653224731,85
3,2016,219.704183557132,222.104853789109,1.99228769230792,1.98669107932335,85
4,2016,222.690234152523,224.989212014887,2.01139753872944,2.00615082526984,85
1,2017,224.43505787743,226.906453001403,1.99532823794586,1.99019555319737,85
2,2017,226.347539442911,228.786607133683,1.99565080684359,1.9901603360853,85
3,2017,227.423669968779,229.812922811585,1.97892457939025,1.97351415174034,85
4,2017,229.204090098151,231.501690632213,1.97417716740726,1.96940049520015,85
1,2018,230.59510206341,233.052998393506,1.95281658176435,1.94809089656309,85
2,2018,232.003733666132,234.427852860218,1.94427729268954,1.93923601893347,85
3,2018,233.437834257778,235.794479625471,1.93563221127088,1.93040357113738,85
4,2018,236.162904273923,238.426631533141,1.94844264915244,1.94370195652374,85
1,2019,238.03733829931,240.476546051259,1.93659039071401,1.93204881006697,85
2,2019,239.491147347298,241.897863035707,1.92963761521238,1.92475994314097,85
3,2019,241.851277585856,244.205181148126,1.9374633121603,1.93241784716641,85
4,2019,247.842880440875,250.112915064986,2.00765834491782,2.00273359116424,85
1,2020,254.149807497763,256.616811294766,2.07440635681631,2.06952065082975,85
3,2020,276.788511964479,287.283843307098,2.44124672189006,2.54977477061172,85
4,2020,324.824175109873,350.176976811261,3.40891591362788,4.18568612365192,85
1,2021,454.440349156653,459.303755274134,10.5069266362038,10.5347753105614,85
2,2021,465.28766097942,468.947091103596,11.2226052536447,11.1866993638829,85
3,2021,468.686552490098,472.295348846411,11.2342287187542,11.2029075330101,85
4,2021,472.918045257087,476.509363449567,11.3125444128066,11.273277544291,85
1,2022,476.599455164698,480.266455976475,11.1689776672572,11.1284027800564,85
2,2022,480.155551277527,483.775672078974,11.1790124053752,11.1411224121544,85
3,2022,484.643046495367,488.220789347408,11.2892320889294,11.2553438542694,85
4,2022,485.785981587852,489.354013208897,11.103089469154,11.0700107388574,85
1,2023,487.666396712307,491.31396191238,10.7978394315823,10.7610689498606,85
3,2023,491.399281239097,494.925536958425,10.5541497568973,10.5238750612102,85
4,2023,493.302503136679,496.820532193398,10.4521635785428,10.4208886457082,85
1,2024,497.044679825164,500.632241546058,10.3255032338496,10.2904376442492,85
2,2024,500.335535358795,503.876103733462,10.3191686035147,10.2863045571435,85
4,2024,500.679171726476,504.147404473058,9.86411506619449,9.83532763418374,85
1,2001,89.1457999332319,91.0239428858135,1.98975607452526,1.96425958882772,87
2,2001,90.4324207766936,92.2699308654995,1.96764325961837,1.94556412637371,87
3,2001,93.2360943135727,95.059032881073,2.0318991611535,2.01459966317357,87
4,2001,96.0009083888391,97.7649577825865,2.10247609480636,2.08833088745026,87
1,2002,99.5363718498482,101.569221213116,2.08494961608523,2.06588447853679,87
2,2002,102.011548515231,103.869080559308,2.11946127518662,2.09524364574926,87
3,2002,103.190013876498,104.908455598993,2.09960653472913,2.07696744889497,87
4,2002,103.904973817156,105.436976452419,2.06799345389552,2.04568152302407,87
1,2003,106.761523912595,108.703968786256,2.02290856276889,2.00341137090044,87
2,2003,107.285352165118,109.214552942059,1.97127765993615,1.95648573408586,87
3,2003,109.243253423613,111.001272720359,1.98933801385788,1.97339406532894,87
1,2001,89.147448381205,91.0237314974092,1.98984238231792,1.96424893715326,89
2,2001,90.4064315375175,92.1940230972013,1.96633249787743,1.94187561430636,89
3,2001,93.1662597330383,94.8569163526532,2.02835494670138,2.00469360794355,89
4,2001,96.1281354315912,97.6774583103752,2.10900985069188,2.08398599492506,89
1,2002,99.5632250405092,101.493982011395,2.08628254920799,2.06227293476426,89
2,2002,102.145698093629,104.063357990227,2.12608361414564,2.10451523685258,89
3,2002,103.093211256816,104.871131942788,2.09499244751055,2.07524526673762,89
4,2002,103.904973817156,105.444684905141,2.06799345389552,2.04602433287771,89
1,2003,106.761523912595,108.716701914064,2.02290856276889,2.00395419734801,89
2,2003,107.29074633304,109.195240315671,1.97150391333742,1.95569873991094,89
3,2003,109.503942201649,111.157079890705,2.00017125520071,1.97967863568013,89
4,2003,110.692056497475,112.328578265632,1.99360876220584,1.97939166636694,89
1,2004,116.029925485144,117.940700213219,2.05448724738628,2.0343498783959,89
2,2004,117.48102351653,119.304357927256,2.04230208259002,2.02264995980539,89
3,2004,119.016939101119,120.786732281259,2.04153170585756,2.02585956237979,89
4,2004,119.567129039466,121.071036098898,2.0102110071006,1.99172953746538,89
1,2005,124.326717468725,126.230466051317,2.04465443776587,2.02598221723855,89
2,2005,124.485377067105,126.318948240667,1.98635475669299,1.96993675973526,89
3,2005,120.205578500949,121.752477309736,1.79067887532655,1.77503320203553,89
4,2005,123.141320654371,124.555063854375,1.8447999964653,1.8288676144468,89
1,2006,123.592512964238,125.798889653046,1.73975979121364,1.73130073726548,89
2,2006,125.20420165175,126.867827913106,1.74325949897694,1.7286721578052,89
3,2006,125.591293348083,127.090797005822,1.71415682791683,1.70005405281441,89
4,2006,125.458745524125,127.092741775059,1.67725895421696,1.67219082525791,89
1,2007,129.666135924145,131.382116631543,1.69210321760147,1.67864456239629,89
3,2007,132.073550880774,133.558726212051,1.67839871406227,1.66560737927785,89
4,2007,132.989123972247,134.338981800429,1.67170340370191,1.6598568940795,89
1,2008,136.878175280203,138.607840826406,1.67761029962045,1.66560680260561,89
2,2008,138.716774853583,140.36060021197,1.68480814167932,1.6727069051681,89
3,2008,142.966723662947,144.795739090778,1.75771912894426,1.752289964992,89
4,2008,142.0906050056,143.634324538249,1.70508692515586,1.69710280530592,89
1,2009,145.303855891639,147.330995394404,1.69399989735703,1.68929801153423,89
3,2009,160.437218184398,162.166133737661,1.99742424122427,1.98680595807432,89
4,2009,165.657189435908,167.394794734644,2.11557774585818,2.10557229483516,89
1,2010,169.172822174352,171.147104266415,2.10529361537905,2.09230494407698,89
2,2010,171.509837908882,173.386090987373,2.121001213507,2.10742880686722,89
3,2010,172.11904493715,173.862200253028,2.09367494277909,2.08108953754105,89
4,2010,173.99168410671,175.713874096878,2.10216793093258,2.09026338412052,89
1,2011,176.764910832258,178.710792839667,2.07683710586873,2.06429474808809,89
2,2011,177.76045455627,179.624362316441,2.0566936283598,2.04463701661265,89
3,2011,180.122532758984,181.985118441522,2.07662237142137,2.06675089547214,89
4,2011,183.375373075202,185.660233800004,2.09210613740797,2.08460077787134,89
1,2012,185.619597405154,188.082487820217,2.080082820195,2.07302110377504,89
2,2012,187.749316101074,190.244524609054,2.08606193692653,2.08034387384521,89
3,2012,190.04355345766,192.417764627074,2.0949952714497,2.08704056067056,89
4,2012,190.891160286386,193.174983467439,2.06517889085019,2.05829108158788,89
1,2013,192.893231740281,195.355864331212,2.04859706366431,2.04286842314532,89
2,2013,194.855135196399,197.38252987492,2.04785630392124,2.04479843144206,89
3,2013,198.055015004517,200.476771767317,2.08027297467653,2.07416388093285,89
4,2013,200.458039024916,202.703587117191,2.08917736646777,2.08186678964154,89
1,2014,201.501127523166,203.91780011762,2.0500941941886,2.04414985720035,89
2,2014,203.021434155348,205.405209270198,2.04210408990308,2.03541298992308,89
3,2014,204.73440682008,207.078427760832,2.0375630915905,2.0306641811594,89
4,2014,206.34927430748,208.620690981257,2.02844566016968,2.02243541750656,89
1,2015,210.180315665687,212.936759261955,2.04645930000203,2.04207651242502,89
2,2015,212.795356869298,215.271200162743,2.06668880121037,2.06056916938016,89
3,2015,214.395245815574,216.817858747619,2.05832290350184,2.05212181166627,89
4,2015,215.006392627166,217.324057504145,2.02739701877779,2.02200031230097,89
1,2016,216.623779749381,219.108439142614,2.00787263225559,2.00254863478287,89
2,2016,218.724869849067,221.177011982511,2.01202294942246,2.00631656216847,89
3,2016,219.716051801969,222.121518978683,1.99230880466563,1.98682692760209,89
4,2016,222.69082731503,224.987613176216,2.01139780005177,2.00612556636129,89
1,2017,224.434324264111,226.906138056719,1.99532248073738,1.99019537190921,89
2,2017,226.348323325432,228.786809073701,1.99565451692655,1.99015720572416,89
3,2017,227.425182086272,229.810275372095,1.97892720367017,1.97347348446044,89
4,2017,229.204212940522,231.494456765236,1.97417721851337,1.96932719997813,89
1,2018,230.591144533728,233.044700537841,1.95278754939479,1.94797407581383,89
2,2018,232.002258007091,234.423237607788,1.94427085913558,1.93916860863608,89
3,2018,233.439697146473,235.799906328326,1.93563526212992,1.93046167016026,89
4,2018,236.16399034956,238.431130003651,1.94844305745612,1.94374050080047,89
1,2019,238.065776960821,240.505695129999,1.93679334427335,1.93230664365859,89
2,2019,239.498854400671,241.905312529218,1.92967057978633,1.9248201591893,89
3,2019,241.848198723578,244.19837256323,1.93745831584595,1.9323538446132,89
4,2019,247.844174086751,250.117599136457,2.00765889084148,2.00275848566597,89
1,2020,254.150611136135,256.616555187105,2.07441290684002,2.06953426836365,89
2,2020,256.588510051697,259.933021843403,2.07391330859228,2.06974726106269,89
3,2020,277.090423776269,290.698511637683,2.44217478716617,2.5808559812202,89
4,2020,324.473330701918,351.345802119915,3.4082085105681,4.23580876944884,89
1,2021,454.367675897546,459.018001908255,10.5006647213032,10.514263462608,89
2,2021,465.281292360417,468.926100175809,11.2220549885953,11.1848093444724,89
3,2021,468.682547696386,472.282207293848,11.2339380434132,11.2017359978087,89
4,2021,472.86670586008,476.456777131584,11.3104664102855,11.2716470272995,89
1,2022,476.587691211213,480.250518710485,11.1679451643881,11.1271256891436,89
2,2022,480.153136166325,483.77398229084,11.178811678901,11.1410660826204,89
3,2022,484.638462885268,488.217661560313,11.2889090032658,11.255022241861,89
4,2022,485.783532833945,489.350089009994,11.1029977995431,11.0696784530531,89
1,2023,487.66375595657,491.301606885354,10.797623074343,10.7601666064806,89
3,2023,491.402147455981,494.928788278142,10.5543275240384,10.5240103431073,89
4,2023,493.301934088945,496.818496885069,10.4521454241479,10.420830625918,89
1,2024,497.045053270263,500.632271311036,10.3255314786637,10.2904369148001,89
2,2024,500.335259381671,503.875907650121,10.3191489322647,10.2863063201241,89
3,2024,498.654543210266,502.131559808358,9.94505720664513,9.91765178111653,89
4,2024,500.67915705567,504.14726452023,9.86411465717332,9.83531788623596,89
1,2001,89.1511489339329,91.0332602428019,1.99003616286197,1.96472889926979,90
2,2001,90.4002296604383,92.1836329513124,1.96601982427378,1.94137129062899,90
3,2001,93.1993436882377,95.0125832350534,2.03003323373161,2.01231877351574,90
4,2001,96.1281354315912,97.7060284164047,2.10900985069188,2.08540380561886,90
1,2002,99.5632250405092,101.560157954911,2.08628254920799,2.06544911817382,90
2,2002,102.076782275657,103.937419346291,2.12268063619958,2.09850038555871,90
3,2002,103.093211256816,104.853847308326,2.09499244751055,2.07444841959208,90
4,2002,103.904973817156,105.455392592821,2.06799345389552,2.04650059829227,90
1,2003,106.764177789587,108.699088521727,2.0230252824398,2.00320336238737,90
2,2003,107.29074633304,109.239815953649,1.97150391333742,1.95751572900357,90
3,2003,109.243253423613,110.960386595215,1.98933801385788,1.97174817173899,90
4,2003,110.692056497475,112.273567957862,1.99360876220584,1.97721520321895,90
1,2004,116.029925485144,117.938698481129,2.05448724738628,2.03427003276627,90
2,2004,117.461293455303,119.28232510457,2.04151215191559,2.02179314093196,90
3,2004,118.982045690745,120.672276488123,2.04016227967664,2.02148961502701,90
4,2004,119.567129039466,121.071036098898,2.0102110071006,1.99172953746538,90
1,2005,124.317138691487,126.220879604229,2.04429178599578,2.02562912234004,90
2,2005,124.4451321427,126.276270311219,1.98490183542851,1.96843604320809,90
3,2005,120.233878234957,121.84890597927,1.79158398833702,1.77803832496068,90
4,2005,123.257354209084,124.730097326084,1.84855848516128,1.83439307767868,90
1,2006,123.583198490398,125.793452568608,1.73960886106333,1.73143930964754,90
2,2006,125.256813338145,126.954672078021,1.74481467334347,1.73117595856804,90
3,2006,125.579507208638,127.156470035316,1.71382015945714,1.70188513094318,90
1,2007,129.666135924145,131.390080971748,1.69210321760147,1.67885678252253,90
2,2007,131.097523049909,132.752125088322,1.68864084132357,1.67598519177479,90
3,2007,132.080132193786,133.626059530531,1.67856790103324,1.66730122278838,90
4,2007,132.967402079277,134.326485895509,1.67116467625368,1.65955114861762,90
1,2008,136.950167028557,138.702882982066,1.67943786026736,1.66796001411253,90
2,2008,138.707762790271,140.343781892247,1.68458238161469,1.67230082513547,90
3,2008,143.349435273706,145.208142325882,1.76757379058188,1.76266519383855,90
4,2008,142.0906050056,143.610509480629,1.70508692515586,1.69659425629924,90
1,2009,145.414837576506,147.966641860557,1.69666726417796,1.70417198226412,90
2,2009,151.246294048623,153.535063502414,1.80141198138227,1.80386600156654,90
3,2009,158.893551054974,160.679440591164,1.95673586331616,1.94951720428412,90
4,2009,165.738176711005,167.431139197305,2.11748458109596,2.10589954123569,90
1,2010,169.213317107108,171.181574492283,2.10643705239018,2.09324953704109,90
2,2010,171.471314318917,173.38787200438,2.11992863123224,2.10745046641998,90
3,2010,172.08595155195,173.843002545432,2.09280319000462,2.08057571287735,90
1,2011,176.768097100669,178.700624368622,2.0769212794711,2.06403704331615,90
2,2011,177.768534313436,179.624741052629,2.05689919090677,2.04464783061522,90
4,2011,183.37695328578,185.645607338798,2.09210731565363,2.08435603665257,90
3,2014,204.730845012787,207.067539953039,2.03755281569929,2.03048239793311,90
4,2014,206.34927430748,208.586583534032,2.02844566016968,2.02195494294089,90
1,2015,210.172804582299,212.920874126676,2.04642571365298,2.04189163670782,90
1,2020,254.155481513786,256.622007953526,2.07445263376358,2.06960301359718,90
2,2020,257.228178208488,259.998774104192,2.07718834256749,2.06840076638278,90
3,2020,276.849753864212,286.180659792775,2.44143480287081,2.54113060163215,90
4,2020,324.348996657326,349.799410004863,3.40795804671842,4.18067391895215,90
1,2021,453.938955671218,458.488409768284,10.4638163144099,10.4713616366145,90
2,2021,465.302385079697,468.921823180042,11.2238775980359,11.1845349050706,90
3,2021,468.688750428488,472.281941165957,11.2343882575837,11.2017991415073,90
4,2021,473.017781998106,476.623691624374,11.3165861469925,11.2755971583683,90
1,2022,476.572956770232,480.231276722256,11.1666521031266,11.1256002483081,90
3,2022,484.649560028357,488.238346575654,11.2896912496004,11.2560049469842,90
4,2022,485.80693250853,489.370422632288,11.1038739256383,11.0698678157567,90
1,2023,487.666456797031,491.30835703344,10.7978443603362,10.7606606447929,90
2,2024,500.333024395963,503.874045158728,10.318989612022,10.2861821225694,90
4,2024,500.679094082859,504.147828688477,9.86411291267071,9.8353405688621,90
1,2001,89.1511489339329,91.0332602428019,1.99003616286197,1.96472889926979,91
2,2001,90.4171644019087,92.1997185966964,1.96687370580074,1.9421521315408,91
3,2001,93.2360943135727,94.9898145990463,2.0318991611535,2.011201672803,91
4,2001,96.1281354315912,97.6737175736165,2.10900985069188,2.08380000535508,91
1,2002,99.5632250405092,101.486001949211,2.08628254920799,2.06189022396526,91
3,2002,103.190013876498,105.194597250804,2.09960653472913,2.09021473606003,91
4,2002,103.904973817156,105.436976452419,2.06799345389552,2.04568152302407,91
1,2003,106.775439741675,108.688806255449,2.02352061196672,2.00276516788971,91
2,2003,107.29074633304,109.14158117033,1.97150391333742,1.95351371995295,91
3,2003,109.287646374927,110.942324287465,1.99117866318855,1.97102146864959,91
4,2003,110.599144686432,112.199649794845,1.98983247242842,1.97429409586563,91
1,2004,116.022981691819,117.93453597752,2.05420194927144,2.03410400786681,91
2,2004,117.42730022375,119.255129796956,2.04015188148129,2.02073606079842,91
3,2004,119.016939101119,120.734644357402,2.04153170585756,2.02386967356041,91
4,2004,119.584012505914,121.106184353535,2.01085141321976,1.99302607694476,91
1,2005,124.338236054726,126.242210588179,2.04509062201996,2.0264148720009,91
1,2006,123.575327827419,125.781476150809,1.73948137544303,1.73107158829442,91
2,2006,125.256813338145,126.927975468944,1.74481467334347,1.73040590086945,91
3,2006,125.579507208638,127.118481691953,1.71382015945714,1.70082568693497,91
4,2006,125.408306451302,126.981194666972,1.67587288982735,1.66918430093854,91
1,2007,129.676241463545,131.391958611291,1.69237904970219,1.67890682197086,91
3,2007,132.106324307438,133.601622346204,1.67925278542474,1.6666882284748,91
1,2009,145.352065755789,147.695576150757,1.69516030926883,1.69780403270541,91
4,2009,165.865279465554,167.560878527,2.12048457555439,2.10874321268752,91
4,2011,183.37695328578,185.658084429308,2.09210731565363,2.08452763603358,91
1,2012,185.671986399875,188.116631340112,2.08072143647368,2.07350269635916,91
2,2012,187.733297028985,190.180394167284,2.08593636603045,2.07903505069382,91
3,2012,190.066871140675,192.432902648847,2.09506825876836,2.08701475097817,91
1,2013,192.902798115945,195.343652207912,2.04870775752529,2.04221016317233,91
3,2013,198.03953376993,200.443216872611,2.08022504240846,2.07364118390806,91
4,2013,200.458039024916,202.704960765243,2.08917736646777,2.0818927225898,91
1,2014,201.497130114402,203.924717515542,2.05004855479211,2.04428258750859,91
2,2014,203.021434155348,205.407390656404,2.04210408990308,2.03544442784906,91
3,2014,204.73440682008,207.078427760832,2.0375630915905,2.0306641811594,91
4,2014,206.347016081637,208.596908803438,2.02844412353955,2.02210739657587,91
2,2015,212.799007980725,215.274192917453,2.06670815596553,2.06058376253347,91
3,2015,214.395245815574,216.816874891394,2.05832290350184,2.05210444656787,91
4,2015,215.006392627166,217.322123344636,2.02739701877779,2.02197943736955,91
1,2016,216.619324523096,219.105580071718,2.00783664228368,2.00255496154241,91
3,2016,219.717006264794,222.114887539767,1.9923104977539,1.98671045902938,91
1,2017,224.434041659845,226.905612322653,1.99532026699363,1.99018581792371,91
2,2017,226.350481965688,228.792104881055,1.99566472580771,1.99023021802498,91
4,2017,229.206584279834,231.508645807292,1.97417815787813,1.96946253814898,91
1,2018,230.596687196237,233.055059398259,1.95282820857119,1.9481185642014,91
3,2018,233.437890404573,235.794232195328,1.93563230527484,1.93039812841371,91
1,2019,238.05652925133,240.493679024174,1.936727337808,1.93209176229666,91
2,2019,239.48952642665,241.893470433068,1.92963067955288,1.92470623116217,91
3,2019,241.85196955675,244.20682565374,1.93746443600268,1.93243371628687,91
1,2020,254.152776273457,256.617459715431,2.0744305673986,2.06952841519562,91
3,2020,276.788592679522,287.61218180545,2.44124696969553,2.55478574875372,91
2,2021,465.278777889113,468.952721221644,11.2218377425196,11.186959723608,91
3,2021,468.715555169226,472.29729633685,11.2363342959738,11.2029878352249,91
1,2022,476.572956770232,480.230750830448,11.1666521031266,11.1255797799931,91
3,2022,484.649560028357,488.233748800915,11.2896912496004,11.2558281592909,91
4,2022,485.799924808294,489.363451698896,11.1036115115143,11.0696586023735,91
1,2023,487.661963357473,491.299842458443,10.7974762089564,10.7600381108312,91
2,2023,490.738507878734,494.31473024278,10.7687029394985,10.732951372794,91
3,2023,491.403732657476,494.930254458711,10.5544258446249,10.5241106040099,91
4,2023,493.303606965307,496.819774602101,10.4521987891157,10.420879298826,91
1,2024,497.045053270263,500.632045999012,10.3255314786637,10.2904149001529,91
2,2024,500.335259381671,503.875828255816,10.3191489322647,10.2862848067064,91
3,2024,498.65465297616,502.131555386444,9.94506331151677,9.91764157534502,91
4,2024,500.679094082859,504.147828688477,9.86411291267071,9.8353405688621,91
1,2001,89.1458673342273,91.0227229272495,1.98975958964862,1.96419815037628,92
2,2001,90.3988293175135,92.1809424051154,1.96594924368382,1.94124070432979,92
3,2001,93.217974016103,94.8868919004926,2.03097894199883,2.00615975709036,92
4,2001,96.7407657331244,98.3616123824987,2.14075708875673,2.11820511032093,92
1,2002,100.231610522125,102.449710308529,2.11974954587699,2.1086214932401,92
2,2002,102.076782275657,104.004845017258,2.12268063619958,2.1017184383282,92
3,2002,103.093211256816,104.871131942788,2.09499244751055,2.07524526673762,92
4,2002,103.968618316467,105.516486813334,2.070919981364,2.04921942502967,92
1,2003,106.785014358428,108.677818151511,2.02394184046965,2.00229700309588,92
2,2003,107.315054352806,109.14803272333,1.97252381415403,1.95377632726787,92
3,2003,109.418103832792,111.090814335796,1.99659763775025,1.97700312057105,92
4,2003,110.692056497475,112.299482058697,1.99360876220584,1.97824020238416,92
1,2004,116.036284194829,117.944941586079,2.05474853620797,2.0345190700945,92
2,2004,117.461293455303,119.283866282301,2.04151215191559,2.02185306487446,92
3,2004,118.982045690745,120.672276488123,2.04016227967664,2.02148961502701,92
4,2004,119.613545787527,121.164219040845,2.01197213946714,1.99516868570038,92
1,2005,124.351691965881,126.260142344717,2.04560027760531,2.02707565019606,92
2,2005,124.4451321427,126.2655997374,1.98490183542851,1.96806102326716,92
3,2005,120.233878234957,121.84890597927,1.79158398833702,1.77803832496068,92
4,2005,123.257354209084,124.752778707454,1.84855848516128,1.83510910661016,92
2,2006,125.256813338145,126.934607934514,1.74481467334347,1.73059717870776,92
3,2006,125.591293348083,127.091340620798,1.71415682791683,1.70006919583395,92
4,2006,125.458745524125,126.91541961006,1.67725895421696,1.66741429579337,92
1,2007,129.665512711138,131.383290252856,1.69208621636087,1.67867583465958,92
2,2007,131.097523049909,132.794322855151,1.68864084132357,1.67709264992106,92
3,2007,132.073550880774,133.561020816783,1.67839871406227,1.6656635722908,92
4,2007,133.063719706861,134.417121667034,1.67355505442024,1.66165220763465,92
4,2011,183.375461631082,185.648683685907,2.09210590733707,2.08443647972403,92
1,2012,185.582487683581,188.021440861592,2.07963095591213,2.07269871674656,92
2,2012,187.810825041034,190.266653827081,2.08654446416031,2.08053798753692,92
3,2012,190.035051840757,192.405802172592,2.09496760582165,2.08703638281784,92
4,2012,190.891016624204,193.159529865755,2.06517878758479,2.05809887107917,92
1,2013,192.893489796507,195.319379522381,2.04860005492865,2.04226892768844,92
2,2013,194.925489652045,197.416662153024,2.04837993874805,2.04485693771338,92
3,2013,198.044192559996,200.434661792364,2.08023946704335,2.07346320493562,92
4,2013,200.454324063603,202.699506749371,2.08917375142018,2.08185116977405,92
1,2014,201.500716772496,203.910826626307,2.05008950417855,2.04399759022415,92
2,2014,203.027976181127,205.408910318804,2.04215147137619,2.03543869211299,92
3,2014,204.731995122909,207.068839360928,2.03755613636637,2.03051396275277,92
4,2014,206.351649703849,208.606796542901,2.02844728461106,2.02222606984552,92
1,2015,210.177969003328,212.928888365333,2.04644880896507,2.04197894196014,92
2,2015,212.791899980788,215.26860281847,2.06667048706875,2.060548770882,92
4,2015,215.008808747513,217.32475284795,2.02739805399167,2.02199088309148,92
1,2016,216.62511838239,219.110461512368,2.00788344579296,2.00258712777108,92
2,2016,218.721880391289,221.172001856329,2.01200831717237,2.00624692637934,92
3,2016,219.708111633107,222.11030929737,1.99229468138064,1.98673631059054,92
4,2016,222.691243196522,224.991159164191,2.01139797688908,2.00616654228357,92
1,2017,224.435615500611,226.906978032752,1.99533261288019,1.99019926003705,92
1,2001,89.1457999332319,91.0204197609617,1.98975607452526,1.96408215380624,93
2,2001,90.4324207766936,92.2567846930641,1.96764325961837,1.94492482405347,93
3,2001,93.2862275935672,95.1779455674564,2.03444733047301,2.02045063918494,93
4,2001,96.0009083888391,97.8420212092165,2.10247609480636,2.0921656058975,93
1,2002,99.59750172712,101.527649868015,2.08798641472065,2.06388823022729,93
2,2002,102.634394418178,104.8208257813,2.15038608108921,2.1410554982202,93
3,2002,103.55252467272,105.956965507973,2.11697600566017,2.12592650018088,93
4,2002,104.510808563717,106.635054653895,2.09602065004726,2.09964677654783,93
1,2003,106.764177789587,108.666295868697,2.0230252824398,2.00180619779826,93
2,2003,107.29074633304,109.264730483099,1.97150391333742,1.95853203567331,93
3,2003,109.345963659003,111.037705081266,1.99359923637468,1.97486190867704,93
4,2003,110.692056497475,112.328578265632,1.99360876220584,1.97939166636694,93
1,2004,116.044565637564,117.954852538592,2.05508888619436,2.03491447761425,93
2,2004,117.533026806276,119.375039290662,2.04438559611211,2.02540108679823,93
3,2004,118.960490336497,120.647384408483,2.0393167677998,2.02054047116908,93
4,2004,119.584012505914,121.157194109222,2.01085141321976,1.99490922441622,93
1,2005,124.367082305052,126.272439963044,2.04618337156866,2.02752894257406,93
2,2005,124.57898047272,126.462384638374,1.98973814642736,1.9749888534169,93
4,2005,123.100227369262,124.580304969221,1.84347076714887,1.82966417152896,93
1,2006,123.592512964238,125.798889653046,1.73975979121364,1.73130073726548,93
2,2006,125.20420165175,126.887118336162,1.74325949897694,1.72922799033603,93
3,2006,125.591293348083,127.093411560926,1.71415682791683,1.70012693375047,93
4,2006,125.458745524125,126.995189631713,1.67725895421696,1.66956231146918,93
1,2007,129.670704791413,131.430468032271,1.69222349487164,1.67993335905746,93
2,2007,131.213812907492,132.983415339435,1.69176069596847,1.68205490421955,93
3,2007,132.073550880774,133.558726212051,1.67839871406227,1.66560737927785,93
4,2007,132.967402079277,134.380001174677,1.67116467625368,1.66086038628197,93
1,2008,136.979877069548,138.924292184496,1.68019265543007,1.67344089146814,93
2,2008,138.707762790271,140.380839175796,1.68458238161469,1.67320172732602,93
3,2008,143.149716449785,145.133374705856,1.76242396273745,1.76072091022411,93
4,2008,142.0906050056,143.805105083543,1.70508692515586,1.70068755897889,93
1,2009,145.307636065748,147.530055359994,1.69409085630344,1.69394067122068,93
2,2009,150.874087138768,154.060225011079,1.79219424907587,1.81639179000743,93
3,2009,162.125578526354,163.918721478161,2.04315505442141,2.02912770148671,93
4,2009,165.657189435908,167.366484339209,2.11557774585818,2.10475754847953,93
1,2010,169.183563533932,171.1445384156,2.10559717230845,2.09223506678867,93
2,2010,171.509837908882,173.385559613393,2.121001213507,2.1074089906037,93
3,2010,172.11904493715,173.864519114935,2.09367494277909,2.08112952518544,93
4,2010,174.635873217568,176.485634271123,2.11658388697611,2.1039428242143,93
1,2011,176.769202432009,178.732925028319,2.07695047961769,2.06485634915336,93
2,2011,177.841283050525,179.760259535869,2.05875100875251,2.04787760203657,93
3,2011,180.025601526393,181.832298486607,2.07426199122185,2.06348020233103,93
4,2011,183.375461631082,185.655254656154,2.09210590733707,2.08454062533467,93
1,2012,185.589663993877,188.052702733303,2.07971830677534,2.07291585056645,93
2,2012,187.810825041034,190.306243128179,2.08654446416031,2.08145619726123,93
3,2012,190.034486426189,192.419689091732,2.09496677531356,2.08726930943919,93
4,2012,190.891160286386,193.190082035434,2.06517889085019,2.0585077454889,93
1,2013,192.901418956628,195.334469432127,2.04869179240279,2.04256136036219,93
2,2013,194.876559669022,197.384586747389,2.04801568861886,2.04465254688306,93
3,2013,198.046439616677,200.463134560836,2.08024642342155,2.07396684728387,93
4,2013,200.458039024916,202.704960765243,2.08917736646777,2.0818927225898,93
1,2014,201.497130114402,203.916035233295,2.05004855479211,2.04412370195763,93
2,2014,203.021434155348,205.405209270198,2.04210408990308,2.03541298992308,93
3,2014,204.738785362063,207.081120016902,2.03757572146214,2.03067969530077,93
4,2014,206.353460388512,208.615168827481,2.02844852081371,2.02233198873389,93
1,2015,210.174088527123,212.930552428354,2.04643145475623,2.04200720439553,93
2,2015,212.792012794522,215.270640467537,2.06667108267926,2.06051539579335,93
3,2015,214.399307112537,216.822572997012,2.05833071782757,2.05209755975976,93
4,2015,215.007064020743,217.322989955472,2.02739731195785,2.02197774263007,93
1,2016,216.619324523096,219.10713320959,2.00783664228368,2.00258958884902,93
2,2016,218.72604734363,221.177920446094,2.01202872005999,2.00632063542775,93
3,2016,219.710722435922,222.106659601282,1.99229932287106,1.98665233123542,93
4,2016,222.690501773855,224.992276921179,2.01139765700793,2.00617529688475,93
1,2017,224.435909055052,226.907825218811,1.99533490784911,1.9902164349311,93
2,2017,226.347010117133,228.785908403641,1.99564830528147,1.99015141409766,93
3,2017,227.426686688182,229.810965955121,1.97892980352833,1.97347142858238,93
4,2017,229.204481838215,231.493586993949,1.97417732318542,1.96931737452289,93
1,2018,230.593992754313,233.054008286913,1.95280844364721,1.94810364229695,93
2,2018,232.002244627402,234.423685500539,1.94427079861835,1.93917140670803,93
3,2018,233.439697146473,235.799906328326,1.93563526212992,1.93046167016026,93
4,2018,236.16399034956,238.431130003651,1.94844305745612,1.94374050080047,93
1,2019,238.065776960821,240.505695129999,1.93679334427335,1.93230664365859,93
2,2019,239.498854400671,241.905312529218,1.92967057978633,1.9248201591893,93
3,2019,241.848226160641,244.198480779773,1.93745836037948,1.9323550324089,93
4,2019,247.844174086751,250.117599136457,2.00765889084148,2.00275848566597,93
1,2020,254.150915201401,256.616818481044,2.07441538663036,2.06953790348197,93
2,2020,256.588510051697,259.933021843403,2.07391330859228,2.06974726106269,93
3,2020,277.090423776269,290.698511637683,2.44217478716617,2.5808559812202,93
4,2020,324.473330701918,351.345802119915,3.4082085105681,4.23580876944884,93
1,2021,454.353945752547,458.999415019664,10.499482173636,10.5127770407758,93
2,2021,465.281437453781,468.925412805743,11.2220675244857,11.1847540998882,93
3,2021,468.673019993453,472.298279960839,11.2332465828214,11.2024842156679,93
4,2021,472.864911885037,476.454465335793,11.3103938282127,11.2716281288166,93
1,2022,476.570196934748,480.227848735984,11.1664099296327,11.1253365615967,93
2,2022,480.153136166325,483.77398229084,11.178811678901,11.1410660826204,93
3,2022,484.638462885268,488.217661560313,11.2889090032658,11.255022241861,93
4,2022,485.783532833945,489.350089009994,11.1029977995431,11.0696784530531,93
1,2023,487.66375595657,491.301606885354,10.797623074343,10.7601666064806,93
2,2023,490.735810854633,494.316192691668,10.7684942513541,10.7330436355326,93
3,2023,491.402147455981,494.928788278142,10.5543275240384,10.5240103431073,93
4,2023,493.301934088945,496.818496885069,10.4521454241479,10.420830625918,93
1,2024,497.045053270263,500.632271311036,10.3255314786637,10.2904369148001,93
2,2024,500.335259381671,503.875963258068,10.3191489322647,10.2863132202519,93
3,2024,498.654543210266,502.131559808358,9.94505720664513,9.91765178111653,93
4,2024,500.679094082859,504.147465479518,9.86411291267071,9.83531994025698,93
1,2001,89.1789868173687,91.0898311282246,1.99149455566813,1.96758087393419,94
2,2001,90.5384226582031,92.4613656329037,1.9729985426797,1.95489746015857,94
3,2001,93.1760497898988,94.8466245909861,2.02885143900623,2.0041904869304,94
4,2001,96.0357359838559,97.5969074529295,2.10426266380324,2.07999262111765,94
1,2002,99.7444712195455,101.67352804584,2.09530560992799,2.07090178115687,94
2,2002,102.544195134031,104.725254286845,2.145880052034,2.13641251653961,94
3,2002,103.298957653281,105.217930571834,2.10481029368258,2.09129923290663,94
4,2002,104.09152178137,105.651840466866,2.07658308546174,2.05525683882678,94
1,2003,106.764177789587,108.666295868697,2.0230252824398,2.00180619779826,94
2,2003,107.38519153209,109.174054854296,1.97546954363897,1.95483576397085,94
3,2003,109.503942201649,111.194049068613,2.00017125520071,1.98117250295272,94
4,2003,110.692056497475,112.299482058697,1.99360876220584,1.97824020238416,94
1,2004,116.06688863779,117.977795888957,2.05600659543113,2.03583012056258,94
2,2004,117.48102351653,119.303970808544,2.04230208259002,2.02263491509538,94
3,2004,118.960490336497,120.647384408483,2.0393167677998,2.02054047116908,94
4,2004,119.567129039466,121.071036098898,2.0102110071006,1.99172953746538,94
1,2005,124.351691965881,126.257386308498,2.04560027760531,2.02697407964315,94
3,2005,120.233878234957,121.790539111659,1.79158398833702,1.77621878698976,94
4,2005,123.257354209084,124.730097326084,1.84855848516128,1.83439307767868,94
1,2006,123.575327827419,125.785266053381,1.73948137544303,1.73127342921074,94
2,2006,125.256813338145,126.954672078021,1.74481467334347,1.73117595856804,94
3,2006,125.602024767583,127.270855563912,1.71446343303701,1.70507911571239,94
4,2006,125.408306451302,127.085977283035,1.67587288982735,1.67200689903199,94
1,2007,129.669458536231,131.38566968013,1.69219391123223,1.67873657288443,94
2,2007,131.152652642605,132.85290082064,1.69011915084393,1.67862601818442,94
3,2007,132.119232822537,133.660626772666,1.67958930583873,1.66817093532798,94
4,2007,132.959351632658,134.415887469233,1.67096312399623,1.6615724017803,94
1,2008,136.979877069548,138.775363627419,1.68019265543007,1.66975326809058,94
2,2008,138.780671340712,140.497831859346,1.68640618779935,1.67604841128673,94
3,2008,143.79785114482,146.065671632824,1.77919343037308,1.78429277130834,94
4,2008,142.0906050056,143.577574108138,1.70508692515586,1.69558687916342,94
1,2009,145.752946035648,149.09264474775,1.7048413569127,1.73092387450082,94
2,2009,151.081937853864,153.645120351405,1.79733510156578,1.80647306698811,94
3,2009,160.437218184398,162.148163681689,1.99742424122427,1.98419392300983,94
4,2009,165.657189435908,167.35014650366,2.11557774585818,2.10418164384121,94
1,2010,169.183563533932,171.133607188199,2.10559717230845,2.09193785917309,94
2,2010,171.49444644713,173.369957094869,2.12057192509191,2.10698253350663,94
3,2010,172.11904493715,174.017566787281,2.09367494277909,2.08475452240251,94
4,2010,173.73746389149,175.462181983168,2.0965373957493,2.08812695821207,94
1,2011,176.774151837765,178.734709953476,2.07708125569784,2.06490106278488,94
2,2011,177.817040890419,179.782754129751,2.05813371052872,2.04839841609941,94
3,2011,180.351908486474,182.184180289877,2.08222259578746,2.07153621512044,94
4,2011,183.375373075202,185.643542015652,2.09210613740797,2.08435198269543,94
1,2012,185.659712982471,188.128696378958,2.08057174613765,2.07330807099125,94
2,2012,187.735427537031,190.230547059009,2.08595253979431,2.07991885135414,94
3,2012,190.057515192285,192.443106048214,2.09503916546388,2.08712896411438,94
4,2012,190.891160286386,193.14645678724,2.06517889085019,2.05788637963579,94
1,2013,192.89798504877,195.370476558091,2.04865206035674,2.04249533958856,94
2,2013,194.782548221021,197.306195887267,2.04731675798392,2.04366871732401,94
3,2013,198.034297478281,200.441422050885,2.08020883613378,2.07361384276121,94
4,2013,200.462750136307,202.714655875695,2.0891809241038,2.08199398853566,94
1,2014,201.492570161242,203.919307056974,2.04999648967446,2.04417150273071,94
2,2014,203.025945247524,205.418112935035,2.04213676248501,2.03545278829095,94
3,2014,204.730845012787,207.078573484239,2.03755281569929,2.0306398739376,94
4,2014,206.347016081637,208.596908803438,2.02844412353955,2.02210739657587,94
1,2015,210.171916523776,212.92541740549,2.04642174024295,2.04193904842383,94
2,2015,212.79269984711,215.269323082333,2.0666747264578,2.06055730266305,94
3,2015,214.393720150217,216.816719138664,2.05831996207056,2.05211728191841,94
4,2015,215.007064020743,217.322989955472,2.02739731195785,2.02197774263007,94
1,2016,216.610708774296,219.102776746712,2.00776705848038,2.00253809614336,94
2,2016,218.720783234497,221.178058181259,2.01200295678011,2.00634070266538,94
3,2016,219.710722435922,222.126097764494,1.99229932287106,1.98694027430776,94
4,2016,222.690501773855,224.987102313023,2.01139765700793,2.00612605382705,94
1,2017,224.434139169379,226.908182745704,1.99532102933056,1.99021855547782,94
2,2017,226.351019141542,228.789057758652,1.99566726681629,1.9901585611285,94
3,2017,227.424469553068,229.807432519784,1.97892596701071,1.97344026269308,94
4,2017,229.205207005333,231.49576118178,1.97417760976097,1.96933615854628,94
1,2018,230.596687196237,233.049343925417,1.95282820857119,1.94801364153439,94
3,2018,233.437951621105,235.797877474254,1.93563240988563,1.93044196069332,94
4,2018,236.16399034956,238.431130003651,1.94844305745612,1.94374050080047,94
1,2001,89.1462041234737,91.0268225989619,1.98977722917502,1.96440462569527,95
3,2001,93.2360943135727,95.1162661171361,2.0318991611535,2.01741365563081,95
4,2001,96.0009083888391,97.7306513445056,2.10247609480636,2.08662523925867,95
1,2002,99.5456298380832,101.501537716775,2.08540923665639,2.06263532212507,95
2,2002,102.076782275657,103.940458866963,2.12268063619958,2.09864498877951,95
3,2002,103.298957653281,105.137344392533,2.10481029368258,2.0875584403687,95
4,2002,103.968618316467,105.506806619041,2.070919981364,2.04878845893912,95
1,2003,106.761523912595,108.703968786256,2.02290856276889,2.00341137090044,95
2,2003,107.29074633304,109.157701319394,1.97150391333742,1.95416988167575,95
3,2003,109.287646374927,110.983327943132,1.99117866318855,1.97267156122702,95
4,2003,110.692056497475,112.360845451872,1.99360876220584,1.98066940661287,95
1,2004,116.044565637564,117.953124252945,2.05508888619436,2.0348455210233,95
2,2004,117.48102351653,119.304357927256,2.04230208259002,2.02264995980539,95
3,2004,118.952306258695,120.624598516481,2.03899583819501,2.01967203632378,95
4,2004,119.567129039466,121.06519051712,2.0102110071006,1.99151400443678,95
1,2005,124.317138691487,126.222304817126,2.04429178599578,2.02568161069518,95
2,2005,124.409284878074,126.206945667354,1.98360857375148,1.96600080893281,95
3,2005,120.279464372708,121.882546575666,1.79304293828264,1.77908793532257,95
4,2005,123.141320654371,124.559857386813,1.8447999964653,1.82901909767678,95
1,2006,123.568901316462,125.78124561809,1.73937730435786,1.73121487921675,95
2,2006,125.29171431776,127.04002108117,1.74584710405964,1.73364019633259,95
3,2006,125.579507208638,127.135905007728,1.71382015945714,1.70131151353781,95
4,2006,125.59980100633,126.956531080624,1.68113881424317,1.66852213377153,95
1,2007,129.666135924145,131.382116631543,1.69210321760147,1.67864456239629,95
2,2007,131.213812907492,132.917637048306,1.69176069596847,1.68032709435675,95
3,2007,132.073550880774,133.558726212051,1.67839871406227,1.66560737927785,95
4,2007,133.063719706861,134.410938781471,1.67355505442024,1.66153977595372,95
1,2008,136.899309535038,138.635743920779,1.67814659077737,1.66629571532632,95
2,2008,138.707762790271,140.368322866836,1.68458238161469,1.67289463910522,95
3,2008,142.966723662947,144.838823798394,1.75771912894426,1.7533532169794,95
4,2008,142.0906050056,143.610509480629,1.70508692515586,1.69659425629924,95
1,2009,145.502707917731,148.355483094586,1.69879155428977,1.71335868117041,95
2,2009,151.246294048623,153.633686816429,1.80141198138227,1.80630433008405,95
3,2009,160.805230848176,162.518049067169,2.00728228266007,1.99512077668936,95
4,2009,166.08978056194,167.785456152763,2.12580552754823,2.11425025029595,95
1,2010,169.169464517478,171.116002333215,2.10519756841775,2.09145756965847,95
2,2010,171.619145395163,173.515564113578,2.12405368202126,2.11090342052999,95
3,2010,172.176571884028,173.980103306257,2.09519141683194,2.08386996491415,95
4,2010,173.619365797922,175.313826747591,2.09393132533719,2.08405946070858,95
1,2011,176.765178703685,178.711379096247,2.07684417355356,2.06430897608391,95
2,2011,177.789989092777,179.645923727637,2.0574451168806,2.04516229018638,95
3,2011,180.025083479385,181.835488303509,2.07424938022115,2.06353474967973,95
4,2011,183.375756687226,185.650476606177,2.09210555234695,2.08446321250113,95
1,2012,185.608409000576,188.080762269294,2.0799465386683,2.07302320762155,95
2,2012,187.759766856912,190.275063339642,2.08614335789966,2.08095398405225,95
3,2012,190.035725790809,192.425990744958,2.09497066235237,2.08730711279076,95
4,2012,190.891111521599,193.177490397944,2.06517884994314,2.05836721892376,95
1,2013,192.890127608615,195.357396695341,2.04856115166215,2.04252355803915,95
2,2013,194.843509804626,197.377512696853,2.04776984061008,2.04477904867798,95
3,2013,198.035777789499,200.453069262897,2.08021341570906,2.07381398686412,95
4,2013,200.459069072183,202.704154158965,2.08917815483453,2.08185811997975,95
1,2014,201.502716508597,203.914258707795,2.05011233793211,2.04406261875693,95
2,2014,203.021615423119,205.40516763507,2.04210540034375,2.03541605126889,95
3,2014,204.740207443952,207.082347193767,2.03757982685377,2.03068827878316,95
4,2014,206.349411310386,208.605203657152,2.02844575901074,2.02221802540633,95
1,2015,210.175805992169,212.926701004253,2.04643912925686,2.04195878480647,95
2,2015,212.795924053337,215.271113575906,2.06669181256246,2.06055965369623,95
3,2015,214.395632991178,216.817720020423,2.05832364108977,2.05211459620704,95
4,2015,215.006405402236,217.323142357249,2.0273970267145,2.02199112811097,95
1,2016,216.621654470484,219.106760558476,2.00785546707117,2.00254629451921,95
2,2016,218.722277115718,221.175711835163,2.01201026620894,2.00631335415166,95
3,2016,219.705483045522,222.099607887118,1.99229000136169,1.98660040060956,95
4,2016,222.691778600965,224.989345487344,2.0113981997265,2.0061403597874,95
1,2017,224.434035567627,226.905985078422,1.99532021695855,1.99019062479261,95
2,2017,226.351708080144,228.789755499212,1.99567052808983,1.99015645911083,95
3,2017,227.433352959623,229.815138830104,1.97894135516482,1.97346178346236,95
4,2017,229.204825178421,231.494117768221,1.97417745764961,1.96932119118343,95
1,2018,230.592004756434,233.048851267099,1.95279386638267,1.94803019113887,95
2,2018,232.005791085604,234.426596032366,1.94428626709336,1.93921514076109,95
3,2018,233.439954523523,235.796432597295,1.93563567899136,1.93041325898512,95
4,2018,236.163960991947,238.430135298997,1.948443050534,1.94373051116678,95
1,2019,238.051111564042,240.491050089352,1.93668866979619,1.9321856782078,95
2,2019,239.490682187114,241.895253029427,1.92963562120805,1.92472629512881,95
3,2019,241.849291037108,244.200554153388,1.93746008569544,1.93237347622085,95
4,2019,247.84215170653,250.1128608879,2.00765804067027,2.00273912452628,95
1,2020,254.149771236842,256.614463978193,2.07440605482599,2.06950310284103,95
2,2020,259.556344137718,262.549493538832,2.08934594877768,2.07491616751237,95
3,2020,277.056541241618,286.797040655018,2.44207052963227,2.52577705668566,95
4,2020,326.717853258078,352.224392596129,3.41275100217902,4.22447323138262,95
1,2021,453.875335538002,458.321431246347,10.45836162552,10.4592725872114,95
2,2021,465.288716798864,468.929206665945,11.2226964785136,11.1851831715012,95
4,2021,472.807425024257,476.398625304334,11.3080690685702,11.269613910173,95
1,2022,476.569955446025,480.227600824155,11.1663887373392,11.1253154572457,95
2,2022,480.162662973018,483.780341123861,11.1796034921755,11.1414639032577,95
3,2022,484.65981455161,488.240763037487,11.2904142162134,11.2563762100093,95
4,2022,485.798344607402,489.382195691689,11.1035523424564,11.0725676545899,95
1,2023,487.663865885601,491.303456934526,10.7976320789066,10.7603015167282,95
2,2023,490.736381757446,494.313892777003,10.7685384230307,10.73288424067,95
3,2023,491.399141996345,494.926613206447,10.5541411211353,10.5238296538546,95
4,2023,493.306556696435,496.824879152606,10.4522928872526,10.4209275592509,95
1,2024,497.041326290919,500.630843335914,10.3252496148854,10.2903200956881,95
2,2024,500.332203470678,503.873451447543,10.3189310961545,10.2861400937883,95
3,2024,498.65482716372,502.131802183973,9.94507300297336,9.91764979705316,95
4,2024,500.679402381808,504.147994742437,9.86412147432945,9.83531297502234,95
1,2001,89.1683346820859,91.0480574906542,1.99093638265161,1.96547449153472,96
2,2001,90.476458494168,92.2753770671999,1.96986631394594,1.94582905495162,96
3,2001,93.2862275935672,95.1193249451537,2.03444733047301,2.0175641677368,96
4,2001,96.0357359838559,97.6412471210815,2.10426266380324,2.08218952519505,96
1,2002,99.5488685390721,101.477752366423,2.08557005753868,2.06149470936963,96
2,2002,102.011548515231,103.922504325702,2.11946127518662,2.09778803328075,96
3,2002,103.190013876498,105.097237171815,2.09960653472913,2.08569803592215,96
4,2002,103.901093020346,105.462145063579,2.06781514495725,2.04680058149955,96
1,2003,106.765477379148,108.707656679869,2.02308242292795,2.00356856207512,96
2,2003,107.285352165118,109.172951578132,1.97127765993615,1.95479082870881,96
3,2003,109.243253423613,110.928837742826,1.98933801385788,1.97047907171471,96
4,2003,110.692056497475,112.250845899577,1.99360876220584,1.97631689366366,96
1,2004,116.029925485144,117.955079533378,2.05448724738628,2.03492353640417,96
2,2004,117.445758111958,119.2935695389,2.04089037958431,2.02223038706853,96
3,2004,118.982045690745,120.725395549986,2.04016227967664,2.02351653699903,96
4,2004,119.66407547072,121.311424254359,2.01389108692503,2.00061375544576,96
1,2005,124.326717468725,126.231374464222,2.04465443776587,2.02601567539808,96
2,2005,124.4451321427,126.256680312742,1.98490183542851,1.96774759419062,96
3,2005,120.233878234957,121.84890597927,1.79158398833702,1.77803832496068,96
4,2005,123.100227369262,124.529312068623,1.84347076714887,1.82805603371252,96
1,2006,123.592512964238,125.798889653046,1.73975979121364,1.73130073726548,96
2,2006,125.256813338145,126.954672078021,1.74481467334347,1.73117595856804,96
3,2006,125.579507208638,127.180170416837,1.71382015945714,1.70254643899009,96
4,2006,125.448933789916,127.700420866306,1.67698924045088,1.68865284411733,96
2,2007,131.152652642605,132.836090290422,1.69011915084393,1.67818750931813,96
3,2007,132.106324307438,133.681701371491,1.67925278542474,1.66870037123174,96
4,2007,133.063719706861,134.410938781471,1.67355505442024,1.66153977595372,96
1,2008,136.950167028557,138.702882982066,1.67943786026736,1.66796001411253,96
2,2008,138.75323908306,140.448936057169,1.68572191840879,1.67485860766156,96
3,2008,143.565585127649,145.693161973084,1.77316492219369,1.7748435925948,96
4,2008,142.0906050056,143.573265654434,1.70508692515586,1.6957855645302,96
1,2009,145.502707917731,148.290812916615,1.69879155428977,1.71182478935322,96
2,2009,151.007465055417,153.696999354108,1.79549122383178,1.80767413485312,96
3,2009,160.846562920182,162.569827745364,2.00839326564911,1.99706418733696,96
4,2009,165.738176711005,167.488303130488,2.11748458109596,2.10818430152134,96
1,2010,169.170182544265,171.131411806909,2.10521902417181,2.0918775798964,96
2,2010,171.509837908882,173.403060208864,2.121001213507,2.10790641726729,96
3,2010,172.201726045199,174.025311370689,2.0958546236179,2.08495474335262,96
4,2010,173.529334231395,175.248490182735,2.09194997026142,2.08312244297862,96
1,2011,176.76556924644,178.696724623903,2.07685449440768,2.06393524237687,96
2,2011,177.817040890419,179.684506424089,2.05813371052872,2.04608599257444,96
3,2011,180.025601526393,181.8478123672,2.07426199122185,2.06376213915465,96
4,2011,183.375373075202,185.655825882379,2.09210613740797,2.08453369068034,96
1,2012,185.637859251422,188.103708752333,2.08030533723493,2.07314759292904,96
3,2012,190.04355345766,192.417764627074,2.0949952714497,2.08704056067056,96
4,2012,190.890942319197,193.17803596607,2.06517873702459,2.05834348488351,96
1,2013,192.88879458314,195.322592937343,2.0485457275936,2.04227605341154,96
2,2013,194.855135196399,197.407632623545,2.04785630392124,2.04533355391429,96
3,2013,198.046439616677,200.491937668013,2.08024642342155,2.07447634787122,96
4,2013,200.45421775785,202.699528925523,2.08917365498202,2.08185185895039,96
1,2014,201.509148829136,203.925702995655,2.05018578980404,2.04427888402838,96
2,2014,203.022630926921,205.407032185014,2.04211275840668,2.0354523135134,96
3,2014,204.73440682008,207.078427760832,2.0375630915905,2.0306641811594,96
4,2014,206.347016081637,208.596908803438,2.02844412353955,2.02210739657587,96
1,2015,210.177844071135,212.928808881502,2.04644824512059,2.04197848495351,96
2,2015,212.795356869298,215.274885662507,2.06668880121037,2.06063869280574,96
3,2015,214.395462675263,216.821467438461,2.05832331348925,2.05217571496096,96
4,2015,215.006988286946,217.329964494041,2.02739728445576,2.02206608056143,96
1,2016,216.623779749381,219.112246922569,2.00787263225559,2.00265398870795,96
2,2016,218.72069579168,221.172627172054,2.01200252407367,2.00625493623101,96
3,2016,219.710722435922,222.126097764494,1.99229932287106,1.98694027430776,96
4,2016,222.690501773855,224.988295891411,2.01139765700793,2.00613556171839,96
1,2017,224.434567683254,226.907544984284,1.99532439401062,1.99019401232207,96
2,2017,226.350481965688,228.792104881055,1.99566472580771,1.99023021802498,96
3,2017,227.423890952258,229.808952190126,1.97892496680712,1.97346361515247,96
4,2017,229.204481838215,231.497468597819,1.97417732318542,1.96935718527127,96
1,2018,230.592143995882,233.048991902329,1.95279488116324,1.94803270932027,96
2,2018,232.004514275111,234.425910332768,1.94428069819341,1.93921069664661,96
3,2018,233.438120810968,235.79686726699,1.93563268022267,1.93043132628243,96
4,2018,236.162911268514,238.428219084788,1.94844264542315,1.9437173412259,96
1,2019,238.040658611469,240.478239199467,1.93661408175976,1.93201958293063,96
2,2019,239.494592344816,241.897372160754,1.92965234947236,1.92472328618716,96
3,2019,241.849406994182,244.202792809055,1.93746027407686,1.93240077441134,96
4,2019,247.842459189193,250.115599570728,2.0076581698819,2.00276015956112,96
1,2020,254.150915201401,256.615990085274,2.07441538663036,2.06952406144857,96
2,2020,258.666619984969,263.905453772573,2.08465499127984,2.08022706330928,96
3,2020,277.090423776269,289.168618857334,2.44217478716617,2.55834499320686,96
4,2020,324.770120967362,350.753679285372,3.40880685888054,4.20815862034358,96
1,2021,454.529051492309,459.433938237635,10.5145758542691,10.5451377631458,96
2,2001,90.4324207766936,92.2567846930641,1.96764325961837,1.94492482405347,28
3,2001,93.2862275935672,95.2822557913706,2.03444733047301,2.0255971248132,28
4,2001,96.0357359838559,97.5865897560271,2.10426266380324,2.07948131287534,28
1,2002,99.5257383000778,101.508012853691,2.08442106181429,2.06294593110123,28
2,2002,102.011548515231,103.88343573521,2.11946127518662,2.09592727603907,28
3,2002,103.008712956356,104.778744982646,2.09097315411934,2.0709893197717,28
4,2002,103.901093020346,105.497321796785,2.06781514495725,2.04836601360014,28
1,2004,116.156156434896,118.150480839159,2.05968053576243,2.04273498413444,28
2,2004,117.642182791227,119.554558511174,2.04876585557698,2.03240531356071,28
3,2004,118.957506087252,120.634723127375,2.03919974141993,2.02005786184024,28
4,2004,119.584012505914,121.095492931325,2.01085141321976,1.99263161621463,28
1,2005,124.326717468725,126.230965576713,2.04465443776587,2.02600060834852,28
2,2005,124.377852564629,126.171186929392,1.98247528600286,1.96474584346656,28
3,2005,120.422127307131,122.252757758035,1.79761644649004,1.79067947330874,28
4,2005,123.141320654371,124.555063854375,1.8447999964653,1.8288676144468,28
2,2006,125.430544236245,127.386382432702,1.74995995097101,1.74367654560596,28
3,2006,125.579507208638,127.206998839867,1.71382015945714,1.70329533204543,28
1,2007,129.666135924145,131.406241613749,1.69210321760147,1.67928748009447,28
4,2007,133.063719706861,134.427593959794,1.67355505442024,1.6618667171162,28
1,2008,137.012431296775,138.842008850453,1.68102009853594,1.67140305091412,28
2,2008,138.707762790271,140.380839175796,1.68458238161469,1.67320172732602,28
3,2008,142.966723662947,144.884781884959,1.75771912894426,1.75448936385607,28
1,2009,145.441347111593,148.479443473476,1.69731147772954,1.71631739745745,28
4,2010,173.529334231395,175.221010929979,2.09194997026142,2.081912792255,28
2,2001,90.4921610652991,92.3244236041488,1.97065958935777,1.94821637039972,46
2,2001,90.4171644019087,92.2114390754415,1.96687370580074,1.94272127782189,47
3,2001,93.1993436882377,94.945567140108,2.03003323373161,2.00903250239898,47
4,2001,96.0009083888391,97.644797164649,2.10247609480636,2.08236491063773,47
1,2002,99.5169707257653,101.573386404857,2.08398673768134,2.06608458545263,47
2,2002,101.838273564648,103.705022074744,2.11093938949748,2.08744542488909,47
3,2002,102.93666277848,104.657854886762,2.08755205345562,2.06543362354684,47
4,2002,103.901093020346,105.449040627656,2.06781514495725,2.04621772179662,47
1,2003,106.762173791122,108.654749733513,2.02293714692237,2.00131449219243,47
2,2003,107.284469563696,109.156518443664,1.97124063775418,1.95412171071102,47
3,2003,109.21286241512,110.956013201448,1.98807889878426,1.97157212899841,47
4,2003,110.599144686432,112.294892865579,1.98983247242842,1.9780580454305,47
1,2004,116.022398213004,117.937102802445,2.05417797287999,2.0342063851557,47
2,2004,117.42730022375,119.254879952046,2.04015188148129,2.02072634958552,47
3,2004,119.016939101119,120.690950427521,2.04153170585756,2.02220204313795,47
4,2004,119.584012505914,121.084379073411,2.01085141321976,1.99222178447703,47
1,2005,124.300059787721,126.203487972569,2.04364533174987,2.02498869801526,47
2,2005,124.377852564629,126.179218338621,1.98247528600286,1.96502763045215,47
3,2005,120.422127307131,122.145019170669,1.79761644649004,1.78729838197427,47
4,2005,123.100227369262,124.519820431529,1.84347076714887,1.82775776586258,47
1,2006,123.583198490398,125.789991063756,1.73960886106333,1.73127045942016,47
2,2006,125.256813338145,126.968099209418,1.74481467334347,1.73156339514392,47
3,2006,125.575927810202,127.145332891848,1.71371791773086,1.70157453173041,47
4,2006,125.458745524125,127.207908121019,1.67725895421696,1.67529921484459,47
1,2007,129.701423050725,131.448831315636,1.6930619908311,1.68042309162303,47
2,2007,131.280968592913,133.030588574763,1.69356499121117,1.68329516559456,47
3,2007,132.086592309598,133.575707929135,1.67873852012336,1.66603585114672,47
4,2007,133.063719706861,134.442352521463,1.67355505442024,1.66218330605379,47
1,2008,136.979877069548,138.757702268711,1.68019265543007,1.6693153909733,47
2,2008,138.716774853583,140.368645904162,1.68480814167932,1.67290225916821,47
3,2008,143.149716449785,144.9525152052,1.76242396273745,1.75624472828487,47
4,2008,142.0906050056,143.692315263572,1.70508692515586,1.69832457626562,47
1,2009,145.324229878611,147.979640194857,1.6944862133392,1.70452026557505,47
2,2009,151.336108581218,153.619748061564,1.80364424927017,1.80599638714114,47
3,2009,161.264622851949,163.041076853964,2.01967391975999,2.00589113775891,47
1,2010,169.226867201316,171.210158625759,2.10682022522653,2.09402981050634,47
2,2010,171.48289547779,173.3582656762,2.12025147946098,2.10666394164911,47
3,2010,172.095869741945,173.850131961179,2.09306439980247,2.0807432235865,47
4,2010,173.99168410671,175.681111542654,2.10216793093258,2.09174655427059,47
1,2011,176.78965436007,178.774033333302,2.07749090954896,2.0659021640986,47
2,2011,177.756444703983,179.635804947953,2.05659162697058,2.04489779325814,47
3,2011,180.23133032332,182.142902974393,2.07927610129667,2.07019061205581,47
4,2011,183.375373075202,185.644938507674,2.09210613740797,2.08437097073057,47
1,2012,185.598941774138,188.051597311809,2.07983126238236,2.07285680464462,47
2,2012,187.756444501302,190.237086636542,2.08611730457053,2.08022651803599,47
3,2012,190.03551089184,192.419460220155,2.09496999247533,2.08721895266524,47
4,2012,190.891160286386,193.144148725856,2.06517889085019,2.05785467518775,47
1,2013,192.891171310829,195.330118563691,2.0485732206017,2.04219844495836,47
2,2013,194.798727989952,197.292531820162,2.04743695681829,2.04330027134253,47
3,2013,198.03953376993,200.435654344878,2.08022504240846,2.07350758999553,47
4,2013,200.458039024916,202.707041172522,2.08917736646777,2.08192893575661,47
1,2014,201.497130114402,203.90482556174,2.05004855479211,2.04388301492343,47
2,2014,203.021587621021,205.402382318933,2.04210519369766,2.03536213242535,47
3,2014,204.73440682008,207.068931393443,2.0375630915905,2.03049901499211,47
4,2014,206.34927430748,208.59192277883,2.02844566016968,2.02203114708216,47
1,2015,210.177844071135,212.925905480616,2.04644824512059,2.04193464302602,47
2,2015,212.803653168512,215.277592559924,2.06673277822759,2.06057265396651,47
3,2015,214.401804030481,216.82308794573,2.05833551874834,2.05211458039515,47
4,2015,215.006392627166,217.320804667208,2.02739701877779,2.02196522467585,47
1,2016,216.612789011144,219.097022223931,2.00778385649526,2.00243003009786,47
2,2016,218.723153909633,221.173290466627,2.01201455539367,2.00625558334814,47
3,2016,219.717006264794,222.126082719162,1.9923104977539,1.98688633029734,47
2,2017,226.358229231213,228.801867090227,1.9957013773518,1.99033291849564,47
3,2017,227.423890952258,229.829135561281,1.97892496680712,1.97371033389919,47
1,2018,230.604613041904,233.06030484653,1.95288636429804,1.94815931841474,47
2,2018,232.007309410427,234.432428285698,1.9442928804142,1.93929175147067,47
3,2018,233.439005927921,235.794575935623,1.93563413306543,1.93039356268707,47
4,2018,236.163267282737,238.426244833826,1.94844278850767,1.94369478180048,47
1,2019,238.023415482022,240.463261252402,1.93649106128636,1.93193895245913,47
2,2019,239.494592344816,241.898475498649,1.92965234947236,1.92474549487675,47
3,2019,241.855913847666,244.21910163579,1.93747084435805,1.93256107966779,47
4,2019,247.844174086751,250.114387352564,2.00765889084148,2.00273743247436,47
1,2020,254.150397126185,256.6179202451,2.07441116361167,2.06952074566244,47
3,2020,276.79735190029,288.285474517798,2.44127386285141,2.56334362361532,47
4,2020,326.016776810083,351.708249192842,3.4113278478504,4.219466853124,47
1,2021,454.493928163373,459.212654714002,10.511546199666,10.5295408560604,47
2,2021,465.281437453781,468.928835619992,11.2220675244857,11.185042620314,47
3,2021,468.675805966036,472.289820366598,11.233448759435,11.2020835771259,47
4,2021,472.963985087287,476.555454043304,11.3144052860069,11.2748312515985,47
1,2022,476.58161041483,480.243014340485,11.1674115043293,11.126516143489,47
2,2022,480.153231579017,483.771527953893,11.1788196143156,11.1408904640327,47
3,2022,484.636533304714,488.216798032577,11.2887729963757,11.2549472479958,47
4,2022,485.790460216956,489.354076450483,11.1032571398633,11.0693564967735,47
1,2023,487.662988939934,491.301251055298,10.7975602305295,10.7601403752592,47
2,2023,490.737990526234,494.314443150295,10.7686629086632,10.7329316962747,47
3,2023,491.396745436011,494.923209941095,10.5539924943886,10.5238114523452,47
4,2023,493.301571781441,496.818916529085,10.4521338684135,10.4208932518486,47
1,2024,497.047751198136,500.634997643323,10.3257355208754,10.2906166716529,47
2,2024,500.335259381671,503.875820284326,10.3191489322647,10.2862908177989,47
3,2024,498.654543210266,502.131137775333,9.94505720664513,9.91762667202253,47
4,2024,500.679546063091,504.147343773518,9.86412546095578,9.83531989446091,47
2,2001,90.4324207766936,92.2221186238682,1.96764325961837,1.94324003403569,52
1,2002,99.5169707257653,101.685437939155,2.08398673768134,2.0714754100054,52
2,2002,102.011548515231,103.86936074248,2.11946127518662,2.09525700635581,52
3,2002,103.008712956356,104.710913456575,2.09097315411934,2.06787040641834,52
4,2002,103.901093020346,105.462145063579,2.06781514495725,2.04680058149955,52
1,2003,106.762173791122,108.736274832215,2.02293714692237,2.00478888592154,52
2,2003,107.284469563696,109.293412382597,1.97124063775418,1.95970263866185,52
3,2003,109.194274921238,111.062697701425,1.98730920497474,1.975869000541,52
4,2003,110.599144686432,112.259968122639,1.98983247242842,1.97667701615694,52
2,2004,117.42730022375,119.260995912913,2.04015188148129,2.02096403242258,52
3,2004,118.982045690745,120.694385780461,2.04016227967664,2.02233300540192,52
4,2004,119.584012505914,121.157194109222,2.01085141321976,1.99490922441622,52
1,2005,124.351691965881,126.260142344717,2.04560027760531,2.02707565019606,52
2,2005,124.4451321427,126.244101281189,1.98490183542851,1.96730565643174,52
3,2005,120.342252599248,121.997418200173,1.79505438338998,1.78267659839051,52
4,2005,123.100227369262,124.519820431529,1.84347076714887,1.82775776586258,52
1,2006,123.575327827419,125.795928948784,1.73948137544303,1.73159003641621,52
4,2006,125.408306451302,127.678559029247,1.67587288982735,1.68805986984755,52
1,2007,129.688350775375,131.407531135704,1.6927096098767,1.67932186053686,52
2,2007,131.280968592913,132.95596166636,1.69356499121117,1.68133068173452,52
3,2007,132.073550880774,133.563877917666,1.67839871406227,1.66573827500221,52
4,2007,133.063719706861,134.484708463293,1.67355505442024,1.66312266205669,52
1,2008,137.127071501068,138.957141354774,1.68393724536915,1.67426973244778,52
2,2008,138.731936379303,140.385365425846,1.6851880209707,1.67331181040451,52
3,2008,142.966723662947,144.683825816765,1.75771912894426,1.7495387705271,52
4,2008,142.0906050056,143.54989631332,1.70508692515586,1.69525480460353,52
1,2009,145.704402619692,148.846522528636,1.70366601665453,1.72503439495082,52
2,2009,150.874087138768,153.290471383607,1.79219424907587,1.79759968999096,52
3,2009,160.437218184398,162.148163681689,1.99742424122427,1.98419392300983,52
4,2009,165.865279465554,167.560878527,2.12048457555439,2.10874321268752,52
1,2010,169.170182544265,171.114405981997,2.10521902417181,2.09141327013753,52
2,2010,171.509837908882,173.388951125632,2.121001213507,2.10748801694917,52
3,2010,172.201726045199,174.195202584829,2.0958546236179,2.08898071815175,52
4,2010,173.529334231395,175.315415217229,2.09194997026142,2.08538087011178,52
1,2011,176.764910832258,178.700934967045,2.07683710586873,2.06404257420565,52
2,2011,177.796831630675,179.678462530155,2.05761927782172,2.04591729005554,52
3,2011,180.025601526393,181.797158264763,2.07426199122185,2.06289512318759,52
4,2011,183.37695328578,185.645607338798,2.09210731565363,2.08435603665257,52
1,2012,185.598941774138,188.064922438821,2.07983126238236,2.07294822022674,52
2,2012,187.790025697606,190.301382563988,2.08638070945489,2.08145792732761,52
3,2012,190.038947696074,192.423356669106,2.09498079186237,2.08718585626738,52
4,2012,190.890772365613,193.156396319834,2.0651786149573,2.05804966307784,52
1,2013,192.887982372006,195.340541259446,2.04853633185453,2.04247829287127,52
2,2013,194.835021640313,197.346899866279,2.04770671824933,2.04418866108959,52
3,2013,198.034297478281,200.449804054343,2.08020883613378,2.07375483796531,52
4,2013,200.455194898501,202.700144860932,2.08917440062056,2.08184929516433,52
1,2014,201.50118421752,203.910789817735,2.05009484140712,2.04399208990893,52
2,2014,203.029075125831,205.411138645653,2.04215943458239,2.03548409288115,52
3,2014,204.73440682008,207.082784528844,2.0375630915905,2.03073620415655,52
4,2014,206.347016081637,208.585224097125,2.02844412353955,2.02194708356685,52
1,2015,210.175768357328,212.933885306184,2.04643896356995,2.04204848671996,52
2,2015,212.809292414804,215.285820224144,2.06676267452493,2.06069642053457,52
3,2015,214.397940442853,216.821544830879,2.05832808725484,2.05215196162447,52
4,2015,215.006988286946,217.320655037991,2.02739728445576,2.02195824653523,52
1,2016,216.615660934671,219.102866623855,2.00780704904092,2.00253456566074,52
2,2016,218.720478129036,221.170974129454,2.01200145629958,2.00624611364591,52
4,2016,222.690501773855,224.987102313023,2.01139765700793,2.00612605382705,52
2,2017,226.350481965688,228.789348647688,1.99566472580771,1.99018081971291,52
3,2017,227.426686688182,229.817092006666,1.97892980352833,1.97355420236652,52
4,2017,229.204481838215,231.497468597819,1.97417732318542,1.96935718527127,52
1,2018,230.591140934205,233.052004010815,1.95278752519564,1.94805307836444,52
3,2018,233.439697146473,235.79557824518,1.93563526212992,1.93040262165279,52
1,2019,238.034035805897,240.471408542447,1.93656682391262,1.93195839183175,52
2,2019,239.48872258286,241.891181204614,1.92962723905449,1.92467763927425,52
3,2019,241.85196955675,244.209439650975,1.93746443600268,1.93246682141474,52
1,2020,254.150397126185,256.619756942179,2.07441116361167,2.06953431486972,52
2,2020,257.172151614504,261.49980064177,2.076900397981,2.07538650739668,52
3,2020,276.820643906438,287.531844875836,2.44134539175356,2.54908975437021,52
4,2020,324.770120967362,350.183076612686,3.40880685888054,4.18694441960139,52
2,2021,465.282958523546,468.957142678997,11.2221989503276,11.1874460839368,52
3,2021,468.685478256786,472.314187288522,11.23415074773,11.204403686786,52
2,2001,90.4324207766936,92.2567846930641,1.96764325961837,1.94492482405347,60
2,2002,102.011548515231,103.870348397766,2.11946127518662,2.0953040106025,60
3,2002,103.190013876498,104.976261946064,2.09960653472913,2.08009890179303,60
4,2002,103.904973817156,105.528114525914,2.06799345389552,2.04973804864594,60
1,2003,106.768816799802,108.679474270018,2.02322930436252,2.0023675673306,60
2,2003,107.315054352806,109.161833148433,1.97252381415403,1.95433812600173,60
3,2003,109.287646374927,111.017862652579,1.99117866318855,1.97406235249432,60
4,2003,110.599144686432,112.516604784387,1.98983247242842,1.98684768460749,60
1,2004,116.029925485144,117.948891411977,2.05448724738628,2.03467664715154,60
2,2004,117.48102351653,119.30243860252,2.04230208259002,2.02257531314061,60
3,2004,118.960490336497,120.656556937474,2.0393167677998,2.02089016890347,60
4,2004,119.567129039466,121.067022066402,2.0102110071006,1.99158155638589,60
1,2005,124.367082305052,126.274712536443,2.04618337156866,2.02761271514167,60
2,2005,124.409284878074,126.202029271223,1.98360857375148,1.96582823765402,60
3,2005,120.205578500949,121.813263552101,1.79067887532655,1.77692696711196,60
4,2005,123.257354209084,124.67664038078,1.84855848516128,1.83270486742397,60
1,2006,123.563919237425,125.771638273696,1.73929664044905,1.73085269297906,60
2,2006,125.332319380598,127.0137965483,1.74704902709699,1.73288270991044,60
3,2006,125.579507208638,127.085111095097,1.71382015945714,1.69989557926749,60
4,2006,125.448933789916,127.612435208454,1.67698924045088,1.68625886421202,60
1,2007,129.665512711138,131.383290252856,1.69208621636087,1.67867583465958,60
2,2007,131.152652642605,132.85290082064,1.69011915084393,1.67862601818442,60
3,2007,132.073550880774,133.558726212051,1.67839871406227,1.66560737927785,60
4,2007,133.063719706861,134.427593959794,1.67355505442024,1.6618667171162,60
1,2008,136.899309535038,138.660994738863,1.67814659077737,1.66691985894858,60
2,2008,138.708203398271,140.377472603965,1.68459342546877,1.67312494960912,60
3,2008,143.149716449785,145.083882432135,1.76242396273745,1.75949285986545,60
4,2008,142.165743867202,143.62640820295,1.70666765858864,1.69698605413709,60
1,2009,145.314526474455,147.711292884152,1.69425666690976,1.6981980979281,60
2,2009,151.246294048623,153.913653558616,1.80141198138227,1.81321904917732,60
2,2001,90.4088373942723,92.1993468796817,1.96645379107142,1.94213408885528,62
4,2001,96.1664437968122,98.7317151465729,2.11097985535749,2.13694685654335,62
1,2002,99.5558145402622,101.514389979124,2.08591499855452,2.06325190309016,62
2,2003,107.29074633304,109.157701319394,1.97150391333742,1.95416988167575,62
4,2003,110.84869608659,112.377627615539,1.9999914088702,1.98133418435135,62
2,2004,117.492458603931,119.331919613122,2.04276005079216,2.02372229048987,62
2,2007,131.213812907492,132.959100536609,1.69176069596847,1.68141306370635,62
2,2021,465.284607107542,468.941503614948,11.2223413821921,11.1861717821069,62
2,2001,90.476458494168,92.3347101374871,1.96986631394594,1.94871740719008,71
4,2001,96.0357359838559,97.6618007961047,2.10426266380324,2.08320865520621,71
3,2002,103.093211256816,104.871131942788,2.09499244751055,2.07524526673762,71
4,2002,103.904973817156,105.444684905141,2.06799345389552,2.04602433287771,71
1,2003,106.762173791122,108.736274832215,2.02293714692237,2.00478888592154,71
2,2003,107.285352165118,109.172951578132,1.97127765993615,1.95479082870881,71
3,2003,109.21286241512,111.003225203796,1.98807889878426,1.97347261039987,71
1,2004,116.054767902592,117.981128634468,2.05550825027566,2.03596315315925,71
2,2004,117.504938559432,119.332851200025,2.04325997963951,2.02375855473323,71
3,2004,118.952306258695,120.624598516481,2.03899583819501,2.01967203632378,71
2,2001,90.5760756966608,92.5030613502182,1.97490430778746,1.95693624962029,72
4,2001,96.0239464584884,97.6052457149263,2.10365771878792,2.08040486701914,72
1,2002,99.5100714665347,101.621802378176,2.08364369686685,2.06841216521848,72
4,2002,103.968618316467,105.506806619041,2.070919981364,2.04878845893912,72
1,2003,106.784044901638,108.700329067721,2.0238991816852,2.00325625517981,72
2,2003,107.285352165118,109.237987294871,1.97127765993615,1.95744114321922,72
3,2003,109.287646374927,110.949058370244,1.99117866318855,1.97129238371054,72
3,2004,118.960490336497,120.640445306995,2.0393167677998,2.02027596324543,72
1,2005,124.326717468725,126.230466051317,2.04465443776587,2.02598221723855,72
3,2005,120.342252599248,121.952896881407,1.79505438338998,1.78128491484994,72
2,2006,125.256813338145,126.968099209418,1.74481467334347,1.73156339514392,72
4,2006,125.479735940843,127.084791408215,1.67783354006615,1.67197672526899,72
1,2007,129.669458536231,131.401227019207,1.69219391123223,1.67915382140937,72
2,2007,131.152652642605,132.821685175039,1.69011915084393,1.67780984223048,72
1,2008,136.923308863011,138.667428186068,1.67875580609666,1.66708176680152,72
3,2008,143.149716449785,145.037234425113,1.76242396273745,1.75833739459627,72
4,2008,142.315337181526,143.777964563541,1.70982298696797,1.69949655400303,72
1,2009,145.502707917731,148.107835923234,1.69879155428977,1.70749390771812,72
2,2009,152.103658710301,153.933339175962,1.82284886905373,1.81358555105195,72
3,2009,158.893551054974,160.875463734989,1.95673586331616,1.95623544508708,72
1,2013,192.88879458314,195.336807000173,2.0485457275936,2.0424807751478,72
3,2014,204.738785362063,207.085220555429,2.03757572146214,2.0307530001072,72
3,2015,214.393720150217,216.816719138664,2.05831996207056,2.05211728191841,72
1,2020,254.149898314615,256.615539185495,2.07440709336245,2.06951869031478,72
3,2020,276.79735190029,288.201649901639,2.44127386285141,2.56205497614268,72
2,2001,90.4088373942723,92.1993468796817,1.96645379107142,1.94213408885528,76
4,2001,96.0009083888391,97.7649577825865,2.10247609480636,2.08833088745026,76
1,2002,99.59750172712,101.552685314589,2.08798641472065,2.0650901771999,76
2,2002,102.415366428563,104.403390469678,2.13945824020333,2.12084176761238,76
3,2002,103.298957653281,105.281903393801,2.10481029368258,2.09427470061725,76
4,2002,103.968618316467,105.49572679966,2.070919981364,2.0482955381608,76
1,2003,106.768816799802,108.672941927827,2.02322930436252,2.0020892880585,76
2,2003,107.29074633304,109.127232146458,1.97150391333742,1.95292983582085,76
3,2003,109.243253423613,110.906662348481,1.98933801385788,1.96958752776151,76
4,2003,110.692056497475,112.215011624669,1.99360876220584,1.97490096546145,76
1,2004,116.022981691819,117.967671054296,2.05420194927144,2.03542599721848,76
2,2004,117.434425165206,119.283479163599,2.0404369195526,2.02183801505725,76
3,2004,118.982045690745,120.655847301198,2.04016227967664,2.02086314395993,76
4,2004,119.584012505914,121.083602012419,2.01085141321976,1.99219302840758,76
1,2005,124.303808411242,126.208088658549,2.04378720307354,2.02515809110278,76
2,2005,124.35085040697,126.165434452578,1.98150223773378,1.96454400840678,76
3,2005,120.279464372708,121.823718782387,1.79304293828264,1.77725304447396,76
1,2006,123.629114892037,125.864489393599,1.74035332028064,1.73321695911403,76
2,2006,125.186521693775,126.962728554224,1.74273719837837,1.73140840873926,76
3,2006,125.575927810202,127.327808023617,1.71371791773086,1.70667188280067,76
4,2006,125.448933789916,128.314049180393,1.67698924045088,1.70544398859044,76
1,2007,129.695228627806,131.42195370036,1.69289740040908,1.67970634680792,76
2,2007,131.097523049909,132.736067719695,1.68864084132357,1.67556481503104,76
3,2007,132.073661468272,133.563101256878,1.67840159876435,1.66571869983679,76
4,2007,132.972402524386,134.317097757469,1.6712867002865,1.65930478191513,76
1,2008,137.064902139683,138.826984250931,1.6823546392072,1.67104151487676,76
2,2008,138.731936379303,140.385365425846,1.6851880209707,1.67331181040451,76
3,2008,143.565585127649,145.583318020083,1.77316492219369,1.77209711992317,76
2,2001,90.4171644019087,92.2018247311269,1.96687370580074,1.94225439948383,80
3,2001,93.1993436882377,94.9656709501971,2.03003323373161,2.01001776609171,80
4,2001,96.1281354315912,97.6936170688678,2.10900985069188,2.08478758716913,80
1,2002,99.5794375378223,101.525327425825,2.08708856303728,2.06377678199629,80
2,2002,102.145698093629,104.050894177756,2.12608361414564,2.10391920531845,80
3,2002,103.190013876498,105.018413749161,2.09960653472913,2.08204801458762,80
4,2002,103.968618316467,105.500118340442,2.070919981364,2.04849077611965,80
1,2003,106.761523912595,108.692669351873,2.02290856276889,2.00292979666037,80
2,2003,107.315054352806,109.117281947609,1.97252381415403,1.95252506744362,80
3,2003,109.243253423613,110.979665173812,1.98933801385788,1.97252406726814,80
4,2003,110.599144686432,112.418565984698,1.98983247242842,1.98295619175149,80
1,2004,116.054767902592,117.964180907671,2.05550825027566,2.03528670560096,80
2,2004,117.504938559432,119.332851200025,2.04325997963951,2.02375855473323,80
3,2004,118.960490336497,120.647384408483,2.0393167677998,2.02054047116908,80
4,2004,119.584012505914,121.120035113912,2.01085141321976,1.99353722242611,80
1,2005,124.323759797323,126.227997754091,2.0445424611032,2.02589129112375,80
2,2005,124.464464663522,126.279077033622,1.98559964608156,1.96853472650653,80
3,2005,120.205578500949,121.768122060767,1.79067887532655,1.77552040273894,80
4,2005,123.141320654371,124.556749677481,1.8447999964653,1.82892128012976,80
1,2006,123.584777406952,125.790968335039,1.73963444872465,1.73121072131643,80
2,2006,125.298486585562,127.025162625898,1.74604750455558,1.7332109532473,80
3,2006,125.57567167696,127.093762773168,1.713710606216,1.70013669309476,80
4,2006,125.458745524125,126.995189631713,1.67725895421696,1.66956231146918,80
2,2007,131.152652642605,132.85290082064,1.69011915084393,1.67862601818442,80
4,2007,133.247577398031,134.686556643225,1.67812689852115,1.66786942301539,80
3,2009,159.793415721374,161.554212265725,1.98032506866407,1.97166481384802,80
1,2010,169.183563533932,171.170649320652,2.10559717230845,2.0929459188775,80
2,2010,171.552122774069,173.428478139004,2.12218242254107,2.10858052953151,80
3,2010,172.26115969621,174.056900296233,2.09742376519809,2.08580373503897,80
4,2010,173.367791447062,175.071143870245,2.08840495197378,2.07879735340278,80
1,2011,176.76556924644,178.702967096325,2.07685449440768,2.06409615185434,80
2,2011,177.768534313436,179.627599436272,2.05689919090677,2.0447222416385,80
4,2011,183.377218953418,185.650021472879,2.09210751662138,2.08444133551066,80
1,2012,185.598941774138,188.076205062289,2.07983126238236,2.07304227631582,80
2,2012,187.756444501302,190.254773307041,2.08611730457053,2.0805631769712,80
3,2012,190.038947696074,192.415137335773,2.09498079186237,2.08707917765658,80
2,2014,203.023315956157,205.415769028274,2.04211772006022,2.03547057826827,80
3,2014,204.732550242591,207.100266695571,2.03755773800127,2.03085057284336,80
4,2014,206.347317928231,208.614390639972,2.02844433223934,2.02234853605091,80
1,2015,210.180315665687,212.948441447243,2.04645930000203,2.042223846542,80
2,2015,212.791949049597,215.271890077428,2.0666707423223,2.06060025004872,80
3,2015,214.395245815574,216.826759754544,2.05832290350184,2.05225279637016,80
4,2015,215.009002467655,217.327210892257,2.02739814448982,2.02199581031436,80
1,2016,216.619324523096,219.10713320959,2.00783664228368,2.00258958884902,80
2,2016,218.723153909633,221.179716312225,2.01201455539367,2.0063716512338,80
3,2016,219.710722435922,222.104357578072,1.99229932287106,1.98661297663416,80
4,2016,222.692055028992,224.988906501126,2.01139831714807,2.00612531688103,80
1,2017,224.434567683254,226.906259067889,1.99532439401062,1.99019675732211,80
2,2017,226.353821177056,228.793178745937,1.99568052174844,1.99021494826019,80
3,2017,227.442775211699,229.827310618762,1.97895768450538,1.97354254461725,80
4,2017,229.210064692196,231.50550337987,1.97417954785003,1.96940481043074,80
1,2018,230.604757679118,233.060108022488,1.95288742118381,1.94815357556114,80
2,2018,232.007309410427,234.429807744406,1.9442928804142,1.93925422276941,80
3,2018,233.442619409868,235.800326168636,1.93564004457674,1.93044187755466,80
4,2018,236.166188529834,238.435135864114,1.94844390972891,1.94376518392379,80
1,2019,238.08689679957,240.524368651516,1.9369441392701,1.93235336518626,80
2,2019,239.527429510939,241.930606182911,1.92979285049324,1.9249057331458,80
3,2019,241.848226160641,244.198836116352,1.93745836037948,1.93235666711473,80
4,2019,247.842234383915,250.124016620767,2.00765807328799,2.00285112870294,80
1,2020,254.155481513786,256.620941985253,2.07445263376358,2.06958011215164,80
3,2020,277.224112078296,286.018530146901,2.44258548917025,2.54512820783538,80
4,2020,323.618663742101,348.931325544454,3.40648929758342,4.16206126068317,80
1,2021,454.388864526451,459.030149249517,10.5024899745365,10.5154581205151,80
2,2021,465.274989245637,468.9313396593,11.2215104270764,11.1850592301612,80
3,2021,468.673019993453,472.283388227977,11.2332465828214,11.2013935917827,80
4,2021,473.167302469825,476.783554147874,11.3226572602911,11.2798683910757,80
1,2022,476.590825093951,480.254081886413,11.1682202079104,11.1274210771119,80
2,2022,480.162748384086,483.776314813751,11.1796105892741,11.1412153489508,80
3,2022,484.636533304714,488.215886597889,11.2887729963757,11.2549130019178,80
4,2022,485.82689441582,489.396104344178,11.104621585397,11.0697594644311,80
1,2023,487.661087711841,491.29353711933,10.7974044702015,10.7595769004118,80
2,2023,490.735810854633,494.315553369144,10.7684942513541,10.7329967451779,80
3,2023,491.399258681729,494.925474279042,10.5541483598908,10.5238888798518,80
4,2023,493.306004443251,496.822259401983,10.4522752712992,10.4209932938235,80
1,2024,497.049912630649,500.637394895807,10.3258989902538,10.2907876077008,80
2,2024,500.338090287789,503.878996315209,10.3193507339571,10.2864822000082,80
3,2024,498.65465297616,502.132073368792,9.94506331151677,9.91766540041048,80
4,2024,500.679546063091,504.147867151949,9.86412546095578,9.83536173054386,80
2,2001,90.4171644019087,92.2393426822302,1.96687370580074,1.94407693604098,84
3,2001,93.2360943135727,95.1481822157208,2.0318991611535,2.01898458454463,84
1,2002,99.5632250405092,101.591205854758,2.08628254920799,2.06694096244686,84
2,2002,102.145698093629,104.011552100921,2.12608361414564,2.1020378837035,84
3,2002,103.298957653281,105.137344392533,2.10481029368258,2.0875584403687,84
4,2002,103.904973817156,105.431870798831,2.06799345389552,2.04545437340436,84
1,2003,106.761523912595,108.716701914064,2.02290856276889,2.00395419734801,84
2,2003,107.300648961184,109.135316664212,1.97191934274365,1.95325879210457,84
3,2003,109.287646374927,110.949058370244,1.99117866318855,1.97129238371054,84
4,2003,110.692056497475,112.231324616121,1.99360876220584,1.97554543427825,84
1,2004,116.036284194829,117.948192906502,2.05474853620797,2.03464877330159,84
3,2004,118.960490336497,120.640445306995,2.0393167677998,2.02027596324543,84
4,2004,119.567129039466,121.071036098898,2.0102110071006,1.99172953746538,84
1,2005,124.317138691487,126.220862803407,2.04429178599578,2.02562850229136,84
2,2005,124.377852564629,126.174322770023,1.98247528600286,1.96485586395987,84
3,2005,120.342252599248,122.02395764131,1.79505438338998,1.78350671973115,84
4,2005,123.141320654371,124.559857386813,1.8447999964653,1.82901909767678,84
1,2006,123.583198490398,125.796328667126,1.73960886106333,1.73154286494668,84
3,2006,125.575927810202,127.125857264952,1.71371791773086,1.70103138103041,84
4,2006,125.458745524125,127.148134802068,1.67725895421696,1.67368300001239,84
1,2007,129.670704791413,131.388471012463,1.69222349487164,1.67881388184253,84
2,2007,131.213812907492,132.900497676046,1.69176069596847,1.67987719304297,84
3,2007,132.080132193786,133.592866205174,1.67856790103324,1.66646583295086,84
4,2007,133.063719706861,134.427593959794,1.67355505442024,1.6618667171162,84
1,2008,136.979877069548,138.757702268711,1.68019265543007,1.6693153909733,84
2,2008,138.731936379303,140.424939185115,1.6851880209707,1.67427301619293,84
3,2008,143.349435273706,145.350052325342,1.76757379058188,1.76618843642909,84
4,2008,142.0906050056,143.692315263572,1.70508692515586,1.69832457626562,84
1,2009,145.502707917731,148.107835923234,1.69879155428977,1.70749390771812,84
3,2009,160.036916919357,161.754102589926,1.98677049933743,1.97580136050865,84
4,2009,165.657189435908,167.348980063214,2.11557774585818,2.10408699090763,84
1,2010,169.183563533932,171.1445384156,2.10559717230845,2.09223506678867,84
3,2010,172.154340666227,173.943443351628,2.09460521498788,2.08298809023285,84
4,2010,173.73746389149,175.427316038479,2.0965373957493,2.08634050883245,84
3,2011,180.122532758984,181.932189552279,2.07662237142137,2.06578491270673,84
4,2011,183.375373075202,185.646506586961,2.09210613740797,2.08440129266162,84
1,2012,185.659712982471,188.140487259289,2.08057174613765,2.07333922479177,84
2,2012,187.74343710775,190.235582750564,2.08601508255108,2.0801390157893,84
3,2012,190.038947696074,192.403824623451,2.09498079186237,2.0869722164401,84
4,2012,190.891160286386,193.14645678724,2.06517889085019,2.05788637963579,84
1,2013,192.887982372006,195.317350632693,2.04853633185453,2.04216804640343,84
2,2013,194.816219181891,197.303121658441,2.04756693910934,2.04339183912936,84
3,2013,198.03953376993,200.435654344878,2.08022504240846,2.07350758999553,84
4,2013,200.458039024916,202.707041172522,2.08917736646777,2.08192893575661,84
1,2014,201.497130114402,203.912463368748,2.05004855479211,2.04405389812434,84
2,2014,203.021434155348,205.405209270198,2.04210408990308,2.03541298992308,84
3,2014,204.738785362063,207.085220555429,2.03757572146214,2.0307530001072,84
4,2014,206.34927430748,208.604824889119,2.02844566016968,2.02221338892729,84
1,2015,210.183183139245,212.936650010169,2.04647212303963,2.04206038679013,84
2,2015,212.799007980725,215.275580425223,2.06670815596553,2.06061673588196,84
3,2015,214.395245815574,216.819339184249,2.05832290350184,2.052145330788,84
4,2015,215.006988286946,217.322532404548,2.02739728445576,2.02198141480929,84
1,2016,216.619324523096,219.105580071718,2.00783664228368,2.00255496154241,84
2,2016,218.72604734363,221.179433885883,2.01202872005999,2.0063501716482,84
4,2016,222.69028599802,224.986962522088,2.01139756766131,2.00612640247257,84
1,2017,224.434567683254,226.906259067889,1.99532439401062,1.99019675732211,84
2,2017,226.350481965688,228.789348647688,1.99566472580771,1.99018081971291,84
1,2024,497.043425706806,500.631038835124,10.3254083915888,10.2903453549976,84
3,2024,498.654543210266,502.131218288484,9.94505720664513,9.91763175634617,84
4,2024,500.679094082859,504.146922916857,9.86411291267071,9.83528925083306,84
4,2001,96.0357359838559,97.7115197946688,2.10426266380324,2.08567618824366,40
1,2002,99.5794375378223,101.533888552302,2.08708856303728,2.06418770232949,40
4,2003,110.599144686432,112.33297727375,1.98983247242842,1.97956512056341,40
2,2004,117.434425165206,119.283479163599,2.0404369195526,2.02183801505725,40
3,2004,118.960490336497,120.640445306995,2.0393167677998,2.02027596324543,40
4,2004,119.567129039466,121.066528684804,2.0102110071006,1.99156333337522,40
2,2005,124.377852564629,126.174322770023,1.98247528600286,1.96485586395987,40
4,2005,123.141320654371,124.568406555045,1.8447999964653,1.82928873942027,40
1,2006,123.644199935359,125.857354666962,1.74059816952373,1.73184870705082,40
3,2006,125.575927810202,127.109525707217,1.71371791773086,1.70057605025394,40
4,2006,125.448933789916,127.792553094865,1.67698924045088,1.6911604061266,40
1,2007,129.666135924145,131.385073724893,1.69210321760147,1.67872068581393,40
2,2007,131.213812907492,132.959100536609,1.69176069596847,1.68141306370635,40
4,2007,133.063719706861,134.427593959794,1.67355505442024,1.6618667171162,40
4,2008,142.0906050056,143.726478580637,1.70508692515586,1.69904526876236,40
3,2009,159.645987294237,161.382334271843,1.97643557661714,1.96676691623818,40
4,2009,165.738176711005,167.432622839261,2.11748458109596,2.10617963680416,40
1,2002,99.5632250405092,101.493982011395,2.08628254920799,2.06227293476426,65
1,2004,116.036284194829,117.946650026291,2.05474853620797,2.03458721633729,65
3,2004,118.982045690745,120.682216969953,2.04016227967664,2.02186876653266,65
3,2006,125.579507208638,127.206998839867,1.71382015945714,1.70329533204543,65
3,2007,132.080132193786,133.567370952276,1.67856790103324,1.66582545890024,65
1,2009,145.502707917731,148.490281235215,1.69879155428977,1.71656129439345,65
2,2009,151.081937853864,153.645120351405,1.79733510156578,1.80647306698811,65
4,2009,165.738176711005,167.43656951953,2.11748458109596,2.10639215485544,65
1,2010,169.177282720808,171.140653797094,2.10541847824469,2.09212837210106,65
4,2010,174.291390494801,176.002066802451,2.10884858816281,2.09675265105855,65
2,2014,203.025177924696,205.415835049644,2.04213120951232,2.03560713683713,65
4,2015,215.009002467655,217.329905014494,2.02739814448982,2.02202193564194,65
1,2020,254.150915201401,256.616818481044,2.07441538663036,2.06953790348197,65
2,2020,257.010888755673,260.397969449219,2.07607276164381,2.07000272568409,65
3,2020,276.913459856943,285.874058946216,2.441630232872,2.53837474784325,65
4,2020,324.327166927125,350.491359760268,3.40791408295335,4.20663866424186,65
1,2021,454.564225718595,459.356937914637,10.5176109757897,10.5404952586431,65
2,2021,465.28004390647,468.940789825762,11.221947130353,11.1860099192879,65
3,2021,468.671600973945,472.306912841888,11.2331436017413,11.2028414101163,65
4,2021,473.045969042915,476.651116750177,11.3177295524146,11.2765553033254,65
1,2022,476.594021287979,480.258472671606,11.1685007312885,11.1277710912287,65
2,2022,480.153136166325,483.770637311619,11.178811678901,11.1408095859471,65
4,2022,485.80693250853,489.370422632288,11.1038739256383,11.0698678157567,65
2,2023,490.735548888224,494.313632116867,10.7684739790118,10.7328409281504,65
3,2023,491.391459101565,494.917828443957,10.5536646631078,10.5234511755608,65
4,2023,493.301934088945,496.818314015743,10.4521454241479,10.4208247466316,65
1,2024,497.043617497468,500.631920930201,10.325422892548,10.2903755843343,65
2,2024,500.331385380639,503.87367100566,10.3188727790352,10.2861561158607,65
2,2002,102.294430536015,104.195031145135,2.13345195021833,2.11082124283377,66
3,2002,103.093211256816,104.799142552439,2.09499244751055,2.07192855778297,66
4,2002,103.901093020346,105.449040627656,2.06781514495725,2.04621772179662,66
3,2004,118.982045690745,120.694385780461,2.04016227967664,2.02233300540192,66
4,2003,110.692056497475,112.434842378367,1.99360876220584,1.98360265291319,88
1,2004,116.080925052421,118.010064257125,2.05658384887883,2.03711860272365,88
2,2004,117.56527445635,119.429074017627,2.04567867299351,2.02750678926901,88
3,2004,118.957506087252,120.640521829552,2.03919974141993,2.02027887341514,88
1,2005,124.317138691487,126.225138222857,2.04429178599578,2.02578597178917,88
2,2005,124.4451321427,126.244101281189,1.98490183542851,1.96730565643174,88
4,2005,123.100227369262,124.529312068623,1.84347076714887,1.82805603371252,88
1,2006,123.592512964238,125.803099375496,1.73975979121364,1.73163051935602,88
2,2006,125.29171431776,127.04002108117,1.74584710405964,1.73364019633259,88
4,2006,125.408306451302,127.276025471686,1.67587288982735,1.67713855574576,88
1,2007,129.670704791413,131.399127814403,1.69222349487164,1.67909788022408,88
2,2007,131.213812907492,132.917637048306,1.69176069596847,1.68032709435675,88
3,2007,132.080132193786,133.581125085899,1.67856790103324,1.66616878897951,88
1,2008,136.878175280203,138.607840826406,1.67761029962045,1.66560680260561,88
2,2008,138.707762790271,140.35821135163,1.68458238161469,1.67264851844675,88
3,2008,143.349435273706,145.350052325342,1.76757379058188,1.76618843642909,88
4,2008,142.165743867202,143.62640820295,1.70666765858864,1.69698605413709,88
1,2009,145.470639532308,148.483371314661,1.69801786197511,1.71640331973874,88
2,2009,152.232610452514,154.043219910116,1.82609811028888,1.81626862109684,88
3,2009,160.846562920182,162.559482108342,2.00839326564911,1.99617484051376,88
4,2009,165.865279465554,167.581879362156,2.12048457555439,2.11028343965934,88
1,2010,169.169364215497,171.117010455766,2.10519589706931,2.09148489875133,88
3,2010,172.201726045199,174.008715379818,2.0958546236179,2.08457242848006,88
1,2011,176.766121951341,178.716323850742,2.07686909953331,2.06443428845488,88
2,2011,177.789878504375,179.648069469065,2.05744230860161,2.0452070545504,88
3,2011,180.025601526393,181.832298486607,2.07426199122185,2.06348020233103,88
1,2012,185.618778620104,188.094236761667,2.08007285169615,2.07308461824029,88
2,2012,187.756444501302,190.274477296835,2.08611730457053,2.08093013072958,88
3,2012,190.038947696074,192.415137335773,2.09498079186237,2.08707917765658,88
4,2012,190.891160286386,193.168481985523,2.06517889085019,2.05819809694212,88
2,2013,194.870083961768,197.432131886708,2.04796750039285,2.04574659860868,88
3,2013,198.046439616677,200.491937668013,2.08024642342155,2.07447634787122,88
1,2014,201.504502657897,203.915529413124,2.05013273141494,2.04407727737147,88
2,2014,203.022630926921,205.405221296754,2.04211275840668,2.0354202171657,88
3,2014,204.73440682008,207.078427760832,2.0375630915905,2.0306641811594,88
4,2014,206.348993560476,208.602413882953,2.02844547111763,2.02218089751989,88
1,2015,210.174088527123,212.933086834883,2.04643145475623,2.0420359676174,88
2,2015,212.795356869298,215.271200162743,2.06668880121037,2.06056916938016,88
3,2015,214.395245815574,216.819339184249,2.05832290350184,2.052145330788,88
1,2016,216.622240376593,219.107127615385,2.00786019502012,2.00254405544902,88
2,2016,218.723521814941,221.175012673213,2.01201636086457,2.00629265298076,88
2,2017,226.348211609203,228.788994902376,1.99565398633558,1.990193443397,88
3,2017,227.423317185698,229.806153731444,1.97892397060596,1.97343042172629,88
1,2018,230.593992754313,233.054008286913,1.95280844364721,1.94810364229695,88
2,2018,232.00225275381,234.423877910617,1.94427083623303,1.93917484779064,88
3,2018,233.438120810968,235.795253695083,1.93563268022267,1.93041264551091,88
4,2018,236.162911268514,238.426769968815,1.94844264542315,1.94370328785561,88
1,2019,238.040658611469,240.480533481237,1.93661408175976,1.9320949559153,88
2,2019,239.494592344816,241.900094474895,1.92965234947236,1.9247727852731,88
3,2019,241.849406994182,244.200070238139,1.93746027407686,1.93236558323608,88
1,2020,254.149898314615,256.614574947517,2.07440709336245,2.06950452049157,88
3,2020,276.79038569141,287.322931618245,2.44125247299927,2.55437592635927,88
4,2020,324.770120967362,349.052374402641,3.40880685888054,4.14528465653619,88
1,2021,454.388864526451,459.236394116573,10.5024899745365,10.5293275083126,88
2,2021,465.284607107542,468.945571830594,11.2223413821921,11.1865145442783,88
3,2021,468.688750428488,472.280516388105,11.2343882575837,11.2016731564073,88
4,2021,472.963985087287,476.564955092059,11.3144052860069,11.2741307640247,88
2,2022,480.154287616782,483.765781420008,11.1789073833417,11.1404400537789,88
3,2022,484.646278970507,488.231626946334,11.2894599514275,11.2556857991497,88
4,2022,485.790460216956,489.355813110406,11.1032571398633,11.0697935378465,88
1,2023,487.664589606593,491.303032256638,10.7976913778052,10.7602712277749,88
2,2023,490.737101915104,494.313793846674,10.7685941481493,10.7328800495069,88
3,2023,491.396745436011,494.923357267649,10.5539924943886,10.5236993830116,88
4,2023,493.301934088945,496.818496885069,10.4521454241479,10.420830625918,88
1,2024,497.044299097683,500.631613205895,10.3254744383337,10.2903878847335,88
2,2024,500.334597980471,503.875152100014,10.3191017809817,10.2862420680921,88
3,2024,498.654543210266,502.131118472694,9.94505720664513,9.91762521131358,88
4,2024,500.679094082859,504.147465479518,9.86411291267071,9.83531994025698,88
1,2004,116.029925485144,117.962661391961,2.05448724738628,2.03522607277847,97
2,2004,117.434425165206,119.283479163599,2.0404369195526,2.02183801505725,97
3,2004,118.960490336497,120.640445306995,2.0393167677998,2.02027596324543,97
4,2004,119.567129039466,121.066528684804,2.0102110071006,1.99156333337522,97
1,2005,124.317138691487,126.225138222857,2.04429178599578,2.02578597178917,97
2,2005,124.377852564629,126.170196465504,1.98247528600286,1.96471110526075,97
3,2005,120.422127307131,122.338552317657,1.79761644649004,1.79337649799592,97
4,2005,123.141320654371,124.554027817448,1.8447999964653,1.82883510850679,97
1,2006,123.583198490398,125.789405908763,1.73960886106333,1.73120515516388,97
2,2006,125.256813338145,126.943507476822,1.74481467334347,1.73085388580038,97
3,2006,125.579507208638,127.118481691953,1.71382015945714,1.70082568693497,97
4,2006,125.448933789916,127.700420866306,1.67698924045088,1.68865284411733,97
1,2007,129.666135924145,131.397137392953,1.69210321760147,1.67904482195742,97
2,2007,131.152652642605,132.893722421001,1.69011915084393,1.67969931266052,97
3,2007,132.073550880774,133.561020816783,1.67839871406227,1.6656635722908,97
4,2007,133.063719706861,134.417121667034,1.67355505442024,1.66165220763465,97
1,2008,136.979877069548,138.924292184496,1.68019265543007,1.67344089146814,97
2,2008,138.707762790271,140.432788285349,1.68458238161469,1.67446869924136,97
3,2008,143.149716449785,144.993441849866,1.76242396273745,1.75725464678564,97
1,2009,145.752946035648,150.24103179101,1.7048413569127,1.75872143112515,97
3,2009,160.846562920182,162.63157020735,2.00839326564911,2.00018327513785,97
4,2009,165.865279465554,167.657832421723,2.12048457555439,2.11290131251684,97
1,2010,169.214608933654,171.15887341973,2.10647480110101,2.09264332109865,97
2,2010,171.724582744128,173.609621852207,2.12700110017219,2.11350126851139,97
3,2010,172.201726045199,173.961602397983,2.0958546236179,2.08352489468986,97
4,2010,173.73746389149,175.427316038479,2.0965373957493,2.08634050883245,97
1,2011,176.764910832258,178.717713086523,2.07683710586873,2.06447182938734,97
2,2011,177.780661190973,179.641470642698,2.05720774040889,2.04503791323437,97
1,2015,210.177256451368,212.925713444791,2.04644561762549,2.04193647788779,97
4,2015,215.006988286946,217.32687168817,2.02739728445576,2.02203119846973,97
2,2017,226.353821177056,228.793178745937,1.99568052174844,1.99021494826019,97
3,2017,227.426686688182,229.817092006666,1.97892980352833,1.97355420236652,97
4,2017,229.206584279834,231.508645807292,1.97417815787813,1.96946253814898,97
2,2018,232.00282601267,234.425371972432,1.94427333767758,1.93920206629783,97
3,2018,233.438120810968,235.794206137116,1.93563268022267,1.93039986190738,97
4,2018,236.163267282737,238.426244833826,1.94844278850767,1.94369478180048,97
1,2019,238.034035805897,240.475091661549,1.93656682391262,1.93206359690803,97
2,2019,239.491356745312,241.900321099367,1.92963851302693,1.92479135293544,97
3,2019,241.849406994182,244.202792809055,1.93746027407686,1.93240077441134,97
4,2019,247.842459189193,250.1138802648,2.0076581698819,2.00274434655427,97
1,2020,254.149898314615,256.614829604155,2.07440709336245,2.06950938518824,97
2,2020,259.618944140637,265.968617992545,2.08967807722202,2.08651693263305,97
3,2020,276.785248551438,286.279482570515,2.44123639700783,2.5360185922924,97
4,2020,325.8557396317,349.553020998411,3.41100149791548,4.14195890304184,97
1,2021,454.493928163373,459.20248040037,10.511546199666,10.5288586604682,97
2,2021,465.273860248645,468.954568861649,11.2214128928256,11.1868664368659,97
3,2021,468.673019993453,472.285366633458,11.2332465828214,11.2015390514539,97
4,2021,473.017781998106,476.610596754453,11.3165861469925,11.2765524262239,97
1,2022,476.603983646927,480.267584115448,11.1693751648489,11.1285691610389,97
2,2022,480.153455292545,483.765050661969,11.1788382030744,11.1403849656786,97
3,2022,484.643335742038,488.223044752256,11.2892524761002,11.2553302811005,97
4,2022,485.790460216956,489.355397232927,11.1032571398633,11.0697121215583,97
1,2023,487.665489887625,491.29988196803,10.7977651354884,10.7600466801355,97
2,2023,490.735810854633,494.312460144437,10.7684942513541,10.7327668776247,97
3,2023,491.391459101565,494.918000260986,10.5536646631078,10.5234704203656,97
4,2023,493.301934088945,496.818186747945,10.4521454241479,10.4208223378519,97
1,2024,497.043008471673,500.630171810908,10.3253768337069,10.2902766177747,97
2,2024,500.332130389416,503.872796323927,10.3189258848775,10.2860839346101,97
3,2024,498.655177901107,502.131984942074,9.94509250646037,9.91765836576134,97
4,2024,500.679094082859,504.146922916857,9.86411291267071,9.83528925083306,97
3,2004,118.960490336497,120.640445306995,2.0393167677998,2.02027596324543,98
4,2004,119.584012505914,121.087964602162,2.01085141321976,1.99235391976108,98
1,2005,124.303808411242,126.223524202138,2.04378720307354,2.02572652023128,98
2,2005,124.377852564629,126.172342028868,1.98247528600286,1.96478638631679,98
3,2005,120.233878234957,121.922857482922,1.79158398833702,1.78034641664574,98
4,2006,125.408306451302,127.276025471686,1.67587288982735,1.67713855574576,98
1,2007,129.670704791413,131.407528856317,1.69222349487164,1.67931907036202,98
2,2007,131.280968592913,133.082207610442,1.69356499121117,1.6846503548031,98
3,2007,132.086592309598,133.575707929135,1.67873852012336,1.66603585114672,98
4,2007,133.063719706861,134.417121667034,1.67355505442024,1.66165220763465,98
1,2008,136.950167028557,138.751875279126,1.67943786026736,1.66916949957993,98
3,2008,143.149716449785,145.35954033974,1.76242396273745,1.766356432989,98
4,2008,142.164751428885,144.188369057648,1.70664676212348,1.70638542196535,98
1,2009,145.414837576506,148.083553960442,1.69666726417796,1.706933884895,98
2,2009,151.161558666056,153.105449111355,1.79930880436654,1.79319198671614,98
3,2009,159.264756700425,160.987147821651,1.96642291307873,1.9563330392051,98
4,2009,165.634257207582,167.580454289316,2.11503847248764,2.10872757971183,98
1,2010,169.183563533932,171.240007635787,2.10559717230845,2.09483928335773,98
2,2010,171.552122774069,173.432581841208,2.12218242254107,2.1086751706277,98
3,2010,172.154340666227,173.912130991375,2.09460521498788,2.08228154116796,98
4,2010,173.99168410671,175.693721390382,2.10216793093258,2.09045555083859,98
1,2011,176.764910832258,178.725960024753,2.07683710586873,2.06468289054519,98
2,2011,177.796831630675,179.663454183066,2.05761927782172,2.04556878774026,98
3,2011,180.025601526393,181.818684092905,2.07426199122185,2.06324172449008,98
4,2011,183.375373075202,185.646648600526,2.09210613740797,2.08439625735967,98
1,2012,185.589663993877,188.069511474145,2.07971830677534,2.07308530298369,98
2,2012,187.785325464661,190.303459347842,2.08634435084322,2.08151257893457,98
3,2012,190.04355345766,192.447143491082,2.0949952714497,2.08740394537909,98
4,2012,190.891160286386,193.190082035434,2.06517889085019,2.0585077454889,98
1,2013,192.913355729452,195.362544749187,2.04882994335512,2.04310610712271,98
2,2013,194.835021640313,197.370616690705,2.04770671824933,2.04469249213822,98
3,2013,198.03953376993,200.460057233501,2.08022504240846,2.07393455407837,98
4,2013,200.462750136307,202.711318896782,2.0891809241038,2.08193459269225,98
1,2014,201.502656366989,203.912807918261,2.05011165132521,2.04402778464362,98
2,2014,203.021587621021,205.404791985334,2.04210519369766,2.03538755141966,98
3,2014,204.73440682008,207.078427760832,2.0375630915905,2.0306641811594,98
4,2014,206.34927430748,208.612387507167,2.02844566016968,2.0223194293023,98
1,2015,210.177844071135,212.935109449297,2.04644824512059,2.04206200073235,98
2,2015,212.79269984711,215.269323082333,2.0666747264578,2.06055730266305,98
3,2015,214.393720150217,216.816719138664,2.05831996207056,2.05211728191841,98
1,2016,216.615660934671,219.100505082903,2.00780704904092,2.0024803103148,98
2,2016,218.72069579168,221.172627172054,2.01200252407367,2.00625493623101,98
3,2016,219.710722435922,222.10949022255,1.99229932287106,1.98669775695226,98
4,2016,222.690501773855,224.986863099873,2.01139765700793,2.00612254474724,98
1,2017,224.434041659845,226.905655595339,1.99532026699363,1.99018736180876,98
2,2017,226.350481965688,228.789348647688,1.99566472580771,1.99018081971291,98
3,2017,227.426686688182,229.813758646435,1.97892980352833,1.97350982705062,98
4,2017,229.206584279834,231.499066164367,1.97417815787813,1.96936204906331,98
1,2018,230.593992754313,233.051574400434,1.95280844364721,1.94807113318324,98
2,2018,232.00282601267,234.423240714474,1.94427333767758,1.9391766166321,98
3,2018,233.439697146473,235.799906328326,1.93563526212992,1.93046167016026,98
4,2018,236.16399034956,238.433857417331,1.94844305745612,1.94376808065681,98
1,2019,238.034035805897,240.47728055609,1.93656682391262,1.93210754023214,98
2,2019,239.498854400671,241.905312529218,1.92967057978633,1.9248201591893,98
3,2019,241.849406994182,244.201145425986,1.93746027407686,1.93238027122471,98
4,2019,247.842459189193,250.112832488798,2.0076581698819,2.00273511382979,98
1,2020,254.149725623006,256.615503433914,2.07440568908492,2.06951593132693,98
2,2020,257.717252733416,261.439599768367,2.07971101060149,2.07206864370181,98
3,2020,276.831115377877,287.828999745394,2.44137724856802,2.55261572697217,98
4,2020,323.618663742101,348.455044722735,3.40648929758342,4.14482519777833,98
1,2021,454.493928163373,459.243451416577,10.511546199666,10.5316105881728,98
2,2021,465.28004390647,468.932852478907,11.221947130353,11.1853487778065,98
3,2021,468.674242116435,472.289466125107,11.2333352656113,11.2019506268132,98
4,2021,472.99045394,476.580268079338,11.3154780703712,11.2759185385017,98
1,2022,476.618138583853,480.288261297176,11.1706177404702,11.1302046484474,98
2,2022,480.153807305763,483.76535467813,11.178867458967,11.1404027993812,98
3,2022,484.661429840202,488.240779173202,11.2905281034692,11.2564867124933,98
4,2022,485.783532833945,489.359352600133,11.1029977995431,11.0708226568904,98
1,2023,487.67099065949,491.317031598187,10.7982158356771,10.7612984852945,98
2,2023,490.735548888224,494.314119559142,10.7684739790118,10.7328755802119,98
3,2023,491.394607743847,494.920809599807,10.5538599226427,10.5236197474694,98
4,2023,493.301934088945,496.818186747945,10.4521454241479,10.4208223378519,98
1,2024,497.043008471673,500.630564429068,10.3253768337069,10.2903085927359,98
2,2024,500.333024395963,503.873847071002,10.318989612022,10.2861641803787,98
3,2024,498.65465297616,502.131555386444,9.94506331151677,9.91764157534502,98
4,2024,500.679094082859,504.147465479518,9.86411291267071,9.83531994025698,98
3,2004,119.016939101119,120.832504901254,2.04153170585756,2.02760980896359,99
4,2004,119.584012505914,121.106184353535,2.01085141321976,1.99302607694476,99
1,2005,124.326717468725,126.240909936749,2.04465443776587,2.02636696293526,99
2,2005,124.4451321427,126.240444038845,1.98490183542851,1.96717718687911,99
4,2005,123.141320654371,124.555063854375,1.8447999964653,1.8288676144468,99
1,2006,123.575327827419,125.787118729606,1.73948137544303,1.73098099437022,99
3,2006,125.575927810202,127.096343275745,1.71371791773086,1.70020861730235,99
4,2006,125.458745524125,127.041752747919,1.67725895421696,1.67081463161584,99
1,2007,129.665512711138,131.38765337661,1.69208621636087,1.67879209560991,99
2,2007,131.213812907492,133.01011175769,1.69176069596847,1.68275666278661,99
3,2007,132.086592309598,133.57235773405,1.67873852012336,1.66595324449154,99
4,2007,133.063719706861,134.417121667034,1.67355505442024,1.66165220763465,99
1,2008,136.923308863011,138.680362798322,1.67875580609666,1.66740065512168,99
2,2008,138.707762790271,140.380839175796,1.68458238161469,1.67320172732602,99
1,2009,145.370191602948,147.96276501991,1.69559680670295,1.70409370574105,99
3,2009,161.691070245627,163.415723764201,2.03126246201478,2.01778096093344,99
4,2009,165.865279465554,167.592827957303,2.12048457555439,2.11071020029189,99
1,2010,169.173191671172,171.117560655835,2.10530405383019,2.09150221347325,99
2,2010,171.644201860709,173.538285029118,2.12475371997378,2.11152814720174,99
3,2010,172.26115969621,174.107783390469,2.09742376519809,2.08695813334693,99
4,2010,173.99168410671,175.693721390382,2.10216793093258,2.09045555083859,99
1,2011,176.764910832258,178.700934967045,2.07683710586873,2.06404257420565,99
2,2011,177.780661190973,179.637984717247,2.05720774040889,2.04495971670009,99
3,2011,180.122532758984,181.965582139775,2.07662237142137,2.06638541117215,99
4,2011,183.375373075202,185.643855638492,2.09210613740797,2.08435804009777,99
1,2012,185.619597405154,188.099224321568,2.080082820195,2.07311466391289,99
2,2012,187.764822245717,190.232300465015,2.08618352392897,2.08012046574719,99
4,2012,190.891160286386,193.168481985523,2.06517889085019,2.05819809694212,99
1,2013,192.887982372006,195.340541259446,2.04853633185453,2.04247829287127,99
3,2013,198.046439616677,200.472164351928,2.08024642342155,2.07412794976588,99
4,2013,200.458039024916,202.702920260751,2.08917736646777,2.0818511392144,99
1,2014,201.502656366989,203.915443029073,2.05011165132521,2.04409067930529,99
3,2014,204.73440682008,207.074666602287,2.0375630915905,2.03060063538199,99
4,2014,206.34927430748,208.598003269111,2.02844566016968,2.0221172982163,99
2,2015,212.79269984711,215.271174133442,2.0666747264578,2.06058835402787,99
3,2015,214.393720150217,216.815588141375,2.05831996207056,2.05210095844489,99
4,2015,215.007064020743,217.322989955472,2.02739731195785,2.02197774263007,99
1,2016,216.615660934671,219.101467103388,2.00780704904092,2.00250510699783,99
2,2016,218.723153909633,221.17574052352,2.01201455539367,2.00630911567546,99
3,2016,219.705679918898,222.112939528511,1.99229035385592,1.98679312513856,99
4,2016,222.69028599802,224.991745372141,2.01139756766131,2.00617808253681,99
1,2017,224.435909055052,226.907320571366,1.99533490784911,1.99020382955274,99
2,2017,226.350481965688,228.789348647688,1.99566472580771,1.99018081971291,99
3,2017,227.423890952258,229.803330352681,1.97892496680712,1.97338732786108,99
4,2017,229.204481838215,231.487800017276,1.97417732318542,1.96925725759869,99
1,2018,230.591140934205,233.044484824855,1.95278752519564,1.94797146828432,99
2,2018,232.004514275111,234.421786254301,1.94428069819341,1.93914698471131,99
3,2018,233.439697146473,235.799906328326,1.93563526212992,1.93046167016026,99
4,2018,236.162911268514,238.428219084788,1.94844264542315,1.9437173412259,99
1,2019,238.034035805897,240.475091661549,1.93656682391262,1.93206359690803,99
2,2019,239.494592344816,241.902229065012,1.92965234947236,1.92480516818783,99
3,2019,241.849406994182,244.199567262343,1.93746027407686,1.93235670412866,99
4,2019,247.842234383915,250.117402455332,2.00765807328799,2.00278523636738,99
1,2020,254.152776273457,256.618974750541,2.0744305673986,2.06956601248517,99
2,2020,257.919364328514,261.498860169381,2.08075827527766,2.07170262781065,99
3,2020,276.792295405715,287.019301262547,2.44125833669737,2.54488069252726,99
4,2020,324.710286906084,350.203871615533,3.40868617226204,4.18885216106131,99
1,2021,454.458855828391,459.329490959073,10.5085219950778,10.5368384483377,99
2,2021,465.28619985046,468.93851745873,11.2224790017123,11.1859471283899,99
3,2021,468.683970273207,472.292935158375,11.2340412920195,11.2026487767488,99
4,2021,472.913625837933,476.49874208788,11.3123654653465,11.2737842671977,99
1,2022,476.590825093951,480.259065562139,11.1682202079104,11.1277515906928,99
2,2022,480.153807305763,483.766510333464,11.178867458967,11.1405115973909,99
3,2022,484.646278970507,488.228555705312,11.2894599514275,11.2555748622349,99
4,2022,485.790460216956,489.354717194259,11.1032571398633,11.0695595848923,99
1,2023,487.661654815651,491.29693372282,10.7974509266399,10.7598251141437,99
2,2023,490.737990526234,494.314087112597,10.7686629086632,10.7328978556102,99
3,2023,491.399258681729,494.925474279042,10.5541483598908,10.5238888798518,99
4,2023,493.301934088945,496.819784373587,10.4521454241479,10.4208888218987,99
1,2024,497.045053270263,500.632013868986,10.3255314786637,10.2904063756223,99
2,2024,500.335259381671,503.876003116265,10.3191489322647,10.2862831699892,99
3,2024,498.65465297616,502.131278061809,9.94506331151677,9.91763089369255,99
4,2024,500.679094082859,504.147465479518,9.86411291267071,9.83531994025698,99
1,2006,123.563919237425,125.773275785703,1.73929664044905,1.73101761464497,100
2,2006,125.332319380598,127.084142171516,1.74704902709699,1.73491546787633,100
3,2006,125.579507208638,127.135905007728,1.71382015945714,1.70131151353781,100
4,2006,125.448933789916,127.700420866306,1.67698924045088,1.68865284411733,100
1,2007,129.664405072032,131.381140841526,1.69205242848995,1.67861855563821,100
2,2007,131.152652642605,132.836090290422,1.69011915084393,1.67818750931813,100
3,2007,132.073550880774,133.558726212051,1.67839871406227,1.66560737927785,100
2,2008,138.717655828894,140.353719749804,1.68483021600735,1.67254496631909,100
3,2008,142.80073068676,144.657676555884,1.75346267636709,1.74881808122615,100
4,2008,142.165743867202,143.711960967747,1.70666765858864,1.69917129890361,100
1,2009,145.502707917731,148.560388697755,1.69879155428977,1.71822975526265,100
4,2006,125.458745524125,126.995189631713,1.67725895421696,1.66956231146918,58
1,2007,129.669458536231,131.421837466202,1.69219391123223,1.67970323619032,58
2,2007,131.005480130326,132.655324115745,1.68617204473152,1.6734543947707,58
1,2008,136.844523238352,138.557942781518,1.67675670703443,1.66437351588393,58
3,2008,142.966723662947,144.755538161606,1.75771912894426,1.75129974271166,58
4,2008,142.0906050056,143.610509480629,1.70508692515586,1.69659425629924,58
1,2009,145.336743966296,147.265676422094,1.6947914189608,1.6877348912825,58
2,2009,150.713348191303,153.043865908856,1.78823003652266,1.79141766197081,58
4,2009,165.738176711005,167.473695117208,2.11748458109596,2.10772826625588,58
1,2010,169.242230351726,171.303226328932,2.1072559505577,2.09656640892947,58
2,2010,171.552122774069,173.428650998774,2.12218242254107,2.10859312023404,58
4,2010,174.635873217568,176.641782299263,2.11658388697611,2.10528109869695,58
2,2012,187.764822245717,190.232300465015,2.08618352392897,2.08012046574719,58
4,2012,190.89330299278,193.165750802379,2.06518043257782,2.05810795880433,58
2,2013,195.063218966984,197.783472674572,2.04940702667076,2.05183712859969,58
3,2013,198.106011588199,200.466658362516,2.08043089498967,2.07323381269694,58
4,2013,200.462750136307,202.719206183447,2.0891809241038,2.08196934983084,58
1,2014,201.568387049824,204.045985194017,2.05086276652945,2.04654782671178,58
4,2014,206.347016081637,208.596908803438,2.02844412353955,2.02210739657587,58
2,2007,131.152652642605,132.872112973454,1.69011915084393,1.67912996971513,8
3,2007,132.106324307438,133.639975928065,1.67925278542474,1.66765067116882,8
4,2007,133.247577398031,134.686556643225,1.67812689852115,1.66786942301539,8
2,2008,138.716774853583,140.36060021197,1.68480814167932,1.6727069051681,8
3,2008,143.149716449785,144.9525152052,1.76242396273745,1.75624472828487,8
4,2008,142.165743867202,143.63659925924,1.70666765858864,1.69728439832021,8
1,2009,145.470639532308,148.347182426368,1.69801786197511,1.71316711463786,8
2,2009,150.938171696016,153.697996578009,1.79377751014928,1.80761921669294,8
3,2009,160.036916919357,161.754102589926,1.98677049933743,1.97580136050865,8
4,2009,165.657189435908,167.402057804916,2.11557774585818,2.10577245294036,8
1,2010,169.19166369925,171.15737793369,2.10582612630294,2.09258513518376,8
2,2010,171.49444644713,173.370667813825,2.12057192509191,2.10700534320686,8
3,2010,172.11904493715,173.868773774579,2.09367494277909,2.08121775780153,8
4,2010,173.73746389149,175.43279376061,2.0965373957493,2.08671804923811,8
1,2011,176.769202432009,178.716994705037,2.07695047961769,2.06445043349753,8
2,2011,177.780661190973,179.641470642698,2.05720774040889,2.04503791323437,8
3,2011,179.940613335288,181.702443342278,2.07219545407318,2.06075866646811,8
4,2011,183.375373075202,185.644938507674,2.09210613740797,2.08437097073057,8
1,2012,185.581893167721,188.044133051915,2.0796237172634,2.07301504388215,8
2,2012,187.825448191073,190.343687070333,2.08665849056173,2.08218259343604,8
3,2012,190.038947696074,192.418969020639,2.09498079186237,2.08712797337098,8
4,2012,190.891160286386,193.174983467439,2.06517889085019,2.05829108158788,8
1,2013,192.893231740281,195.343492769169,2.04859706366431,2.04267468147969,8
2,2013,194.923340582111,197.45054379052,2.04836393318549,2.04568780622575,8
3,2013,198.046439616677,200.472164351928,2.08024642342155,2.07412794976588,8
4,2013,200.455194898501,202.700941327514,2.08917440062056,2.08186389171177,8
1,2014,201.544778448049,203.957317547993,2.05059286431401,2.0446910216706,8
2,2015,212.79269984711,215.269323082333,2.0666747264578,2.06055730266305,8
4,2015,215.006988286946,217.324394316188,2.02739728445576,2.0220029751696,8
2,2016,218.729977793954,221.18045721636,2.01204795696341,2.00630967771261,8
3,2017,227.422378773073,229.815048502253,1.97892234713613,1.97353556279917,8
1,2020,254.150397126185,256.615611611094,2.07441116361167,2.06950693906108,8
2,2020,266.252238957497,276.260652665393,2.12654681596421,2.1092170792608,8
4,2020,324.770120967362,349.993636340244,3.40880685888054,4.17992968166812,8
2,2021,465.274989245637,468.968828166825,11.2215104270764,11.1881042868129,8
1,2022,476.594021287979,480.260099279417,11.1685007312885,11.1278779343212,8
3,2022,484.640730371779,488.219442998173,11.2890688320269,11.2551536508041,8
4,2022,485.783532833945,489.350089009994,11.1029977995431,11.0696784530531,8
2,2023,490.735810854633,494.313097123027,10.7684942513541,10.7328149911116,8
4,2023,493.301934088945,496.818314015743,10.4521454241479,10.4208247466316,8
2,2024,500.333024395963,503.873609814692,10.318989612022,10.2861386850518,8
3,2024,498.655177901107,502.132181753306,9.94509250646037,9.91766396136451,8
4,2024,500.679094082859,504.146922916857,9.86411291267071,9.83528925083306,8
2,2008,138.707762790271,140.345210634917,1.68458238161469,1.6723342869235,101
3,2008,142.966723662947,144.755538161606,1.75771912894426,1.75129974271166,101
4,2008,142.315337181526,143.788473233631,1.70982298696797,1.70064676533354,101
1,2009,145.324229878611,147.979640194857,1.6944862133392,1.70452026557505,101
2,2009,152.366241939548,154.286231298841,1.82947124859727,1.82253294629895,101
3,2009,162.125578526354,163.851733590609,2.04315505442141,2.03005245210706,101
4,2009,166.256445437566,167.955109331534,2.12977397508396,2.11850657163162,101
1,2010,169.184302311894,171.179602373905,2.10561689446428,2.0931900475122,101
2,2010,171.552122774069,173.4426165416,2.12218242254107,2.10892959765136,101
3,2010,172.154340666227,173.943443351628,2.09460521498788,2.08298809023285,101
4,2010,173.73746389149,175.427316038479,2.0965373957493,2.08634050883245,101
1,2011,176.76556924644,178.707704629124,2.07685449440768,2.0642177902395,101
2,2011,177.780661190973,179.641470642698,2.05720774040889,2.04503791323437,101
3,2011,180.122532758984,181.947938648094,2.07662237142137,2.06606342092126,101
4,2011,183.375461631082,185.655254656154,2.09210590733707,2.08454062533467,101
3,2012,190.036100757853,192.413338300104,2.09497090471328,2.08711538848897,101
4,2012,190.890772365613,193.167067570591,2.0651786149573,2.05820710156746,101
2,2013,194.855135196399,197.38252987492,2.04785630392124,2.04479843144206,101
3,2013,198.035858633929,200.447460742143,2.08021366868067,2.07371889628397,101
4,2013,200.458039024916,202.707041172522,2.08917736646777,2.08192893575661,101
1,2014,201.497130114402,203.903305713897,2.05004855479211,2.04383889723341,101
2,2014,203.021587621021,205.404791985334,2.04210519369766,2.03538755141966,101
4,2014,206.34927430748,208.612387507167,2.02844566016968,2.0223194293023,101
1,2015,210.175768357328,212.927322495439,2.04643896356995,2.04196712932058,101
2,2015,212.799007980725,215.273252363189,2.06670815596553,2.06055629014745,101
3,2015,214.397940442853,216.819034705771,2.05832808725484,2.05209672336568,101
4,2015,215.006392627166,217.320101486419,2.02739701877779,2.02195767147281,101
1,2016,216.615660934671,219.099980579405,2.00780704904092,2.00246018013166,101
2,2016,218.723153909633,221.173290466627,2.01201455539367,2.00625558334814,101
3,2016,219.705679918898,222.117511616923,1.99229035385592,1.98685575423028,101
4,2016,222.69028599802,224.987919751476,2.01139756766131,2.00613694166548,101
1,2017,224.434041659845,226.905612322653,1.99532026699363,1.99018581792371,101
2,2017,226.350481965688,228.790486799838,1.99566472580771,1.99020289055788,101
3,2017,227.426686688182,229.813758646435,1.97892980352833,1.97350982705062,101
4,2017,229.206584279834,231.503526667911,1.97417815787813,1.96940903772642,101
1,2018,230.593992754313,233.051574400434,1.95280844364721,1.94807113318324,101
2,2018,232.007309410427,234.432428285698,1.9442928804142,1.93929175147067,101
3,2018,233.438120810968,235.794206137116,1.93563268022267,1.93039986190738,101
4,2018,236.162911268514,238.426001862756,1.94844264542315,1.94369567336733,101
1,2019,238.040658611469,240.478239199467,1.93661408175976,1.93201958293063,101
2,2019,239.48952642665,241.891728937986,1.92963067955288,1.92468057624382,101
3,2019,241.849406994182,244.202792809055,1.93746027407686,1.93240077441134,101
4,2019,247.842459189193,250.1138802648,2.0076581698819,2.00274434655427,101
1,2020,254.149898314615,256.614829604155,2.07440709336245,2.06950938518824,101
2,2020,256.430384682113,259.354130635198,2.07310793356091,2.06743634224519,101
3,2020,276.792295405715,287.82174642036,2.44125833669737,2.55712882184487,101
4,2020,325.538126584505,350.843645071731,3.41035846059279,4.19655562175115,101
1,2021,454.458855828391,459.233611641627,10.5085219950778,10.5303348884373,101
2,2021,465.27763940855,468.949179639066,11.2217393866611,11.1866286554438,101
3,2021,468.679958777317,472.28587919835,11.2337501417021,11.2019627493479,101
4,2021,472.963985087287,476.553182455646,11.3144052860069,11.2750629489939,101
1,2022,476.597279784306,480.255683980044,11.1687867354689,11.1277064558598,101
2,2022,480.153231579017,483.765232791781,11.1788196143156,11.1403899186185,101
3,2022,484.65317888343,488.232829605004,11.2899463738164,11.2559490449981,101
4,2022,485.772295850559,489.343881548008,11.1025771756072,11.0696994629297,101
1,2023,487.669757266529,491.306214698926,10.7981147750672,10.7605188068729,101
2,2023,490.735624876809,494.31592903986,10.7684798532064,10.7329951115327,101
3,2023,491.391459101565,494.918226564249,10.5536646631078,10.5234929507413,101
4,2023,493.301934088945,496.818115081736,10.4521454241479,10.4208233995286,101
1,2024,497.043617497468,500.630707395406,10.325422892548,10.2903164612569,101
2,2024,500.333024395963,503.873701956219,10.318989612022,10.2861497036564,101
3,2024,498.654543210266,502.131137775333,9.94505720664513,9.91762667202253,101
4,2024,500.680979868138,504.148477128528,9.86416526245889,9.83531198642787,101
2,2008,138.75323908306,140.408360775702,1.68572191840879,1.67387331045983,102
3,2008,144.30938151022,146.681619904262,1.79254544284492,1.80008682975101,102
2,2009,151.194841010002,153.878875247275,1.80013456441088,1.81232023229566,102
4,2009,165.738176711005,167.43656951953,2.11748458109596,2.10639215485544,102
1,2010,169.177282720808,171.122138073257,2.10541847824469,2.09162587346014,102
2,2010,171.49444644713,173.370731739321,2.12057192509191,2.10699969085012,102
3,2010,172.154340666227,173.957741470235,2.09460521498788,2.08331914946308,102
4,2010,173.73746389149,175.440432091294,2.0965373957493,2.0871417081956,102
1,2011,176.766121951341,178.698499888487,2.07686909953331,2.06398013286689,102
2,2011,177.756424291962,179.612941424097,2.05659111397567,2.04434797480164,102
3,2011,180.122532758984,181.932189552279,2.07662237142137,2.06578491270673,102
4,2011,183.375461631082,185.651631956257,2.09210590733707,2.08448285034187,102
1,2012,185.604928547038,188.056832175524,2.07990415613247,2.07288703645529,102
2,2012,187.746814571667,190.211257655003,2.08604232203562,2.07971815659134,102
3,2013,198.034297478281,200.419707660392,2.08020883613378,2.0732431885557,102
1,2014,201.486349431567,203.903291631768,2.04992548004648,2.04386442718997,102
2,2014,203.021434155348,205.401897989778,2.04210408990308,2.03536205982721,102
3,2014,204.73440682008,207.0715011258,2.0375630915905,2.03054558368245,102
4,2014,206.34927430748,208.59192277883,2.02844566016968,2.02203114708216,102
1,2015,210.175768357328,212.927322495439,2.04643896356995,2.04196712932058,102
2,2015,212.793300282848,215.267455323268,2.06667790130887,2.06051372198529,102
3,2015,214.394449680855,216.815655189859,2.05832136381506,2.05209278676137,102
4,2015,215.009002467655,217.322821398418,2.02739814448982,2.02195735261959,102
1,2016,216.615660934671,219.099980579405,2.00780704904092,2.00246018013166,102
2,2016,218.720478129036,221.171802726246,2.01200145629958,2.00625668184223,102
3,2016,219.705679918898,222.112939528511,1.99229035385592,1.98679312513856,102
4,2016,222.69028599802,224.987919751476,2.01139756766131,2.00613694166548,102
1,2017,224.434567683254,226.90600411313,1.99532439401062,1.99018620395545,102
2,2017,226.348211609203,228.788994902376,1.99565398633558,1.990193443397,102
3,2017,227.422378773073,229.815048502253,1.97892234713613,1.97353556279917,102
4,2017,229.204481838215,231.507207825418,1.97417732318542,1.96945630753174,102
2,2018,232.002244627402,234.440627269612,1.94427079861835,1.93934539889567,102
3,2018,233.446887600571,235.804152861751,1.93564702978245,1.93044870016921,102
4,2018,236.16399034956,238.431130003651,1.94844305745612,1.94374050080047,102
1,2019,238.05652925133,240.494590710307,1.936727337808,1.93203254994919,102
2,2019,239.498854400671,241.900949825433,1.92967057978633,1.92471764972145,102
3,2019,241.848427058607,244.205698524316,1.93745868459878,1.93241694622641,102
4,2019,247.842234383915,250.112517393087,2.00765807328799,2.00273572934981,102
1,2020,254.149725623006,256.616732379863,2.07440568908492,2.06952892653279,102
2,2020,258.354152016498,263.519694222888,2.0830207178467,2.07983842454671,102
3,2020,277.049625811393,286.216610942046,2.44204833684019,2.54657254190016,102
1,2021,454.423834583909,459.041374497245,10.5055032542384,10.5168472057208,102
2,2021,465.28004390647,468.934768253532,11.221947130353,11.1855086024783,102
3,2021,468.675805966036,472.289820366598,11.233448759435,11.2020835771259,102
4,2021,472.938375651682,476.525933622467,11.3133677643302,11.2743528155572,102
1,2022,476.584619648614,480.243855621239,11.1676755924009,11.1266506515683,102
2,2022,480.154626291043,483.766149358503,11.1789355288372,11.1404764284163,102
4,2022,485.777478030178,489.34140410317,11.1027711428029,11.0689396132965,102
1,2023,487.660285283672,491.288174636963,10.7973387249983,10.7591874405638,102
2,2023,490.741073952243,494.318328880615,10.768901504483,10.7331586429659,102
3,2023,491.402147455981,494.92932361523,10.5543275240384,10.523996858504,102
4,2023,493.302129408119,496.818337106818,10.4521516547799,10.4208441376257,102
1,2024,497.045880012911,500.633089466524,10.3255939985284,10.2904765843477,102
2,2024,500.334067395336,503.874620460696,10.3190639605159,10.2862056418222,102
3,2024,498.654848604537,502.131503038528,9.9450741936213,9.91764030578028,102
4,2024,500.679094082859,504.146743564058,9.86411291267071,9.83527918998951,102
2,2008,138.708203398271,140.349198454025,1.68459342546877,1.67243359599401,103
3,2008,142.966723662947,144.838823798394,1.75771912894426,1.7533532169794,103
4,2008,142.165743867202,143.711960967747,1.70666765858864,1.69917129890361,103
1,2009,145.352065755789,148.350585974779,1.69516030926883,1.71329203486659,103
2,2009,152.232610452514,154.351781875728,1.82609811028888,1.82436116587518,103
3,2009,164.407755887212,166.308253885452,2.10703912065729,2.09303445551035,103
4,2009,166.256445437566,167.953616041468,2.12977397508396,2.11818667069715,103
3,2010,172.415954507521,174.369651752333,2.10151633514972,2.09328380885772,103
4,2010,173.367791447062,175.126823255527,2.08840495197378,2.08060244875215,103
1,2011,176.764910832258,178.705199952985,2.07683710586873,2.06415166010434,103
4,2011,183.375461631082,185.664523067379,2.09210590733707,2.08468577910861,103
1,2012,185.581893167721,188.031873150848,2.0796237172634,2.07284842057291,103
2,2012,187.825448191073,190.314897895869,2.08665849056173,2.08153836235155,103
3,2012,190.036358848776,192.446234433588,2.09497265763454,2.08778630161595,103
4,2012,190.892139231797,193.215499075558,2.06517959671185,2.05894072460708,103
1,2013,192.89685661694,195.360845677911,2.04863900356955,2.04299719680737,103
2,2013,194.948696601902,197.505254704116,2.04855282086186,2.04668415066055,103
3,2013,198.077174334057,200.541316759773,2.08034158445142,2.07519908062653,103
4,2013,200.455194898501,202.704027117645,2.08917440062056,2.08189373732313,103
1,2014,201.544778448049,203.951155256031,2.05059286431401,2.04445194753284,103
2,2014,203.034322493696,205.414904213479,2.04219744823664,2.03547392640519,103
3,2014,204.744895653159,207.085655679278,2.03759335337643,2.03069745572495,103
1,2015,210.180315665687,212.932474332504,2.04645930000203,2.04201703668682,103
2,2015,212.795356869298,215.269302495391,2.06668880121037,2.06052164491346,103
3,2015,214.395245815574,216.816387630611,2.05832290350184,2.05209323006417,103
4,2015,215.006392627166,217.320804667208,2.02739701877779,2.02196522467585,103
1,2016,216.623779749381,219.109270944456,2.00787263225559,2.0025790872688,103
2,2016,218.729977793954,221.1825351656,2.01204795696341,2.00636527825683,103
3,2016,219.710722435922,222.106659601282,1.99229932287106,1.98665233123542,103
4,2016,222.690501773855,224.992276921179,2.01139765700793,2.00617529688475,103
1,2017,224.435909055052,226.907320571366,1.99533490784911,1.99020382955274,103
2,2017,226.348211609203,228.787607172086,1.99565398633558,1.99017229354124,103
3,2017,227.426686688182,229.813758646435,1.97892980352833,1.97350982705062,103
4,2017,229.206584279834,231.503526667911,1.97417815787813,1.96940903772642,103
1,2018,230.593992754313,233.048105201799,1.95280844364721,1.9480195652688,103
2,2018,232.004514275111,234.424035010505,1.94428069819341,1.93918433103186,103
3,2018,233.438120810968,235.79686726699,1.93563268022267,1.93043132628243,103
4,2018,236.16399034956,238.42908355939,1.94844305745612,1.94371933937276,103
1,2019,238.048156446067,240.485999635316,1.936667585035,1.93208969223524,103
2,2019,239.494592344816,241.898475498649,1.92965234947236,1.92474549487675,103
3,2019,241.849406994182,244.202792809055,1.93746027407686,1.93240077441134,103
4,2019,247.842459189193,250.1138802648,2.0076581698819,2.00274434655427,103
1,2020,254.149898314615,256.616703684918,2.07440709336245,2.06953243807558,103
2,2020,257.228178208488,260.179677391767,2.07718834256749,2.06863481833331,103
3,2020,276.820643906438,287.694098544391,2.44134539175356,2.55153304870672,103
4,2020,324.9207473496,349.896666789991,3.40911080698734,4.17344688228925,103
1,2021,454.353945752547,459.163322575794,10.499482173636,10.5237782803175,103
2,2021,465.28004390647,468.940789825762,11.221947130353,11.1860099192879,103
3,2021,468.673019993453,472.300605968582,11.2332465828214,11.2026538013282,103
4,2021,472.963985087287,476.556663663645,11.3144052860069,11.2747206661943,103
1,2022,476.587691211213,480.247642840401,11.1679451643881,11.126953308174,103
2,2022,480.153136166325,483.765231301944,11.178811678901,11.1403942993976,103
3,2022,484.640730371779,488.220174943084,11.2890688320269,11.2551653833297,103
1,2023,487.669195520445,491.30970205395,10.798068752187,10.760765070514,103
3,2023,491.392185230043,494.918864743193,10.5537096905294,10.523535530821,103
4,2023,493.301571781441,496.818079131373,10.4521338684135,10.420839041527,103
1,2024,497.045880012911,500.63301855774,10.3255939985284,10.2904921953726,103
2,2024,500.335259381671,503.875820284326,10.3191489322647,10.2862908177989,103
3,2024,498.65465297616,502.131555386444,9.94506331151677,9.91764157534502,103
4,2024,500.679546063091,504.147574820462,9.86412546095578,9.83533905181174,103
2,2008,138.731936379303,140.409347325822,1.6851880209707,1.67389245326396,104
3,2008,142.966723662947,144.884781884959,1.75771912894426,1.75448936385607,104
4,2008,142.0906050056,143.726478580637,1.70508692515586,1.69904526876236,104
3,2009,160.846562920182,162.559482108342,2.00839326564911,1.99617484051376,104
4,2009,165.865279465554,167.581879362156,2.12048457555439,2.11028343965934,104
3,2010,172.11904493715,173.866859265358,2.09367494277909,2.08125902644759,104
4,2010,173.529334231395,175.228002818963,2.09194997026142,2.08226984472481,104
1,2011,176.76556924644,178.697476826711,2.07685449440768,2.06395487487923,104
2,2011,177.768534313436,179.624741052629,2.05689919090677,2.04464783061522,104
3,2011,180.122532758984,181.985118441522,2.07662237142137,2.06675089547214,104
4,2011,183.37695328578,185.646753702413,2.09210731565363,2.08436942464196,104
1,2012,185.598941774138,188.055559143889,2.07983126238236,2.07288066049575,104
2,2012,187.756444501302,190.237086636542,2.08611730457053,2.08022651803599,104
3,2012,190.035925350737,192.41844167056,2.09497129515064,2.08719213937111,104
4,2012,190.891160286386,193.174983467439,2.06517889085019,2.05829108158788,104
1,2013,192.890544381755,195.334332698971,2.04856597314896,2.04249032017519,104
2,2013,194.876559669022,197.407927649209,2.04801568861886,2.04517427850942,104
3,2013,198.055015004517,200.476771767317,2.08027297467653,2.07416388093285,104
4,2013,200.458039024916,202.703587117191,2.08917736646777,2.08186678964154,104
1,2014,201.502656366989,203.915443029073,2.05011165132521,2.04409067930529,104
2,2014,203.021434155348,205.405209270198,2.04210408990308,2.03541298992308,104
3,2014,204.73440682008,207.082784528844,2.0375630915905,2.03073620415655,104
4,2014,206.347016081637,208.60386292655,2.02844412353955,2.02220246851802,104
1,2015,210.175768357328,212.927322495439,2.04643896356995,2.04196712932058,104
1,2022,476.587691211213,480.251219775002,11.1679451643881,11.127170441961,104
2,2022,480.15489622312,483.766643299072,11.178957959135,11.1405237591351,104
3,2022,484.643335742038,488.225879238119,11.2892524761002,11.2554142755361,104
2,2008,138.707762790271,140.345210634917,1.68458238161469,1.6723342869235,105
1,2009,145.391117199153,147.749115053124,1.69610087137502,1.69905201135707,105
3,2009,159.264756700425,161.050079187762,1.96642291307873,1.95902401338945,105
1,2010,169.173191671172,171.1315883124,2.10530405383019,2.09188940524871,105
2,2010,171.487054759613,173.371835412508,2.12036580978162,2.10704199095896,105
3,2010,172.11904493715,173.874963776949,2.09367494277909,2.08135425313233,105
4,2010,173.529334231395,175.277634499401,2.09194997026142,2.08415968523804,105
1,2011,176.769202432009,178.724296690416,2.07695047961769,2.06463639844007,105
2,2011,177.780661190973,179.641470642698,2.05720774040889,2.04503791323437,105
3,2011,180.122532758984,181.947938648094,2.07662237142137,2.06606342092126,105
4,2011,183.375373075202,185.649033223446,2.09210613740797,2.08443147001772,105
2,2012,187.749316101074,190.253956417247,2.08606193692653,2.08051519907501,105
3,2012,190.038947696074,192.418969020639,2.09498079186237,2.08712797337098,105
4,2012,190.892139231797,193.205741825871,2.06517959671185,2.05879446620833,105
1,2013,192.890544381755,195.329494871027,2.04856597314896,2.04241589479721,105
2,2013,194.855135196399,197.38252987492,2.04785630392124,2.04479843144206,105
1,2014,201.502656366989,203.922251961094,2.05011165132521,2.04423572762429,105
2,2014,203.022630926921,205.412270215451,2.04211275840668,2.03553816943727,105
3,2014,204.738785362063,207.085220555429,2.03757572146214,2.0307530001072,105
1,2015,210.175768357328,212.927322495439,2.04643896356995,2.04196712932058,105
2,2015,212.790368106572,215.265627743275,2.06666236584323,2.06049998862221,105
4,2015,215.007064020743,217.321599032715,2.02739731195785,2.02196423249095,105
1,2016,216.615660934671,219.102866623855,2.00780704904092,2.00253456566074,105
2,2016,218.720478129036,221.171802726246,2.01200145629958,2.00625668184223,105
3,2016,219.724531400658,222.124620062265,1.99232389053204,1.98677777175619,105
4,2016,222.69028599802,224.987919751476,2.01139756766131,2.00613694166548,105
1,2017,224.435909055052,226.907320571366,1.99533490784911,1.99020382955274,105
1,2020,254.150915201401,256.616818481044,2.07441538663036,2.06953790348197,105
2,2020,257.343638252738,260.256101625486,2.07778242568229,2.06880381446537,105
3,2020,276.79038569141,286.094672010648,2.44125247299927,2.53534948624373,105
4,2020,324.770120967362,349.993636340244,3.40880685888054,4.17992968166812,105
1,2021,454.180124511811,458.787559058185,10.484525287834,10.495542654362,105
2,2021,465.288286781934,468.927702085927,11.2226593264053,11.1850481209503,105
3,2021,468.682547696386,472.277458337095,11.2339380434132,11.2013413681709,105
4,2021,472.963985087287,476.555454043304,11.3144052860069,11.2748312515985,105
1,2022,476.58161041483,480.240994894468,11.1674115043293,11.1263992076742,105
2,2022,480.156498308325,483.767999954603,11.1790911128268,11.1406264898743,105
3,2022,484.640730371779,488.222865098015,11.2890688320269,11.2552526796746,105
4,2022,485.790460216956,489.353902180756,11.1032571398633,11.0692382655121,105
1,2023,487.661654815651,491.296087661376,10.7974509266399,10.7597632079507,105
2,2023,490.737990526234,494.314695210259,10.7686629086632,10.7329538852617,105
3,2023,491.402147455981,494.928470872537,10.5543275240384,10.5240369430526,105
4,2023,493.302129408119,496.818587488841,10.4521516547799,10.4208734440716,105
1,2024,497.046779323124,500.633756719623,10.3256620144611,10.2905357228983,105
2,2024,500.335259381671,503.875828255816,10.3191489322647,10.2862848067064,105
3,2024,498.654543210266,502.131218288484,9.94505720664513,9.91763175634617,105
4,2024,500.679546063091,504.147343773518,9.86412546095578,9.83531989446091,105
2,2008,138.731936379303,140.442927501492,1.6851880209707,1.67470942210122,107
3,2008,142.950716487206,144.743762058193,1.75730819870644,1.75100217460707,107
4,2008,142.167684054704,143.796205062276,1.70670850179332,1.70112837898588,107
1,2009,145.319477849022,147.147472159215,1.69437222109377,1.68501347887971,107
2,2009,151.635644240147,153.697710073587,1.81111152385849,1.80795172097411,107
3,2009,160.559086980792,162.294607181152,2.00068201756531,1.990330458852,107
4,2009,165.653967122992,167.407103240925,2.11550196232855,2.10589902658337,107
1,2010,169.177836898442,171.155719823655,2.10543419215733,2.0925390405092,107
2,2010,171.579205187454,173.469415536833,2.12293834496313,2.10965886434244,107
3,2010,172.116462456447,173.862697159413,2.09360689500732,2.08114488650576,107
4,2010,173.474801446751,175.184588818111,2.09075180857151,2.08150553431343,107
1,2011,176.766935351938,178.69914330081,2.07689058922229,2.06399674081937,107
2,2011,177.805483140291,179.6783864208,2.05783948448996,2.04592593733301,107
3,2011,180.139745628147,181.969096002215,2.07704190611798,2.06653393006719,107
4,2011,183.375230966553,185.644373986235,2.09210603145025,2.08436682501771,107
1,2012,185.583981010093,188.032595275753,2.0796491259767,2.07278908798648,107
2,2012,187.785325464661,190.257193087327,2.08634435084322,2.08054714203646,107
3,2012,190.034355502192,192.424854348119,2.09496636387705,2.0873721537507,107
4,2012,190.894663243261,193.21730565484,2.06518140378009,2.05896552496926,107
1,2013,192.894074734163,195.336215505473,2.04860682233257,2.04256596399367,107
2,2013,194.866466932694,197.431738280547,2.04794059588943,2.04576326639684,107
3,2013,198.041779492975,200.479046866899,2.08023199434989,2.07426032839264,107
4,2013,200.454542611271,202.700281799285,2.08917426465334,2.08186122144305,107
1,2014,201.518234852697,203.940572248417,2.05028956915452,2.04455330078348,107
2,2014,203.023343040404,205.406409208544,2.04211791637879,2.03543997441358,107
4,2014,206.354775112625,208.627566137425,2.02844942092939,2.02249952477866,107
1,2015,210.183420981246,212.935070919623,2.04647318160252,2.04203467552839,107
2,2015,212.801385868643,215.280025734546,2.0667207625663,2.06068190394794,107
4,2015,215.007899482606,217.32688548445,2.02739766608102,2.02202494653355,107
2,2016,218.731122438977,221.18363846414,2.01205355764733,2.00637281876549,107
4,2016,222.691839901311,224.993411206393,2.01139822807178,2.00618741574567,107
1,2017,224.437304079022,226.908783878079,1.99534584955035,1.99021880006831,107
3,2017,227.422228683053,229.806806123346,1.97892208253479,1.97343840017949,107
4,2017,229.203921650251,231.497270804494,1.97417709814817,1.96935556245727,107
1,2018,230.595093514377,233.060510477022,1.95281652344212,1.94819089042656,107
2,2018,232.002907246795,234.447356701716,1.94427368971339,1.93945016163683,107
3,2018,233.439664459089,235.795912473189,1.93563521080605,1.93040864989462,107
1,2019,238.043639505782,240.490276337523,1.93663534999317,1.93226584828714,107
2,2019,239.49020019255,241.897128622951,1.92963355944097,1.92475188547929,107
3,2019,241.851337521143,244.201570932002,1.93746340948168,1.93236287294044,107
4,2019,247.842238177049,250.116403592505,2.00765807907489,2.00277523338291,107
1,2020,254.150187358408,256.617664933313,2.0744094527023,2.06954692015821,107
2,2020,258.636674292512,262.819097925187,2.08449785156063,2.07495408530051,107
3,2020,276.791391041332,286.597280095002,2.44125555984221,2.54328441052269,107
4,2020,325.308473998428,350.348780236355,3.40989400209239,4.18263528859807,107
1,2021,454.335531036859,458.860908584436,10.4978963991492,10.5032963381656,107
2,2021,465.2790463406,468.942259451054,11.2218609396997,11.1861040009797,107
3,2021,468.680388726724,472.286635381989,11.2337813498504,11.2020371905399,107
4,2021,472.951257442121,476.547214037769,11.3138895981182,11.2740326666402,107
1,2022,476.61235336518,480.274478345773,11.1701098684887,11.1291973905485,107
2,2022,480.154057053658,483.765539496267,11.1788882154824,11.1404226225095,107
3,2022,484.652176835353,488.234384070765,11.2898757294495,11.2559241269314,107
4,2022,485.806286453849,489.370760725808,11.1038497338443,11.070265971227,107
1,2023,487.660729458024,491.289108987316,10.7973751191277,10.7592561179279,107
2,2023,490.735810854633,494.316192691668,10.7684942513541,10.7330436355326,107
3,2023,491.396039817496,494.922320213744,10.5539487321955,10.5236746222227,107
4,2023,493.301681972512,496.818257821288,10.4521373797323,10.4208564108953,107
1,2024,497.045053270263,500.6320195341,10.3255314786637,10.2904062775855,107
2,2024,500.333734230411,503.874342409828,10.3190402096164,10.2861757759258,107
3,2024,498.655108847739,502.131833975264,9.94508866764764,9.9176535152289,107
4,2024,500.679509002615,504.147228210812,9.86412443041873,9.83531120980399,107
2,2008,138.780671340712,140.497831859346,1.68640618779935,1.67604841128673,108
3,2008,143.565585127649,145.945936822841,1.77316492219369,1.78119618530217,108
4,2008,142.08454901399,144.226903197298,1.70495964706934,1.70919248451777,108
1,2009,145.414837576506,147.805343673986,1.69666726417796,1.70037058752728,108
2,2009,151.669683463225,153.734830325952,1.81196230316209,1.80887940745428,108
3,2009,159.264756700425,161.071104064483,1.96642291307873,1.9598253321708,108
4,2009,165.634257207582,167.531126200981,2.11503847248764,2.10766401900896,108
1,2010,169.171425390476,171.121896493785,2.10525413815152,2.09162136869373,108
2,2010,171.599635768341,173.589030862656,2.12350718057374,2.11281063756598,108
3,2010,172.095869741945,173.840457190952,2.09306439980247,2.08052301871302,108
4,2010,175.150453762607,177.216215320612,2.12824986754561,2.11626203685136,108
2,2011,177.779564170982,179.660431395683,2.05717982830788,2.04547963879386,108
3,2011,180.249927964632,182.067119145417,2.07973019142006,2.06888982331842,108
4,2011,183.376016714474,185.654164965323,2.09210572090845,2.08452085556942,108
1,2012,185.583917142212,188.027142339536,2.07964835714798,2.0728339849856,108
2,2012,187.82797832909,190.288132591615,2.08667860952225,2.08086965561512,108
3,2012,190.055034838279,192.42576975018,2.09503043459542,2.08723796444799,108
4,2012,190.892238965903,193.19532136713,2.06517967116169,2.05854781396871,108
1,2013,192.897141765684,195.344515816611,2.04864230579445,2.04273002262629,108
2,2013,194.906514696351,197.415110635933,2.04823864282564,2.04504413602783,108
3,2013,198.034835011442,200.452211789653,2.08021050267239,2.07379713882451,108
1,2014,201.492667595491,203.910659861535,2.04999760450289,2.04402208662003,108
3,2014,204.730855798312,207.078322724992,2.03755284700787,2.03063078955988,108
4,2014,206.350200248118,208.640235163952,2.0284462950234,2.02270515040207,108
2,2015,212.791965553699,215.271709004522,2.06667083474102,2.06052588859418,108
1,2017,224.450058209744,226.923110957706,1.9954458814271,1.99026570956702,108
2,2017,226.349265291869,228.791473696272,1.99565896828758,1.99016111253549,108
3,2017,227.422144830537,229.807084316633,1.97892193508193,1.97344014498066,108
4,2017,229.204481838215,231.487800017276,1.97417732318542,1.96925725759869,108
1,2018,230.59499290041,233.0533148589,1.95281577865168,1.94809545086321,108
2,2018,232.006497493712,234.427137153209,1.94428934045339,1.93921901278124,108
3,2018,233.444471677921,235.803252779208,1.93564307591768,1.93046509126641,108
4,2018,236.162971245946,238.427028947528,1.94844267054127,1.94370560481838,108
1,2019,238.046825339712,240.490270998917,1.93665808174389,1.93223288492231,108
2,2019,239.494080694844,241.897200412177,1.92965016296706,1.9247275770025,108
3,2019,241.848409615425,244.203158016943,1.9374586583884,1.93240728144816,108
1,2020,254.150035276194,256.619747301643,2.07440821459613,2.06954028039258,108
2,2020,260.04272382969,263.031390248675,2.09193385841979,2.0765096022337,108
1,2021,454.165803915048,459.017396987858,10.4832941924499,10.510711743478,108
2,2021,465.289905548503,468.93633518408,11.2227991965092,11.1858129244182,108
3,2022,484.64233747675,488.226285933495,11.28918210673,11.2560654259692,108
1,2023,487.673212573518,491.354565251781,10.7983978929744,10.764040145095,108
2,2023,490.735939344207,494.342479127398,10.7685041897329,10.734836576565,108
4,2023,493.309028881088,496.829200544979,10.4523717576477,10.4215984363417,108
1,2024,497.050949732898,500.641846728933,10.3259774267454,10.2910630840309,108
3,2024,498.671250938073,502.148358046889,9.94598655306291,9.91847089378945,108
3,2009,160.437218184398,162.338044742922,1.99742424122427,1.99385440463465,106
4,2009,165.738176711005,167.788695255909,2.11748458109596,2.11639822633819,106
2,2010,171.552122774069,173.430306985226,2.12218242254107,2.108644408068,106
3,2010,172.201726045199,173.949626403642,2.0958546236179,2.08329118631379,106
1,2011,176.76556924644,178.707704629124,2.07685449440768,2.0642177902395,106
2,2011,177.76045455627,179.615317099492,2.0566936283598,2.04440814878104,106
4,2011,183.375461631082,185.664523067379,2.09210590733707,2.08468577910861,106
1,2012,185.586373125564,188.074211633916,2.07967825107408,2.07320275142011,106
3,2012,190.035925350737,192.434246823762,2.09497129515064,2.08742134668031,106
1,2013,192.891171310829,195.366639276708,2.0485732206017,2.04259571087457,106
2,2013,194.855135196399,197.359525650979,2.04785630392124,2.04429310222134,106
2,2010,171.509837908882,173.386513020384,2.121001213507,2.10742789518733,109
3,2010,172.224056380419,174.082154230753,2.0964432364206,2.08630738880178,109
4,2010,173.73746389149,175.456175583191,2.0965373957493,2.08787364018621,109
1,2011,176.774151837765,178.714223706159,2.07708125569784,2.06438081515478,109
2,2011,177.817040890419,179.709791761606,2.05813371052872,2.04667083013538,109
3,2011,180.025601526393,181.806970363612,2.07426199122185,2.06304669792701,109
4,2011,183.375373075202,185.664937158746,2.09210613740797,2.08469101458866,109
1,2012,185.628279268732,188.090188297648,2.08018859915751,2.07307184108403,109
2,2012,187.764822245717,190.240050715128,2.08618352392897,2.08027821838308,109
4,2017,229.24813630922,231.588085563386,1.9741946964961,1.96998802395834,109
1,2020,254.150915201401,256.619839981001,2.07441538663036,2.06957890687269,109
3,2020,276.785607154198,287.888758155864,2.4412368709062,2.56160782753347,109
4,2020,325.69618953692,351.982332605738,3.41067837556922,4.2363730170994,109
1,2021,453.938955671218,458.676567129925,10.4638163144099,10.4838529000664,109
3,2021,468.692364177856,472.309472508527,11.2346505645384,11.2041965915975,109
4,2021,472.844536070599,476.435130825716,11.3095695935548,11.2708682247179,109
1,2022,476.572956770232,480.232832216532,11.1666521031266,11.1256823081936,109
4,2023,493.301934088945,496.819029427699,10.4521454241479,10.420852784886,109
2,2024,500.338090287789,503.879477331071,10.3193507339571,10.286497497463,109
3,2024,498.654543210266,502.131117426948,9.94505720664513,9.91762487316355,109
4,2010,173.73746389149,175.427316038479,2.0965373957493,2.08634050883245,110
1,2011,176.769202432009,178.716994705037,2.07695047961769,2.06445043349753,110
2,2011,177.768534313436,179.623429849345,2.05689919090677,2.04461112014185,110
3,2011,180.122532758984,181.932189552279,2.07662237142137,2.06578491270673,110
4,2011,183.375461631082,185.643635806004,2.09210590733707,2.08435197231347,110
1,2012,185.593853564064,188.04728522483,2.07976930678002,2.07283978454199,110
2,2012,187.756444501302,190.254773307041,2.08611730457053,2.0805631769712,110
3,2012,190.035925350737,192.434246823762,2.09497129515064,2.08742134668031,110
4,2012,190.890772365613,193.173451267234,2.0651786149573,2.05830115103577,110
1,2013,192.88879458314,195.331569475951,2.0485457275936,2.04240604146292,110
2,2013,194.855135196399,197.394819054412,2.04785630392124,2.04506227064214,110
3,2013,198.030730751225,200.38424848906,2.08019779588766,2.07262786474654,110
4,2013,200.458039024916,202.704960765243,2.08917736646777,2.0818927225898,110
1,2014,201.492570161242,203.897602102262,2.04999648967446,2.04373756279308,110
2,2014,203.021434155348,205.405209270198,2.04210408990308,2.03541298992308,110
3,2014,204.73440682008,207.074666602287,2.0375630915905,2.03060063538199,110
4,2014,206.34927430748,208.604824889119,2.02844566016968,2.02221338892729,110
1,2015,210.172804582299,212.923783130796,2.04642571365298,2.04192645931905,110
2,2015,212.791036924436,215.265736972737,2.06666591045824,2.0605044812486,110
3,2015,214.393720150217,216.815588141375,2.05831996207056,2.05210095844489,110
4,2015,215.006392627166,217.320804667208,2.02739701877779,2.02196522467585,110
1,2016,216.612789011144,219.09820137606,2.00778385649526,2.00246463740395,110
2,2016,218.720478129036,221.173099840345,2.01200145629958,2.00627262915783,110
3,2016,219.705679918898,222.102394261269,1.99229035385592,1.98664170357488,110
4,2016,222.69028599802,224.987919751476,2.01139756766131,2.00613694166548,110
1,2017,224.434330989788,226.906229144631,1.99532253343077,1.99018717774985,110
2,2017,226.348211609203,228.786699393843,1.99565398633558,1.99015640474749,110
3,2017,227.430765978673,229.814312863216,1.9789368753892,1.97348028011231,110
4,2017,229.204481838215,231.493586993949,1.97417732318542,1.96931737452289,110
1,2018,230.596687196237,233.050073484648,1.95282820857119,1.94803314405323,110
2,2018,232.004514275111,234.425910332768,1.94428069819341,1.93921069664661,110
3,2018,233.439697146473,235.796454935349,1.93563526212992,1.9304164071655,110
4,2018,236.162911268514,238.428219084788,1.94844264542315,1.9437173412259,110
1,2019,238.044529054763,240.48431754158,1.93664169975856,1.93212582549962,110
2,2019,239.496214229085,241.901059905573,1.9296592875235,1.92477375591239,110
3,2019,241.848654800172,244.199899483406,1.93745904819729,1.93236985878622,110
4,2019,247.842222620281,250.117504201459,2.00765806834192,2.00278621856743,110
1,2020,254.152723088225,256.617497790333,2.07443013564632,2.06953390880766,110
2,2020,257.783490345619,262.112777214951,2.08005391586788,2.07514806004521,110
3,2020,276.849753864212,288.219599298445,2.44143480287081,2.57378136675851,110
4,2020,325.538126584505,351.126668560206,3.41035846059279,4.20718596693006,110
1,2021,453.73428715085,458.107853284618,10.4462807584292,10.4427466935709,110
2,2021,465.280586022208,468.92672830371,11.2219939660201,11.184848120103,110
3,2021,468.682547696386,472.2874032902,11.2339380434132,11.202161637483,110
4,2021,472.82952912858,476.411873345598,11.3089627064252,11.2711702540247,110
1,2022,476.548818838527,480.208381606721,11.1645342269709,11.1235933994262,110
2,2022,480.1574917788,483.769135179742,11.1791736850043,11.1407309995546,110
3,2022,484.635524971499,488.215512903576,11.2887019244781,11.2548812229863,110
4,2022,485.786696170831,489.352380869313,11.1031162228231,11.0696851451117,110
1,2023,487.672054979867,491.333119316933,10.7983030444713,10.7624687821697,110
2,2023,490.737125004958,494.3147201166,10.7685959328959,10.7329552799926,110
3,2023,491.398990457922,494.925454251613,10.5541317284587,10.5239557677736,110
4,2023,493.301602885769,496.819451752777,10.4521348606383,10.4209349297804,110
1,2024,497.047002589372,500.633965158031,10.3256789018584,10.2905545953766,110
2,2024,500.335259381671,503.875860400713,10.3191489322647,10.2862995097978,110
3,2024,498.654721961798,502.131358081987,9.94506715007594,9.91764221556029,110
4,2024,500.680338745151,504.148233089114,9.86414746519533,9.83536412862623,110
3,2011,180.23133032332,182.224787303468,2.07927610129667,2.07179946157984,6
4,2011,183.375461631082,185.655254656154,2.09210590733707,2.08454062533467,6
1,2012,185.598941774138,188.064922438821,2.07983126238236,2.07294822022674,6
2,2012,187.785325464661,190.283757769021,2.08634435084322,2.0811105841276,6
3,2012,190.035925350737,192.434246823762,2.09497129515064,2.08742134668031,6
4,2012,190.892139231797,193.196682535651,2.06517959671185,2.05865845428185,6
1,2013,192.890544381755,195.334332698971,2.04856597314896,2.04249032017519,6
2,2013,194.876559669022,197.395994907126,2.04801568861886,2.04490968778408,6
3,2013,198.046439616677,200.472164351928,2.08024642342155,2.07412794976588,6
4,2013,200.462750136307,202.708124073546,2.0891809241038,2.08187034883762,6
1,2014,201.502656366989,203.918591062598,2.05011165132521,2.04415999154114,6
2,2014,203.021587621021,205.406805061333,2.04210519369766,2.03541109578563,6
3,2014,204.73440682008,207.078427760832,2.0375630915905,2.0306641811594,6
4,2014,206.347016081637,208.585224097125,2.02844412353955,2.02194708356685,6
1,2015,210.180315665687,212.934487108552,2.04645930000203,2.04204558794741,6
2,2015,212.795356869298,215.271200162743,2.06668880121037,2.06056916938016,6
3,2015,214.395245815574,216.816396974698,2.05832290350184,2.05208816955724,6
4,2015,215.007064020743,217.320823606482,2.02739731195785,2.02195737180946,6
1,2016,216.612789011144,219.099447241901,2.00778385649526,2.00248893246996,6
2,2016,218.720478129036,221.173099840345,2.01200145629958,2.00627262915783,6
3,2016,219.717006264794,222.114887539767,1.9923104977539,1.98671045902938,6
4,2016,222.690501773855,224.989967883945,2.01139765700793,2.00615209753895,6
1,2017,224.438065766324,226.91026029512,1.99535182491462,1.99024533808811,6
2,2017,226.348211609203,228.78627158024,1.99565398633558,1.99014577897919,6
3,2017,227.430765978673,229.814312863216,1.9789368753892,1.97348028011231,6
4,2017,229.204481838215,231.493586993949,1.97417732318542,1.96931737452289,6
1,2018,230.59098357735,233.048487014449,1.95278636649057,1.94800062334612,6
2,2018,232.002244627402,234.423685500539,1.94427079861835,1.93917140670803,6
3,2018,233.439697146473,235.799906328326,1.93563526212992,1.93046167016026,6
4,2018,236.162911268514,238.433160278099,1.94844264542315,1.94376474050678,6
1,2019,238.040658611469,240.478239199467,1.93661408175976,1.93201958293063,6
2,2019,239.504269167901,241.907020334243,1.92969374887745,1.92477453343068,6
3,2019,241.848226160641,244.202239400251,1.93745836037948,1.93239615883563,6
4,2019,247.842459189193,250.1138802648,2.0076581698819,2.00274434655427,6
1,2020,254.150397126185,256.615139684418,2.07441116361167,2.06950669927517,6
2,2020,256.811787213637,259.485623412755,2.07505334274225,2.06731458425239,6
3,2020,276.82602287555,285.940119288863,2.44136191170401,2.5361707710364,6
4,2020,325.538126584505,349.999738476663,3.41035846059279,4.16504740128642,6
1,2021,454.214785421422,458.877112278308,10.4875056987883,10.5021171221357,6
2,2021,465.294762405472,468.92471387214,11.2232188766322,11.1848293562592,6
3,2021,468.679958777317,472.284068105564,11.2337501417021,11.2018180807365,6
4,2021,472.86670586008,476.447864779134,11.3104664102855,11.2727190523386,6
1,2022,476.600600573743,480.263087540101,11.1690782088589,11.1282103992732,6
2,2022,480.155633121576,483.767280859383,11.1790192055285,11.140553007422,6
3,2022,484.633687933783,488.211436100744,11.2885724515898,11.2547347179436,6
4,2022,485.777478030178,489.343704998399,11.1027711428029,11.0693392271659,6
1,2023,487.661654815651,491.29141377905,10.7974509266399,10.7594247312727,6
2,2023,490.737990526234,494.313923266956,10.7686629086632,10.7328734370181,6
3,2023,491.402147455981,494.929673008549,10.5543275240384,10.5239950392771,6
4,2023,493.301571781441,496.817911200414,10.4521338684135,10.4208279103448,6
1,2024,497.042472022145,500.631650079002,10.3253362674588,10.2903893807241,6
2,2024,500.331385380639,503.874128124364,10.3188727790352,10.2861894488734,6
3,2024,498.65465297616,502.131784295541,9.94506331151677,9.91765184067664,6
4,2024,500.679094082859,504.14825318178,9.86411291267071,9.83536471541523,6
3,2011,180.025601526393,181.865224340487,2.07426199122185,2.06408756300336,111
4,2011,183.375373075202,185.677502946014,2.09210613740797,2.08486227773153,111
3,2012,190.035925350737,192.401897090483,2.09497129515064,2.08700001401575,111
4,2012,190.890772365613,193.143440832474,2.0651786149573,2.05785735915443,111
3,2013,198.046439616677,200.396339245329,2.08024642342155,2.07259722670786,111
4,2013,200.458039024916,202.787103559639,2.08917736646777,2.0831662140988,111
3,2014,204.73440682008,207.065579364379,2.0375630915905,2.0304313166383,111
4,2014,206.34927430748,208.581985638137,2.02844566016968,2.02188867637745,111
3,2015,214.39336344702,216.815368071767,2.05831927803398,2.05209895101466,111
4,2015,215.006988286946,217.321285973634,2.02739728445576,2.02196649729108,111
1,2017,224.435909055052,226.907320571366,1.99533490784911,1.99020382955274,111
2,2017,226.350481965688,228.789348647688,1.99566472580771,1.99018081971291,111
3,2017,227.442775211699,229.830155780862,1.97895768450538,1.97358996726042,111
4,2017,229.203757367179,231.485365798751,1.97417703263237,1.9692351008421,111
1,2018,230.596687196237,233.049343925417,1.95282820857119,1.94801364153439,111
2,2018,232.004514275111,234.421412852835,1.94428069819341,1.93913600800674,111
3,2018,233.438120810968,235.801792370705,1.93563268022267,1.93048639380438,111
4,2018,236.162911268514,238.433160278099,1.94844264542315,1.94376474050678,111
1,2019,238.040658611469,240.480533481237,1.93661408175976,1.9320949559153,111
2,2019,239.491483016581,241.893915153087,1.92963904679398,1.92469722694187,111
3,2019,241.848226160641,244.200414322913,1.93745836037948,1.93237663839182,111
4,2019,247.842234383915,250.117402455332,2.00765807328799,2.00278523636738,111
4,2020,324.770120967362,338.767784923565,3.40880685888054,3.78817767888585,111
1,2021,454.634726476854,459.49282834141,10.5236975503346,10.5509272289336,111
2,2021,465.282958523546,468.939784025881,11.2221989503276,11.1859942084836,111
3,2011,180.025601526393,181.832298486607,2.07426199122185,2.06348020233103,112
4,2011,183.377218953418,185.699830360473,2.09210751662138,2.08524600279217,112
1,2012,185.581893167721,188.0287461485,2.0796237172634,2.07280611192983,112
2,2012,187.841320082147,190.316774245593,2.08678338294656,2.0814254578968,112
3,2012,190.044564949873,192.431418904253,2.09499844812012,2.08750425430964,112
4,2012,190.893480709393,193.16827400488,2.06518055741163,2.05822171971756,112
1,2013,192.913355729452,195.357209447253,2.04882994335512,2.04300070445153,112
2,2013,194.876559669022,197.460899452584,2.04801568861886,2.04630711555871,112
3,2013,198.055015004517,200.595979041142,2.08027297467653,2.07626892278227,112
4,2013,200.462750136307,202.734556290629,2.0891809241038,2.08216604686795,112
1,2014,201.534422349687,203.9569580759,2.05047451048649,2.04481185376991,112
2,2014,203.029075125831,205.414894588659,2.04215943458239,2.03557257746782,112
3,2014,204.762311433821,207.122869751998,2.03764360458001,2.03121035349496,112
4,2014,206.353460388512,208.623339763055,2.02844852081371,2.02244899647102,112
1,2015,210.183183139245,212.936650010169,2.04647212303963,2.04206038679013,112
2,2015,212.795356869298,215.282006356288,2.06668880121037,2.06075652476773,112
3,2015,214.395245815574,216.828430952555,2.05832290350184,2.05227608560156,112
4,2015,215.006392627166,217.337948481737,2.02739701877779,2.02215034133097,112
1,2016,216.641894886928,219.130502786568,2.00801899010568,2.00284823467464,112
2,2016,218.729977793954,221.1825351656,2.01204795696341,2.00636527825683,112
3,2016,219.705679918898,222.105380801061,1.99229035385592,1.98668609378165,112
4,2016,222.690501773855,224.989967883945,2.01139765700793,2.00615209753895,112
1,2017,224.441037799583,226.91275428208,1.99537512976614,1.99026079481582,112
2,2017,226.347010117133,228.785033614228,1.99564830528147,1.99013726277101,112
3,2017,227.422150151079,229.800595056222,1.97892194875485,1.97336449546641,112
4,2017,229.203757367179,231.483372101128,1.97417703263237,1.96921535393739,112
1,2018,230.591671926992,233.046659917773,1.9527914182767,1.94797152115763,112
2,2018,232.010987848649,234.427903969737,1.94430892310718,1.93915785760341,112
3,2018,233.459461749807,235.832440006413,1.93566760508253,1.93073144683355,112
4,2018,236.162911268514,238.426001862756,1.94844264542315,1.94369567336733,112
1,2019,238.048156446067,240.486539557805,1.936667585035,1.93197286931645,112
2,2019,239.504269167901,241.906880088205,1.92969374887745,1.92471790791857,112
3,2019,241.848226160641,244.207606064453,1.93745836037948,1.93245263629457,112
4,2019,247.842459189193,250.1138802648,2.0076581698819,2.00274434655427,112
1,2020,254.155481513786,256.622007953526,2.07445263376358,2.06960301359718,112
2,2020,257.228178208488,260.074355449698,2.07718834256749,2.0684536538394,112
3,2020,276.82602287555,286.994403603782,2.44136191170401,2.55277879698524,112
4,2020,324.473330701918,349.624972432091,3.4082085105681,4.17194399785348,112
1,2021,454.319078358649,458.862607980077,10.4964798307602,10.5030917641622,112
2,2021,465.290317852473,468.936300037533,11.2228348226853,11.1858148096425,112
3,2021,468.688750428488,472.284939744902,11.2343882575837,11.2020614280747,112
4,2021,472.913625837933,476.502697592435,11.3123654653465,11.2733311486749,112
1,2022,476.584619648614,480.245255352503,11.1676755924009,11.1267282355807,112
2,2022,480.15525798867,483.770047751588,11.178988027916,11.1407255803726,112
3,2022,484.646278970507,488.225073566187,11.2894599514275,11.2555082584595,112
4,2022,485.798260127772,489.366874763782,11.1035491811855,11.070689155622,112
1,2023,487.67099065949,491.317031598187,10.7982158356771,10.7612984852945,112
2,2023,490.736148808219,494.312564228099,10.7685203978544,10.7327779688924,112
3,2023,491.392845626509,494.919297796121,10.5537506440377,10.523554335467,112
4,2023,493.301934088945,496.818735355813,10.4521454241479,10.420839973895,112
2,2024,500.335259381671,503.875820284326,10.3191489322647,10.2862908177989,112
3,2024,498.654848604537,502.13143515524,9.9450741936213,9.91764020363627,112
4,2011,183.375373075202,185.644938507674,2.09210613740797,2.08437097073057,113
1,2013,192.891171310829,195.31342463525,2.0485732206017,2.04204601005434,113
3,2013,198.034297478281,200.419707660392,2.08020883613378,2.0732431885557,113
4,2013,200.477773311768,202.731050949652,2.08919143402121,2.0820574782029,113
1,2014,201.492570161242,203.89792911908,2.04999648967446,2.04368079391192,113
3,2014,204.730845012787,207.062649595344,2.03755281569929,2.03041182009914,113
2,2018,232.007141740495,234.429800049126,1.94429214934604,1.93915407670485,113
3,2014,204.731760035089,207.070139875336,2.03755545297052,2.03053487884279,114
4,2014,206.34927430748,208.598003269111,2.02844566016968,2.0221172982163,114
1,2015,210.174088527123,212.930552428354,2.04643145475623,2.04200720439553,114
2,2015,212.809292414804,215.285820224144,2.06676267452493,2.06069642053457,114
3,2015,214.397940442853,216.823374677805,2.05832808725484,2.0521826744048,114
4,2015,215.006988286946,217.329964494041,2.02739728445576,2.02206608056143,114
1,2016,216.619324523096,219.103786237442,2.00783664228368,2.00249972190684,114
3,2016,219.701878715534,222.110429861661,1.99228359039862,1.98678043436833,114
1,2017,224.435909055052,226.908500334826,1.99533490784911,1.99019356142603,114
2,2017,226.350481965688,228.790486799838,1.99566472580771,1.99020289055788,114
3,2017,227.426686688182,229.817092006666,1.97892980352833,1.97355420236652,114
4,2017,229.204481838215,231.502008891483,1.97417732318542,1.96940349733613,114
3,2018,233.439697146473,235.79557824518,1.93563526212992,1.93040262165279,114
4,2018,236.16399034956,238.427718108056,1.94844305745612,1.9437046216241,114
1,2019,238.023415482022,240.460590220994,1.93649106128636,1.93184623542545,114
2,2019,239.494592344816,241.897156158616,1.92965234947236,1.92468717153823,114
3,2019,241.85196955675,244.209439650975,1.93746443600268,1.93246682141474,114
4,2019,247.842459189193,250.115599570728,2.0076581698819,2.00276015956112,114
1,2020,254.150915201401,256.652157522224,2.07441538663036,2.06979682577226,114
2,2020,259.082597482094,263.829116560386,2.08684150083772,2.07787028892577,114
3,2020,277.135979980818,286.926510604459,2.44231410466008,2.55951632503409,114
4,2020,325.69618953692,351.508250151217,3.41067837556922,4.21840609054707,114
1,2021,454.458855828391,459.395454999051,10.5085219950778,10.5413479618376,114
3,2021,468.677711526188,472.31067483751,11.2335870550985,11.2037832746906,114
4,2021,472.963985087287,476.571467334053,11.3144052860069,11.2738076362664,114
1,2022,476.562291675438,480.219749675014,11.1657162817681,11.124646432475,114
2,2022,480.153807305763,483.76772314722,11.178867458967,11.1406111551753,114
3,2022,484.638462885268,488.219599898373,11.2889090032658,11.2550880936141,114
4,2022,485.777478030178,489.342735717031,11.1027711428029,11.0691923024003,114
1,2023,487.661087711841,491.294267974387,10.7974044702015,10.7596303202032,114
2,2023,490.739908184067,494.316308615039,10.7688112967212,10.7330306373128,114
3,2023,491.396745436011,494.925097055357,10.5539924943886,10.5237177446422,114
4,2023,493.301934088945,496.818115081736,10.4521454241479,10.4208233995286,114
1,2024,497.043008471673,500.631515571994,10.3253768337069,10.2903818428012,114
2,2024,500.331385380639,503.874128124364,10.3188727790352,10.2861894488734,114
4,2024,500.679094082859,504.146922916857,9.86411291267071,9.83528925083306,114
3,2014,204.73440682008,207.078427760832,2.0375630915905,2.0306641811594,115
4,2014,206.353460388512,208.623339763055,2.02844852081371,2.02244899647102,115
1,2015,210.177844071135,212.930649683818,2.04644824512059,2.04200396081925,115
2,2015,212.799007980725,215.277414861275,2.06670815596553,2.06065520579772,115
3,2015,214.397940442853,216.823374677805,2.05832808725484,2.0521826744048,115
4,2015,215.007064020743,217.327618235642,2.02739731195785,2.02202474531234,115
1,2016,216.623779749381,219.109270944456,2.00787263225559,2.0025790872688,115
2,2016,218.721297502904,221.174722192839,2.01200546906077,2.00630021224808,115
4,2016,222.690501773855,224.987260960168,2.01139765700793,2.00612571243292,115
1,2017,224.434330989788,226.906089501916,1.99532253343077,1.99019464789371,115
2,2017,226.353821177056,228.79872390176,1.99568052174844,1.99031548600065,115
4,2017,229.210064692196,231.517169473093,1.97417954785003,1.96952972650981,115
1,2018,230.604613041904,233.06030484653,1.95288636429804,1.94815931841474,115
2,2018,232.002244627402,234.423685500539,1.94427079861835,1.93917140670803,115
3,2018,233.439697146473,235.799906328326,1.93563526212992,1.93046167016026,115
4,2018,236.16399034956,238.42908355939,1.94844305745612,1.94371933937276,115
1,2019,238.048156446067,240.487066181104,1.936667585035,1.93212999637196,115
2,2019,239.491483016581,241.896147088194,1.92963904679398,1.92473481094102,115
3,2019,241.848226160641,244.200414322913,1.93745836037948,1.93237663839182,115
4,2019,247.842459189193,250.112751563727,2.0076581698819,2.00273637546673,115
1,2020,254.150397126185,256.6179202451,2.07441116361167,2.06952074566244,115
2,2020,257.285340512282,260.184912443534,2.07748235337285,2.06865572340868,115
3,2020,276.785607154198,287.482181245947,2.4412368709062,2.55528123902352,115
4,2020,325.226462337958,351.314740964413,3.40972824262296,4.2204114184298,115
1,2021,454.110958374879,458.920456182549,10.4785809382135,10.5032198101361,115
2,2021,465.284607107542,468.961249768894,11.2223413821921,11.1878288770072,115
3,2021,468.696319467829,472.298817814632,11.2349376894261,11.2033350066975,115
4,2021,472.938375651682,476.543263845568,11.3133677643302,11.2731141830313,115
1,2022,476.583122391206,480.242213846293,11.1675441961854,11.1265142539854,115
2,2022,480.153807305763,483.7658380106,11.178867458967,11.1404547400517,115
3,2022,484.643335742038,488.222625330489,11.2892524761002,11.2553234188758,115
4,2022,485.798260127772,489.36171118846,11.1035491811855,11.0695057064608,115
1,2023,487.66375595657,491.295105594876,10.797623074343,10.7596979736162,115
2,2023,490.737238646994,494.313223653131,10.768604728378,10.7328268318741,115
3,2023,491.399394201854,494.926256176651,10.5541567666592,10.5238454198128,115
4,2023,493.301934088945,496.818496885069,10.4521454241479,10.420830625918,115
1,2024,497.04430174094,500.631251162897,10.3254746419916,10.2903526918943,115
2,2024,500.334071510167,503.874659600127,10.3190642575506,10.2861996845509,115
3,2024,498.655177901107,502.132181753306,9.94509250646037,9.91766396136451,115
4,2024,500.679623930191,504.148422073823,9.86412761892542,9.83531836058838,115
2,2015,212.795356869298,215.277398787396,2.06668880121037,2.06068170318061,116
3,2015,214.395245815574,216.821316181734,2.05832290350184,2.05217499939372,116
4,2015,215.006392627166,217.324057504145,2.02739701877779,2.02200031230097,116
1,2017,224.449427735187,226.920779708656,1.99544093388885,1.99030297156146,116
2,2017,226.347813737494,228.786750092954,1.99565210655422,1.99014141385929,116
3,2017,227.422378773073,229.808271569296,1.97892234713613,1.97345684249386,116
1,2018,230.591671926992,233.046659917773,1.9527914182767,1.94797152115763,116
2,2018,232.00277012259,234.421585058571,1.94427308966273,1.93913681560557,116
3,2018,233.439697146473,235.799906328326,1.93563526212992,1.93046167016026,116
4,2018,236.16399034956,238.433857417331,1.94844305745612,1.94376808065681,116
1,2019,238.040658611469,240.482401483357,1.93661408175976,1.9321392987638,116
2,2019,239.494592344816,241.904879239125,1.92965234947236,1.92484263342635,116
3,2019,241.854170324315,244.204514480491,1.93746801252413,1.93237200691254,116
4,2019,247.842459189193,250.1138802648,2.0076581698819,2.00274434655427,116
1,2020,254.152129313291,256.620456050885,2.07442529281941,2.06959048767437,116
4,2020,324.770120967362,350.467954949969,3.40880685888054,4.19751972900627,116
1,2021,454.145515464198,458.84660102387,10.4815503643802,10.4988462531569,116
3,2021,468.692364177856,472.287663004086,11.2346505645384,11.2023255938564,116
1,2022,476.597279784306,480.260015778634,11.1687867354689,11.1279410541274,116
2,2022,480.153455292545,483.767352587828,11.1788382030744,11.1405735517355,116
4,2022,485.80693250853,489.371967259829,11.1038739256383,11.0704333503326,116
1,2023,487.666456797031,491.306129773632,10.7978443603362,10.7604993128795,116
2,2023,490.736148808219,494.312810579105,10.7685203978544,10.7327976108203,116
3,2017,227.423890952258,229.819440407013,1.97892496680712,1.97359370392645,118
4,2017,229.204481838215,231.507207825418,1.97417732318542,1.96945630753174,118
2,2018,232.008001261217,234.436573997291,1.94429589688933,1.93934666975256,118
4,2018,236.16399034956,238.427033665277,1.94844305745612,1.94369632128908,118
1,2020,254.149898314615,256.616703684918,2.07440709336245,2.06953243807558,118
3,2020,276.792295405715,287.416062347615,2.44125833669737,2.55092006423539,118
1,2021,454.847440237101,460.065841131676,10.5420878399744,10.5939937247919,118
3,2021,468.679958777317,472.297788600584,11.2337501417021,11.2029030742831,118
4,2021,472.913625837933,476.503809540555,11.3123654653465,11.2732266330354,118
1,2022,476.580719800089,480.240787996823,11.1673333477113,11.1263603764489,118
3,2022,484.636533304714,488.215886597889,11.2887729963757,11.2549130019178,118
4,2022,485.772295850559,489.344817781519,11.1025771756072,11.0697972465362,118
2,2023,490.737522842224,494.313449246985,10.7686267173878,10.732838415748,118
3,2023,491.391459101565,494.918507353248,10.5536646631078,10.523518759465,118
4,2023,493.301770567478,496.818462814741,10.4521402077508,10.4208365430604,118
1,2024,497.044517729459,500.631783471878,10.3254909730741,10.29040039926,118
2,2024,500.333321651786,503.874015114133,10.3190108031883,10.28617283216,118
3,2024,498.655177901107,502.131799341915,9.94509250646037,9.91766883428321,118
4,2024,500.679094082859,504.147163555475,9.86411291267071,9.83530283658584,118
3,2017,227.430765978673,229.816942833019,1.9789368753892,1.97351969054093,119
1,2020,254.149898314615,256.615539185495,2.07440709336245,2.06951869031478,119
2,2020,257.063506628481,259.954184974228,2.07634261273899,2.06817643971219,119
3,2020,277.965658393837,284.332873167017,2.44487650377232,2.51600308273715,119
2,2021,465.28004390647,468.936729738512,11.221947130353,11.1856720676399,119
1,2022,476.584619648614,480.243472980546,11.1676755924009,11.1266316504434,119
2,2022,480.154287616782,483.765835338865,11.1789073833417,11.1404412003655,119
3,2022,484.661429840202,488.255792913158,11.2905281034692,11.2568789076188,119
4,2022,485.80693250853,489.371273101044,11.1038739256383,11.0702546212824,119
1,2023,487.667490332,491.311287691387,10.797929038986,10.7608750020933,119
3,2023,491.391027902984,494.935242031473,10.5536379217003,10.5242737746756,119
4,2023,493.337948614859,496.87911517046,10.4532945705312,10.4218715203295,119
1,2024,497.042008150532,500.629596015727,10.3253011828967,10.2902333285514,119
2,2024,500.330789373829,503.872646688037,10.3188302929511,10.2860770032121,119
3,2024,498.655039703592,502.13193838543,9.94508482386214,9.91765506632351,119
1,2019,238.040658611469,240.480914762081,1.93661408175976,1.93190881692823,127
2,2019,239.498854400671,241.903092228876,1.92967057978633,1.92469416814288,127
3,2019,241.85196955675,244.212625754857,1.93746443600268,1.93250573075073,127
4,2019,247.842459189193,250.112832488798,2.0076581698819,2.00273511382979,127
1,2020,254.152776273457,256.618974750541,2.0744305673986,2.06956601248517,127
3,2020,276.785248551438,287.443592042364,2.44123639700783,2.55386976642058,127
4,2020,324.327166927125,350.683271064768,3.40791408295335,4.21376157056063,127
1,2021,454.458855828391,459.286423016536,10.5085219950778,10.5339093636264,127
2,2021,465.28004390647,468.940789825762,11.221947130353,11.1860099192879,127
3,2021,468.677711526188,472.301227449334,11.2335870550985,11.2030625493131,127
4,2021,473.017781998106,476.627142984648,11.3165861469925,11.2754234562125,127
1,2022,476.575778967423,480.238285444584,11.166899759583,11.1260863888532,127
2,2022,480.155633121576,483.767794498088,11.1790192055285,11.1406272319181,127
3,2022,484.657135500309,488.241499587346,11.2902253289918,11.2562782393752,127
4,2022,485.798260127772,489.368421404468,11.1035491811855,11.0709130931569,127
1,2023,487.675090497681,491.322152993562,10.7985517694981,10.7616807424391,127
2,2023,490.735624876809,494.317344331481,10.7684798532064,10.7330943271501,127
3,2023,491.389812880253,494.920363331934,10.5535625725614,10.5236203865452,127
4,2023,493.308540562281,496.831480976708,10.4523561844507,10.4210814358766,127
1,2024,497.045880012911,500.632956910485,10.3255939985284,10.29047075218,127
2,2024,500.336600348317,503.877725103447,10.3192445198397,10.2863864193866,127
3,2024,498.654543210266,502.131157243368,9.94505720664513,9.91762635792949,127
4,2024,500.679546063091,504.147174011639,9.86412546095578,9.83530426375198,127
1,2019,238.040658611469,240.480533481237,1.93661408175976,1.9320949559153,128
2,2019,239.494592344816,241.902229065012,1.92965234947236,1.92480516818783,128
3,2019,241.85196955675,244.203314110038,1.93746443600268,1.93238495167536,128
4,2019,247.842459189193,250.11799039017,2.0076581698819,2.00278255713401,128
1,2020,254.152776273457,256.618027557046,2.0744305673986,2.0695476457972,128
2,2020,258.278859679046,262.066994955917,2.08262821261768,2.07295482191859,128
3,2020,276.986273072364,289.14391085643,2.44185438898291,2.56269594389085,128
4,2020,324.770120967362,350.944623605804,3.40880685888054,4.21528638928408,128
1,2021,454.319078358649,459.049420562491,10.4964798307602,10.5154941336,128
2,2021,465.286383196864,468.927294936563,11.2224948474767,11.1849907229293,128
3,2021,468.673019993453,472.29600360099,11.2332465828214,11.2023180667518,128
4,2021,473.104919182809,476.713618052885,11.3201225135892,11.278268490676,128
1,2022,476.590825093951,480.252756331214,11.1682202079104,11.1273383151428,128
2,2022,480.154287616782,483.768720671694,11.1789073833417,11.1407004490506,128
3,2022,484.649560028357,488.244173117046,11.2896912496004,11.2562645620616,128
4,2022,485.790460216956,489.354717194259,11.1032571398633,11.0695595848923,128
1,2023,487.665489887625,491.305605216083,10.7977651354884,10.7604593861172,128
2,2023,490.735810854633,494.315553369144,10.7684942513541,10.7329967451779,128
3,2023,491.394607743847,494.921661464574,10.5538599226427,10.5237434600177,128
4,2023,493.301934088945,496.819379100419,10.4521454241479,10.4208690718876,128
1,2024,497.045880012911,500.632836683983,10.3255939985284,10.2904692104387,128
2,2024,500.335259381671,503.875828255816,10.3191489322647,10.2862848067064,128
3,2024,498.655569155832,502.132651172877,9.94511426898795,9.91768247153104,128
4,2024,500.679094082859,504.147163555475,9.86411291267071,9.83530283658584,128
4,2019,247.842145444415,250.117587481223,2.00765803594335,2.00278603734268,121
1,2020,254.150203766478,256.620043117076,2.07440958879484,2.06957500332477,121
2,2020,256.764855502216,260.3417089325,2.07481343741088,2.07104285989027,121
3,2020,277.023547805732,287.206407231206,2.44196811840653,2.56248759480135,121
4,2020,325.226462337958,349.897688311409,3.40972824262296,4.16749860699315,121
1,2021,454.076453340139,458.827399840388,10.4756170065307,10.4963544100499,121
2,2021,465.310475659322,468.943223190315,11.2245768155708,11.1865396928624,121
3,2021,468.721217483167,472.303387545976,11.2367454855186,11.2034959596016,121
4,2021,472.819790192029,476.406914553648,11.3085689384365,11.2703056309387,121
1,2022,476.572956770232,480.232646444964,11.1666521031266,11.1256716374311,121
2,2022,480.153433590792,483.768833868872,11.1788363975787,11.140690407315,121
3,2022,484.633687838085,488.21168663964,11.288572441057,11.2547045599813,121
4,2022,485.778346521808,489.344827451322,11.1028036523156,11.0694178199994,121
1,2023,487.661143706022,491.28903161316,10.7974090578872,10.7592536484209,121
2,2023,490.740258024601,494.317195657008,10.768838368037,10.7330826686259,121
3,2023,491.395315304733,494.921634333087,10.5539038005255,10.5236280366174,121
4,2023,493.301790318815,496.818165719517,10.4521408361071,10.4208234546533,121
1,2024,497.042912680629,500.62993228448,10.3253695893354,10.2902565911822,121
2,2024,500.331916338058,503.872495077989,10.3189106249408,10.2860588738634,121
3,2024,498.654600717617,502.131377497448,9.94506040682678,9.91763483775207,121
4,2024,500.679184921497,504.146746037559,9.86411543245448,9.83528176271957,121
1,2020,254.157476715019,256.625373745178,2.07446890525377,2.06954259950303,117
2,2020,261.027585478108,269.09023229304,2.09722662441471,2.09641590388834,117
3,2020,277.723525710055,293.714372038733,2.44412796727117,2.60182057277246,117
4,2020,325.538126584505,350.467604065345,3.41035846059279,4.18248083595449,117
1,2021,454.110958374879,458.776036603394,10.4785809382135,10.4935223490616,117
2,2021,465.273123481503,468.999014515838,11.2213492427957,11.1902902238273,117
3,2021,468.673019993453,472.300605968582,11.2332465828214,11.2026538013282,117
4,2021,472.86670586008,476.451705474867,11.3104664102855,11.2721392234842,117
1,2022,476.607428994333,480.2714840879,11.1696775929422,11.1288927253268,117
2,2022,480.153455292545,483.765569051699,11.1788382030744,11.1404293181214,117
3,2022,484.657135500309,488.249514323947,11.2902253289918,11.2565638209823,117
4,2022,485.783532833945,489.366983498338,11.1029977995431,11.0716216431134,117
1,2023,487.67099065949,491.314507142371,10.7982158356771,10.7611166613122,117
2,2023,490.736190795501,494.313409293458,10.7685236449,10.7328130323212,117
3,2023,491.389669145499,494.917903834843,10.553553663123,10.5234103639122,117
4,2023,493.305418490887,496.821639290352,10.4522565822114,10.4209160491128,117
1,2024,497.041298146439,500.62991694511,10.3252474882828,10.2902527345486,117
2,2024,500.330789373829,503.872646688037,10.3188302929511,10.2860770032121,117
3,2024,498.65465297616,502.131278061809,9.94506331151677,9.91763089369255,117
4,2024,500.679094082859,504.146743564058,9.86411291267071,9.83527918998951,117
3,2020,276.820643906438,286.512373373488,2.44134539175356,2.53386373137977,131
4,2020,325.538126584505,349.071604896608,3.41035846059279,4.13071897156656,131
1,2022,476.575778967423,480.234656085507,11.166899759583,11.1258704756907,135
2,2022,480.154287616782,483.7662015054,11.1789073833417,11.1404870193151,135
3,2022,484.640730371779,488.218932218714,11.2890688320269,11.2553259332638,135
4,2022,485.783532833945,489.352749749722,11.1029977995431,11.0700465154527,135
1,2023,487.66375595657,491.297999537345,10.797623074343,10.7599051789063,135
2,2023,490.737238646994,494.313223653131,10.768604728378,10.7328268318741,135
3,2023,491.392845626509,494.919297796121,10.5537506440377,10.523554335467,135
4,2023,493.303216328242,496.820403170617,10.4521863295537,10.4208598401217,135
1,2024,497.043617497468,500.630563730947,10.325422892548,10.2903013000535,135
2,2024,500.333024395963,503.873584452547,10.318989612022,10.2861270371165,135
3,2024,498.65465297616,502.131278061809,9.94506331151677,9.91763089369255,135
4,2024,500.679094082859,504.146743564058,9.86411291267071,9.83527918998951,135
1,2023,487.669757266529,491.30815225081,10.7981147750672,10.7606565289289,136
2,2023,490.736680722536,494.319095186708,10.7685615546667,10.7331891519427,136
3,2023,491.3904481828,494.919437177124,10.5536019720751,10.5235853800764,136
2,2023,490.738598932965,494.314553061527,10.7687099891864,10.73292763338,137
3,2023,491.392697760633,494.919206597183,10.5537414703786,10.5235514864996,137
4,2023,493.303046707582,496.81997366013,10.4521809185512,10.420851223624,137
1,2024,497.042695405374,500.630290110155,10.3253531575034,10.2902873923642,137
2,2024,500.332312780731,503.873141613288,10.318938884277,10.2861127095539,137
3,2024,498.654634132679,502.131267706147,9.94506225994389,9.91763033869922,137
4,2024,500.679579111505,504.147050185708,9.86412637479872,9.83528387272639,137
