origin_quarter,origin_year,cy_logLik,cyandny_logLik,cy_rw_sd,cyandny_rw_sd,forecaster_id
1,2001,89.1462128072713,91.021363890833,1.98977768358842,1.96412969370163,1
2,2001,90.4064504875646,92.1995226212928,1.96633343299821,1.94214250453135,1
3,2001,93.2862689065901,95.0116398477026,2.03444875546109,2.01227003749608,1
4,2001,96.1283176809444,97.6847424404497,2.10901474538597,2.08434550823228,1
1,2002,99.5632319696471,101.489977948462,2.08628283876918,2.06208088764094,1
2,2002,102.076779640554,103.937450776134,2.12267953856289,2.0985007568086,1
4,2002,103.905213591964,105.432943699722,2.06800425960574,2.04550209441891,1
1,2003,106.760864056348,108.699280300863,2.02287954518696,2.00321144005362,1
3,2003,109.212918836437,110.978621451952,1.98808113213842,1.97248136834086,1
4,2003,110.848819739496,112.342833868493,1.99999021364842,1.97994992401503,1
1,2004,116.025499499025,117.948311842061,2.05430539023791,2.03465350289018,1
2,2004,117.445776007139,119.266456760743,2.04089106353876,2.02117623044557,1
4,2004,119.567403511906,121.065947293869,2.0102213695871,1.99154186021386,1
2,2005,124.445145047885,126.249563718712,1.98490208138185,1.96749713755839,1
3,2005,120.194689165034,121.737529279964,1.79033071573746,1.7745677916471,1
1,2006,123.294456385642,125.044284043936,1.7336819422968,1.719240503569,1
2,2006,125.332334944992,127.065614781605,1.74704926230619,1.73437903549294,1
4,2006,125.459079998548,126.954007072036,1.67726711304499,1.66845079726738,1
1,2007,129.666147410651,131.381253143342,1.69210353739483,1.67862154731449,1
2,2007,131.097537094178,132.777895869994,1.68864092379465,1.67665899941988,1
4,2007,133.24055299306,134.61754261045,1.67821764675093,1.66692567025029,1
1,2008,136.898562947049,138.644630743729,1.67813171058029,1.66653218209499,1
2,2008,138.706376317125,140.350362477177,1.68454787653309,1.67246354083838,1
4,2008,142.883569557486,144.79152508768,1.72496806070934,1.72634797159914,1
1,2009,145.501005454819,148.304444723442,1.69877791688455,1.71271964880312,1
2,2009,151.440011853495,153.679852577931,1.80673785483846,1.80764901628035,1
3,2009,161.618963640342,163.46990111292,2.04006612210882,2.03094705164015,1
4,2009,165.918166985709,168.860970946795,2.12364417884342,2.14913136916211,1
1,2010,169.180297401233,171.140486849895,2.10550726637273,2.09214558863328,1
2,2010,171.503438407605,173.364428179671,2.12083835162321,2.10685155137408,1
4,2010,174.07883375567,175.778164726568,2.10913196050967,2.09963270480081,1
2,2011,177.749018555699,179.583511245064,2.05640207298904,2.04362756665902,1
4,2011,181.6560759599,183.414096215215,2.08111776132433,2.07403082813904,1
1,2012,185.221763825647,187.197607307786,2.07323693634298,2.06211712402742,1
2,2012,187.200506282188,189.111884159792,2.07861860019589,2.06794681339782,1
4,2012,189.211790531099,191.433918906603,2.05552769510326,2.06021939228938,1
1,2013,192.577293280687,194.498837534805,2.04363765432696,2.03224662579083,1
2,2013,194.570990222076,196.399779853578,2.0493888261852,2.03775906413024,1
4,2013,198.99823839575,200.850031507393,2.0840965359223,2.07975368418885,1
1,2014,201.187084951258,203.098521604672,2.04534393415323,2.03419856686597,1
2,2014,202.456195977946,204.276416191697,2.03456345294266,2.02348956755489,1
4,2014,204.830894272183,206.368826257192,2.02271085565354,2.01259887280794,1
1,2015,209.407081479547,211.312516046819,2.03843586672836,2.02773867638721,1
2,2015,212.089523974039,213.922005919546,2.05861468503879,2.04788645625179,1
4,2015,213.056755305678,214.583492107276,2.01714031036085,2.00729694674722,1
1,2016,216.167287445775,218.055329581402,2.00206674726503,1.99199608940216,1
3,2016,218.530009348923,220.190696795931,1.98409816985057,1.97451501563405,1
4,2016,220.763437296757,222.259956749582,2.00170573879095,1.99188021970494,1
1,2017,223.975644931522,225.854739727823,1.98946384747056,1.97979367818313,1
2,2017,225.652883936803,227.455023336233,1.98859326956426,1.97910623126709,1
3,2017,226.314834631395,228.0116155368,1.97208525226651,1.9637099833489,1
4,2017,227.304506922427,228.79377540201,1.96560985105755,1.95652712839126,1
1,2018,230.128466408754,231.994259493871,1.94723160935093,1.9382674209187,1
2,2018,231.286943471384,233.066704651776,1.93738600129733,1.9285510569781,1
4,2018,234.289312290312,235.790601966323,1.9406287226517,1.93242016705787,1
1,2019,237.612391745011,239.468624217007,1.93211171966097,1.9235063263787,1
2,2019,238.795201650087,240.559234185622,1.92325034536411,1.91464869283131,1
4,2019,246.051319325357,247.72311962796,2.00051166626312,1.99479159793888,1
1,2020,253.746503150804,255.675961801751,2.06936960600337,2.06055523350571,1
2,2020,261.227181505201,277.495395948841,2.17487820145228,2.4512776945088,1
4,2020,381.996750428521,388.887771360093,5.94819999705608,6.14293125922273,1
1,2021,454.295901654873,459.22117222493,10.5282604721297,10.6062351593893,1
2,2021,465.250434808546,468.792965619387,11.219385885391,11.1739253368873,1
3,2021,468.558185686366,471.955148982699,11.2239354956538,11.1789757096933,1
1,2022,476.560475319563,480.170876930381,11.1657859867745,11.1208912287243,1
2,2022,480.108907690651,483.63768395847,11.1749693612494,11.1302737104946,1
4,2022,485.438790682028,488.670395616996,11.0863851895549,11.0443596900147,1
2,2023,490.68976125444,494.186120660695,10.7647645968411,10.7234693728144,1
3,2023,491.247950432899,494.573389089979,10.5434059987572,10.5030603513652,1
4,2023,492.83429275079,495.991025191643,10.4275737372359,10.3881720252758,1
1,2024,497.027104347842,500.55474150944,10.3241692638353,10.2848428788595,1
2,2024,500.287312820326,503.731200416622,10.3156033947332,10.2764610577622,1
3,2024,498.502389953393,501.761722617489,9.93517643605666,9.89780181497711,1
4,2024,500.185512685669,503.280620947936,9.84084191361061,9.80449356659856,1
1,2001,89.1531777904895,91.0280085719714,1.99014241299771,1.96446435285473,2
2,2001,90.4324387031057,92.2221776733325,1.96764410830452,1.94324271079015,2
4,2001,96.2424850392844,98.8722549843084,2.11489217909323,2.14402804842183,2
1,2002,99.5257458349744,101.508041287854,2.08442165036596,2.06294723021112,2
2,2002,102.011548022166,103.873196149067,2.11946196978727,2.09543813665839,2
3,2002,103.093229471724,104.853916809136,2.09499079219946,2.07444751538914,2
4,2002,103.90133473335,105.432485358212,2.06782611586244,2.04548098979612,2
3,2003,109.196585049457,110.907573329721,1.98740482538669,1.96962361192125,2
1,2004,116.054775914195,117.963461777569,2.05550856189712,2.03525799240407,2
2,2004,117.445776007139,119.284947312608,2.04089106353876,2.02189509277632,2
4,2004,119.613794287609,121.135038790768,2.01198057157607,1.9940876084671,2
2,2005,124.530009956087,126.345573030392,1.9879670002333,1.9708729128938,2
1,2006,123.25835172195,124.997254859013,1.73260310206098,1.71787073968694,2
2,2006,125.291731779249,126.959679493872,1.7458474465072,1.73132023986604,2
4,2006,125.408679028002,126.936206188229,1.67588072245809,1.66796692679623,2
1,2007,129.676252713475,131.392001038004,1.6923793455837,1.67890525060612,2
2,2007,131.152663916761,132.97289820795,1.69011908966079,1.68177396721116,2
4,2007,133.05010144774,134.383324421118,1.67331204392206,1.66103728124067,2
1,2008,136.843675943291,138.567867834598,1.67673429378966,1.66462405980029,2
2,2008,138.731523742875,140.36717614436,1.68517681233274,1.67287602088883,2
4,2008,142.099956307901,143.445308465317,1.705505307781,1.69353869162178,2
1,2009,145.703842985935,148.112996579037,1.70370742848176,1.70810802723069,2
1,2010,169.167010966188,171.106993573344,2.10512927110032,2.09121126782637,2
2,2010,171.573579553226,173.445728805289,2.12282263586355,2.1091063393612,2
4,2010,173.508734429722,175.081415310835,2.09358219312877,2.0809825859258,2
2,2011,177.769702487578,179.600807219862,2.05694052406741,2.04406942943394,2
4,2011,181.603238058624,183.339991737012,2.07976146571387,2.07216488928622,2
1,2012,185.215510411667,187.166476031063,2.0730788401671,2.06134390907342,2
2,2012,187.498272638493,189.345177348838,2.08608872874215,2.07369762555134,2
4,2012,189.171613778809,190.822758501031,2.05455693320093,2.04565687269896,2
1,2013,192.577293280687,194.498837534805,2.04363765432696,2.03224662579083,2
2,2013,194.775042909286,196.610942933476,2.05420093126843,2.04265421139324,2
4,2013,198.759226255843,200.367427736582,2.07851026984301,2.06864873501754,2
2,2014,202.476407195775,204.298219448991,2.03501535792619,2.02396916440687,2
4,2014,204.610631092457,206.415355620259,2.01792889822226,2.01359397960743,2
1,2015,209.407081479547,211.312591729321,2.03843586672836,2.02774031923877,2
2,2015,212.11577034098,213.951499152795,2.05918348095313,2.04851563400767,2
4,2015,213.086305885691,214.590691151638,2.01775452718091,2.00744454975889,2
1,2016,216.178696002688,218.065880609545,2.00229981650545,1.99220839551097,2
1,2017,223.991936029547,225.876546963876,1.98978161144996,1.98021286694052,2
3,2017,226.269343321201,227.976815819601,1.97122294514705,1.96305944386865,2
4,2017,227.269682611702,228.747998280064,1.96495847479703,1.95568240188288,2
1,2018,230.133699694405,231.999394397669,1.94732774562942,1.93836042822544,2
2,2018,231.286943471384,233.059117584256,1.93738600129733,1.92841559142702,2
3,2018,232.288791196557,233.922068742641,1.92842030044331,1.91980665237255,2
4,2018,234.289312290312,235.755649198146,1.9406287226517,1.93180812333413,2
1,2019,237.568248205014,239.427955928296,1.93133652262669,1.92280176659568,2
2,2019,238.84775478821,240.619683691572,1.92416108121337,1.91568226009946,2
4,2019,245.977700700742,247.594309169761,1.99920960631429,1.99254319305483,2
1,2020,253.767418158394,255.685818697578,2.06974928984584,2.06073185487279,2
2,2020,259.318828787976,271.629093849768,2.13908639087724,2.33040032336399,2
4,2020,390.16463286463,399.12760204783,6.3782998726592,6.69983051316248,2
1,2021,455.014609644842,460.548309116425,10.5925809080514,10.7251816150168,2
2,2021,465.232159164609,468.857806259628,11.2176629826869,11.1799645515389,2
4,2021,472.836636116858,476.528833691971,11.3362205273802,11.3324785016954,2
1,2022,476.586893785995,480.203293007999,11.1682041063102,11.1238224231043,2
2,2022,480.113145111476,483.637142413914,11.175354341363,11.1302251030701,2
4,2023,492.838573865283,495.987309548571,10.4279198026495,10.3878751325443,2
2,2024,500.285829837522,503.72969181387,10.3154866164632,10.2763436129549,2
4,2024,500.18672955577,503.276061224924,9.84093194934006,9.80415997236129,2
1,2001,89.1474570428065,91.0371545594101,1.98984284409289,1.96492505164816,3
2,2001,90.4171829285338,92.2057921822309,1.96687459406911,1.94244692165852,3
3,2001,93.3496773557984,95.2865675219888,2.03767590536505,2.02580301619101,3
4,2001,96.0011541288862,97.6711339176702,2.10248814513389,2.08366588629887,3
1,2002,99.5363792121283,101.537317233191,2.08494920579596,2.06435221918541,3
2,2002,102.011548022166,103.873196149067,2.11946196978727,2.09543813665839,3
4,2002,103.905213591964,105.432943699722,2.06800425960574,2.04550209441891,3
1,2003,106.768824867509,108.667880481498,2.02322964401479,2.00187368249868,3
2,2003,107.284488470066,109.174994797734,1.9712414305833,1.95487364794402,3
4,2003,110.599408159124,112.374809098388,1.98984251624145,1.98121549526013,3
2,2004,117.481040072139,119.304030013043,2.04230266083357,2.02263716357359,3
2,2005,124.485388426725,126.318989230893,1.98635488970698,1.96993747105747,3
4,2005,123.141573381018,124.555785750568,1.84480743925128,1.82888927184049,3
2,2006,125.256832437009,126.934673026728,1.74481511545774,1.73059877419719,3
4,2006,125.600029913234,126.93005949292,1.68114122566372,1.66780583653238,3
1,2007,129.666147410651,131.397178899889,1.69210353739483,1.67904321117547,3
2,2007,131.152663916761,132.872148925278,1.69011908966079,1.67912973299504,3
3,2007,132.08348522778,133.613062875822,1.67865952922189,1.66700193823578,3
4,2007,133.05010144774,134.383324421118,1.67331204392206,1.66103728124067,3
1,2009,145.501005454819,147.896389260197,1.69877791688455,1.70290530162427,3
2,2009,151.999970011049,153.791017640732,1.82104312886236,1.81044136820453,3
4,2009,165.561035176366,167.194562009921,2.11328463522232,2.10135018795074,3
2,2010,171.63969248886,173.551251809194,2.12469288916623,2.11203644980598,3
4,2010,173.508734429722,175.059921370785,2.09358219312877,2.08041186609702,3
1,2011,176.774980308026,178.701660686837,2.07710563084015,2.06406904232367,3
2,2011,177.831751928901,179.671974288846,2.05855668006558,2.04588842799324,3
4,2011,181.665479313379,184.964029686671,2.08135922207043,2.11356079152341,3
1,2012,185.633574846481,187.688773412692,2.08367475049355,2.07435550252427,3
3,2012,189.442422248752,192.11349691031,2.09523217325789,2.10676044246341,3
4,2012,189.346068860407,191.830601581445,2.05877548191752,2.06972855759272,3
1,2013,192.577293280687,194.602790365576,2.04363765432696,2.03467604497654,3
2,2013,194.931254284935,196.872852970214,2.05789244948779,2.04874169132083,3
4,2013,198.728220276881,200.269587312,2.07778672310688,2.06640478454684,3
2,2014,202.452922997164,204.292180133258,2.03449027344094,2.02383628251203,3
4,2014,205.028784339523,206.897054074869,2.02701678550021,2.02391980164339,3
1,2015,209.388524180394,211.294797093774,2.03803349291274,2.02736053589283,3
2,2015,212.0798186402,213.913312157134,2.05840438821846,2.04770101035982,3
2,2017,225.638480241215,227.439301576882,1.98831520923316,1.97880710874845,3
1,2001,89.1462128072713,91.0383318866602,1.98977768358842,1.96498437935801,4
2,2001,90.4171829285338,92.2393982266889,1.96687459406911,1.94407929509822,4
4,2001,96.0011541288862,97.885142976431,2.10248814513389,2.09430083062808,4
1,2002,99.5488756992949,101.527698616442,2.08557036985071,2.06389054388896,4
2,2002,102.294420892622,104.219185830095,2.1334501652782,2.11197845934823,4
3,2002,103.419846291841,105.350818545084,2.11059771331119,2.0974736404489,4
4,2002,103.90133473335,105.478845363773,2.06782611586244,2.04754054753498,4
1,2003,106.764185935398,108.710907191455,2.02302562411213,2.00370707839578,4
2,2003,107.284488470066,109.240821019125,1.9712414305833,1.95755607701573,4
3,2003,109.346004285976,111.014374572863,1.99360018647935,1.97392158992338,4
4,2003,110.692267418257,112.251608587024,1.99361458925531,1.97634693829341,4
1,2004,116.044573827471,117.953155806029,2.05508920459706,2.0348467561569,4
2,2004,117.481040072139,119.304414980606,2.04230266083357,2.02265204828342,4
3,2004,118.952364005556,120.6253227635,2.03899810475399,2.01969962244324,4
4,2004,119.613794287609,121.135038790768,2.01198057157607,1.9940876084671,4
1,2005,124.351699366955,126.260171440828,2.04560052978386,2.02707666026432,4
2,2005,124.485388426725,126.298905488678,1.98635488970698,1.9692312890357,4
4,2005,123.257542501233,124.711649819495,1.84856178974957,1.83380266737086,4
1,2006,123.25835172195,125.003751064972,1.73260310206098,1.71805990173878,4
2,2006,125.378618359735,127.231975818844,1.74842022140262,1.73919365670541,4
3,2006,125.602097515398,127.305102683898,1.71446539287504,1.70603382100055,4
4,2006,125.600029913234,127.002964333997,1.68114122566372,1.66977210765586,4
1,2007,129.666147410651,131.385116176484,1.69210353739483,1.67872217307246,4
2,2007,131.280973474596,133.111574970529,1.69356458543041,1.68542437575221,4
3,2007,132.070358986115,133.554253575006,1.67831534376837,1.66549530356334,4
4,2007,132.950284936786,134.279560530206,1.67074674560419,1.65842857595653,4
1,2008,136.949513481809,138.731270499586,1.67942491991837,1.66868842725408,4
2,2008,138.70593406114,140.335939705571,1.68453676138023,1.67210887139616,4
4,2008,142.011521077714,143.450711462796,1.70332272418394,1.69366803750072,4
1,2009,145.334086280495,147.751215905317,1.69473201200321,1.69942740167921,4
2,2009,151.440011853495,153.940908869895,1.80673785483846,1.81421473956102,4
4,2009,166.618926571122,168.330181929451,2.14411704378223,2.13380864783462,4
1,2010,169.17453163119,171.127614824233,2.10534283470473,2.09178568021416,4
2,2010,171.604706835911,173.493030584053,2.1237038295921,2.11041928456542,4
3,2010,172.321686471398,174.186727934656,2.09931885633287,2.09003789130875,4
4,2010,173.765856963001,175.327432257795,2.10058184367546,2.08755398112791,4
1,2011,176.761022258283,178.703889014286,2.07673396764279,2.06412725672556,4
2,2011,177.757289250439,179.595752902749,2.05661736577783,2.04394030725072,4
3,2011,180.119420237513,181.981302302306,2.07727484844299,2.06873114195533,4
4,2011,181.600099034918,183.143752482696,2.07968092122208,2.06721485905552,4
1,2012,185.275249429953,187.400625498969,2.07458962982664,2.06716685645924,4
2,2012,187.200506282188,189.14498984956,2.07861860019589,2.06876193103136,4
4,2012,189.124376698761,190.829945720428,2.05341617528566,2.0458249606252,4
1,2013,192.56393035932,194.51958707519,2.04332014389874,2.03273135890856,4
2,2013,194.634945865181,196.471998310056,2.05089585453015,2.03943208869458,4
3,2013,197.05068943623,198.83658079875,2.07094323863789,2.06150293005572,4
4,2013,198.99823839575,200.894182360731,2.0840965359223,2.08077248786081,4
1,2014,201.174032077914,203.081315355337,2.04504732339359,2.03381398157209,4
2,2014,202.456195977946,204.276416191697,2.03456345294266,2.02348956755489,4
3,2014,203.733424782943,205.403569464565,2.02850175236151,2.01758887880179,4
1,2015,209.388524180394,211.294797093774,2.03803349291274,2.02736053589283,4
2,2015,212.082602639234,213.914089427087,2.05846471795649,2.04771759278126,4
3,2015,213.181871855549,214.864114479657,2.04853643002042,2.03801671867724,4
4,2015,213.056755305678,214.565956579954,2.01714031036085,2.00693821259168,4
1,2016,216.150547354783,218.040881048042,2.00172479695993,1.99170539386928,4
2,2016,218.004407225123,219.809806254226,2.00426182466732,1.99422704198285,4
3,2016,218.630612105101,220.309000877854,1.98609494867731,1.9768284783471,4
4,2016,220.773737242283,222.29413046365,2.00190975849335,1.99254644524402,4
1,2017,223.97504886951,225.855158225013,1.98945221726023,1.97980172787286,4
2,2017,225.643465334918,227.440542309677,1.98841144180145,1.97883071960947,4
3,2017,226.269343321201,227.924742089883,1.97122294514705,1.96208663121627,4
4,2017,227.405437969256,228.914053377896,1.96749894607091,1.95874419901946,4
2,2018,231.284489847622,233.071904345807,1.93734158624677,1.92864388987177,4
3,2018,232.3985423801,234.170204747327,1.93038069185098,1.92418007063332,4
4,2018,234.238210419173,235.705898871246,1.93971973979454,1.93093544120307,4
1,2019,237.585968511863,239.435514078811,1.93164767097406,1.92293268877911,4
2,2019,238.807986003177,240.57423269537,1.92347185024883,1.91490508702649,4
4,2019,246.051319325357,247.662857538864,2.00051166626312,1.99373921751888,4
1,2020,253.756724240824,255.708729426213,2.06955514137755,2.06114239399243,4
2,2020,261.227181505201,276.488639938284,2.17487820145228,2.43009526588916,4
3,2020,276.063751375034,306.926135354308,2.43738016010318,3.10976723902894,4
4,2020,378.948261492433,385.080357269734,5.79521520522371,5.94788654568467,4
1,2021,454.473659968459,459.620337138286,10.544132426625,10.6418714776615,4
2,2021,465.245858606495,468.802562173828,11.2189544435976,11.1748189474534,4
3,2021,468.551933443336,471.971979605305,11.2233507198914,11.180530734475,4
4,2021,473.061119118082,477.034052357549,11.3572709460386,11.3795027051903,4
1,2022,476.573164610714,480.184998585861,11.1669473882864,11.1221680705271,4
4,2022,485.399463264606,488.623519623597,11.0828978646577,11.0402518245812,4
2,2023,490.693414608019,494.180212553439,10.7650742644913,10.722974424173,4
3,2023,491.251145710428,494.569254076393,10.5436691980087,10.5027236916991,4
4,2023,492.83429275079,495.987024580511,10.4275737372359,10.3878523675514,4
1,2024,497.016803920036,500.547060180864,10.3233512737883,10.2842398354099,4
2,2024,500.280062452525,503.729817711581,10.3150324815041,10.2763534138601,4
4,2024,500.185512685669,503.278378829894,9.84084191361061,9.80432952814534,4
1,2001,89.1462128072713,91.021363890833,1.98977768358842,1.96412969370163,5
2,2001,90.4171829285338,92.2057921822309,1.96687459406911,1.94244692165852,5
3,2001,93.2361411672539,95.0591253878643,2.03190115361559,2.01460058230065,5
4,2001,96.0241806152888,97.9919073610308,2.10366798530161,2.09961804813157,5
2,2002,102.145693215916,104.063367894031,2.126082206129,2.10451239839272,5
3,2002,103.298954987637,105.281838185002,2.10480760806736,2.09426107924466,5
4,2002,104.27277943778,106.107889019233,2.08495574069139,2.07568935043844,5
1,2003,106.764185935398,108.679845399277,2.02302562411213,2.00238333810673,5
2,2003,107.300667243149,109.165297162882,1.971920074419,1.95447901315114,5
4,2003,110.692267418257,112.232086186555,1.99361458925531,1.97557534739069,5
2,2004,117.481040072139,119.312975392091,2.04230266083357,2.02298495677933,5
4,2004,119.567403511906,121.065947293869,2.0102213695871,1.99154186021386,5
1,2005,124.317146674679,126.220910328006,2.04429207617271,2.02563024729417,5
2,2005,124.445145047885,126.256728445769,1.98490208138185,1.96774879968803,5
3,2005,120.233944023616,121.830170449839,1.79158591302393,1.7774528298387,5
4,2005,123.257542501233,124.753203348253,1.84856178974957,1.83511221019258,5
1,2006,123.294456385642,125.072495926165,1.7336819422968,1.72006267406815,5
2,2006,125.332334944992,127.084185228251,1.74704926230619,1.73491579622768,5
3,2006,125.579583475084,127.180363066481,1.71382231019132,1.70255066194904,5
4,2006,125.459079998548,126.954007072036,1.67726711304499,1.66845079726738,5
1,2007,129.67071617092,131.407569459359,1.69222823249832,1.67932008696012,5
2,2007,131.354082450139,133.133072648176,1.69553091440791,1.68598806032801,5
4,2007,133.05010144774,134.369935859115,1.67331204392206,1.66069696817757,5
1,2008,136.898562947049,138.644630743729,1.67813171058029,1.66653218209499,5
3,2008,143.354412660917,145.480274175228,1.76792042471027,1.77025148822267,5
4,2008,142.883569557486,144.662734690342,1.72496806070934,1.7231834109477,5
1,2009,145.367727516054,147.698704007647,1.69554666378218,1.69816727621151,5
2,2009,150.810736171917,154.013267588255,1.79079641984132,1.81603701713395,5
4,2009,165.561035176366,167.194562009921,2.11328463522232,2.10135018795074,5
2,2010,171.678525699258,173.55476647785,2.12579502667781,2.11213427677853,5
3,2010,172.184872578096,173.933960461987,2.09554365838975,2.08319013074246,5
4,2010,173.765856963001,175.439697903851,2.10058184367546,2.09054986693665,5
1,2011,176.761685878528,178.683033228417,2.07675164215981,2.06358244207377,5
2,2011,177.806939674145,179.680005790337,2.05791025880789,2.04609371140538,5
3,2011,180.23534141444,182.310348579244,2.08028660549726,2.07714852465316,5
4,2011,181.665479313379,183.237638227565,2.08135922207043,2.06957961693007,5
1,2012,185.329942231723,187.589095443942,2.07597376970869,2.07186578332852,5
4,2012,189.171613778809,190.721087324529,2.05455693320093,2.04324078943702,5
4,2013,198.99823839575,200.991040501976,2.0840965359223,2.08300968644032,5
1,2014,201.153747531052,203.069290085065,2.0445864645777,2.03354524967674,5
2,2014,202.452922997164,204.286711141781,2.03449027344094,2.02371597107567,5
1,2015,209.396825637329,211.303191896591,2.03821348162197,2.02753967282598,5
2,2015,212.089523974039,213.93338902553,2.05861468503879,2.04812923880068,5
1,2016,216.157904175104,218.044135807594,2.00187506780468,1.9917708790077,5
2,2016,218.01566796656,219.820863294309,2.00448979421957,1.99444754692838,5
3,2016,218.701971828709,220.477527525176,1.98751252004448,1.98012824147659,5
2,2017,225.670887996551,227.479385810648,1.98894088099505,1.97956985284339,5
4,2017,227.346727061687,228.825563933732,1.96639984929516,1.95711301785566,5
1,2018,230.142520794193,232.00859231622,1.94748980340304,1.93852707652281,5
4,2018,234.238210419173,235.704560436174,1.93971973979454,1.93091185331523,5
1,2019,237.628863201499,239.488597493786,1.93240105236643,1.92385246036784,5
4,2019,245.977700700742,247.508897308365,1.99920960631429,1.99105305735957,5
1,2020,253.74689136584,255.678332671155,2.06937665490415,2.06059771799857,5
2,2020,260.233797904226,272.824234887983,2.15617283092528,2.35453300709892,5
3,2020,277.283723012059,287.597306990406,2.46314565846975,2.63626602308907,5
4,2020,376.636217853743,382.041496114784,5.68181719456302,5.79666974450831,5
1,2021,454.473659968459,459.495820568113,10.544132426625,10.6307421734118,5
2,2021,465.258343065399,468.789910639838,11.2201314959215,11.1736408750617,5
4,2021,473.00209660071,476.840652832301,11.3517324447811,11.3614787091014,5
1,2022,476.586893785995,480.200291787922,11.1682041063102,11.1235510140616,5
2,2022,480.108907690651,483.641106172346,11.1749693612494,11.1305808920058,5
3,2022,484.522218714281,487.918979962336,11.2798395090482,11.2356393071881,5
4,2022,485.438790682028,488.685436115468,11.0863851895549,11.0456779892438,5
1,2023,487.64540740572,491.229790118265,10.7961115380952,10.7547150395705,5
2,2023,490.691614273957,494.178011690958,10.7649216605467,10.7227900502442,5
4,2023,492.837574196667,495.994032064827,10.4278389896212,10.3884122806571,5
1,2024,497.018600857656,500.544530794648,10.3234939682777,10.2840412650959,5
2,2024,500.281545508375,503.726182987049,10.3151492605154,10.2760704518088,5
4,2024,500.185512685669,503.275464051651,9.84084191361061,9.8041162723425,5
1,2001,89.1531777904895,91.0354074156027,1.99014241299771,1.96483703640694,7
2,2001,90.4522071989383,92.2923344224503,1.96864168293946,1.9466534764123,7
3,2001,93.3496773557984,95.3219731130144,2.03767590536505,2.02755243938034,7
1,2002,99.5632319696471,101.575038780762,2.08628283876918,2.06616393089199,7
2,2002,102.374158355745,104.289597212846,2.13740761854,2.11536152028871,7
4,2002,103.905213591964,105.445357275061,2.06800425960574,2.04605412561457,7
1,2003,106.764185935398,108.791292423968,2.02302562411213,2.00713681413426,7
2,2003,107.323960483844,109.231574377062,1.97289756089612,1.95717952224133,7
3,2003,109.287693889871,110.958316218478,1.99118017762573,1.9716647975021,7
4,2003,110.599408159124,112.419134865012,1.98984251624145,1.98297117839765,7
1,2004,116.032872790393,117.941972020219,2.05460834626397,2.03440060649524,7
2,2004,117.461310759571,119.287736545855,2.04151279184862,2.0220035408646,7
3,2004,118.960547120061,120.647553043864,2.03931895962665,2.02054659112395,7
4,2004,119.613794287609,121.294156514236,2.01198057157607,1.99996201893331,7
1,2005,124.317146674679,126.235058426677,2.04429207617271,2.02615138088549,7
2,2005,124.377868069721,126.170255405172,1.98247571031652,1.96471306249201,7
3,2005,120.342302767008,122.199120580088,1.7950553234354,1.78898929291327,7
4,2005,123.100503102297,124.665535318128,1.84347966273693,1.8323488970969,7
1,2006,123.251722974556,124.990184536038,1.73240509385127,1.71766488824811,7
2,2006,125.332334944992,127.049293164387,1.74704926230619,1.73390741565875,7
3,2006,125.602097515398,127.212126568522,1.71446539287504,1.70343672851664,7
4,2006,125.408679028002,127.145462221307,1.67588072245809,1.67359751515618,7
1,2007,129.666147410651,131.382159359964,1.69210353739483,1.67864568870809,7
2,2007,131.213821125042,132.959125228572,1.69176046831475,1.68141520590579,7
3,2007,132.103345355351,133.651505939167,1.67918041572673,1.66798584855236,7
4,2007,133.05010144774,134.383324421118,1.67331204392206,1.66103728124067,7
1,2008,136.979277678601,138.755542327585,1.68018517432883,1.66929120619486,7
2,2008,138.730197952896,140.390882405404,1.68514352602118,1.67345802412774,7
3,2008,143.354412660917,145.36868908712,1.76792042471027,1.76739294194528,7
4,2008,142.099956307901,143.487332300961,1.705505307781,1.69454841086116,7
1,2009,145.614429092926,148.834620458284,1.70153266995061,1.72555571620755,7
2,2009,150.541223036693,154.539843798653,1.78401193482227,1.82936471844415,7
3,2009,158.776635720165,160.504551457407,1.96110726414674,1.95012663335237,7
4,2009,165.561035176366,167.174159901624,2.11328463522232,2.1007711452855,7
1,2010,169.166001014161,171.101884863412,2.10509978700021,2.0910682624206,7
2,2010,171.503438407605,173.366299848118,2.12083835162321,2.10690345269561,7
3,2010,172.321686471398,174.274014631098,2.09931885633287,2.09240744787095,7
4,2010,173.508734429722,175.05696019271,2.09358219312877,2.08033816745328,7
1,2011,176.765347788069,178.719618045833,2.07684914254934,2.064538231235,7
2,2011,177.744893005905,179.584855965757,2.05629469155873,2.04366190571839,7
3,2011,180.23534141444,182.107608623202,2.08028660549726,2.07195867759081,7
4,2011,181.603238058624,183.138194820083,2.07976146571387,2.06707533685874,7
1,2012,185.375782761262,187.742124661911,2.07713459209091,2.07568896893568,7
2,2012,187.200506282188,189.163913642523,2.07861860019589,2.06922800868104,7
3,2012,189.066263931201,191.098089001157,2.0858721863583,2.08175232480645,7
4,2012,189.13778804244,190.870834317206,2.05373999595641,2.04679407051982,7
1,2013,192.52485884722,194.589213615441,2.042392055833,2.0343586224321,7
2,2013,194.634945865181,196.462738155046,2.05089585453015,2.03921729088732,7
3,2013,197.091362568441,198.799774056746,2.07190050238643,2.06065069512412,7
4,2013,198.99823839575,200.894182360731,2.0840965359223,2.08077248786081,7
3,2014,203.767603285808,205.437451025251,2.02925537822556,2.01832388414212,7
4,2014,205.287799166458,207.061482332805,2.03266664884926,2.02746089521011,7
1,2015,209.396825637329,211.304390777209,2.03821348162197,2.02756528442945,7
2,2015,212.089523974039,213.921042089337,2.05861468503879,2.04786589353171,7
3,2015,213.203219239394,214.883783562577,2.04899193921216,2.03842992829117,7
4,2015,213.186096013584,215.108268106427,2.01983008452144,2.01805656578827,7
1,2016,216.178696002688,218.069197049444,2.00229981650545,1.9922751245123,7
2,2016,218.027841835639,219.838974651171,2.00473629147232,1.99480875139596,7
3,2016,218.573275151449,220.273910595608,1.98495667113972,1.97614181412183,7
4,2016,220.763437296757,222.261795428696,2.00170573879095,1.99191616503668,7
1,2017,223.979022771539,225.859300143468,1.98952972799903,1.97988133450017,7
2,2017,225.643465334918,227.44185591713,1.98841144180145,1.97885570653307,7
3,2017,226.314834631395,227.996604687052,1.97208525226651,1.96342943226622,7
4,2017,227.572095944941,229.216765323252,1.9706222233115,1.96433605535172,7
1,2018,230.131008453517,231.989545951911,1.94727830431356,1.93818204300305,7
2,2018,231.284489847622,233.060113267729,1.93734158624677,1.92843335582991,7
3,2018,232.336220327413,234.011823518792,1.92926724615968,1.92138745382592,7
4,2018,234.289312290312,235.776820007054,1.9406287226517,1.93217864479643,7
1,2019,237.667289291919,239.544247413737,1.93307619277177,1.92481716288501,7
2,2019,238.814377413494,240.582063848695,1.92358260427934,1.91503897113681,7
3,2019,240.67533448406,242.306640838019,1.92986700441897,1.92150522141676,7
4,2019,245.977085245391,247.55901968772,1.99919873082887,1.99192736044963,7
1,2020,253.749718282063,255.66917109757,2.06942796746808,2.06043356645203,7
3,2020,276.763396789365,314.553543366563,2.4521230486655,3.31924261771922,7
4,2020,376.597504027932,381.343599078879,5.67993742395126,5.76249809436085,7
1,2021,454.295323953369,459.241051336414,10.5282089324384,10.6080070809621,7
2,2021,465.237348783595,468.81468652511,11.2181521896846,11.175948044921,7
3,2021,468.5458678556,472.003435949982,11.2227834351077,11.1834376310706,7
4,2021,473.113763654065,477.18768323983,11.36221323283,11.39384084508,7
1,2022,476.562980269176,480.167319200204,11.1660152474948,11.1205695697029,7
2,2022,480.122876325502,483.654921540501,11.1762385054195,11.1318210423194,7
3,2022,484.508961819436,487.905787143356,11.2786336464069,11.2344535481234,7
4,2022,485.368452283568,488.594930810935,11.0801487644689,11.0377472285052,7
2,2023,490.68976125444,494.178735072483,10.7647645968411,10.7228506504197,7
3,2023,491.259692484187,494.579069445279,10.5443732346091,10.5035228459441,7
4,2023,492.83429275079,495.991025191643,10.4275737372359,10.3881720252758,7
1,2024,497.027104347842,500.555777310554,10.3241692638353,10.284924199748,7
2,2024,500.288960542794,503.733494411685,10.3157331416445,10.2766396502388,7
3,2024,498.502804690075,501.761550352112,9.93520765171116,9.89778899166517,7
4,2024,500.190589660997,503.280806654887,9.84121756263968,9.80450715315728,7
1,2001,89.1531777904895,91.0478194925075,1.99014241299771,1.96546240714822,9
2,2001,90.4171829285338,92.228303689936,1.96687459406911,1.94354023800974,9
4,2001,96.0241806152888,98.0953028582125,2.10366798530161,2.10478813922578,9
2,2002,102.374158355745,104.460745444372,2.13740761854,2.12360224443749,9
3,2002,103.298954987637,105.316860337664,2.10480760806736,2.09589117537054,9
2,2003,107.315072080118,109.148092767489,1.97252450451082,1.9537787227212,9
3,2003,109.346004285976,111.000221302225,1.99360018647935,1.97335125036644,9
1,2004,116.036292529222,117.945745021398,2.05474886646944,2.03455111579571,9
2,2004,117.504954209858,119.34527341804,2.04326048382968,2.02424171917065,9
3,2004,118.960547120061,120.640616597985,2.03931895962665,2.0202822882313,9
4,2004,119.723119127124,121.432467665618,2.01613241142399,2.00508218775813,9
1,2005,124.367089447495,126.283501003174,2.04618359617495,2.02793661440242,9
2,2005,124.485388426725,126.298905488678,1.98635488970698,1.9692312890357,9
3,2005,120.201086682336,121.74529233469,1.79053522435688,1.77480941105078,9
4,2005,123.447502328634,125.02833139293,1.85472642942219,1.84382346835424,9
2,2006,125.35476822052,127.081175409005,1.74771361729437,1.73482888311221,9
3,2006,125.579583475084,127.156671343228,1.71382231019132,1.70188982254795,9
4,2006,125.459079998548,126.899247457293,1.67726711304499,1.66697949730772,9
3,2007,132.284283564924,134.074745237376,1.68393351450914,1.67887765603974,9
4,2007,133.369300861247,134.891359741864,1.68154209874535,1.67383764287852,9
1,2001,89.1458086238837,91.0334867953722,1.98975651555244,1.96474029947745,10
2,2001,90.4171829285338,92.2522835389934,1.96687459406911,1.94470556424487,10
3,2001,93.1993946297159,95.0394776832143,2.03003564261124,2.01363592706847,10
4,2001,96.1283176809444,97.6847424404497,2.10901474538597,2.08434550823228,10
1,2002,99.5488756992949,101.515993981982,2.08557036985071,2.06332884738809,10
2,2002,102.076779640554,103.951188497892,2.12267953856289,2.09915567398804,10
3,2002,103.392980781999,105.354845415206,2.10931090157716,2.09766137554316,10
4,2002,103.909423527461,105.435764183709,2.06819761116376,2.04562729872616,10
1,2003,106.760927062396,108.725323279978,2.02288230642671,2.00432166798352,10
3,2003,109.232180638178,110.978894037397,1.98887897964603,1.97249266284347,10
4,2003,110.577655034743,112.481874159096,1.98895991927135,1.98545494072643,10
2,2004,117.466466471219,119.288166380331,2.04171917081227,2.0220202329424,10
4,2004,119.581417327107,121.109315795659,2.01075262747315,1.99313910580717,10
1,2005,124.329041572745,126.232961228494,2.04474241924552,2.02607411265905,10
1,2006,123.28843779454,125.028650308745,1.73350205059268,1.7187850547538,10
2,2006,125.436609040926,127.31518795214,1.75013947494768,1.74160700539584,10
3,2006,125.662314818046,127.493041653861,1.71618660128021,1.71129513786932,10
4,2006,125.422364780461,127.438466079418,1.67625881265298,1.68150723218398,10
1,2007,129.669469944289,131.385712241653,1.69219421575636,1.67873768754566,10
2,2007,131.149196740404,132.849879546632,1.69002607932734,1.67854803690188,10
3,2007,132.076983112563,133.571892608593,1.67848902730643,1.66594701092006,10
4,2007,132.991744509361,134.308313643838,1.67181178258263,1.65915037843437,10
2,2008,138.70593406114,140.336086116968,1.68453676138023,1.67211041201979,10
3,2008,142.802064715108,144.544048108556,1.75362066178718,1.74640518667744,10
4,2008,142.10989882759,143.454260221303,1.70575086776599,1.69375508046655,10
1,2009,145.377899067851,147.700410835548,1.69579304748152,1.69821180075707,10
2,2009,150.799761646895,153.622243398287,1.79051965698387,1.80620191708991,10
4,2009,166.091922948725,167.697740015419,2.12870214016441,2.11567007188096,10
1,2010,169.172133572617,171.120577741694,2.1052738155383,2.09159032720322,10
2,2010,171.631733659213,173.569978514128,2.12446922749394,2.11255680592734,10
3,2010,172.184872578096,173.966531938551,2.09554365838975,2.08407084372381,10
3,2016,218.787294292971,220.548179356584,1.98920880518167,1.98151358962443,10
1,2017,223.974320243952,225.863498162233,1.98943800846822,1.97996203153261,10
3,2017,226.221259238849,227.873871752126,1.97031190094011,1.96113666705109,10
3,2018,232.256294300116,233.875060426803,1.92784022298385,1.91897924110722,10
1,2019,237.576019869959,239.425169157996,1.93147298033023,1.92275349002914,10
3,2019,240.96078117651,242.840186392157,1.9347910598157,1.93059551281794,10
4,2019,246.188649642968,247.966264885654,2.00294283808774,1.99904357312571,10
1,2020,253.748012689948,255.688530886272,2.06939700727216,2.06078043927029,10
4,2020,383.505743152498,391.884246860191,6.0254146144032,6.30091510195982,10
2,2022,480.109112962825,483.633424231172,11.174988006764,11.1298913720468,10
1,2001,89.1511575290106,91.0285142056493,1.99003661276675,1.96448982943634,11
2,2001,90.4171829285338,92.2522835389934,1.96687459406911,1.94470556424487,11
3,2001,93.2361411672539,95.1482469856071,2.03190115361559,2.0189828055429,11
4,2001,96.1048495894266,98.11262068076,2.10780988629716,2.10564898335393,11
1,2002,99.5363792121283,101.587225552273,2.08494920579596,2.06674949127371,11
2,2002,102.076779640554,103.937450776134,2.12267953856289,2.0985007568086,11
3,2002,103.008739917293,104.717013688441,2.09097237156849,2.06814864119728,11
4,2002,103.957220699736,105.484564214018,2.07039420640648,2.04779736593223,11
1,2003,106.79853101727,108.976415175307,2.02453661150387,2.01505738071679,11
2,2003,107.288117803043,109.3013702303,1.97139365749954,1.96002663678091,11
3,2003,109.196585049457,110.995958201131,1.98740482538669,1.97317867269879,11
4,2003,110.599408159124,112.333609967442,1.98984251624145,1.97958501465078,11
1,2004,116.029933930427,117.938125078607,2.05448758657607,2.03424715267746,11
2,2004,117.445776007139,119.268865115657,2.04089106353876,2.02126987369657,11
3,2004,118.982099942284,120.682374129357,2.04016426216211,2.02187403440429,11
2,2005,124.377868069721,126.170255405172,1.98247571031652,1.96471306249201,11
3,2005,120.342302767008,121.997531370762,1.7950553234354,1.78267690975373,11
4,2005,123.141573381018,124.555785750568,1.84480743925128,1.82888927184049,11
1,2006,123.279721415253,125.018987952829,1.73324156681184,1.71850361539502,11
2,2006,125.332334944992,127.153345286498,1.74704926230619,1.73691629017649,11
3,2006,125.579583475084,127.207181863069,1.71382231019132,1.70329903271434,11
4,2006,125.449275661275,127.699873014904,1.67699780124257,1.68859224331212,11
1,2007,129.666147410651,131.390123015502,1.69210353739483,1.67885556425222,11
2,2007,131.213821125042,132.937202647549,1.69176046831475,1.68083951261545,11
3,2007,132.070358986115,133.550010452554,1.67831534376837,1.6653866199408,11
4,2007,132.950284936786,134.26558960892,1.67074674560419,1.65807628094554,11
1,2009,145.439293051669,148.164969717103,1.69728096083967,1.70935875856926,11
1,2010,169.17453163119,171.108850627885,2.10534283470473,2.09126333626503,11
1,2001,89.148669461278,91.0280088059761,1.98990632152836,1.9644643463916,14
2,2001,90.4324387031057,92.2150536602382,1.96764410830452,1.94289680523964,14
3,2001,93.4262402383488,95.5329285038007,2.04157936090249,2.03800761621288,14
1,2002,99.5794442054765,101.55509491107,2.08708883243615,2.0652059180606,14
2,2002,102.145693215916,104.016374621604,2.126082206129,2.10226677109403,14
3,2002,103.19002219442,104.958373916282,2.09960434426522,2.07926734657621,14
4,2002,103.905213591964,105.432943699722,2.06800425960574,2.04550209441891,14
1,2003,106.761532102044,108.692698503149,2.02290893206384,2.00293096127584,14
2,2003,107.285371037836,109.138459730717,1.97127844980499,1.95338648594796,14
3,2003,109.287693889871,110.936382022033,1.99118017762573,1.97078182610928,14
4,2003,110.599408159124,112.295553050403,1.98984251624145,1.97808005953932,14
1,2004,116.022990258787,117.958287697505,2.05420230072259,2.0350515026861,14
2,2004,117.434443492159,119.25776239395,2.04043763768745,2.02083836190224,14
3,2004,118.982099942284,120.708926932823,2.04016426216211,2.02288678930863,14
4,2004,119.613794287609,121.148357614096,2.01198057157607,1.99457842479539,14
1,2005,124.317146674679,126.225169099669,2.04429207617271,2.02578709762668,14
2,2005,124.409299166472,126.212152666949,1.98360890895161,1.96618326929153,14
3,2005,120.279523568441,121.86570631624,1.79304444616729,1.77856093686041,14
4,2005,123.141573381018,124.581366754743,1.84480743925128,1.829693369241,14
1,2006,123.26768540551,125.006324353829,1.73288193260517,1.71813481960283,14
2,2006,125.291731779249,127.021811460968,1.7458474465072,1.73311345464553,14
4,2006,125.58050838041,128.198587578182,1.68060381503761,1.70220006141164,14
1,2007,129.676252713475,131.452023240992,1.6923793455837,1.68050566081374,14
2,2007,130.968640954242,132.610636781466,1.68518705732918,1.67228565464683,14
3,2007,132.103345355351,133.729970040579,1.67918041572673,1.6699994061642,14
4,2007,133.05010144774,134.407666399284,1.67331204392206,1.66164220864442,14
1,2008,137.011891079903,138.800045843672,1.68101560609852,1.67040035095273,14
2,2008,138.703065700807,140.340188661993,1.68446465003409,1.67221146124197,14
3,2008,142.969178697601,144.689682410433,1.75793482307932,1.75009436206531,14
4,2008,142.099956307901,143.437064101596,1.705505307781,1.69333707815184,14
1,2009,146.102309297088,149.69613913455,1.71343295221619,1.74661948414187,14
2,2009,150.513495881497,154.447228275125,1.7833154123883,1.82701246132718,14
3,2009,162.060164600417,163.924802206385,2.05260451117726,2.04364097206608,14
4,2009,165.561035176366,167.194562009921,2.11328463522232,2.10135018795074,14
1,2010,169.173973665266,171.112680810387,2.10532696409944,2.0913700091504,14
2,2010,171.487829140103,173.349183434016,2.12039701847123,2.10642779812633,14
3,2010,172.135317566999,173.910162915656,2.09417791350125,2.08254620982627,14
4,2010,173.308605936859,174.884406880999,2.0881519320734,2.07574508201316,14
1,2011,176.762242953627,178.684263617055,2.07676647052761,2.0636145795315,14
2,2011,177.749018555699,179.579039192023,2.05640207298904,2.04351333556247,14
3,2011,180.23534141444,182.107608623202,2.08028660549726,2.07195867759081,14
4,2011,181.600099034918,183.137719594579,2.07968092122208,2.06706305017113,14
1,2012,185.248195499225,187.366039002434,2.07390530705962,2.06630570857235,14
2,2012,187.250836590213,189.173570121068,2.07987936684842,2.06946596172159,14
3,2012,188.992964809992,190.919895917837,2.08405306337958,2.07739487570069,14
4,2012,189.279297722553,190.865452676871,2.05715984715501,2.04667345594166,14
3,2013,197.091362568441,198.914061704832,2.07190050238643,2.06329836459931,14
4,2013,198.849351569458,200.709303770619,2.08061485489305,2.0765093002557,14
1,2014,201.187084951258,203.094002666571,2.04534393415323,2.0340975329438,14
2,2014,202.452441535724,204.27530914563,2.03447950742078,2.02346521052117,14
3,2014,203.876345157987,205.662069945606,2.0316549984464,2.02320242879263,14
4,2014,204.694916456561,206.200921795709,2.01975740195713,2.00901231206486,14
1,2015,209.38217814591,211.284574685385,2.03789590895574,2.02714239947163,14
3,2015,213.181871855549,214.861547441599,2.04853643002042,2.03796280109893,14
4,2015,213.086305885691,214.615816548208,2.01775452718091,2.00795965206501,14
1,2016,216.207583067982,218.098914062467,2.00289010680942,1.99287326317158,14
4,2016,220.934097576723,222.574814422431,2.00508873344481,1.99802803228888,14
1,2017,223.975644931522,225.856741922729,1.98946384747056,1.97983216221198,14
2,2017,225.637929943221,227.442937431276,1.98830458906922,1.9788762779152,14
3,2017,226.221259238849,227.873871752126,1.97031190094011,1.96113666705109,14
4,2017,227.269682611702,228.769444793799,1.96495847479703,1.95607766137756,14
1,2018,230.128466408754,231.989883650058,1.94723160935093,1.93818815970203,14
2,2018,231.293596156778,233.116520708603,1.93750645982257,1.92944068029832,14
3,2018,232.266231201455,233.900313901591,1.92801757964961,1.91942362455654,14
1,2019,237.743733135153,239.600883160931,1.93442000921347,1.92579953065279,14
2,2019,238.874729048818,240.647588510361,1.92462870858933,1.91615969702562,14
3,2019,240.680079346138,242.31686990404,1.92994875032307,1.9216793503602,14
4,2019,246.14052434576,247.648535112491,2.0020905361571,1.99349135861217,14
1,2020,253.876267162799,255.811336300267,2.07172639393794,2.06298216898183,14
2,2020,259.145606423609,273.376925770228,2.13586463869477,2.36577774025702,14
3,2020,275.924755479694,295.261188132429,2.43446077970971,2.81470095766499,14
4,2020,367.991121041708,371.104357227646,5.27711702375531,5.28357126713495,14
1,2021,454.366849568387,459.236206834914,10.5345925105992,10.607575260632,14
2,2021,465.234228406217,468.798508506355,11.2178580433275,11.174441466645,14
3,2021,469.117394117758,472.50840916272,11.276361641151,11.2302125617608,14
4,2021,472.785369472648,476.936845676892,11.3314185856509,11.3704396072948,14
1,2022,476.489880232912,480.095841869516,11.159326897084,11.1141091954321,14
3,2022,484.684731598703,488.39347527545,11.294632352583,11.2783698668036,14
4,2022,485.327382407764,488.543224863626,11.0765089979761,11.0332189732452,14
1,2023,487.636612228534,491.208672376096,10.7953579661491,10.752926893416,14
2,2023,490.709003663173,494.205126539699,10.7663957334774,10.725061734708,14
3,2023,491.251145710428,494.570034689231,10.5436691980087,10.5027872457175,14
4,2023,492.83429275079,495.982686905869,10.4275737372359,10.3875057848776,14
1,2024,497.016362987678,500.544356109408,10.3233162575557,10.2840275548859,14
2,2024,500.280392157607,503.728228112755,10.3150584408818,10.2762296621568,14
3,2024,498.524024966623,501.795990371359,9.93680495111001,9.90035229461184,14
4,2024,500.197721361232,503.296299976696,9.84174526301237,9.80564074780617,14
1,2001,89.1458086238837,91.0264018045141,1.98975651555244,1.96438341480418,15
2,2001,90.4171829285338,92.2057921822309,1.96687459406911,1.94244692165852,15
3,2001,93.1761033340499,94.8983595868804,2.02885409846482,2.00671979551569,15
4,2001,96.035964227475,97.7732483259922,2.10427309870037,2.08873943982231,15
1,2002,99.6507363019932,101.59968749725,2.09063445254077,2.0673483687143,15
2,2002,102.457424626904,104.52386469861,2.14155267863315,2.12665066619305,15
3,2002,103.93412023173,106.519909762635,2.13540970556628,2.15266159367932,15
4,2002,104.091669564785,105.675801071215,2.07658554269594,2.05631480104524,15
1,2003,106.807199895803,108.700579648211,2.02491817011296,2.00326689409807,15
3,2003,109.346004285976,111.014374572863,1.99360018647935,1.97392158992338,15
4,2003,111.200294932123,112.724791755749,2.01437875489638,1.99511377176514,15
1,2004,116.054775914195,117.963461777569,2.05550856189712,2.03525799240407,15
2,2004,117.565287833932,119.409177000952,2.04567900221004,2.02673067479921,15
3,2004,118.952364005556,120.630391332271,2.03899810475399,2.01989272111416,15
4,2004,119.613794287609,121.156198160719,2.01198057157607,1.99486746989662,15
1,2005,124.321693371614,126.228713180162,2.0444642071704,2.02591764189205,15
2,2005,124.507153211347,126.326106923365,1.98714106078127,1.97018794942092,15
4,2005,123.111641783852,124.537161084581,1.84383967525701,1.82830351858636,15
1,2006,123.279721415253,125.018591444843,1.73324156681184,1.71849207750295,15
2,2006,125.256832437009,126.975716614202,1.74481511545774,1.73178269265364,15
3,2006,125.59136777137,127.096137388391,1.71415888220252,1.70020290265955,15
4,2006,125.459079998548,126.996090034615,1.67726711304499,1.66958349474942,15
1,2007,129.665524211922,131.386386811085,1.69208652960197,1.67875832127063,15
2,2007,131.152663916761,132.84423789918,1.69011908966079,1.67840014292657,15
3,2007,132.08348522778,133.583118982814,1.67865952922189,1.6662346069066,15
4,2007,132.950284936786,134.322667024906,1.67074674560419,1.6595101049951,15
1,2008,136.898562947049,138.651259195014,1.67813171058029,1.66669703769985,15
2,2008,138.703948670998,140.348529074585,1.68448684086367,1.67241843373576,15
3,2008,142.883468085208,144.651097055786,1.75572081652175,1.74911560523142,15
4,2008,142.883569557486,144.375970820225,1.72496806070934,1.71616213504541,15
1,2009,145.299870884211,147.410999184434,1.69390387470303,1.69130445430131,15
2,2009,151.007268688489,153.877408694888,1.79576001193837,1.8126145869871,15
3,2009,160.761105721992,162.436767174324,2.01590573888116,2.00241785172423,15
4,2009,165.660990167507,167.217103194683,2.11617999444016,2.10198863184989,15
1,2010,169.173973665266,171.136993521077,2.10532696409944,2.09204814571212,15
2,2010,171.503438407605,173.364428179671,2.12083835162321,2.10685155137408,15
3,2010,172.247016129255,174.055981588783,2.09725823683103,2.08649324641407,15
4,2010,173.508734429722,175.049436757232,2.09358219312877,2.0801356394117,15
1,2011,176.761022258283,178.696818953259,2.07673396764279,2.06394255487922,15
2,2011,177.786254362547,179.630146009264,2.05737151199401,2.0448190656788,15
3,2011,180.016093159923,181.780215345291,2.07459397925696,2.0636038523507,15
4,2011,181.600099034918,183.197240782801,2.07968092122208,2.0685618957175,15
1,2012,185.221763825647,187.27653634019,2.07323693634298,2.06407889356705,15
2,2012,187.250836590213,189.158303567324,2.07987936684842,2.06908989483768,15
3,2012,189.004605795657,190.942577037997,2.0843418554617,2.07794882273314,15
4,2012,189.124376698761,190.798233789342,2.05341617528566,2.04507142864173,15
1,2013,192.526285978208,194.564095893008,2.04242595066578,2.03377143684492,15
2,2013,194.702969828805,196.532573941452,2.0524999690955,2.04083626393034,15
3,2013,197.211394854893,198.905182208037,2.07472810992161,2.06309224197582,15
4,2013,198.99823839575,200.991040501976,2.0840965359223,2.08300968644032,15
1,2014,201.187084951258,203.09346887751,2.04534393415323,2.03408561158624,15
2,2014,202.456195977946,204.278627756382,2.03456345294266,2.02353821273675,15
3,2014,203.733424782943,205.41206502908,2.02850175236151,2.01777323076054,15
4,2014,204.621396541261,206.228189738295,2.01816235186835,2.00959546560665,15
1,2015,209.396825637329,211.299693907628,2.03821348162197,2.02746503410914,15
2,2015,212.082602639234,213.914502011185,2.05846471795649,2.04772638884754,15
3,2015,213.185917846495,214.865258029017,2.04862275423934,2.03804076477087,15
4,2015,213.090061726313,214.709827135125,2.0178326092637,2.00988176108058,15
1,2016,216.157904175104,218.044135807594,2.00187506780468,1.9917708790077,15
2,2016,218.01566796656,219.822585004222,2.00448979421957,1.99448187265218,15
3,2016,218.573275151449,220.259361839624,1.98495667113972,1.97585733373405,15
4,2016,220.763437296757,222.259956749582,2.00170573879095,1.99188021970494,15
1,2017,223.975644931522,225.854211841411,1.98946384747056,1.97978353303953,15
2,2017,225.652883936803,227.455023336233,1.98859326956426,1.97910623126709,15
3,2017,226.269343321201,227.924742089883,1.97122294514705,1.96208663121627,15
4,2017,227.572095944941,229.329152110411,1.9706222233115,1.96641547157521,15
1,2018,230.142520794193,232.000143979818,1.94748980340304,1.9383740154712,15
2,2018,231.294067831804,233.066033010801,1.93751499822112,1.92853906335467,15
3,2018,232.236192738178,233.87131812865,1.9274814900163,1.91891330306103,15
4,2018,234.238210419173,235.705898871246,1.93971973979454,1.93093544120307,15
1,2019,237.668316032632,239.555567000635,1.9330942337005,1.92501344109084,15
2,2019,238.825505210247,240.592365108795,1.92377544247903,1.91521510608932,15
3,2019,240.673562709338,242.310682242578,1.929836479899,1.92157390675381,15
4,2019,245.977700700742,247.568220911091,1.99920960631429,1.99208789456586,15
1,2020,253.75336071685,255.671612910227,2.06949408894346,2.06047731803636,15
2,2020,262.294733269918,283.932706716442,2.19516112667499,2.59115046133717,15
3,2020,275.841560347133,303.949894157105,2.4327155999048,3.03166592957683,15
4,2020,383.505743152498,390.863807743595,6.0254146144032,6.24666967516159,15
1,2021,455.197440083054,460.829571733075,10.6090058302757,10.7505609588777,15
2,2021,465.24183933199,468.799050224066,11.2185755276872,11.1744919160844,15
3,2021,468.549469822785,471.983399677384,11.2231203099695,11.1815859833135,15
4,2021,473.184933758876,477.368450392986,11.3688981240049,11.410734730425,15
1,2022,476.56355011677,480.169978023143,11.1660674000133,11.1208099562634,15
2,2022,480.112057900908,483.635821791678,11.175255565368,11.1301065672411,15
3,2022,484.522218714281,487.931487574475,11.2798395090482,11.2367635962789,15
4,2022,485.382917367225,488.60213004871,11.081430996656,11.0383779108921,15
1,2023,487.639301543126,491.2160670738,10.7955883846843,10.7535530085109,15
2,2023,490.690419138891,494.179710922875,10.7648203620111,10.7229324018395,15
3,2023,491.253494175794,494.571684862606,10.5438626471958,10.502921599061,15
4,2023,492.837574196667,496.005037483937,10.4278389896212,10.3892917246073,15
1,2024,497.027104347842,500.55474150944,10.3241692638353,10.2848428788595,15
2,2024,500.285829837522,503.729814053634,10.3154866164632,10.2763531309783,15
3,2024,498.502389953393,501.761232379424,9.93517643605666,9.89776533031733,15
4,2024,500.185512685669,503.276659851028,9.84084191361061,9.80420375935153,15
1,2001,89.1462128072713,91.0318456705104,1.98977768358842,1.96465761068159,16
1,2002,99.5363792121283,101.47390449453,2.08494920579596,2.06131024332651,16
2,2002,102.218252815224,104.186482687194,2.12967455899944,2.11040834659123,16
4,2002,103.90133473335,105.432485358212,2.06782611586244,2.04548098979612,16
1,2003,106.760864056348,108.68847310387,2.02287954518696,2.00275089130146,16
2,2003,107.333971231124,109.129091361915,1.97331779352997,1.95300547194372,16
3,2003,109.243306216028,110.899276333954,1.98933995545959,1.96929060789091,16
4,2003,110.692267418257,112.215768869859,1.99361458925531,1.974930507934,16
1,2004,116.025499499025,117.935365743839,2.05430539023791,2.03413710211823,16
2,2004,117.434443492159,119.255892679208,2.04043763768745,2.02076567210118,16
3,2004,119.126542824974,120.891926200752,2.04583841940116,2.0298811722183,16
4,2004,119.584277515756,121.08513245844,2.01086107329073,1.99224941729012,16
1,2005,124.303816619932,126.217461652642,2.04378751283568,2.02550323526469,16
2,2005,124.310204939701,126.134489851247,1.9800384023187,1.96345876106301,16
3,2005,120.279523568441,121.979353509195,1.79304444616729,1.7821085119364,16
4,2005,123.257542501233,124.880718074089,1.84856178974957,1.83914177972071,16
1,2006,123.311886201768,125.052205667318,1.73420298957548,1.71947139659165,16
2,2006,125.256832437009,127.021971197146,1.74481511545774,1.73311798321239,16
3,2006,125.59136777137,127.108344737404,1.71415888220252,1.70054315842144,16
4,2006,125.830283134746,127.154794842019,1.68749203788955,1.67385419899184,16
1,2007,129.67071617092,131.388513331542,1.69222823249832,1.67881499391172,16
2,2007,131.280973474596,133.030606551448,1.69356458543041,1.683290825971,16
3,2007,132.070358986115,133.550010452554,1.67831534376837,1.6653866199408,16
4,2007,133.24055299306,134.744874369673,1.67821764675093,1.67013356359914,16
1,2008,137.085630917701,138.922071500246,1.6828947533755,1.6734468847219,16
2,2008,138.70593406114,140.339367935343,1.68453676138023,1.67219314264599,16
3,2008,142.969178697601,144.689682410433,1.75793482307932,1.75009436206531,16
4,2008,142.275763590615,143.66116248615,1.70985256896506,1.69875574645253,16
1,2009,145.501005454819,148.240517346813,1.69877791688455,1.71117837250218,16
2,2009,150.755935961791,153.744861058666,1.78941484491467,1.80928005877223,16
3,2009,161.185824008659,162.996801625401,2.02783134883856,2.01782994737108,16
4,2009,165.817605433091,167.37610801497,2.12072238738432,2.10650548385562,16
1,2010,169.166824940744,171.101017729193,2.10512321750407,2.09104495324015,16
2,2010,171.546320281226,173.423507471731,2.12205125774978,2.1084897642265,16
3,2010,172.135317566999,173.86657972927,2.09417791350125,2.08136834981866,16
4,2010,173.765856963001,175.390802409182,2.10058184367546,2.08924388427483,16
1,2011,176.76866540886,178.692958808456,2.0769374744113,2.06384171699692,16
2,2011,177.806939674145,179.669083061745,2.05791025880789,2.04581441401495,16
3,2011,179.847604192591,181.53712405298,2.07022986198,2.05742250951761,16
4,2011,181.6560759599,183.451598659452,2.08111776132433,2.07497828144032,16
1,2012,185.216731524425,187.278109676934,2.07310971071362,2.06411802826925,16
2,2012,187.553454308325,189.405304359104,2.08747682506601,2.07518235270963,16
3,2012,189.004605795657,190.911694878382,2.0843418554617,2.07719423475905,16
4,2012,189.124376698761,190.798233789342,2.05341617528566,2.04507142864173,16
1,2013,192.543034703531,194.480349238308,2.04282374649069,2.03181479279591,16
2,2013,194.775042909286,196.604804413183,2.05420093126843,2.04251185943472,16
3,2013,197.091362568441,198.809673017008,2.07190050238643,2.06087991915674,16
4,2013,198.728220276881,200.262341302526,2.07778672310688,2.06623861273668,16
1,2014,201.219003456679,203.125455828674,2.04606942438626,2.03480071660379,16
2,2014,202.464185274827,204.289885668757,2.03474207560051,2.02378584057866,16
3,2014,203.733424782943,205.41206502908,2.02850175236151,2.01777323076054,16
4,2014,204.694916456561,206.202855659232,2.01975740195713,2.00905442124755,16
1,2015,209.375355267212,211.326089341105,2.03774800732799,2.02802839428199,16
2,2015,212.0798186402,213.920572202185,2.05840438821846,2.04785585928676,16
3,2015,213.181871855549,214.868878449743,2.04853643002042,2.03811678528162,16
4,2015,213.056755305678,214.573166203923,2.01714031036085,2.00708569921546,16
1,2016,216.167287445775,218.06441834077,2.00206674726503,1.99217895376774,16
2,2016,218.027841835639,219.851468274482,2.00473629147232,1.99505794281587,16
3,2016,218.573275151449,220.221657779487,1.98495667113972,1.97512046393153,16
4,2016,220.763437296757,222.265775874328,2.00170573879095,1.99199358136083,16
1,2017,223.984453355868,225.882805912777,1.98963565070287,1.98033318025763,16
2,2017,225.643465334918,227.443121228843,1.98841144180145,1.97887979532586,16
3,2017,226.21870616212,227.926702333293,1.97026353979215,1.9621232614432,16
4,2017,227.304506922427,228.783234915977,1.96560985105755,1.95633208292164,16
1,2018,230.128466408754,231.989883650058,1.94723160935093,1.93818815970203,16
2,2018,231.286943471384,233.061997644652,1.93738600129733,1.92846701132049,16
3,2018,232.238756621551,233.857474929498,1.92752724139667,1.9186697269373,16
4,2018,234.289312290312,235.790601966323,1.9406287226517,1.93242016705787,16
1,2019,237.612391745011,239.468624217007,1.93211171966097,1.9235063263787,16
2,2019,238.783849385533,240.555377742412,1.92305366474458,1.91458277257761,16
3,2019,240.70126529546,242.341976742521,1.93031379969943,1.92210595439319,16
4,2019,245.968042967469,247.470153317999,1.99903886389873,1.99037764634229,16
1,2020,253.748012689948,255.675664951355,2.06939700727216,2.06054990674838,16
2,2020,280.943546706704,326.622511749076,2.581618072476,3.74386633843651,16
3,2020,277.198625972504,316.693588854332,2.46134087873377,3.38051080018208,16
4,2020,375.083207415537,379.819856364397,5.60689575357896,5.68856140245983,16
1,2021,455.344594107908,461.127076930903,10.6222441850861,10.7774712667049,16
2,2021,465.229295468538,468.905576939175,11.2173930310641,11.184415966625,16
3,2021,468.554838752594,471.976490899232,11.2236224514764,11.180947585234,16
4,2021,472.945004940962,476.864294750094,11.3463777131785,11.3636803813582,16
1,2022,476.573164610714,480.188790291001,11.1669473882864,11.1225109332205,16
2,2022,480.111111074752,483.635222582388,11.1751695423507,11.1300527891173,16
3,2022,484.512101414362,487.899116733942,11.2789192140708,11.2338540661351,16
4,2022,485.356069459587,488.56504001684,11.0790512306969,11.0351292796916,16
1,2023,487.639301543126,491.216898273021,10.7955883846843,10.7536233870289,16
2,2023,490.691614273957,494.179299406656,10.7649216605467,10.7228979302961,16
4,2023,492.837574196667,495.992605426513,10.4278389896212,10.3882982901145,16
1,2024,497.018600857656,500.545339757512,10.3234939682777,10.2841047720942,16
2,2024,500.281545508375,503.726981448164,10.3151492605154,10.2761326077101,16
3,2024,498.503251885225,501.764477551482,9.93524131227411,9.89800683420234,16
4,2024,500.18693919581,503.280649870659,9.84094746242467,9.8044956723955,16
1,2001,89.1458086238837,91.0334867953722,1.98975651555244,1.96474029947745,17
2,2001,90.4002488555535,92.1823697467899,1.96602079361108,1.94130997544532,17
4,2001,96.2774421025548,97.826175720047,2.11669653909881,2.09137033402441,17
1,2002,99.639171274389,101.566745678638,2.09005858566317,2.06576537954047,17
2,2002,102.374158355745,104.35068832374,2.13740761854,2.1182998450508,17
3,2002,103.696691838535,106.171812889815,2.12391912981804,2.136078335149,17
4,2002,103.90133473335,105.544943956279,2.06782611586244,2.05048116431922,17
1,2003,106.838242517831,108.738272918517,2.02628508723622,2.00487402282601,17
2,2003,107.300667243149,109.135376129079,1.971920074419,1.95326114322236,17
3,2003,109.287693889871,110.942498669073,1.99118017762573,1.97102828877694,17
4,2003,110.692267418257,112.251608587024,1.99361458925531,1.97634693829341,17
1,2004,116.025499499025,117.955416964149,2.05430539023791,2.03493696936943,17
2,2004,117.504954209858,119.338260892971,2.04326048382968,2.02396880970899,17
3,2004,118.960547120061,120.640616597985,2.03931895962665,2.0202822882313,17
4,2004,119.584277515756,121.106877006841,2.01086107329073,1.9930492623044,17
1,2005,124.351699366955,126.256066550745,2.04560052978386,2.0269254024088,17
2,2005,124.485388426725,126.318989230893,1.98635488970698,1.96993747105747,17
3,2005,120.201086682336,121.756844684055,1.79053522435688,1.77516892375392,17
4,2005,123.100503102297,124.580999178707,1.84347966273693,1.82968411153126,17
1,2006,123.311886201768,125.086092129307,1.73420298957548,1.72045908225185,17
2,2006,125.332334944992,127.084185228251,1.74704926230619,1.73491579622768,17
1,2001,89.1458086238837,91.0404856070853,1.98975651555244,1.96509288370784,18
2,2001,90.4764746950443,92.3916886032145,1.96986698139289,1.95149398432503,18
1,2004,116.039326650937,117.977477528073,2.05487355627651,2.03581729128372,18
4,2004,120.011055505568,121.926728738454,2.02710859303946,2.02349010787348,18
3,2005,120.210791766506,121.785273339849,1.79084549528128,1.77605404304344,18
1,2006,123.279721415253,125.018987952829,1.73324156681184,1.71850361539502,18
2,2006,125.256832437009,126.943570354513,1.74481511545774,1.73085534277621,18
4,2006,125.459079998548,126.899247457293,1.67726711304499,1.66697949730772,18
1,2007,129.676252713475,131.424647429039,1.6923793455837,1.67977806141001,18
3,2007,132.149397008796,133.756990399183,1.68038648010518,1.67069505733684,18
1,2009,145.312631538733,147.061044130832,1.69420909431029,1.68298928104048,18
1,2010,169.166001014161,171.104700492716,2.10509978700021,2.09114674137037,18
1,2001,89.1458086238837,91.0239754238098,1.98975651555244,1.9642612157319,19
2,2001,90.4324387031057,92.2849125434626,1.96764410830452,1.94629232776547,19
3,2001,93.1761033340499,94.8709398263263,2.02885409846482,2.00537869087598,19
4,2001,96.0011541288862,97.8424526284062,2.10248814513389,2.09217519283532,19
2,2002,102.076779640554,103.951188497892,2.12267953856289,2.09915567398804,19
3,2002,103.298954987637,105.217891177837,2.10480760806736,2.09128860833647,19
4,2002,103.96882645235,105.503978485313,2.0709279230261,2.04866259494685,19
1,2003,106.764185935398,108.710907191455,2.02302562411213,2.00370707839578,19
3,2003,109.212918836437,110.956181094107,1.98808113213842,1.97157841999686,19
4,2003,110.692267418257,112.232086186555,1.99361458925531,1.97557534739069,19
3,2004,118.960547120061,120.640616597985,2.03931895962665,2.0202822882313,19
4,2004,119.567403511906,121.071782332918,2.0102213695871,1.99175663037343,19
1,2005,124.351699366955,126.269899803796,2.04560052978386,2.0274351913873,19
2,2005,124.409299166472,126.206999482386,1.98360890895161,1.96600241288639,19
3,2005,120.205648398172,121.768327015357,1.79068105121175,1.775526366414,19
4,2005,123.100503102297,124.580999178707,1.84347966273693,1.82968411153126,19
1,2006,123.279721415253,125.018987952829,1.73324156681184,1.71850361539502,19
4,2006,125.408679028002,127.504916633325,1.67588072245809,1.6833111372407,19
1,2007,129.67071617092,131.399169119392,1.69222823249832,1.67909893515796,19
2,2007,131.354082450139,133.160358189424,1.69553091440791,1.68670952086521,19
3,2007,132.076983112563,133.571892608593,1.67848902730643,1.66594701092006,19
4,2007,132.950284936786,134.270293055434,1.67074674560419,1.65819463169736,19
3,2008,143.153388286104,145.202934638053,1.76270263647488,1.76315326066195,19
4,2008,142.099956307901,143.445308465317,1.705505307781,1.69353869162178,19
2,2009,150.706534806173,154.533417960004,1.78817029983754,1.82920243797483,19
3,2009,159.541126430833,161.197868179013,1.98203890436357,1.9687299960797,19
1,2011,176.761685878528,178.688759691299,2.07675164215981,2.06373202183381,19
4,2011,181.600099034918,183.164630071581,2.07968092122208,2.06774048434637,19
1,2001,89.1462128072713,91.0318456705104,1.98977768358842,1.96465761068159,20
1,2002,99.5632319696471,101.506150318395,2.08628283876918,2.06285658801417,20
4,2002,103.905213591964,105.431238174351,2.06800425960574,2.0454260675848,20
1,2003,106.762181970509,108.788694151607,2.02293749642468,2.007025772504,20
2,2003,107.290764997022,109.216703078211,1.97150468153099,1.95657303914382,20
3,2003,109.243306216028,111.025370283631,1.98933995545959,1.9743642944547,20
4,2003,110.692267418257,112.232086186555,1.99361458925531,1.97557534739069,20
1,2004,116.036292529222,117.945745021398,2.05474886646944,2.03455111579571,20
2,2004,117.445776007139,119.277925010422,2.04089106353876,2.02162207591418,20
3,2004,118.952364005556,120.630391332271,2.03899810475399,2.01989272111416,20
4,2004,119.584277515756,121.096203899372,2.01086107329073,1.99265613359159,20
1,2005,124.338243682005,126.242666128557,2.04509088851545,2.02643162590775,20
2,2005,124.377868069721,126.17437844673,1.98247571031652,1.96485758604964,20
3,2005,120.279523568441,121.925313866108,1.79304444616729,1.78042068829565,20
4,2005,123.141573381018,124.554763482673,1.84480743925128,1.82885814954912,20
1,2006,123.26768540551,125.015121408688,1.73288193260517,1.71839096318171,20
2,2006,125.291731779249,126.980568875412,1.7458474465072,1.73192287580301,20
3,2006,125.579583475084,127.156671343228,1.71382231019132,1.70188982254795,20
4,2006,125.449275661275,127.791879439808,1.67699780124257,1.69109969804872,20
1,2007,129.665524211922,131.383333080007,1.69208652960197,1.67867696985176,20
2,2007,131.048472564082,132.725852892837,1.68732640319878,1.67529641450108,20
3,2007,132.103345355351,133.631873376968,1.67918041572673,1.66748413408074,20
4,2007,133.05010144774,134.369935859115,1.67331204392206,1.66069696817757,20
1,2008,136.949513481809,138.714796317134,1.67942491991837,1.66827660623322,20
3,2008,142.969178697601,144.657089352681,1.75793482307932,1.74926860862484,20
4,2008,142.275763590615,143.710438977504,1.70985256896506,1.69994753113088,20
1,2009,145.412631047261,148.032568011915,1.69663049666424,1.7061743904834,20
2,2009,151.007268688489,153.555914777492,1.79576001193837,1.80453957897075,20
3,2009,159.153751805777,160.923720645226,1.97140485209551,1.96135669502963,20
4,2009,165.561035176366,167.194562009921,2.11328463522232,2.10135018795074,20
1,2010,169.180297401233,171.140486849895,2.10550726637273,2.09214558863328,20
3,2010,172.184872578096,173.920820095878,2.09554365838975,2.08283485531212,20
4,2010,173.508734429722,175.069219080651,2.09358219312877,2.08065858459105,20
1,2011,176.774980308026,178.696688737131,2.07710563084015,2.06393917026683,20
2,2011,177.806939674145,179.646045609353,2.05791025880789,2.04522549212247,20
3,2011,179.847604192591,181.543785533324,2.07022986198,2.05759140895325,20
4,2011,181.603238058624,183.138194820083,2.07976146571387,2.06707533685874,20
1,2012,185.221763825647,187.225122874371,2.07323693634298,2.0628008068697,20
2,2012,187.250836590213,189.132518953362,2.07987936684842,2.06845488297601,20
3,2012,189.029046277236,190.978379262486,2.08494756281538,2.07882373166962,20
4,2012,189.124376698761,190.798233789342,2.05341617528566,2.04507142864173,20
1,2013,192.52459830315,194.555859199876,2.04238587412089,2.0335788944556,20
2,2013,194.570990222076,196.399779853578,2.0493888261852,2.03775906413024,20
4,2013,198.849351569458,200.591920894854,2.08061485489305,2.07380686859909,20
1,2014,201.20207605666,203.110554205393,2.04568464180471,2.03446752128563,20
2,2014,202.464185274827,204.28535935494,2.03474207560051,2.02368625235723,20
3,2014,203.733424782943,205.402684195272,2.02850175236151,2.01756963113346,20
4,2014,204.621396541261,206.152153744608,2.01816235186835,2.00797166304742,20
1,2015,209.388524180394,211.294797093774,2.03803349291274,2.02736053589283,20
2,2015,212.0798186402,213.915879265195,2.05840438821846,2.04775576238345,20
3,2015,213.185917846495,214.865258029017,2.04862275423934,2.03804076477087,20
4,2015,213.086305885691,214.596825536036,2.01775452718091,2.00756962673745,20
1,2016,216.167287445775,218.052969243418,2.00206674726503,1.9919486050925,20
2,2016,218.044374131491,219.862023297637,2.0050710757125,1.99526853061008,20
3,2016,218.573275151449,220.224522602245,1.98495667113972,1.97517640118899,20
4,2016,220.763437296757,222.266799342098,2.00170573879095,1.99201385553652,20
1,2017,223.984453355868,225.866569604698,1.98963565070287,1.98002106394773,20
2,2017,225.643465334918,227.44185591713,1.98841144180145,1.97885570653307,20
3,2017,226.221259238849,227.867464264443,1.97031190094011,1.96101701085724,20
4,2017,227.269682611702,228.779078542005,1.96495847479703,1.95625529066237,20
1,2018,230.131008453517,231.993776593727,1.94727830431356,1.93825868001863,20
2,2018,231.284489847622,233.071904345807,1.93734158624677,1.92864388987177,20
3,2018,232.238756621551,233.857474929498,1.92752724139667,1.9186697269373,20
4,2018,234.238210419173,235.703545425276,1.93971973979454,1.93089411407584,20
1,2019,237.598092949698,239.448729092176,1.93186058614318,1.92316162309256,20
2,2019,238.787155423344,240.56393535402,1.92311093938866,1.91472906880377,20
3,2019,240.70126529546,242.353293807285,1.93031379969943,1.92229836120076,20
4,2019,245.977700700742,247.485164063335,1.99920960631429,1.99063931230643,20
1,2020,253.74689136584,255.66904243604,2.06937665490415,2.06043126491208,20
2,2020,261.227181505201,279.223329191632,2.17487820145228,2.48806230469684,20
3,2020,276.100957390892,294.461359009984,2.43816198170154,2.79552962981282,20
4,2020,378.948261492433,385.080357269734,5.79521520522371,5.94788654568467,20
1,2021,455.197440083054,461.064239844483,10.6090058302757,10.7717818222342,20
2,2021,465.231333532928,468.854220311279,11.2175851500205,11.1796304741872,20
3,2021,468.551933443336,471.984914083611,11.2233507198914,11.1817259292793,20
4,2021,473.061119118082,477.107496991941,11.3572709460386,11.3863548884601,20
1,2022,476.573164610714,480.181309852656,11.1669473882864,11.1218345296958,20
2,2022,480.111111074752,483.635222582388,11.1751695423507,11.1300527891173,20
3,2022,484.515036586404,487.904828308313,11.2791861964029,11.2343673727867,20
1,2023,487.640697480967,491.218576672292,10.7957079856481,10.7537655041116,20
2,2023,490.691614273957,494.178204502484,10.7649216605467,10.722806206136,20
3,2023,491.251145710428,494.569254076393,10.5436691980087,10.5027236916991,20
4,2023,492.834792612476,495.981925261534,10.4276141475937,10.3874449314628,20
1,2024,497.019240723405,500.545064038967,10.3235447791768,10.2840831251435,20
2,2024,500.284511605625,503.728350680054,10.3153828177366,10.2762392015143,20
3,2024,498.502389953393,501.761232379424,9.93517643605666,9.89776533031733,20
4,2024,500.18672955577,503.276061224924,9.84093194934006,9.80415997236129,20
1,2001,89.1531777904895,91.0354074156027,1.99014241299771,1.96483703640694,22
2,2001,90.4764746950443,92.2938033445192,1.96986698139289,1.94672502916221,22
3,2001,93.2862689065901,95.0696218552097,2.03444875546109,2.01511637317878,22
4,2001,96.0011541288862,97.6225226116773,2.10248814513389,2.08125794180078,22
1,2002,99.5100792552264,101.496144194074,2.08364408150868,2.06237653506811,22
2,2002,101.838278858098,103.694456989777,2.11093906718468,2.08694372000534,22
3,2002,102.87722513965,104.604610197825,2.08473349531076,2.06298960783293,22
4,2002,103.90133473335,105.4395828292,2.06782611586244,2.04579607703941,22
1,2003,106.762181970509,108.708506379924,2.02293749642468,2.00360467416164,22
2,2003,107.285371037836,109.110997277359,1.97127844980499,1.95226929972027,22
4,2003,110.599408159124,112.333609967442,1.98984251624145,1.97958501465078,22
1,2004,116.025499499025,117.933842495412,2.05430539023791,2.03407634354665,22
2,2004,117.445776007139,119.266456760743,2.04089106353876,2.02117623044557,22
3,2004,118.960547120061,120.633448826988,2.03931895962665,2.02000923878738,22
4,2004,119.567403511906,121.071782332918,2.0102213695871,1.99175663037343,22
1,2005,124.338243682005,126.242666128557,2.04509088851545,2.02643162590775,22
2,2005,124.445145047885,126.249563718712,1.98490208138185,1.96749713755839,22
4,2005,123.141573381018,124.555785750568,1.84480743925128,1.82888927184049,22
1,2006,123.279721415253,125.018987952829,1.73324156681184,1.71850361539502,22
2,2006,125.378618359735,127.178579179664,1.74842022140262,1.73764689928723,22
3,2006,125.602097515398,127.305102683898,1.71446539287504,1.70603382100055,22
4,2006,125.408679028002,127.348276993066,1.67588072245809,1.67907034956154,22
1,2007,129.67071617092,131.388513331542,1.69222823249832,1.67881499391172,22
2,2007,131.097537094178,132.752182601674,1.68864092379465,1.67598818961644,22
3,2007,132.08348522778,133.562637745927,1.67865952922189,1.66571013265982,22
4,2007,133.05010144774,134.429322616089,1.67331204392206,1.66218438783884,22
1,2008,136.979277678601,138.739791535603,1.68018517432883,1.66890070274306,22
2,2008,138.70593406114,140.336438714637,1.68453676138023,1.67211914719672,22
4,2008,142.099956307901,143.437064101596,1.705505307781,1.69333707815184,22
1,2009,145.439293051669,148.038671609949,1.69728096083967,1.70632102747853,22
2,2009,151.007268688489,154.093614788935,1.79576001193837,1.81806533084827,22
3,2009,161.618963640342,163.395982485036,2.04006612210882,2.02889472674275,22
4,2009,165.561035176366,167.194562009921,2.11328463522232,2.10135018795074,22
1,2010,169.166824940744,171.104421170093,2.10512321750407,2.09113895196695,22
2,2010,171.503438407605,173.36408739868,2.12083835162321,2.10684208585925,22
3,2010,172.09840050592,173.802895450125,2.09316197313212,2.07964829455401,22
4,2010,173.765856963001,175.318781983487,2.10058184367546,2.08732399812213,22
1,2011,176.761022258283,178.683744217311,2.07673396764279,2.06360101317912,22
2,2011,177.786254362547,179.630146009264,2.05737151199401,2.0448190656788,22
4,2011,181.600099034918,183.197240782801,2.07968092122208,2.0685618957175,22
1,2012,185.260780254523,187.348857897239,2.07422360878579,2.06587805055891,22
2,2012,187.250836590213,189.113075097339,2.07987936684842,2.06797614275009,22
3,2012,189.004605795657,190.856217411975,2.0843418554617,2.07583937052303,22
4,2012,189.13778804244,190.870834317206,2.05373999595641,2.04679407051982,22
1,2013,192.526285978208,194.498043372129,2.04242595066578,2.03222802062989,22
2,2013,194.570990222076,196.399779853578,2.0493888261852,2.03775906413024,22
3,2013,197.211394854893,198.903417431812,2.07472810992161,2.06305110468221,22
4,2013,198.759226255843,200.31793362434,2.07851026984301,2.06751331004284,22
1,2014,201.174032077914,203.080013208995,2.04504732339359,2.03378486345726,22
2,2014,202.456195977946,204.276416191697,2.03456345294266,2.02348956755489,22
3,2014,203.712751929253,205.393562081713,2.02804605077412,2.0173718198688,22
1,2015,209.38217814591,211.290838391368,2.03789590895574,2.02727605872694,22
3,2015,213.185917846495,214.865651550664,2.04862275423934,2.03804901408619,22
4,2015,213.090061726313,214.684609450561,2.0178326092637,2.00936542804862,22
1,2016,216.167287445775,218.055329581402,2.00206674726503,1.99199608940216,22
3,2016,218.630612105101,220.33735308067,1.98609494867731,1.97738312947086,22
4,2016,220.763437296757,222.261795428696,2.00170573879095,1.99191616503668,22
1,2017,223.979022771539,225.859300143468,1.98952972799903,1.97988133450017,22
2,2017,225.638480241215,227.436144533119,1.98831520923316,1.97874704575369,22
3,2017,226.21870616212,227.895652014941,1.97026353979215,1.96154329767558,22
4,2017,227.304506922427,228.783234915977,1.96560985105755,1.95633208292164,22
1,2018,230.128466408754,231.987045875059,1.94723160935093,1.9381367637963,22
2,2018,231.286943471384,233.059117584256,1.93738600129733,1.92841559142702,22
3,2018,232.256294300116,233.880218232949,1.92784022298385,1.91906994463248,22
4,2018,234.238210419173,235.705898871246,1.93971973979454,1.93093544120307,22
1,2019,237.628863201499,239.483760754703,1.93240105236643,1.92376864681277,22
2,2019,238.795201650087,240.565300392671,1.92325034536411,1.91475241474278,22
3,2019,240.70126529546,242.341976742521,1.93031379969943,1.92210595439319,22
4,2019,245.977700700742,247.545287065918,1.99920960631429,1.99168775467485,22
1,2020,253.749177297789,255.667426826548,2.06941814921377,2.06040232420009,22
2,2020,265.898328635094,293.16531465953,2.26503509521911,2.80581007186442,22
3,2020,276.100957390892,295.013875044744,2.43816198170154,2.80876134751188,22
4,2020,386.492206767851,395.26842878626,6.18119762771505,6.48424614221813,22
1,2021,454.652706280053,459.902634640896,10.5601435746485,10.6671464656535,22
2,2021,465.240038578476,468.813689464934,11.2184057635309,11.1758551872981,22
3,2021,468.549469822785,471.99828355022,11.2231203099695,11.1829614554841,22
4,2021,473.184933758876,477.368450392986,11.3688981240049,11.410734730425,22
1,2022,476.579899255507,480.195908398274,11.1675638311343,11.1231546126708,22
2,2022,480.108482903529,483.633937824663,11.1749307625811,11.1299374718271,22
1,2001,89.1458086238837,91.0264018045141,1.98975651555244,1.96438341480418,23
2,2001,90.4171829285338,92.2057921822309,1.96687459406911,1.94244692165852,23
3,2001,93.2361411672539,95.1163405737022,2.03190115361559,2.01741282697107,23
1,2003,106.762181970509,108.752341756349,2.02293749642468,2.00547411614953,23
2,2003,107.290764997022,109.195294111611,1.97150468153099,1.9557006334993,23
3,2003,109.212918836437,110.978621451952,1.98808113213842,1.97248136834086,23
4,2003,110.692267418257,112.361580869172,1.99361458925531,1.98069747574645,23
1,2004,116.044573827471,117.953155806029,2.05508920459706,2.0348467561569,23
2,2004,117.533041396635,119.375089089312,2.04438601641726,2.02540261436834,23
3,2004,118.95756322174,120.640692872064,2.039201958018,2.02028518215451,23
4,2004,119.613794287609,121.294156514236,2.01198057157607,1.99996201893331,23
1,2005,124.326725290423,126.237443805563,2.0446547188451,2.02623919924729,23
2,2005,124.409299166472,126.219062331817,1.98360890895161,1.96642581363163,23
3,2005,120.279523568441,121.86570631624,1.79304444616729,1.77856093686041,23
1,2006,123.294456385642,125.038785188192,1.7336819422968,1.71908030351586,23
2,2006,125.291731779249,127.040068620923,1.7458474465072,1.73364077633421,23
3,2006,125.579583475084,127.156671343228,1.71382231019132,1.70188982254795,23
4,2006,125.408679028002,127.348276993066,1.67588072245809,1.67907034956154,23
1,2007,129.688361741801,131.419509078815,1.69270989790306,1.67964109326452,23
2,2007,131.213821125042,132.87347088805,1.69176046831475,1.67916626966675,23
3,2007,132.070358986115,133.572602980986,1.67831534376837,1.66596536659533,23
4,2007,133.05010144774,134.429322616089,1.67331204392206,1.66218438783884,23
1,2008,137.011891079903,138.782954425433,1.68101560609852,1.66997610840099,23
2,2008,138.714979813078,140.354921924504,1.68476418694008,1.67257560457707,23
3,2008,142.969178697601,144.689682410433,1.75793482307932,1.75009436206531,23
4,2008,142.011521077714,143.398830550654,1.70332272418394,1.69241456777637,23
1,2009,145.703842985935,149.346499171734,1.70370742848176,1.73804010782096,23
2,2009,150.541223036693,154.833816175099,1.78401193482227,1.83684848628535,23
3,2009,160.761105721992,162.424680832749,2.01590573888116,2.00209042978226,23
4,2009,165.817605433091,167.372512544013,2.12072238738432,2.10640585023752,23
1,2010,169.167010966188,171.101152063903,2.10512927110032,2.09104868958979,23
3,2010,172.184872578096,173.966531938551,2.09554365838975,2.08407084372381,23
4,2010,173.765856963001,175.338962292135,2.10058184367546,2.08786018621618,23
1,2011,176.761685878528,178.685292735137,2.07675164215981,2.06364145752279,23
2,2011,177.769702487578,179.600569891133,2.05694052406741,2.04406334593673,23
3,2011,180.016093159923,181.798941247942,2.07459397925696,2.0640806851737,23
4,2011,181.600099034918,183.151647034534,2.07968092122208,2.06741438049899,23
1,2012,185.309832800546,187.46753342817,2.07546474353089,2.06883377968212,23
2,2012,187.200506282188,189.111884159792,2.07861860019589,2.06794681339782,23
3,2012,189.029046277236,190.917290008043,2.08494756281538,2.07733072644473,23
4,2012,189.124376698761,190.684514752717,2.05341617528566,2.04237145490516,23
1,2013,192.52992164391,194.555384632186,2.0425122913596,2.03356783167325,23
2,2013,194.775042909286,196.623593877462,2.05420093126843,2.04294773821968,23
3,2013,197.144946756037,198.835905662932,2.07316230770876,2.06148701759628,23
4,2013,198.849351569458,200.454232350827,2.08061485489305,2.07064217379067,23
1,2014,201.162919125212,203.071038919875,2.04479483167444,2.03358430650048,23
2,2014,202.457640226487,204.281631068611,2.03459573173568,2.02360424313583,23
3,2014,203.712751929253,205.383504931186,2.02804605077412,2.01715368249748,23
4,2014,204.621396541261,206.132791917641,2.01816235186835,2.00755823076635,23
1,2015,209.377788325297,211.280427753411,2.0378007433602,2.02705391330655,23
2,2015,212.0798186402,213.911522943983,2.05840438821846,2.0476628432155,23
3,2015,213.191084616732,214.874828206546,2.04873299949805,2.03824174821811,23
4,2015,213.056755305678,214.56303615126,2.01714031036085,2.00687849198285,23
1,2016,216.141916466943,218.028081086939,2.00154851631313,1.99144792174699,23
2,2016,218.004407225123,219.812016158251,2.00426182466732,1.99427111185686,23
3,2016,218.630612105101,220.355023136173,1.98609494867731,1.97772890535389,23
4,2016,220.773737242283,222.345136583845,2.00190975849335,1.99354154286067,23
1,2017,223.975644931522,225.856741922729,1.98946384747056,1.97983216221198,23
2,2017,225.638480241215,227.43856321124,1.98831520923316,1.97879306246072,23
3,2017,226.238142941825,227.87879166246,1.97063174307087,1.96122852391622,23
4,2017,227.304506922427,228.786980890847,1.96560985105755,1.95640162479381,23
1,2018,230.128067611891,231.988334769017,1.9472242835828,1.9381601027567,23
2,2018,231.294067831804,233.065255458895,1.93751499822112,1.9285251778771,23
3,2018,232.236192738178,233.87131812865,1.9274814900163,1.91891330306103,23
4,2018,234.238210419173,235.705898871246,1.93971973979454,1.93093544120307,23
1,2019,237.612391745011,239.464812148405,1.93211171966097,1.92344028365447,23
2,2019,238.783849385533,240.569806246199,1.92305366474458,1.91482940965528,23
3,2019,240.801367777248,242.540150394264,1.93203957763725,1.92547835472013,23
4,2019,246.051319325357,247.662857538864,2.00051166626312,1.99373921751888,23
1,2020,253.746503150804,255.667604703033,2.06936960600337,2.0604055051378,23
2,2020,259.318828787976,274.038627089118,2.13908639087724,2.37931074931858,23
3,2020,276.579420637275,292.382489595586,2.44823812468717,2.74630645254575,23
4,2020,390.16463286463,400.020668832792,6.3782998726592,6.75072432338577,23
1,2021,454.473659968459,459.749685834084,10.544132426625,10.6534450140116,23
2,2021,465.236854902111,468.842149634656,11.2181056355026,11.1785060112021,23
3,2021,468.551933443336,471.999670645448,11.2233507198914,11.183089651121,23
4,2021,473.384989127737,477.815147168103,11.3877100837441,11.4525890771276,23
1,2022,476.59048848054,480.211143121511,11.1685331676569,11.1245323810809,23
2,2022,480.108482903529,483.636130785326,11.1749307625811,11.1301343051825,23
3,2022,484.515036586404,487.902245407499,11.2791861964029,11.2341352439328,23
4,2022,485.399463264606,488.613249234822,11.0828978646577,11.0393520601688,23
1,2023,487.643314293697,491.221189045404,10.7959321975692,10.7539867066512,23
2,2023,490.690465182925,494.183347000476,10.7648242628899,10.7232370074148,23
3,2023,491.251145710428,494.570436727624,10.5436691980087,10.5028199739402,23
4,2023,492.837574196667,495.987219553815,10.4278389896212,10.387867945955,23
1,2024,497.017138772195,500.543533683505,10.3233778627907,10.2839629899077,23
2,2024,500.280392013816,503.725124545491,10.3150584332297,10.2759880517431,23
3,2024,498.502539019707,501.761258723426,9.93518765032238,9.89776729085542,23
4,2024,500.185512685669,503.275464051651,9.84084191361061,9.8041162723425,23
1,2001,89.1462128072713,91.0318456705104,1.98977768358842,1.96465761068159,24
2,2001,90.4324387031057,92.2699827502779,1.96764410830452,1.94556612148383,24
3,2001,93.3496773557984,95.3992374561587,2.03767590536505,2.03137546328987,24
4,2001,96.0241806152888,97.7479348211946,2.10366798530161,2.08747163890888,24
2,2002,102.011548022166,103.873196149067,2.11946196978727,2.09543813665839,24
3,2002,103.093229471724,104.912050795149,2.09499079219946,2.07712754235884,24
4,2002,103.905213591964,105.436832991706,2.06800425960574,2.04567406617768,24
1,2003,106.765485502983,108.826463861274,2.02308277685692,2.00863916683026,24
2,2003,107.315072080118,109.194799117017,1.97252450451082,1.95568065277797,24
3,2003,109.287693889871,110.958316218478,1.99118017762573,1.9716647975021,24
4,2003,110.692267418257,112.274328567347,1.99361458925531,1.97724512089873,24
1,2004,116.054775914195,117.963461777569,2.05550856189712,2.03525799240407,24
2,2004,117.481040072139,119.312975392091,2.04230266083357,2.02298495677933,24
3,2004,118.95756322174,120.640692872064,2.039201958018,2.02028518215451,24
4,2004,119.723119127124,121.510545838308,2.01613241142399,2.00797851019144,24
1,2005,124.338243682005,126.258435237902,2.04509088851545,2.02701262966141,24
2,2005,124.409299166472,126.219062331817,1.98360890895161,1.96642581363163,24
3,2005,120.342302767008,122.024057432987,1.7950553234354,1.78350619196253,24
4,2005,123.141573381018,124.569089954738,1.84480743925128,1.82930719043857,24
1,2006,123.354810191387,125.100039874181,1.7354868615591,1.72086593370405,24
2,2006,125.256832437009,127.021971197146,1.74481511545774,1.73311798321239,24
3,2006,125.575166094608,127.209459125079,1.71369616591849,1.70336287663916,24
4,2006,125.600029913234,127.114408723198,1.68114122566372,1.67277370094201,24
1,2007,129.691171838579,131.423868408823,1.69278662544468,1.67975730783166,24
2,2007,131.280973474596,132.988522595558,1.69356458543041,1.68218783741618,24
3,2007,132.08348522778,133.565737633297,1.67865952922189,1.66578961782131,24
4,2007,132.950284936786,134.26558960892,1.67074674560419,1.65807628094554,24
2,2008,138.703065700807,140.33586065376,1.68446465003409,1.67210628174171,24
3,2008,143.354412660917,145.36868908712,1.76792042471027,1.76739294194528,24
4,2008,142.011521077714,143.450711462796,1.70332272418394,1.69366803750072,24
1,2009,145.501005454819,148.651640530271,1.69877791688455,1.72111480285399,24
2,2009,150.541223036693,155.143383489048,1.78401193482227,1.844762389459,24
3,2009,160.981786437264,162.661675477276,2.02209341960552,2.00859596506895,24
1,2010,169.167010966188,171.117844630194,2.10512927110032,2.09151411487681,24
2,2010,171.522937477164,173.39878560156,2.12138979639597,2.1078040515684,24
3,2010,172.09840050592,173.837086354377,2.09316197313212,2.0805714510294,24
4,2010,174.07883375567,175.66691695865,2.10913196050967,2.09664970265318,24
1,2011,176.777207800648,178.72540718429,2.07716493771389,2.06468951452751,24
2,2011,177.749018555699,179.579039192023,2.05640207298904,2.04351333556247,24
3,2011,180.119420237513,181.910310167691,2.07727484844299,2.06691989038157,24
4,2011,181.6560759599,183.249973199349,2.08111776132433,2.06989020359647,24
1,2012,185.248195499225,187.30265471757,2.07390530705962,2.06472845754557,24
2,2012,187.250836590213,189.113075097339,2.07987936684842,2.06797614275009,24
3,2012,189.066263931201,190.994982082792,2.0858721863583,2.07922954009914,24
4,2012,189.13778804244,190.836762624187,2.05373999595641,2.04598433769476,24
1,2013,192.52485884722,194.568788177238,2.042392055833,2.03388109015061,24
2,2013,194.511121019832,196.348538020947,2.04797909011325,2.03657297906863,24
3,2013,197.144946756037,198.844015474167,2.07316230770876,2.06167512403736,24
4,2013,198.735143818325,200.278196864852,2.0779482619814,2.06660206524962,24
1,2014,201.177162346184,203.083023689571,2.04511845361837,2.03385215254696,24
2,2014,202.452441535724,204.279430271449,2.03447950742078,2.0235558510079,24
3,2014,203.767603285808,205.44395869133,2.02925537822556,2.01846494456739,24
4,2014,204.646648974234,206.157087719747,2.01871007221608,2.00807703933465,24
1,2015,209.386050748336,211.289491548629,2.0379798653322,2.02724731804133,24
2,2015,212.091566589219,213.927047008103,2.05865894614558,2.04799396405166,24
3,2015,213.186592086769,214.869110442937,2.0486371404238,2.03812164937646,24
4,2015,213.057284298718,214.563978858227,2.01715130397139,2.00689781080361,24
1,2016,216.155484305592,218.044928534141,2.00182563582651,1.99178682638004,24
2,2016,218.01566796656,219.8243662828,2.00448979421957,1.99451738541102,24
3,2016,218.599672966762,220.257263288569,1.98548065536237,1.97581655382416,24
4,2016,220.762366518294,222.267629728356,2.00168453773471,1.99202972541717,24
1,2017,223.974439105531,225.854154013735,1.98944032902211,1.97978242259813,24
2,2017,225.696150856544,227.529465308852,1.98942874668725,1.98052317775884,24
3,2017,226.269343321201,227.912914196465,1.97122294514705,1.96186580250252,24
4,2017,227.304506922427,228.783234915977,1.96560985105755,1.95633208292164,24
1,2018,230.131008453517,232.005119895578,1.94727830431356,1.9384641656333,24
2,2018,231.286943471384,233.081597409768,1.93738600129733,1.92881699176775,24
3,2018,232.238756621551,233.857687358016,1.92752724139667,1.91867344659767,24
4,2018,234.236072466274,235.703868980303,1.93968172211228,1.93089977252144,24
1,2019,237.585968511863,239.43727437533,1.93164767097406,1.92296317707735,24
2,2019,238.783821258615,240.564817143967,1.92305317539906,1.91474411995497,24
3,2019,240.70126529546,242.326748738116,1.93031379969943,1.9218471287657,24
4,2019,245.974948301336,247.48410811384,1.99916094857477,1.99062088869582,24
1,2020,253.746539619454,255.667565571012,2.0693702660794,2.06040480305908,24
2,2020,265.566243351113,290.099841303672,2.25850394296705,2.73263412703891,24
3,2020,281.997831265756,328.796886177744,2.56530025090654,3.74893475779359,24
4,2020,378.948261492433,384.884319522897,5.79521520522371,5.93801586859412,24
1,2021,454.26507546424,459.339883829531,10.525510450145,10.6168208917722,24
2,2021,465.248077099234,468.816143400923,11.2191635959147,11.1760837266538,24
3,2021,468.554838752594,471.986882375775,11.2236224514764,11.1819078226744,24
4,2021,473.040911115608,477.048215433288,11.3553743850037,11.3808237273931,24
1,2022,476.579899255507,480.198113551938,11.1675638311343,11.1233540238096,24
2,2022,480.108727729566,483.634119179437,11.1749530113894,11.1299537477287,24
3,2022,484.515036586404,487.917896840093,11.2791861964029,11.2355419532333,24
4,2022,485.415019459361,488.628804229975,11.0842771665737,11.0407149279627,24
1,2023,487.65043007105,491.243807850547,10.7965418993659,10.7559021554049,24
2,2023,490.689936212831,494.178219335044,10.7647794265416,10.7228074522242,24
3,2023,491.25176941103,494.571801511301,10.5437205679225,10.5029310894206,24
4,2023,492.836185084617,495.987230862871,10.4277267010306,10.3878688456528,24
1,2024,497.017339718903,500.546070922409,10.3233938218811,10.2841621718274,24
2,2024,500.282446880667,503.727139311558,10.3152202324958,10.2761448973933,24
3,2024,498.502804690075,501.761663775262,9.93520765171116,9.89779743400702,24
1,2001,89.1458086238837,91.0214650530926,1.98975651555244,1.96413478078531,26
2,2001,90.4171829285338,92.228303689936,1.96687459406911,1.94354023800974,26
3,2001,93.3496773557984,95.3595337343146,2.03767590536505,2.02941002468394,26
4,2001,96.0011541288862,97.6997317927809,2.10248814513389,2.08508375945773,26
1,2002,99.5169784026479,101.483089298377,2.08398710043215,2.06175053250667,26
2,2002,101.892265986782,103.759328797523,2.11359094979387,2.09002269936337,26
3,2002,103.008739917293,104.717013688441,2.09097237156849,2.06814864119728,26
4,2002,103.957220699736,105.484564214018,2.07039420640648,2.04779736593223,26
1,2003,106.79853101727,108.976415175307,2.02453661150387,2.01505738071679,26
2,2003,107.288117803043,109.3013702303,1.97139365749954,1.96002663678091,26
3,2003,109.196585049457,110.995958201131,1.98740482538669,1.97317867269879,26
4,2003,110.599408159124,112.333609967442,1.98984251624145,1.97958501465078,26
1,2004,116.029933930427,117.938125078607,2.05448758657607,2.03424715267746,26
2,2004,117.461310759571,119.282384001236,2.04151279184862,2.0217953649768,26
3,2004,118.982099942284,120.682374129357,2.04016426216211,2.02187403440429,26
4,2004,119.613794287609,121.164825241615,2.01198057157607,1.99518558128788,26
1,2005,124.326725290423,126.230996203305,2.0446547188451,2.02600172968117,26
2,2005,124.485388426725,126.298905488678,1.98635488970698,1.9692312890357,26
3,2005,120.205648398172,121.780482751235,1.79068105121175,1.77590486966071,26
4,2005,123.257542501233,124.711649819495,1.84856178974957,1.83380266737086,26
1,2006,123.279721415253,125.039763285028,1.73324156681184,1.71910875246042,26
2,2006,125.378618359735,127.134104177895,1.74842022140262,1.73635963833368,26
3,2006,125.602097515398,127.212126568522,1.71446539287504,1.70343672851664,26
4,2006,125.408679028002,127.086544844406,1.67588072245809,1.67200961823828,26
1,2007,129.665524211922,131.381020452012,1.69208652960197,1.67861535936235,26
2,2007,131.213821125042,132.937202647549,1.69176046831475,1.68083951261545,26
3,2007,132.070358986115,133.561785179607,1.67831534376837,1.66568677687157,26
4,2007,133.025138838546,134.379582740019,1.67267012851203,1.66093658986787,26
1,2008,137.170656732263,139.228955564957,1.68506113263213,1.68112863800463,26
2,2008,138.779114380103,140.4233688049,1.68637757275811,1.67425982405195,26
3,2008,143.805675978272,146.032411121562,1.77968978690685,1.78446874577556,26
4,2008,142.099956307901,143.47268019381,1.705505307781,1.69420168378289,26
1,2009,145.975035688245,148.873689665417,1.71032051740151,1.72650544637896,26
2,2009,150.51323821115,154.124215184069,1.7833089476531,1.81883415564141,26
1,2010,169.275765898092,171.288986282174,2.10822531163207,2.09629189644193,26
4,2010,173.308605936859,174.846598697207,2.0881519320734,2.0747362884129,26
1,2011,176.783177500149,178.704417432072,2.07732391966347,2.06414108227766,26
2,2011,177.749018555699,179.583511245064,2.05640207298904,2.04362756665902,26
3,2011,180.363746746626,182.413530211695,2.08362831636868,2.07979564721508,26
4,2011,181.6560759599,183.270047422862,2.08111776132433,2.07039609857628,26
2,2012,187.317295769826,189.160037001901,2.08154532980355,2.06913247153449,26
3,2012,189.004605795657,190.88290691275,2.0843418554617,2.07649106956218,26
4,2012,189.171613778809,190.773104766147,2.05455693320093,2.04447670656266,26
1,2013,192.552510317238,194.464275827012,2.04304882604222,2.03143946681502,26
2,2013,194.702969828805,196.537362628994,2.0524999690955,2.04094708143066,26
3,2013,197.290648587175,198.999775657277,2.07659720547565,2.06528506899209,26
4,2013,198.849351569458,200.528122217148,2.08061485489305,2.07233973592709,26
1,2014,201.174032077914,203.080013208995,2.04504732339359,2.03378486345726,26
2,2014,202.452922997164,204.280681290174,2.03449027344094,2.02358335768415,26
3,2014,203.733424782943,205.404040881004,2.02850175236151,2.0175990128458,26
4,2014,204.610631092457,206.16928513949,2.01792889822226,2.00833600708528,26
2,2015,212.086664478414,213.944436960136,2.05855272259412,2.04836492429525,26
1,2016,216.150547354783,218.03752093736,2.00172479695993,1.99163780489156,26
2,2016,218.01566796656,219.826014850178,2.00448979421957,1.99455026959304,26
3,2016,218.630612105101,220.355023136173,1.98609494867731,1.97772890535389,26
1,2017,223.975644931522,225.854739727823,1.98946384747056,1.97979367818313,26
4,2017,227.304506922427,228.815112176298,1.96560985105755,1.95691886742655,26
1,2018,230.128067611891,231.992183284601,1.9472242835828,1.93822980803756,26
2,2018,231.284489847622,233.060113267729,1.93734158624677,1.92843335582991,26
3,2018,232.238756621551,233.857474929498,1.92752724139667,1.9186697269373,26
4,2018,234.238210419173,235.705898871246,1.93971973979454,1.93093544120307,26
1,2019,237.647505366922,239.505571974966,1.93272856060334,1.92414667240707,26
2,2019,238.84775478821,240.615311932256,1.92416108121337,1.91560751455023,26
3,2019,240.660792704995,242.287606022397,1.92961648539929,1.92118170456155,26
4,2019,245.968042967469,247.502289300181,1.99903886389873,1.99093869203729,26
1,2020,253.777290777671,255.695757268321,2.0699285300761,2.06090994992704,26
2,2020,264.882758171978,291.631839164858,2.24512100347128,2.76896288029231,26
3,2020,275.924755479694,301.480174931644,2.43446077970971,2.96835000245365,26
4,2020,388.703856027656,397.710954424407,6.2991579791048,6.61987115243557,26
1,2021,454.331349638634,459.240255455381,10.5314236995759,10.6079361429069,26
2,2021,465.2855524728,468.816043370255,11.2226972794683,11.1760744189206,26
3,2021,468.593972274883,471.980745948298,11.2272831969831,11.1813407816229,26
4,2021,472.736054722954,476.480933241256,11.3268013800899,11.328030019392,26
1,2022,476.554520835639,480.162550096623,11.1652410356831,11.1201383980138,26
2,2022,480.108907690651,483.636301943231,11.1749693612494,11.1301496653228,26
3,2022,484.515036586404,487.9075248307,11.2791861964029,11.234609720924,26
4,2022,485.382917367225,488.593878897861,11.081430996656,11.0376551698415,26
1,2023,487.643314293697,491.22975077008,10.7959321975692,10.7547117053927,26
2,2023,490.69004853234,494.177185466911,10.764788945038,10.7227208421794,26
3,2023,491.249297781673,494.56738640661,10.543516981943,10.5025716349462,26
4,2023,492.837574196667,495.989024414067,10.4278389896212,10.3880121527923,26
1,2024,497.017138772195,500.544665833409,10.3233778627907,10.2840518678106,26
2,2024,500.280886367009,503.726893341921,10.3150973589946,10.2761257503924,26
3,2024,498.503251885225,501.763298634285,9.93524131227411,9.8979190962492,26
4,2024,500.185512685669,503.274791459764,9.84084191361061,9.80406706464451,26
1,2001,89.1458086238837,91.020937832836,1.98975651555244,1.96410823779444,29
2,2001,90.4064504875646,92.188611819082,1.96633343299821,1.94161292168475,29
3,2001,93.2862689065901,95.2822768755449,2.03444875546109,2.02559107810581,29
4,2001,96.0011541288862,97.885142976431,2.10248814513389,2.09430083062808,29
1,2002,99.5363792121283,101.523369374003,2.08494920579596,2.06368275030368,29
2,2002,102.145693215916,104.016374621604,2.126082206129,2.10226677109403,29
3,2002,103.093229471724,104.838750195638,2.09499079219946,2.07374895704533,29
4,2002,103.905213591964,105.454426411841,2.06800425960574,2.04645527052063,29
2,2003,107.285371037836,109.263217066095,1.97127844980499,1.95846967355636,29
3,2003,109.212918836437,110.956181094107,1.98808113213842,1.97157841999686,29
4,2003,110.599408159124,112.374809098388,1.98984251624145,1.98121549526013,29
1,2004,116.029933930427,117.93873046917,2.05448758657607,2.0342713061755,29
2,2004,117.445776007139,119.268865115657,2.04089106353876,2.02126987369657,29
3,2004,118.952364005556,120.630391332271,2.03899810475399,2.01989272111416,29
4,2004,119.613794287609,121.124873422101,2.01198057157607,1.9937132015448,29
1,2005,124.351699366955,126.256066550745,2.04560052978386,2.0269254024088,29
1,2006,123.265602388599,125.004314126424,1.73281970063317,1.71807628551117,29
2,2006,125.291731779249,127.021811460968,1.7458474465072,1.73311345464553,29
3,2006,125.576004636021,127.086546554,1.71372011162838,1.69993553295617,29
2,2007,131.152663916761,132.872148925278,1.69011908966079,1.67912973299504,29
4,2007,133.05010144774,134.366455596761,1.67331204392206,1.66061052336182,29
1,2008,136.898562947049,138.632930990993,1.67813171058029,1.66624123819301,29
2,2008,138.703065700807,140.348276536383,1.68446465003409,1.67241221134501,29
3,2008,143.571949410876,146.04829279297,1.77358423115245,1.78487728620122,29
4,2008,142.099956307901,143.546448591027,1.705505307781,1.6959877932316,29
1,2009,145.501005454819,148.304444723442,1.69877791688455,1.71271964880312,29
2,2009,151.440011853495,153.589494555552,1.80673785483846,1.80538195661382,29
3,2009,162.965331280405,165.07010037461,2.07857001098807,2.0759468658054,29
4,2009,165.660990167507,167.21213711306,2.11617999444016,2.10184731944834,29
1,2010,169.188452890719,171.187767215003,2.10573932757021,2.09346481725035,29
2,2010,171.503438407605,173.364428179671,2.12083835162321,2.10685155137408,29
3,2010,172.09840050592,173.79961920309,2.09316197313212,2.07955989321587,29
4,2010,173.508734429722,175.05696019271,2.09358219312877,2.08033816745328,29
1,2011,176.770336310822,178.721479746292,2.07698197125582,2.06458687577512,29
2,2011,177.757289250439,179.587341319433,2.05661736577783,2.0437254020537,29
3,2011,180.016093159923,181.780215345291,2.07459397925696,2.0636038523507,29
4,2011,181.603238058624,183.13963061288,2.07976146571387,2.06711120365431,29
1,2012,185.275249429953,187.450396080584,2.07458962982664,2.06840669604572,29
2,2012,187.200506282188,189.127646034626,2.07861860019589,2.06833485240572,29
3,2012,189.029046277236,190.946788913482,2.08494756281538,2.07805154156582,29
4,2012,189.124376698761,190.684514752717,2.05341617528566,2.04237145490516,29
2,2013,194.570990222076,196.442951526901,2.0493888261852,2.03875845409682,29
3,2013,197.211394854893,198.936517402233,2.07472810992161,2.06381769556774,29
4,2013,198.849351569458,200.454232350827,2.08061485489305,2.07064217379067,29
3,2014,203.711984126458,205.451594926805,2.02802913279134,2.01863047128224,29
4,2014,204.610631092457,206.212259982048,2.01792889822226,2.00925323499175,29
1,2015,209.388524180394,211.291063553997,2.03803349291274,2.02728085617266,29
3,2015,213.213548501059,214.924632655955,2.04921238669267,2.03928813832197,29
4,2015,213.564626133528,215.815035389008,2.02772269134673,2.03263920404119,29
1,2016,216.145217898563,218.030722345752,2.00161594184485,1.99150104812651,29
2,2016,218.007855740988,219.814325602028,2.00433162846769,1.99431715834265,29
3,2016,218.88650798061,220.802243991468,1.99118307117707,1.98650215218396,29
4,2016,220.847819037933,222.524861468027,2.0033777218435,1.99705108875447,29
1,2017,223.974320243952,225.853922529985,1.98943800846822,1.9797779735929,29
2,2017,225.685010795503,227.501653527664,1.98921359978375,1.97999369430345,29
3,2017,226.374579395641,228.077631006995,1.97321832073541,1.96494461975354,29
4,2017,227.405437969256,228.929519692,1.96749894607091,1.95902922273339,29
1,2018,230.142520794193,232.000143979818,1.94748980340304,1.9383740154712,29
2,2018,231.294067831804,233.065255458895,1.93751499822112,1.9285251778771,29
3,2018,232.288791196557,233.958365728015,1.92842030044331,1.92044568480334,29
4,2018,234.408190439424,236.056091605278,1.94274494632117,1.93708128994607,29
4,2020,383.505743152498,390.863807743595,6.0254146144032,6.24666967516159,29
1,2021,454.72468246171,459.824081537636,10.5665868651437,10.6601073687494,29
2,2021,465.24183933199,468.810811737483,11.2185755276872,11.1755871891485,29
3,2021,468.544033169343,472.033517414457,11.2226118514373,11.1862181838458,29
4,2021,473.061119118082,477.107496991941,11.3572709460386,11.3863548884601,29
1,2022,476.56355011677,480.170483614002,11.1660674000133,11.1208556657991,29
2,2022,480.112057900908,483.635821791678,11.175255565368,11.1301065672411,29
3,2022,484.515036586404,487.906553676768,11.2791861964029,11.2345224384842,29
4,2022,485.438790682028,488.694346056025,11.0863851895549,11.0464590319718,29
1,2023,487.639964649954,491.222095668232,10.7956451950848,10.7540634781061,29
2,2023,490.690941054007,494.178309334344,10.7648646007322,10.7228149881295,29
3,2023,491.251145710428,494.569537551179,10.5436691980087,10.5027467704803,29
4,2023,492.834792612476,495.981871260532,10.4276141475937,10.3874406173403,29
1,2024,497.02246472926,500.548329454385,10.3238008080266,10.2843394753198,29
2,2024,500.283799751077,503.727669931037,10.3153267642119,10.2761862091637,29
3,2024,498.502389953393,501.761232379424,9.93517643605666,9.89776533031733,29
1,2001,89.1462128072713,91.0233606957477,1.98977768358842,1.96423025677312,30
2,2001,90.4171829285338,92.2114984029642,1.96687459406911,1.94272399377744,30
3,2001,93.2361411672539,95.0866301662757,2.03190115361559,2.01595200417385,30
4,2001,96.0241806152888,98.1510530710174,2.10366798530161,2.10758086744227,30
1,2002,99.5794442054765,101.533917810107,2.08708883243615,2.06418909394651,30
3,2002,103.008739917293,104.725123874709,2.09097237156849,2.06852105750613,30
1,2003,106.761532102044,108.716730034309,2.02290893206384,2.00395529434132,30
2,2003,107.285371037836,109.263217066095,1.97127844980499,1.95846967355636,30
3,2003,109.212918836437,111.059850702352,1.98808113213842,1.97575323545445,30
4,2003,110.599408159124,112.374809098388,1.98984251624145,1.98121549526013,30
1,2004,116.054775914195,117.964212065759,2.05550856189712,2.03528791978377,30
2,2004,117.461310759571,119.283924476729,2.04151279184862,2.02185523451359,30
3,2004,118.982099942284,120.682374129357,2.04016426216211,2.02187403440429,30
4,2004,119.567403511906,121.079447482227,2.0102213695871,1.99203896045658,30
1,2005,124.317146674679,126.242112785611,2.04429207617271,2.02641126926513,30
2,2005,124.377868069721,126.169869413169,1.98247571031652,1.96469948224643,30
3,2005,120.518967383576,122.499569239591,1.800726147023,1.79843944157749,30
4,2005,123.141573381018,124.554763482673,1.84480743925128,1.82885814954912,30
1,2006,123.279721415253,125.025465097575,1.73324156681184,1.71869225081686,30
3,2006,125.579583475084,127.118697372769,1.71382231019132,1.70083117248062,30
4,2006,125.408679028002,127.208741527912,1.67588072245809,1.67530165130122,30
1,2007,129.664416598564,131.390553620343,1.69205630578302,1.67886935963197,30
2,2007,131.152663916761,132.872148925278,1.69011908966079,1.67912973299504,30
3,2007,132.076983112563,133.557837849515,1.67848902730643,1.66558707322502,30
1,2008,136.898562947049,138.632930990993,1.67813171058029,1.66624123819301,30
2,2008,138.703065700807,140.333297055315,1.68446465003409,1.67204209191287,30
3,2008,142.52013075726,144.082832003497,1.74636633248292,1.73477663872553,30
4,2008,142.011521077714,143.450711462796,1.70332272418394,1.69366803750072,30
3,2009,160.345172228235,162.037539951187,2.00429480207729,1.99149587017144,30
1,2010,169.180297401233,171.114661867872,2.10550726637273,2.09142538041009,30
2,2010,171.487829140103,173.348795019486,2.12039701847123,2.10641823705625,30
3,2010,172.09840050592,173.837086354377,2.09316197313212,2.0805714510294,30
4,2010,173.765856963001,175.318781983487,2.10058184367546,2.08732399812213,30
1,2011,176.765347788069,178.69234969016,2.07684914254934,2.06382579032382,30
3,2011,180.016093159923,181.798941247942,2.07459397925696,2.0640806851737,30
4,2011,181.6560759599,183.249973199349,2.08111776132433,2.06989020359647,30
1,2012,185.275249429953,187.215006391614,2.07458962982664,2.06254944829351,30
2,2012,187.223651210449,189.148548159112,2.07919829220611,2.06884960119613,30
3,2012,189.066263931201,190.910665685385,2.0858721863583,2.07716883564689,30
4,2012,189.13778804244,190.870834317206,2.05373999595641,2.04679407051982,30
1,2013,192.52459830315,194.429148567263,2.04238587412089,2.03061941477795,30
2,2013,194.634945865181,196.464508239253,2.05089585453015,2.03925825083437,30
3,2013,197.144946756037,198.835905662932,2.07316230770876,2.06148701759628,30
1,2014,201.146518483349,203.053701550611,2.04442225667159,2.03319692162195,30
2,2014,202.452441535724,204.279430271449,2.03447950742078,2.0235558510079,30
3,2014,203.712751929253,205.383504931186,2.02804605077412,2.01715368249748,30
4,2014,204.694916456561,206.200921795709,2.01975740195713,2.00901231206486,30
2,2015,212.089523974039,213.927872413765,2.05861468503879,2.04801156306225,30
3,2015,213.185917846495,214.873029521204,2.04862275423934,2.03820395631802,30
3,2016,218.530009348923,220.190696795931,1.98409816985057,1.97451501563405,30
4,2016,220.934097576723,222.574814422431,2.00508873344481,1.99802803228888,30
1,2017,223.979022771539,225.859300143468,1.98952972799903,1.97988133450017,30
4,2017,227.304506922427,228.783234915977,1.96560985105755,1.95633208292164,30
1,2018,230.128067611891,232.004493393963,1.9472242835828,1.93845280273369,30
2,2018,231.286943471384,233.066704651776,1.93738600129733,1.9285510569781,30
3,2018,232.238756621551,233.863952841595,1.92752724139667,1.9187837463511,30
4,2018,234.238210419173,235.720708790678,1.93971973979454,1.93119524259049,30
1,2020,253.75336071685,255.672159356463,2.06949408894346,2.06048711002863,30
2,2020,261.85909000055,283.195696129874,2.18686138119245,2.57474007716987,30
3,2020,275.821348707922,302.531690185595,2.43229181053182,2.99514247504803,30
4,2020,378.871540902515,384.545929062169,5.79141626361617,5.92101511815281,30
1,2021,454.434442164642,459.576469956617,10.5406286321118,10.637949279542,30
2,2021,465.245644414717,468.80079180705,11.2189342483382,11.1746540907581,30
3,2021,468.555153574011,471.973130676779,11.2236518927688,11.1806371008928,30
4,2021,473.061119118082,477.107496991941,11.3572709460386,11.3863548884601,30
1,2022,476.57649944194,480.195083460303,11.1672526365428,11.1230800065683,30
2,2022,480.112057900908,483.635821791678,11.175255565368,11.1301065672411,30
3,2022,484.50473468037,487.893879571011,11.2782491699002,11.2333834089883,30
4,2022,485.399463264606,488.629467897785,11.0828978646577,11.040772975026,30
1,2023,487.638708162679,491.216596740637,10.7955375447443,10.7535978552678,30
2,2023,490.690941054007,494.179600530585,10.7648646007322,10.7229231541891,30
3,2023,491.252737082895,494.570854200278,10.5438002830326,10.5028539700551,30
4,2023,492.83362684993,495.985913763378,10.427519914977,10.3877636127931,30
1,2024,497.023166144155,500.54907909595,10.3238565137635,10.2843983288627,30
2,2024,500.286699857786,503.730505459463,10.3155551254759,10.2764069563423,30
3,2024,498.502621070089,501.76167778154,9.9351938277267,9.89779847334403,30
1,2001,89.1474570428065,91.0311949086818,1.98984284409289,1.96462482287072,31
2,2001,90.4324387031057,92.2281501296971,1.96764410830452,1.94353281742206,31
3,2001,93.1993946297159,94.9657944966257,2.03003564261124,2.01002168841584,31
4,2001,96.1048495894266,98.5344466498173,2.10780988629716,2.12687692548815,31
1,2002,99.5363792121283,101.606539493977,2.08494920579596,2.06767795887751,31
2,2002,102.011548022166,103.87460601301,2.11946196978727,2.09550521945476,31
3,2002,103.19002219442,104.976302396694,2.09960434426522,2.08009535011451,31
4,2002,103.90133473335,105.478845363773,2.06782611586244,2.04754054753498,31
1,2003,106.761532102044,108.716730034309,2.02290893206384,2.00395529434132,31
2,2003,107.288117803043,109.273924765261,1.97139365749954,1.95890635852074,31
4,2003,110.599408159124,112.374809098388,1.98984251624145,1.98121549526013,31
1,2004,116.036292529222,117.948224873709,2.05474886646944,2.03465004598504,31
2,2004,117.434443492159,119.255475059566,2.04043763768745,2.02074947563417,31
3,2004,118.982099942284,120.664731962617,2.04016426216211,2.02120146726655,31
4,2004,119.567403511906,121.079447482227,2.0102213695871,1.99203896045658,31
1,2005,124.309509901688,126.220021260428,2.04400299723918,2.02559750531225,31
2,2005,124.377868069721,126.171243846673,1.98247571031652,1.96474765897689,31
3,2005,120.342302767008,122.053424894119,1.7950553234354,1.78442478899124,31
4,2005,123.100503102297,124.530054320039,1.84347966273693,1.82807915335125,31
1,2006,123.294456385642,125.044284043936,1.7336819422968,1.719240503569,31
2,2006,125.291731779249,127.040068620923,1.7458474465072,1.73364077633421,31
3,2006,125.576004636021,127.10975179443,1.71372011162838,1.70058211690363,31
1,2007,129.666147410651,131.397178899889,1.69210353739483,1.67904321117547,31
2,2007,131.097537094178,132.777895869994,1.68864092379465,1.67665899941988,31
4,2007,132.941940647927,134.499036453878,1.67053055764674,1.66394040123649,31
1,2008,136.949513481809,138.714796317134,1.67942491991837,1.66827660623322,31
3,2008,142.52013075726,144.047404030571,1.74636633248292,1.73388742921231,31
4,2008,143.817182328463,146.757112917574,1.74844800268609,1.7754134456825,31
2,2009,151.007268688489,153.877408694888,1.79576001193837,1.8126145869871,31
3,2009,160.761105721992,162.442231425592,2.01590573888116,2.00257438693401,31
4,2009,165.561035176366,167.194562009921,2.11328463522232,2.10135018795074,31
1,2010,169.173973665266,171.146369511861,2.10532696409944,2.09230968244659,31
2,2010,171.546320281226,173.409026793649,2.12205125774978,2.10808823284088,31
3,2010,172.135317566999,173.86657972927,2.09417791350125,2.08136834981866,31
4,2010,173.765856963001,175.313013371964,2.10058184367546,2.08717107158796,31
1,2011,176.762242953627,178.695942701599,2.07676647052761,2.06391965962289,31
2,2011,177.769702487578,179.606837760429,2.05694052406741,2.04422345024194,31
3,2011,180.363746746626,182.307167314017,2.08362831636868,2.077067846652,31
4,2011,181.600099034918,183.197240782801,2.07968092122208,2.0685618957175,31
1,2012,185.228685937282,187.227014087686,2.07341195537064,2.06284780775431,31
2,2012,187.250836590213,189.132518953362,2.07987936684842,2.06845488297601,31
4,2012,189.13778804244,190.947876540456,2.05373999595641,2.04862623380639,31
1,2013,192.52992164391,194.616771075419,2.0425122913596,2.03500312985794,31
2,2013,194.931254284935,196.903042514472,2.05789244948779,2.04944449686794,31
4,2013,198.759226255843,200.299608167132,2.07851026984301,2.06709328223999,31
1,2014,201.187084951258,203.09303742131,2.04534393415323,2.0340759683921,31
2,2014,202.452441535724,204.279430271449,2.03447950742078,2.0235558510079,31
4,2014,204.694916456561,206.202855659232,2.01975740195713,2.00905442124755,31
1,2015,209.407081479547,211.30974289322,2.03843586672836,2.02767950508944,31
2,2015,212.082602639234,213.914502011185,2.05846471795649,2.04772638884754,31
3,2015,213.181871855549,214.864114479657,2.04853643002042,2.03801671867724,31
4,2015,213.056755305678,214.573166203923,2.01714031036085,2.00708569921546,31
1,2016,216.167287445775,218.059146059506,2.00206674726503,1.99207287342691,31
2,2016,218.027841835639,219.838974651171,2.00473629147232,1.99480875139596,31
3,2016,218.500851289194,220.152722489933,1.98351981721682,1.97377301893486,31
4,2016,220.81695816354,222.318648866403,2.00276606776012,1.99302538544,31
1,2017,223.979022771539,225.857781222347,1.98952972799903,1.9798521412781,31
2,2017,225.652883936803,227.466845666767,1.98859326956426,1.97933118252586,31
3,2017,226.269343321201,227.946046471864,1.97122294514705,1.96248455342192,31
1,2018,230.13569343855,231.996121024128,1.94736437228896,1.93830114811228,31
1,2020,253.749177297789,255.667774829488,2.06941814921377,2.06040855810466,31
2,2020,261.227181505201,277.495395948841,2.17487820145228,2.4512776945088,31
1,2001,89.148669461278,91.0235453193276,1.98990632152836,1.96423956040926,32
2,2001,90.4171829285338,92.2018857903302,1.96687459406911,1.94225728137011,32
3,2001,93.1993946297159,94.9881287098665,2.03003564261124,2.01111650250026,32
4,2001,96.0011541288862,98.0297691930604,2.10248814513389,2.10151714238594,32
1,2002,99.617418882028,101.579445733839,2.08897670493437,2.06637540919521,32
2,2002,102.374158355745,104.302609393839,2.13740761854,2.11598552164565,32
3,2002,103.696691838535,105.794454236415,2.12391912981804,2.11824802849491,32
4,2002,103.905213591964,105.469756100594,2.06800425960574,2.04713905924932,32
1,2003,106.764185935398,108.688763209544,2.02302562411213,2.00276328488819,32
2,2003,107.290764997022,109.291435578638,1.97150468153099,1.95962138038374,32
3,2003,109.243306216028,111.025370283631,1.98933995545959,1.9743642944547,32
4,2003,110.692267418257,112.329325215313,1.99361458925531,1.97942059859695,32
1,2004,116.044573827471,117.953155806029,2.05508920459706,2.0348467561569,32
2,2004,117.481040072139,119.312975392091,2.04230266083357,2.02298495677933,32
3,2004,118.960547120061,120.633448826988,2.03931895962665,2.02000923878738,32
4,2004,119.567403511906,121.079447482227,2.0102213695871,1.99203896045658,32
1,2005,124.309509901688,126.21626167606,2.04400299723918,2.02545905025467,32
2,2005,124.377868069721,126.171243846673,1.98247571031652,1.96474765897689,32
3,2005,120.42216607711,122.25276031745,1.79761667121075,1.79067289443428,32
1,2006,123.25835172195,125.003751064972,1.73260310206098,1.71805990173878,32
4,2006,125.449275661275,127.791879439808,1.67699780124257,1.69109969804872,32
1,2007,129.665524211922,131.382547466229,1.69208652960197,1.67865337611318,32
4,2007,133.05010144774,134.377966922534,1.67331204392206,1.660897350354,32
1,2008,136.949513481809,138.700391306765,1.67942491991837,1.6679196423655,32
2,2008,138.703065700807,140.333163924959,1.68446465003409,1.67204060829493,32
3,2008,142.969178697601,144.763696651923,1.75793482307932,1.75197111355632,32
4,2008,142.099956307901,143.437064101596,1.705505307781,1.69333707815184,32
1,2009,145.804197979027,149.143781836888,1.70615161923219,1.73308516387217,32
2,2009,151.164764034088,153.379124847468,1.79974762370619,1.80011468431512,32
3,2009,161.618963640342,163.375746526577,2.04006612210882,2.028333421992,32
1,2010,169.198438921922,171.206743871459,2.10602310636581,2.09399454087282,32
2,2010,171.468298250795,173.367836857746,2.11984493867663,2.10694602398991,32
3,2010,172.135317566999,173.928886477357,2.09417791350125,2.08305266727837,32
4,2010,173.765856963001,175.313013371964,2.10058184367546,2.08717107158796,32
1,2011,176.770336310822,178.700391867063,2.07698197125582,2.06403588639953,32
2,2011,177.769702487578,179.612410312697,2.05694052406741,2.04436582805913,32
3,2011,180.016093159923,181.736860080616,2.07459397925696,2.06250044230646,32
4,2011,181.770924579395,183.598973566595,2.0840690905274,2.07870451796782,32
1,2012,185.260780254523,187.394208095468,2.07422360878579,2.06700704486255,32
3,2012,189.029046277236,191.047815299206,2.08494756281538,2.08052204910995,32
4,2012,189.124376698761,190.743761946491,2.05341617528566,2.04377770910729,32
1,2013,192.52459830315,194.505660438025,2.04238587412089,2.03240592227441,32
2,2013,194.775042909286,196.623593877462,2.05420093126843,2.04294773821968,32
3,2013,197.144946756037,198.836461677593,2.07316230770876,2.06149999132198,32
4,2013,198.849351569458,200.558571421501,2.08061485489305,2.07303980776882,32
1,2014,201.162919125212,203.080454642039,2.04479483167444,2.03379475571072,32
2,2014,202.456195977946,204.282498685373,2.03456345294266,2.0236233492764,32
3,2014,203.733424782943,205.41206502908,2.02850175236151,2.01777323076054,32
4,2014,204.621396541261,206.20452495892,2.01816235186835,2.00908998124757,32
1,2015,209.407081479547,211.310426736245,2.03843586672836,2.02769409458549,32
2,2015,212.082602639234,213.915297449386,2.05846471795649,2.04774335416347,32
3,2015,213.203219239394,214.892684443055,2.04899193921216,2.03861686543053,32
4,2015,213.056755305678,214.573166203923,2.01714031036085,2.00708569921546,32
1,2016,216.167287445775,218.052065253133,2.00206674726503,1.9919304270506,32
2,2016,218.01566796656,219.822544814048,2.00448979421957,1.99448109332472,32
3,2016,218.530009348923,220.183961172209,1.98409816985057,1.97438343467887,32
4,2016,220.763437296757,222.274967559287,2.00170573879095,1.99217329123989,32
1,2017,223.984453355868,225.866569604698,1.98963565070287,1.98002106394773,32
2,2017,225.638480241215,227.436144533119,1.98831520923316,1.97874704575369,32
3,2017,226.238142941825,227.880327074826,1.97063174307087,1.96125716328416,32
4,2017,227.269682611702,228.779078542005,1.96495847479703,1.95625529066237,32
1,2018,230.131008453517,231.990411553081,1.94727830431356,1.93819772665936,32
2,2018,231.286943471384,233.059117584256,1.93738600129733,1.92841559142702,32
3,2018,232.238756621551,233.863952841595,1.92752724139667,1.9187837463511,32
4,2018,234.289312290312,235.776820007054,1.9406287226517,1.93217864479643,32
1,2019,237.647505366922,239.527832171101,1.93272856060334,1.92453253853885,32
2,2019,238.807986003177,240.572268841242,1.92347185024883,1.91487152866372,32
3,2019,240.673562709338,242.302687139771,1.929836479899,1.92143802192476,32
4,2019,245.968042967469,247.46949949101,1.99903886389873,1.99036653288717,32
1,2020,253.75336071685,255.672427607179,2.06949408894346,2.06049191607432,32
2,2020,261.85909000055,281.557926097521,2.18686138119245,2.53864423442466,32
3,2020,275.867272411224,305.27259155044,2.4332548268183,3.06613158513985,32
4,2020,385.749584229783,394.077336689484,6.1420880452054,6.41912401989795,32
1,2021,454.509366617008,459.676480496503,10.5473235428205,10.6468933919557,32
2,2021,465.252931717849,468.803869012846,11.2196212896109,11.1749406489283,32
3,2021,468.58753658377,471.972035502103,11.2266810882031,11.1805359062818,32
4,2021,473.00209660071,476.953872537772,11.3517324447811,11.3720267622675,32
1,2022,476.589403253208,480.217735537195,11.1684338242555,11.1251286245202,32
2,2022,480.108727729566,483.639316609085,11.1749530113894,11.1304202572196,32
3,2022,484.509603589511,487.905772233434,11.2786920195906,11.2344522043495,32
4,2022,485.399463264606,488.621743056025,11.0828978646577,11.0400961736792,32
1,2023,487.638708162679,491.214950030224,10.7955375447443,10.7534584236797,32
2,2023,490.694541709279,494.18095135553,10.7651698023653,10.7230363201002,32
3,2023,491.253494175794,494.572064532317,10.5438626471958,10.5029525117658,32
4,2023,492.83336552222,495.98419324038,10.4274987933763,10.3876261444708,32
1,2024,497.021617800967,500.547249623588,10.3237335523932,10.2842547096795,32
2,2024,500.285829837522,503.72969181387,10.3154866164632,10.2763436129549,32
3,2024,498.502804690075,501.761663775262,9.93520765171116,9.89779743400702,32
4,2024,500.186961779926,503.276314748156,9.84094913337274,9.80417851208504,32
1,2001,89.1531777904895,91.0478194925075,1.99014241299771,1.96546240714822,33
2,2001,90.4064504875646,92.1904470892371,1.96633343299821,1.94170197767523,33
3,2001,93.1993946297159,94.9881287098665,2.03003564261124,2.01111650250026,33
4,2001,96.0011541288862,97.885142976431,2.10248814513389,2.09430083062808,33
1,2002,99.7154184365186,101.659409138782,2.09385656670697,2.07022157015282,33
2,2002,102.218252815224,104.153594046658,2.12967455899944,2.10883314255322,33
3,2002,102.87722513965,104.617701878096,2.08473349531076,2.06358953826107,33
4,2002,103.905213591964,105.432943699722,2.06800425960574,2.04550209441891,33
1,2003,106.764185935398,108.666326329363,2.02302562411213,2.0018074807899,33
2,2003,107.385206571958,109.174110775958,1.97547001176397,1.95483784591747,33
3,2003,109.243306216028,110.929016169165,1.98933995545959,1.97048620705665,33
4,2003,110.692267418257,112.329325215313,1.99361458925531,1.97942059859695,33
2,2004,117.481040072139,119.312975392091,2.04230266083357,2.02298495677933,33
3,2004,119.065161478724,120.865575571056,2.04342524259528,2.02887223080901,33
4,2004,119.567403511906,121.071782332918,2.0102213695871,1.99175663037343,33
1,2005,124.309509901688,126.21626167606,2.04400299723918,2.02545905025467,33
2,2005,124.485388426725,126.318989230893,1.98635488970698,1.96993747105747,33
3,2005,120.518967383576,122.499569239591,1.800726147023,1.79843944157749,33
4,2005,123.100503102297,124.633639943558,1.84347966273693,1.83134254200644,33
1,2006,123.279721415253,125.025465097575,1.73324156681184,1.71869225081686,33
2,2006,125.488115656545,127.414784389855,1.7516679085564,1.74449989553438,33
3,2006,125.59136777137,127.093645729228,1.71415888220252,1.70013343814747,33
4,2006,125.58050838041,127.996689982063,1.68060381503761,1.69667566323657,33
1,2007,129.665524211922,131.382547466229,1.69208652960197,1.67865337611318,33
2,2007,131.097537094178,132.794368902328,1.68864092379465,1.67709294239039,33
1,2008,136.877389902709,138.590454610638,1.67759345832715,1.66518533145613,33
2,2008,138.706376317125,140.336481595396,1.68454787653309,1.67212024143871,33
3,2008,142.652304196795,144.288144571799,1.74976348310554,1.73994351771108,33
1,2009,145.30480945277,147.293479426971,1.69402338199421,1.68850356491072,33
2,2009,150.706534806173,154.442515703676,1.78817029983754,1.82689468681371,33
3,2009,160.761105721992,162.46338634891,2.01590573888116,2.00314577110996,33
4,2009,165.561035176366,167.194562009921,2.11328463522232,2.10135018795074,33
1,2010,169.180297401233,171.115664579118,2.10550726637273,2.09145334212114,33
3,2010,172.074158300068,173.774414175899,2.09249449225889,2.07887942978407,33
4,2010,174.07883375567,175.725144705968,2.10913196050967,2.09821034845323,33
1,2011,176.774980308026,178.696688737131,2.07710563084015,2.06393917026683,33
2,2011,177.769702487578,179.606837760429,2.05694052406741,2.04422345024194,33
3,2011,180.016093159923,181.798941247942,2.07459397925696,2.0640806851737,33
4,2011,181.6560759599,183.270047422862,2.08111776132433,2.07039609857628,33
1,2012,185.275249429953,187.400625498969,2.07458962982664,2.06716685645924,33
2,2012,187.250836590213,189.132518953362,2.07987936684842,2.06845488297601,33
3,2012,189.004605795657,190.809149359245,2.0843418554617,2.07469058340286,33
4,2012,189.540054152959,192.241196216878,2.06347650259178,2.07961783212714,33
1,2013,192.52992164391,194.480886152328,2.0425122913596,2.03182731273515,33
3,2017,226.314834631395,228.0116155368,1.97208525226651,1.9637099833489,33
4,2017,227.304506922427,228.786980890847,1.96560985105755,1.95640162479381,33
1,2018,230.13569343855,231.9929509479,1.94736437228896,1.93824372560967,33
2,2018,231.294067831804,233.068637586907,1.93751499822112,1.92858557745138,33
3,2018,232.318302951592,234.106686418899,1.92894725201595,1.92305951036476,33
4,2018,234.238210419173,235.705898871246,1.93971973979454,1.93093544120307,33
1,2019,237.647505366922,239.513494683387,1.93272856060334,1.92428400132384,33
2,2019,238.84775478821,240.633980133344,1.92416108121337,1.91592674915224,33
3,2019,240.673562709338,242.29716306501,1.929836479899,1.92134414449801,33
4,2019,245.977700700742,247.495447438376,1.99920960631429,1.9908185563392,33
1,2020,253.749177297789,255.669484048812,2.06941814921377,2.06043917698101,33
2,2020,262.294733269918,281.046884462514,2.19516112667499,2.52748130900379,33
3,2020,276.903797170263,290.627461281088,2.45509356234714,2.70542481257024,33
4,2020,379.714121776916,386.148207133131,5.83327489905757,6.00195500514199,33
1,2021,454.941826184007,460.112176358087,10.5860493435487,10.6859462492556,33
2,2021,465.233124124632,468.791729004351,11.2177539399751,11.1738101858771,33
2,2022,480.114005614032,483.657056006178,11.1754325263791,11.1320126563426,33
3,2022,484.576164024452,488.066440972443,11.284747767261,11.2489015039933,33
4,2022,485.678901670347,489.196096978648,11.10770064335,11.0905324263965,33
2,2023,490.690333509108,494.184456524591,10.764813103765,10.72332995404,33
4,2023,492.83336552222,495.981870174905,10.4274987933763,10.3874405311644,33
1,2024,497.024681037618,500.551064232226,10.3239768128553,10.2845541798828,33
2,2024,500.285829837522,503.729814053634,10.3154866164632,10.2763531309783,33
3,2024,498.504528531651,501.767623247239,9.93533739967628,9.89824093737781,33
4,2024,500.18672955577,503.27589495873,9.84093194934006,9.80414780125819,33
1,2001,89.1462128072713,91.021363890833,1.98977768358842,1.96412969370163,34
1,2001,89.1569088850719,91.0342343160029,1.99033782353108,1.9647779484045,35
2,2001,90.398582357328,92.1808527264487,1.96593678499264,1.94123635374218,35
3,2001,93.1761033340499,94.8606221610532,2.02885409846482,2.00487430801693,35
4,2001,96.2424850392844,98.9493985884819,2.11489217909323,2.14796292046266,35
1,2002,99.617418882028,101.579445733839,2.08897670493437,2.06637540919521,35
2,2002,102.218252815224,104.378133204704,2.12967455899944,2.11961954620339,35
3,2002,103.298954987637,105.721646443902,2.10480760806736,2.1148217597724,35
4,2002,104.091669564785,106.127147910041,2.07658554269594,2.07655595687468,35
1,2003,106.764185935398,108.657754172542,2.02302562411213,2.00144241843628,35
2,2003,107.290764997022,109.07656122497,1.97150468153099,1.95086933326698,35
3,2003,109.243306216028,110.903297356846,1.98933995545959,1.96945144656921,35
4,2003,110.848819739496,112.477908050975,1.99999021364842,1.98528611779082,35
1,2004,116.054775914195,117.981158047785,2.05550856189712,2.03596422417537,35
2,2004,117.533041396635,119.420626507751,2.04438601641726,2.02717672852976,35
3,2004,118.95756322174,120.686196957252,2.039201958018,2.02201986331906,35
4,2004,119.613794287609,121.207182842615,2.01198057157607,1.99674845747356,35
1,2005,124.338243682005,126.252383728865,2.04509088851545,2.02678964133834,35
2,2005,124.530009956087,126.42819764105,1.9879670002333,1.97378230081079,35
3,2005,120.205648398172,121.749213715833,1.79068105121175,1.77493149292402,35
4,2005,123.257542501233,124.730568164633,1.84856178974957,1.83439908475702,35
1,2006,123.294456385642,125.044284043936,1.7336819422968,1.719240503569,35
2,2006,125.256832437009,126.968156956467,1.74481511545774,1.73156456622944,35
3,2006,125.59136777137,127.091029845296,1.71415888220252,1.70006049754131,35
4,2006,125.408679028002,127.145462221307,1.67588072245809,1.67359751515618,35
1,2007,129.664416598564,131.390553620343,1.69205630578302,1.67886935963197,35
3,2007,132.076983112563,133.556937114606,1.67848902730643,1.6655629451541,35
4,2007,133.05010144774,134.383324421118,1.67331204392206,1.66103728124067,35
1,2008,136.898562947049,138.610306347693,1.67813171058029,1.66567721316389,35
2,2008,138.715864079795,140.349617002864,1.68478642123454,1.67244309142251,35
3,2008,142.652304196795,144.380616985129,1.74976348310554,1.74227501737189,35
1,2009,145.468753546923,147.990675635675,1.69799085168204,1.70516802844829,35
2,2009,150.706534806173,154.18073125585,1.78817029983754,1.82026497600492,35
3,2009,161.618963640342,163.395982485036,2.04006612210882,2.02889472674275,35
4,2009,165.561035176366,167.141869184444,2.11328463522232,2.09985488212227,35
1,2010,169.180297401233,171.115664579118,2.10550726637273,2.09145334212114,35
2,2010,171.522937477164,173.406322489558,2.12138979639597,2.10801306029155,35
3,2010,172.135317566999,173.910162915656,2.09417791350125,2.08254620982627,35
4,2010,173.508734429722,175.051747290296,2.09358219312877,2.08019823632526,35
1,2012,185.248195499225,187.179139658718,2.07390530705962,2.06165841233417,35
2,2012,187.250836590213,189.132518953362,2.07987936684842,2.06845488297601,35
4,2013,198.849351569458,200.528122217148,2.08061485489305,2.07233973592709,35
2,2014,202.464185274827,204.293051473039,2.03474207560051,2.02385542715232,35
3,2014,203.767603285808,205.483835968983,2.02925537822556,2.01933011764227,35
4,2014,204.694916456561,206.200332782823,2.01975740195713,2.0090001503198,35
1,2015,209.407081479547,211.320910205202,2.03843586672836,2.02791784018202,35
2,2015,212.0798186402,213.913312157134,2.05840438821846,2.04770101035982,35
3,2015,213.203219239394,214.922494936849,2.04899193921216,2.03924319775693,35
4,2015,213.056755305678,214.561864609893,2.01714031036085,2.00685451273863,35
1,2016,216.150547354783,218.03752093736,2.00172479695993,1.99163780489156,35
2,2016,218.01566796656,219.826014850178,2.00448979421957,1.99455026959304,35
3,2016,218.630612105101,220.355023136173,1.98609494867731,1.97772890535389,35
1,2017,223.97504886951,225.853748484979,1.98945221726023,1.97977463099078,35
2,2017,225.652883936803,227.455023336233,1.98859326956426,1.97910623126709,35
3,2017,226.269343321201,227.934210320235,1.97122294514705,1.96226346125915,35
4,2017,227.572095944941,229.288465768892,1.9706222233115,1.96566235968558,35
1,2018,230.13569343855,231.995933634634,1.94736437228896,1.93829774528542,35
2,2018,231.305861063195,233.093455519715,1.93772854926051,1.92902871767535,35
3,2018,232.256294300116,233.876198689882,1.92784022298385,1.91899931152065,35
1,2019,237.612391745011,239.473997789502,1.93211171966097,1.92359943834717,35
1,2001,89.1511575290106,91.0332921367929,1.99003661276675,1.96473047631143,36
2,2001,90.4002488555535,92.1836953729012,1.96602079361108,1.94137429582595,36
3,2001,93.1872953861948,94.8637018420899,2.02942177407824,2.00502492892513,36
4,2001,96.035964227475,97.7412807015344,2.10427309870037,2.08715210636183,36
1,2002,99.617418882028,101.545540730153,2.08897670493437,2.06474705257646,36
2,2002,102.294420892622,104.249392222122,2.1334501652782,2.11342777611944,36
3,2002,103.19002219442,105.06888982592,2.09960434426522,2.08437720283266,36
4,2002,104.091669564785,105.786151289282,2.07658554269594,2.06124337409505,36
1,2003,106.768824867509,108.672972401559,2.02322964401479,2.00209057304926,36
3,2003,109.84205047938,111.749194759825,2.01430660277404,2.0037338567545,36
4,2003,110.692267418257,112.300237414687,1.99361458925531,1.978269739226,36
2,2004,117.504954209858,119.329209002417,2.04326048382968,2.02361663363605,36
3,2004,118.960547120061,120.640616597985,2.03931895962665,2.0202822882313,36
1,2005,124.384410613869,126.299235664166,2.04684002223795,2.02851684289077,36
2,2005,124.578988262668,126.417773402168,1.98973802139812,1.97341524969646,36
4,2005,123.709983718143,125.449967948113,1.8632825585647,1.85725029306641,36
1,2006,123.25835172195,125.007757255977,1.73260310206098,1.71817651001835,36
2,2006,125.332334944992,127.023410624204,1.74704926230619,1.73315983828829,36
4,2006,125.459079998548,126.795640508381,1.67726711304499,1.66419649677002,36
1,2007,129.698321138108,131.430333080917,1.69298182473092,1.67992730206616,36
2,2007,131.005498832497,132.647174480628,1.6861758957375,1.67324091143577,36
3,2007,132.103345355351,133.602428460622,1.67918041572673,1.66672944174148,36
1,2008,136.859092636835,138.566228666237,1.67712627482917,1.66458339924191,36
4,2008,143.817182328463,146.440806113098,1.74844800268609,1.76742645556177,36
1,2009,145.501005454819,148.003523543967,1.69877791688455,1.70547657160697,36
1,2010,169.198438921922,171.193465772592,2.10602310636581,2.0936238782805,36
2,2010,171.476114536918,173.385626591027,2.1200658533225,2.10743925801038,36
3,2010,172.184872578096,173.966531938551,2.09554365838975,2.08407084372381,36
1,2011,176.764233718608,178.704772436425,2.07681947425304,2.06415035557228,36
4,2011,181.600099034918,183.179470297299,2.07968092122208,2.0681142271765,36
1,2012,185.219932368531,187.17421828438,2.07319063881156,2.06153620050053,36
3,2012,189.359444569667,191.187618437125,2.0931641909359,2.08394674503139,36
1,2013,192.609840252811,194.516646251076,2.04441120095351,2.03266261584668,36
3,2013,197.734175033337,199.679911386218,2.08708913989367,2.08112259343978,36
3,2014,203.876345157987,205.662069945606,2.0316549984464,2.02320242879263,36
4,2014,204.610631092457,206.212259982048,2.01792889822226,2.00925323499175,36
1,2015,209.388524180394,211.294797093774,2.03803349291274,2.02736053589283,36
2,2015,212.086664478414,213.944436960136,2.05855272259412,2.04836492429525,36
4,2015,214.186577636307,217.492214173184,2.0407580569677,2.0676720189481,36
3,2017,226.314834631395,227.996604687052,1.97208525226651,1.96342943226622,36
4,2017,227.405437969256,228.94825303286,1.96749894607091,1.95937460781589,36
1,2018,230.128067611891,231.992183284601,1.9472242835828,1.93822980803756,36
2,2018,231.284489847622,233.071904345807,1.93734158624677,1.92864388987177,36
4,2018,234.339844331124,236.172597617568,1.94152798998603,1.93913056178323,36
1,2019,237.691292735433,239.575134103983,1.93349804769755,1.92535280227898,36
2,2019,238.84775478821,240.633980133344,1.92416108121337,1.91592674915224,36
2,2020,261.227181505201,271.994515377351,2.17487820145228,2.33775279825039,36
3,2020,277.198625972504,312.494844535231,2.46134087873377,3.26134659373033,36
4,2020,378.948261492433,385.080357269734,5.79521520522371,5.94788654568467,36
4,2021,473.756204006689,478.743764288841,11.4226993205138,11.5400901808395,36
4,2022,485.513339888528,488.83441798134,11.0929987931703,11.0587451925451,36
1,2001,89.1474570428065,91.0223226801483,1.98984284409289,1.96417797920039,37
2,2001,90.4171829285338,92.2393982266889,1.96687459406911,1.94407929509822,37
3,2001,93.2361411672539,95.0866301662757,2.03190115361559,2.01595200417385,37
4,2001,96.0011541288862,97.8424526284062,2.10248814513389,2.09217519283532,37
1,2002,99.5363792121283,101.489627318581,2.08494920579596,2.06206406155501,37
2,2002,102.076779640554,103.945067655159,2.12267953856289,2.09886381868193,37
3,2002,103.008739917293,104.717013688441,2.09097237156849,2.06814864119728,37
4,2002,103.905213591964,105.436832991706,2.06800425960574,2.04567406617768,37
1,2003,106.764185935398,108.710907191455,2.02302562411213,2.00370707839578,37
2,2003,107.315072080118,109.148092767489,1.97252450451082,1.9537787227212,37
3,2003,109.50396441575,111.182112182724,2.00017068573451,1.98068709855738,37
4,2003,110.692267418257,112.300237414687,1.99361458925531,1.978269739226,37
2,2004,117.481040072139,119.312975392091,2.04230266083357,2.02298495677933,37
3,2004,118.952364005556,120.6253227635,2.03899810475399,2.01969962244324,37
4,2004,119.664295849856,121.283012489169,2.01389740259456,1.99954970421128,37
1,2005,124.338243682005,126.242240893307,2.04509088851545,2.02641597035573,37
2,2005,124.578988262668,126.445796106237,1.98973802139812,1.9744027686229,37
3,2005,120.205648398172,121.780482751235,1.79068105121175,1.77590486966071,37
4,2005,123.141573381018,124.560561855765,1.84480743925128,1.82903952873931,37
1,2006,123.279721415253,125.025465097575,1.73324156681184,1.71869225081686,37
2,2006,125.291731779249,127.060574159439,1.7458474465072,1.73423322861392,37
3,2006,125.579583475084,127.118697372769,1.71382231019132,1.70083117248062,37
4,2006,125.408679028002,127.145462221307,1.67588072245809,1.67359751515618,37
1,2007,129.664416598564,131.384843704718,1.69205630578302,1.67871720929812,37
2,2007,131.213821125042,132.959125228572,1.69176046831475,1.68141520590579,37
3,2007,132.168855342739,133.789093797714,1.6808997586465,1.67151932260706,37
4,2007,132.941940647927,134.499036453878,1.67053055764674,1.66394040123649,37
2,2008,138.706376317125,140.34446997926,1.68454787653309,1.67231858727207,37
3,2008,142.652304196795,144.222614436937,1.74976348310554,1.73829353775532,37
1,2009,145.703842985935,149.100553197587,1.70370742848176,1.732030378508,37
2,2009,151.007268688489,153.877408694888,1.79576001193837,1.8126145869871,37
3,2009,162.509070924646,164.359851883917,2.06544097436836,2.05585619260566,37
4,2009,165.660990167507,167.233437235513,2.11617999444016,2.10245424695441,37
1,2010,169.173973665266,171.108313112721,2.10532696409944,2.09124747807205,37
2,2010,171.522937477164,173.392777042598,2.12138979639597,2.10763745548846,37
3,2010,172.135317566999,173.910162915656,2.09417791350125,2.08254620982627,37
4,2010,173.765856963001,175.327432257795,2.10058184367546,2.08755398112791,37
1,2011,176.765347788069,178.703273587895,2.07684914254934,2.06411117636761,37
2,2011,177.769702487578,179.602890792415,2.05694052406741,2.04412262854257,37
3,2011,180.363746746626,182.375995143063,2.08362831636868,2.07883259045104,37
4,2011,181.600099034918,183.137719594579,2.07968092122208,2.06706305017113,37
1,2012,185.248195499225,187.366039002434,2.07390530705962,2.06630570857235,37
2,2012,187.223651210449,189.184319938279,2.07919829220611,2.06973076809068,37
3,2012,189.004605795657,190.88290691275,2.0843418554617,2.07649106956218,37
4,2012,189.13778804244,190.947876540456,2.05373999595641,2.04862623380639,37
1,2013,192.527067575227,194.628335641469,2.04244450695116,2.03527355977993,37
2,2013,194.511121019832,196.348538020947,2.04797909011325,2.03657297906863,37
3,2013,197.144946756037,198.836461677593,2.07316230770876,2.06149999132198,37
4,2013,198.849351569458,200.528122217148,2.08061485489305,2.07233973592709,37
1,2014,201.162919125212,203.068588197796,2.04479483167444,2.03352955955957,37
2,2014,202.457640226487,204.300467291931,2.03459573173568,2.02401854213807,37
3,2014,203.705602942307,205.40957951911,2.02788848431649,2.01771911664497,37
4,2014,204.621396541261,206.132791917641,2.01816235186835,2.00755823076635,37
1,2015,209.388524180394,211.291063553997,2.03803349291274,2.02728085617266,37
2,2015,212.089523974039,213.921698632981,2.05861468503879,2.04787988839483,37
3,2015,213.185917846495,214.865651550664,2.04862275423934,2.03804901408619,37
4,2015,213.090061726313,214.684609450561,2.0178326092637,2.00936542804862,37
1,2016,216.150547354783,218.035617543073,2.00172479695993,1.99159952361334,37
2,2016,218.01566796656,219.820849897294,2.00448979421957,1.99444728011337,37
3,2016,218.573275151449,220.259361839624,1.98495667113972,1.97585733373405,37
4,2016,220.763437296757,222.261795428696,2.00170573879095,1.99191616503668,37
1,2017,223.979022771539,225.857781222347,1.98952972799903,1.9798521412781,37
2,2017,225.638480241215,227.436144533119,1.98831520923316,1.97874704575369,37
3,2017,226.269343321201,227.934210320235,1.97122294514705,1.96226346125915,37
4,2017,227.304506922427,228.783467177984,1.96560985105755,1.95633660309098,37
1,2018,230.128466408754,231.987045875059,1.94723160935093,1.9381367637963,37
2,2018,231.305861063195,233.081675406498,1.93772854926051,1.92881836837915,37
3,2018,232.236192738178,233.881612196887,1.9274814900163,1.91909447357223,37
4,2018,234.255075414859,235.802815285787,1.94001968352584,1.93263432004239,37
1,2019,237.598092949698,239.447504928669,1.93186058614318,1.92314042292491,37
2,2019,238.787155423344,240.557926833246,1.92311093938866,1.91462635590939,37
4,2019,246.051319325357,247.72311962796,2.00051166626312,1.99479159793888,37
1,2020,253.749177297789,255.667774829488,2.06941814921377,2.06040855810466,37
2,2020,265.898328635094,289.456561852247,2.26503509521911,2.71752232587131,37
4,2020,378.948261492433,384.646408847033,5.79521520522371,5.92605901385586,37
1,2021,455.197440083054,460.772761893719,10.6090058302757,10.7454299757253,37
2,2021,465.240038578476,468.815956855756,11.2184057635309,11.1760663523242,37
3,2021,468.558185686366,471.974307783199,11.2239354956538,11.1807458670298,37
4,2021,473.122066794426,477.203535492404,11.362992932696,11.3953213466054,37
1,2022,476.56989477249,480.18035036397,11.1666481011816,11.1217477738549,37
2,2022,480.109112962825,483.634892742813,11.174988006764,11.1300231823702,37
3,2022,484.509603589511,487.895680723778,11.2786920195906,11.2335452768384,37
4,2022,485.382917367225,488.592450083568,11.081430996656,11.0375300337572,37
1,2023,487.642372305635,491.225603226402,10.7958514849866,10.7543604881829,37
2,2023,490.69004853234,494.179426546643,10.764788945038,10.722908580505,37
3,2023,491.251145710428,494.569254076393,10.5436691980087,10.5027236916991,37
4,2023,492.83429275079,495.983321415068,10.4275737372359,10.3875564760562,37
1,2024,497.017549880201,500.54574618673,10.3234105108983,10.2841366785651,37
2,2024,500.283358134523,503.72725462191,10.3152919865571,10.2761538775387,37
3,2024,498.502389953393,501.761232379424,9.93517643605666,9.89776533031733,37
4,2024,500.185512685669,503.275996551878,9.84084191361061,9.8041552327812,37
1,2001,89.1458086238837,91.0214650530926,1.98975651555244,1.96413478078531,38
2,2001,90.4522071989383,92.2789344606512,1.96864168293946,1.94600155671306,38
4,2003,110.599408159124,112.295553050403,1.98984251624145,1.97808005953932,38
1,2004,116.025499499025,117.948311842061,2.05430539023791,2.03465350289018,38
2,2004,117.427318822253,119.277772248028,2.04015262612712,2.02161607492867,38
3,2004,118.960547120061,120.647553043864,2.03931895962665,2.02054659112395,38
4,2004,119.584277515756,121.096203899372,2.01086107329073,1.99265613359159,38
1,2005,124.317146674679,126.222335649787,2.04429207617271,2.02568274388411,38
2,2005,124.445145047885,126.276314251171,1.98490208138185,1.96843696490972,38
3,2005,120.205648398172,121.749213715833,1.79068105121175,1.77493149292402,38
4,2005,123.100503102297,124.530054320039,1.84347966273693,1.82807915335125,38
1,2006,123.311886201768,125.086092129307,1.73420298957548,1.72045908225185,38
2,2006,125.256832437009,126.968156956467,1.74481511545774,1.73156456622944,38
3,2006,125.59136777137,127.099417956436,1.71415888220252,1.70029434734098,38
4,2006,125.459079998548,127.042613335818,1.67726711304499,1.67083357934304,38
1,2007,129.666147410651,131.397178899889,1.69210353739483,1.67904321117547,38
2,2007,131.213821125042,132.937202647549,1.69176046831475,1.68083951261545,38
3,2007,132.070358986115,133.550010452554,1.67831534376837,1.6653866199408,38
4,2007,132.941940647927,134.414367169598,1.67053055764674,1.66181094285812,38
1,2008,136.979277678601,138.773358475971,1.68018517432883,1.66973505227669,38
2,2008,138.730197952896,140.404240862601,1.68514352602118,1.67378670057648,38
3,2008,142.969178697601,144.725221215723,1.75793482307932,1.75099523765433,38
4,2008,142.01113092074,143.511693433445,1.70331310803357,1.69513765304258,38
1,2009,145.468753546923,148.295083854914,1.69799085168204,1.71249389693069,38
2,2009,150.870910365071,153.764581972351,1.79231471490663,1.80977614148361,38
3,2009,159.153751805777,160.859896645794,1.97140485209551,1.95964060500263,38
4,2009,165.561035176366,167.141869184444,2.11328463522232,2.09985488212227,38
1,2010,169.180297401233,171.121632899566,2.10550726637273,2.09161887202343,38
2,2010,171.476114536918,173.348741119776,2.1200658533225,2.10641675017981,38
3,2010,172.135317566999,173.910162915656,2.09417791350125,2.08254620982627,38
4,2010,173.308605936859,175.025701400355,2.0881519320734,2.07950944898804,38
1,2011,176.770336310822,178.700391867063,2.07698197125582,2.06403588639953,38
3,2011,180.016093159923,181.76362482163,2.07459397925696,2.06318151762994,38
4,2011,181.6560759599,183.218598243482,2.08111776132433,2.06909992216996,38
1,2012,185.291601029819,187.409102363763,2.07500335088719,2.06737797093317,38
2,2012,187.200506282188,189.163913642523,2.07861860019589,2.06922800868104,38
3,2012,189.066263931201,191.061640139696,2.0858721863583,2.08086015015667,38
4,2012,189.13778804244,190.836762624187,2.05373999595641,2.04598433769476,38
1,2013,192.52459830315,194.555859199876,2.04238587412089,2.0335788944556,38
2,2013,194.455355277526,196.287556610946,2.0466668502375,2.03516220560378,38
3,2013,197.091362568441,198.799774056746,2.07190050238643,2.06065069512412,38
4,2013,198.99823839575,200.850031507393,2.0840965359223,2.07975368418885,38
1,2014,201.187084951258,203.09303742131,2.04534393415323,2.0340759683921,38
2,2014,202.452441535724,204.279430271449,2.03447950742078,2.0235558510079,38
3,2014,203.712751929253,205.387412432648,2.02804605077412,2.01723843657934,38
4,2014,204.610631092457,206.212259982048,2.01792889822226,2.00925323499175,38
2,2015,212.089523974039,213.923975484472,2.05861468503879,2.04792844472853,38
3,2015,213.233761710863,214.990384346353,2.04964384935652,2.04067038144183,38
4,2015,213.056755305678,214.56303615126,2.01714031036085,2.00687849198285,38
1,2016,216.150547354783,218.03752093736,2.00172479695993,1.99163780489156,38
2,2016,218.007855740988,219.812860908861,2.00433162846769,1.99428795502518,38
3,2016,218.630612105101,220.309000877854,1.98609494867731,1.9768284783471,38
4,2016,220.763437296757,222.261283646178,2.00170573879095,1.99190602294258,38
1,2017,223.975644931522,225.860218253974,1.98946384747056,1.97989898161402,38
2,2017,225.643465334918,227.443121228843,1.98841144180145,1.97887979532586,38
3,2017,226.269343321201,227.917643061899,1.97122294514705,1.96195407529433,38
4,2017,227.304506922427,228.783467177984,1.96560985105755,1.95633660309098,38
1,2018,230.128466408754,231.985746413377,1.94723160935093,1.93811322483973,38
2,2018,231.294067831804,233.068637586907,1.93751499822112,1.92858557745138,38
3,2018,232.238756621551,233.857474929498,1.92752724139667,1.9186697269373,38
4,2018,234.238210419173,235.704560436174,1.93971973979454,1.93091185331523,38
1,2019,237.585968511863,239.43727437533,1.93164767097406,1.92296317707735,38
2,2019,238.793213271244,240.557144914778,1.92321589550149,1.91461298392508,38
3,2019,240.70126529546,242.326748738116,1.93031379969943,1.9218471287657,38
4,2019,245.977700700742,247.545287065918,1.99920960631429,1.99168775467485,38
1,2020,253.749177297789,255.667774829488,2.06941814921377,2.06040855810466,38
2,2020,261.434896835246,277.854147488302,2.17880994251803,2.45887017556024,38
4,2020,379.071730446792,385.07483956847,5.80133419970545,5.94761043199294,38
1,2021,454.865583380926,460.221595805817,10.5792116635786,10.6957763086974,38
2,2021,465.240622308535,468.808824225685,11.2184607911837,11.1754020969165,38
4,2021,473.037278769057,477.005290197825,11.3550335191629,11.3768203610437,38
1,2022,476.56989477249,480.18035036397,11.1666481011816,11.1217477738549,38
2,2022,480.109364906635,483.647266044288,11.1750108981884,11.1311338208143,38
3,2022,484.52181807481,487.924511183659,11.2798030607367,11.2361364901422,38
4,2022,485.376166195878,488.587342688125,11.0808325333776,11.0370826330655,38
1,2023,487.642103303734,491.219663350424,10.7958284329567,10.7538575168282,38
2,2023,490.691129705008,494.177544877549,10.7648805891658,10.7227509522125,38
3,2023,491.257548556932,494.578491477578,10.5441966270352,10.5034757844259,38
4,2023,492.833352526256,495.980907874025,10.4274977429348,10.3873636410968,38
1,2024,497.018847653979,500.544508572174,10.3235135685585,10.2840395240677,38
3,2024,498.502539019707,501.761360529965,9.93518765032238,9.89777486874593,38
4,2024,500.185523733136,503.275331553106,9.8408427273874,9.804106581771,38
1,2001,89.1462128072713,91.0318456705104,1.98977768358842,1.96465761068159,39
2,2001,90.4171829285338,92.228303689936,1.96687459406911,1.94354023800974,39
3,2001,93.2361411672539,95.1163405737022,2.03190115361559,2.01741282697107,39
4,2001,96.035964227475,97.6419135254934,2.10427309870037,2.08222202634793,39
1,2002,99.5727368594663,101.556456591175,2.08675477237893,2.06527129239401,39
2,2002,102.457424626904,104.438223903155,2.14155267863315,2.12251633083653,39
3,2002,102.936697276787,104.636182594383,2.08755284608561,2.06443895462121,39
1,2003,106.765485502983,108.750043074892,2.02308277685692,2.00537603632436,39
3,2003,109.212918836437,110.956181094107,1.98808113213842,1.97157841999686,39
4,2003,110.599408159124,112.175018980205,1.98984251624145,1.973320739025,39
1,2004,116.022990258787,117.943638369689,2.05420230072259,2.03446705868778,39
2,2004,117.445776007139,119.268865115657,2.04089106353876,2.02126987369657,39
3,2004,118.982099942284,120.672437893022,2.04016426216211,2.02149519800849,39
4,2004,119.584277515756,121.106877006841,2.01086107329073,1.9930492623044,39
1,2005,124.326725290423,126.231404643909,2.0446547188451,2.02601675576152,39
2,2005,124.445145047885,126.256728445769,1.98490208138185,1.96774879968803,39
3,2005,120.233944023616,121.830170449839,1.79158591302393,1.7774528298387,39
4,2005,123.141573381018,124.554763482673,1.84480743925128,1.82885814954912,39
1,2006,123.26768540551,125.015142834015,1.73288193260517,1.71839165676268,39
2,2006,125.291731779249,127.083323463603,1.7458474465072,1.73489077160813,39
3,2006,125.602097515398,127.342295336101,1.71446539287504,1.70707384117795,39
4,2006,125.449275661275,127.61200940844,1.67699780124257,1.68620874603981,39
1,2007,129.665524211922,131.381020452012,1.69208652960197,1.67861535936235,39
2,2007,131.213821125042,132.983434627314,1.69176046831475,1.682050790363,39
4,2007,133.05010144774,134.377966922534,1.67331204392206,1.660897350354,39
1,2008,136.898562947049,138.658406293186,1.67813171058029,1.66687320480946,39
2,2008,138.714979813078,140.373648756796,1.68476418694008,1.67303620176492,39
4,2008,142.011521077714,143.606570373472,1.70332272418394,1.69743871326918,39
1,2009,145.367727516054,147.969555420502,1.69554666378218,1.70466102083569,39
2,2009,151.164764034088,153.694178093876,1.79974762370619,1.80800832296537,39
3,2009,160.345172228235,162.003983393612,2.00429480207729,1.99058696720483,39
4,2009,165.561035176366,167.156594279436,2.11328463522232,2.10027269306062,39
1,2010,169.180297401233,171.126597878014,2.10550726637273,2.09175733966027,39
2,2010,171.503438407605,173.36408739868,2.12083835162321,2.10684208585925,39
3,2010,172.135317566999,173.848036770755,2.09417791350125,2.08086748303318,39
4,2010,173.765856963001,175.370650855289,2.10058184367546,2.08870599178139,39
1,2011,176.761685878528,178.692985928325,2.07675164215981,2.06384241712901,39
2,2011,177.806939674145,179.706708943366,2.05791025880789,2.04677668738325,39
4,2011,181.665479313379,183.32014698673,2.08135922207043,2.07165938156523,39
1,2012,185.248195499225,187.251390334694,2.07390530705962,2.06345368426009,39
2,2012,187.223651210449,189.095993512708,2.07919829220611,2.06755568074221,39
3,2012,189.029046277236,190.917290008043,2.08494756281538,2.07733072644473,39
4,2012,189.124376698761,190.743761946491,2.05341617528566,2.04377770910729,39
1,2013,192.52485884722,194.549750759409,2.042392055833,2.03343610979285,39
2,2013,194.570990222076,196.398033020968,2.0493888261852,2.0377185673199,39
4,2013,198.759226255843,200.31793362434,2.07851026984301,2.06751331004284,39
1,2014,201.174032077914,203.081315355337,2.04504732339359,2.03381398157209,39
2,2014,202.452441535724,204.27530914563,2.03447950742078,2.02346521052117,39
3,2014,203.712751929253,205.387412432648,2.02804605077412,2.01723843657934,39
4,2014,204.621396541261,206.152153744608,2.01816235186835,2.00797166304742,39
1,2015,209.396825637329,211.301339511926,2.03821348162197,2.02750015957834,39
2,2015,212.10058083716,213.932210560197,2.05885428737779,2.04810413203208,39
3,2015,213.185917846495,214.865258029017,2.04862275423934,2.03804076477087,39
4,2015,213.056755305678,214.573166203923,2.01714031036085,2.00708569921546,39
1,2016,216.167287445775,218.059146059506,2.00206674726503,1.99207287342691,39
2,2016,218.01566796656,219.822585004222,2.00448979421957,1.99448187265218,39
3,2016,218.530009348923,220.177511935201,1.98409816985057,1.97425751735736,39
4,2016,220.773737242283,222.307975596863,2.00190975849335,1.99281647189579,39
1,2017,223.975644931522,225.854211841411,1.98946384747056,1.97978353303953,39
2,2017,225.643465334918,227.440542309677,1.98841144180145,1.97883071960947,39
3,2017,226.238142941825,227.879628830136,1.97063174307087,1.96124419461974,39
4,2017,227.304506922427,228.79377540201,1.96560985105755,1.95652712839126,39
1,2018,230.142520794193,231.999949187802,1.94748980340304,1.93837049935027,39
2,2018,231.286943471384,233.066704651776,1.93738600129733,1.9285510569781,39
3,2018,232.238756621551,233.859474541571,1.92752724139667,1.91870492533988,39
4,2018,234.238210419173,235.703545425276,1.93971973979454,1.93089411407584,39
1,2019,237.612391745011,239.473997789502,1.93211171966097,1.92359943834717,39
2,2019,238.807986003177,240.57423269537,1.92347185024883,1.91490508702649,39
3,2019,240.70126529546,242.353293807285,1.93031379969943,1.92229836120076,39
4,2019,245.977700700742,247.508897308365,1.99920960631429,1.99105305735957,39
1,2020,253.746503150804,255.675961801751,2.06936960600337,2.06055523350571,39
2,2020,260.820686709582,278.683574082771,2.16720438432669,2.47651423205649,39
3,2020,275.818074466733,301.603464732638,2.43222316033186,2.97147616705243,39
4,2020,377.409271013189,382.641578334208,5.71948376596622,5.82622817651903,39
1,2021,454.652706280053,459.889604082647,10.5601435746485,10.6659784842101,39
2,2021,465.237447065583,468.827414561585,11.218161462596,11.1771334851512,39
3,2021,468.553042567776,471.985923196307,11.2234544598571,11.1818191822096,39
4,2021,472.961929366742,476.904905024707,11.3479648197564,11.3674634570513,39
1,2022,476.57649944194,480.190795646544,11.1672526365428,11.1226922706705,39
2,2022,480.109466167032,483.633421091835,11.1750200998304,11.1298910923507,39
3,2022,484.510511317462,487.903600493514,11.2787745819905,11.2342570262444,39
4,2022,485.383457037083,488.605528341759,11.0814788433992,11.0386755964066,39
1,2023,487.640620409581,491.220513088232,10.7957013822508,10.7539294708293,39
2,2023,490.690787119025,494.178712354313,10.7648515488535,10.7228487478122,39
3,2023,491.252343175839,494.570502511248,10.5437678321673,10.5028253322273,39
4,2023,492.833722307936,495.982563574058,10.4275276309286,10.3874959278414,39
1,2024,497.018420907813,500.545162090337,10.323479676346,10.2840908262218,39
2,2024,500.282572486677,503.726574986215,10.3152301265057,10.2761009684837,39
3,2024,498.502686138732,501.762197282243,9.93519872877498,9.89783713838323,39
4,2024,500.185512160068,503.275516468628,9.84084187820607,9.80412010764618,39
1,2001,89.1511575290106,91.0332921367929,1.99003661276675,1.96473047631143,41
2,2001,90.4064504875646,92.2067604326346,1.96633343299821,1.94249391060133,41
3,2001,93.1663143736559,94.868878529498,2.02835771101994,2.00527808827853,41
4,2001,96.035964227475,97.6858743973907,2.10427309870037,2.08440157804225,41
1,2002,99.5488756992949,101.515993981982,2.08557036985071,2.06332884738809,41
2,2002,102.011548022166,103.870382640946,2.11946196978727,2.09530464617607,41
3,2002,103.093229471724,104.814760547764,2.09499079219946,2.07264463288305,41
4,2002,103.905213591964,105.432943699722,2.06800425960574,2.04550209441891,41
1,2003,106.764185935398,108.699117773151,2.02302562411213,2.00320454523875,41
2,2003,107.290764997022,109.195294111611,1.97150468153099,1.9557006334993,41
3,2003,109.243306216028,110.979838582452,1.98933995545959,1.97253082549855,41
4,2003,110.599408159124,112.333609967442,1.98984251624145,1.97958501465078,41
1,2004,116.036292529222,117.957370472671,2.05474886646944,2.03501493584302,41
2,2004,117.481040072139,119.338255273434,2.04230266083357,2.02396848465022,41
3,2004,118.982099942284,120.682374129357,2.04016426216211,2.02187403440429,41
4,2004,119.567403511906,121.065947293869,2.0102213695871,1.99154186021386,41
1,2005,124.326725290423,126.230996203305,2.0446547188451,2.02600172968117,41
2,2005,124.409299166472,126.201966101409,1.98360890895161,1.96582582387909,41
3,2005,120.233944023616,121.81414257804,1.79158591302393,1.77695337514748,41
4,2005,123.141573381018,124.555785750568,1.84480743925128,1.82888927184049,41
1,2006,123.311886201768,125.098719695603,1.73420298957548,1.72082730044711,41
2,2006,125.204223229336,126.868763376191,1.74326009012004,1.72869908205117,41
3,2006,125.59136777137,127.091571118635,1.71415888220252,1.70007549508807,41
4,2006,125.459079998548,126.954007072036,1.67726711304499,1.66845079726738,41
2,2007,131.213821125042,132.959125228572,1.69176046831475,1.68141520590579,41
3,2007,132.08348522778,133.573068662476,1.67865952922189,1.66597715857347,41
4,2007,132.950284936786,134.279560530206,1.67074674560419,1.65842857595653,41
1,2008,136.949513481809,138.714796317134,1.67942491991837,1.66827660623322,41
2,2008,138.70593406114,140.352513975869,1.68453676138023,1.67251638928216,41
3,2008,143.153388286104,145.259488399381,1.76270263647488,1.76459802449044,41
4,2008,142.275763590615,143.629239421172,1.70985256896506,1.69798507426171,41
1,2009,145.367727516054,147.698704007647,1.69554666378218,1.69816727621151,41
2,2009,151.343113977673,153.742164708129,1.80427393279132,1.80921394858056,41
3,2009,159.938389724885,161.605746864164,1.99300403501678,1.97976030028667,41
4,2009,165.518207719542,167.325310242989,2.11204730002326,2.10506046649897,41
1,2010,169.169482622813,171.113937614229,2.10519959326765,2.09140516815311,41
2,2010,171.503438407605,173.366299848118,2.12083835162321,2.10690345269561,41
3,2010,172.09840050592,173.79961920309,2.09316197313212,2.07955989321587,41
4,2010,173.508734429722,175.051747290296,2.09358219312877,2.08019823632526,41
1,2011,176.762242953627,178.702547831987,2.07676647052761,2.06409221468857,41
2,2011,177.757289250439,179.588518497627,2.05661736577783,2.04375547562955,41
3,2011,180.016093159923,181.798941247942,2.07459397925696,2.0640806851737,41
4,2011,181.600099034918,183.241556700069,2.07968092122208,2.06967875818264,41
1,2012,185.291601029819,187.48435677698,2.07500335088719,2.06925312217888,41
2,2012,187.223651210449,189.148548159112,2.07919829220611,2.06884960119613,41
3,2012,189.004605795657,190.88290691275,2.0843418554617,2.07649106956218,41
4,2012,189.13778804244,190.990831129335,2.05373999595641,2.04964849772877,41
1,2013,192.535504804888,194.490523159488,2.04264489560004,2.0320523921207,41
2,2013,194.702969828805,196.537362628994,2.0524999690955,2.04094708143066,41
3,2013,197.211394854893,198.903417431812,2.07472810992161,2.06305110468221,41
4,2013,198.849351569458,200.528122217148,2.08061485489305,2.07233973592709,41
1,2014,201.174032077914,203.080013208995,2.04504732339359,2.03378486345726,41
2,2014,202.452922997164,204.280681290174,2.03449027344094,2.02358335768415,41
3,2014,203.705602942307,205.423228273834,2.02788848431649,2.01801517141126,41
4,2014,204.694916456561,206.208489921606,2.01975740195713,2.00917511877843,41
1,2015,209.407081479547,211.312516046819,2.03843586672836,2.02773867638721,41
2,2015,212.0798186402,213.911354406993,2.05840438821846,2.0476592542368,41
3,2015,213.191084616732,214.880354145874,2.04873299949805,2.0383578102006,41
4,2015,213.086305885691,214.604566519851,2.01775452718091,2.0077278039889,41
1,2016,216.167287445775,218.059146059506,2.00206674726503,1.99207287342691,41
2,2016,218.027841835639,219.844368090521,2.00473629147232,1.99491631952769,41
3,2016,218.88650798061,220.768435602062,1.99118307117707,1.98583765598832,41
4,2016,220.763437296757,222.261795428696,2.00170573879095,1.99191616503668,41
2,2017,225.643465334918,227.44185591713,1.98841144180145,1.97885570653307,41
3,2017,226.269343321201,227.924742089883,1.97122294514705,1.96208663121627,41
4,2017,227.304506922427,228.783234915977,1.96560985105755,1.95633208292164,41
1,2018,230.151489693828,232.012905521202,1.94765458602307,1.93860520340489,41
2,2018,231.284489847622,233.0669994203,1.93734158624677,1.92855630535605,41
3,2018,232.288791196557,233.931694849147,1.92842030044331,1.91997609992308,41
4,2018,234.289312290312,235.776820007054,1.9406287226517,1.93217864479643,41
1,2019,237.743733135153,239.670462924511,1.93442000921347,1.92700691938887,41
2,2019,238.825505210247,240.592365108795,1.92377544247903,1.91521510608932,41
3,2019,240.662965496427,242.293583068573,1.92965391865224,1.92128328312323,41
4,2019,245.977700700742,247.568220911091,1.99920960631429,1.99208789456586,41
1,2020,253.75944120614,255.679393142886,2.06960446828164,2.06061671488179,41
2,2020,255.461283125192,258.296292148002,2.0685252839875,2.07738837314203,41
3,2020,275.832716892151,297.867644216816,2.43253016488474,2.87810099854548,41
4,2020,378.179965476867,384.311193812279,5.75728397358716,5.90924023515993,41
1,2021,454.616794617007,459.871921452067,10.5569302404649,10.6643937085452,41
2,2021,465.240038578476,468.820654599083,11.2184057635309,11.1765038739637,41
3,2021,468.558185686366,471.984013967631,11.2239354956538,11.1816427589997,41
4,2021,473.00209660071,476.953872537772,11.3517324447811,11.3720267622675,41
1,2022,476.560475319563,480.170876930381,11.1657859867745,11.1208912287243,41
2,2022,480.108414478831,483.642327743474,11.1749245501716,11.1306905406813,41
3,2022,484.512101414362,487.90872761347,11.2789192140708,11.2347178264717,41
4,2022,485.368452283568,488.582444365524,11.0801487644689,11.0366535628523,41
1,2023,487.639964649954,491.222095668232,10.7956451950848,10.7540634781061,41
2,2023,490.69243879392,494.179424172575,10.7649915511223,10.7229083802795,41
3,2023,491.256343122653,494.575543524386,10.5440973269041,10.5032357612485,41
4,2023,492.834792612476,495.981925261534,10.4276141475937,10.3874449314628,41
1,2024,497.021617800967,500.547527260831,10.3237335523932,10.2842765019504,41
2,2024,500.284511605625,503.728463225001,10.3153828177366,10.2762479665219,41
3,2024,498.503251885225,501.763841506686,9.93524131227411,9.89795949999965,41
4,2024,500.185512685669,503.276659851028,9.84084191361061,9.80420375935153,41
1,2001,89.148669461278,91.0324859519601,1.98990632152836,1.96468986420292,42
2,2001,90.4324387031057,92.2849125434626,1.96764410830452,1.94629232776547,42
3,2001,93.2361411672539,95.1163405737022,2.03190115361559,2.01741282697107,42
4,2001,96.0011541288862,97.6711339176702,2.10248814513389,2.08366588629887,42
1,2002,99.5632319696471,101.54667933477,2.08628283876918,2.06480175617397,42
2,2002,102.218252815224,104.11565197068,2.12967455899944,2.10701593950131,42
3,2002,103.093229471724,104.825696881467,2.09499079219946,2.07314796635362,42
4,2002,103.905213591964,105.432943699722,2.06800425960574,2.04550209441891,42
1,2003,106.762181970509,108.752341756349,2.02293749642468,2.00547411614953,42
3,2003,109.330126574802,110.985745115037,1.99294093437416,1.97276847549944,42
4,2003,110.692267418257,112.251608587024,1.99361458925531,1.97634693829341,42
1,2004,116.036292529222,117.944973246863,2.05474886646944,2.03452031811548,42
2,2004,117.434443492159,119.25776239395,2.04043763768745,2.02083836190224,42
3,2004,118.960547120061,120.640616597985,2.03931895962665,2.0202822882313,42
4,2004,119.567403511906,121.071782332918,2.0102213695871,1.99175663037343,42
1,2005,124.303816619932,126.212775996701,2.04378751283568,2.02533068565159,42
2,2005,124.409299166472,126.219062331817,1.98360890895161,1.96642581363163,42
3,2005,120.279523568441,121.882706387878,1.79304444616729,1.77909112079884,42
4,2005,123.100503102297,124.530054320039,1.84347966273693,1.82807915335125,42
1,2006,123.311886201768,125.055077648497,1.73420298957548,1.71955507028532,42
2,2006,125.256832437009,126.983840668369,1.74481511545774,1.73201714855023,42
1,2007,129.666147410651,131.397178899889,1.69210353739483,1.67904321117547,42
2,2007,131.213821125042,132.959125228572,1.69176046831475,1.68141520590579,42
3,2007,132.08348522778,133.596451732139,1.67865952922189,1.66657621966671,42
4,2007,133.05010144774,134.390545491264,1.67331204392206,1.6612128625601,42
1,2008,136.979277678601,138.815173275308,1.68018517432883,1.67077918425893,42
2,2008,138.730197952896,140.404240862601,1.68514352602118,1.67378670057648,42
3,2008,143.354412660917,145.36868908712,1.76792042471027,1.76739294194528,42
4,2008,142.011521077714,143.3644271091,1.70332272418394,1.69158369485622,42
1,2009,145.468753546923,148.230462697014,1.69799085168204,1.71093609775496,42
2,2009,151.251351176413,154.019264182188,1.80194368243466,1.81618970839451,42
3,2009,161.185824008659,162.854078722716,2.02783134883856,2.01389947954625,42
4,2009,165.660990167507,167.245862942242,2.11617999444016,2.10280644270142,42
1,2010,169.166001014161,171.104700492716,2.10509978700021,2.09114674137037,42
2,2010,171.503438407605,173.374634755127,2.12083835162321,2.10713329723305,42
4,2010,173.765856963001,175.353369548671,2.10058184367546,2.08824501231641,42
1,2011,176.761022258283,178.686746036034,2.07673396764279,2.06367942473495,42
2,2011,177.757289250439,179.58779108094,2.05661736577783,2.04373688427087,42
3,2011,180.016093159923,181.76362482163,2.07459397925696,2.06318151762994,42
4,2011,181.600099034918,183.137719594579,2.07968092122208,2.06706305017113,42
2,2012,187.223651210449,189.148548159112,2.07919829220611,2.06884960119613,42
4,2012,189.13778804244,190.907874846813,2.05373999595641,2.04767473019225,42
1,2013,192.52485884722,194.549750759409,2.042392055833,2.03343610979285,42
1,2014,201.174032077914,203.079965734677,2.04504732339359,2.03378381395269,42
1,2015,209.388524180394,211.294797093774,2.03803349291274,2.02736053589283,42
2,2015,212.089523974039,213.921698632981,2.05861468503879,2.04787988839483,42
3,2015,213.185917846495,214.865258029017,2.04862275423934,2.03804076477087,42
4,2015,213.086305885691,214.596825536036,2.01775452718091,2.00756962673745,42
2,2018,231.322320078645,233.104169870393,1.93802662440308,1.92922009649705,42
1,2020,253.75944120614,255.68219472304,2.06960446828164,2.06066690733439,42
4,2020,386.492206767851,395.871403278669,6.18119762771505,6.51746119756659,42
1,2021,454.941826184007,460.32177262539,10.5860493435487,10.7047839912997,42
3,2021,468.544033169343,472.033517414457,11.2226118514373,11.1862181838458,42
4,2022,485.399463264606,488.724701486712,11.0828978646577,11.049120351516,42
4,2023,492.83429275079,495.984939981068,10.4275737372359,10.3876858031999,42
1,2024,497.019956837604,500.54651928029,10.3236016525958,10.2841973715159,42
3,2024,498.504528531651,501.766006875158,9.93533739967628,9.89812064341401,42
1,2001,89.1916887327107,91.2525963437762,1.99216029079974,1.975808827983,45
2,2001,90.4171829285338,92.228303689936,1.96687459406911,1.94354023800974,45
3,2001,93.1761033340499,94.8983595868804,2.02885409846482,2.00671979551569,45
4,2001,96.1283176809444,97.6847424404497,2.10901474538597,2.08434550823228,45
2,2002,102.011548022166,103.869116770125,2.11946196978727,2.09524448342418,45
3,2002,103.19002219442,104.958373916282,2.09960434426522,2.07926734657621,45
4,2002,104.091669564785,105.640313772671,2.07658554269594,2.05473363688499,45
3,2003,109.418136007133,111.075396786241,1.99659788457618,1.97637962830751,45
4,2003,110.692267418257,112.361580869172,1.99361458925531,1.98069747574645,45
1,2004,116.080932609244,118.064705531085,2.05658412094133,2.039301995111,45
2,2004,117.533041396635,119.383997098941,2.04438601641726,2.02574953032091,45
3,2004,118.976136747759,120.728416254995,2.03993035708259,2.02363050630042,45
4,2004,119.723119127124,121.600821513886,2.01613241142399,2.01133288235975,45
1,2005,124.351699366955,126.285245675475,2.04560052978386,2.02800089913916,45
2,2005,124.445145047885,126.249563718712,1.98490208138185,1.96749713755839,45
3,2005,120.194689165034,121.740000991902,1.79033071573746,1.77464471374842,45
4,2005,123.709983718143,125.499654458724,1.8632825585647,1.85883997679918,45
1,2006,123.26768540551,125.006324353829,1.73288193260517,1.71813481960283,45
2,2006,125.291731779249,127.021811460968,1.7458474465072,1.73311345464553,45
3,2006,125.576004636021,127.096573070028,1.71372011162838,1.70021487884297,45
4,2006,125.459079998548,126.916382599805,1.67726711304499,1.66744041986676,45
1,2007,129.67071617092,131.386259963397,1.69222823249832,1.67875495044381,45
2,2007,131.152663916761,132.836135239197,1.69011908966079,1.67818512878473,45
3,2007,132.116337564582,133.635171967618,1.67951851116936,1.66756875993093,45
1,2008,136.898562947049,138.644630743729,1.67813171058029,1.66653218209499,45
2,2008,138.706376317125,140.336481595396,1.68454787653309,1.67212024143871,45
3,2008,142.969178697601,144.946757061568,1.75793482307932,1.75662201078603,45
3,2010,172.062615231878,173.808765069159,2.09217674671544,2.07980685462495,45
3,2013,197.091362568441,198.852238817007,2.07190050238643,2.06186577030319,45
4,2013,198.99823839575,200.991040501976,2.0840965359223,2.08300968644032,45
3,2014,203.845963851219,205.551164025642,2.03098428354573,2.02079226087235,45
4,2014,204.67066516581,206.175760754935,2.01923112205876,2.00847517608297,45
1,2015,209.392430540183,211.295111111108,2.03811818711039,2.02736723561141,45
2,2015,212.079978411244,213.914537764448,2.05840785727573,2.04772714683806,45
3,2015,213.182237459353,214.873350092729,2.04854423033347,2.03821074780692,45
4,2015,213.063674921592,214.570124687367,2.01728412686721,2.00702368852277,45
1,2016,216.172738646088,218.062866346622,2.00217810696961,1.99214773684077,45
3,2016,218.701971828709,220.560687670511,1.98751252004448,1.9817584710862,45
3,2017,226.290304678693,227.963073885597,1.97162022849804,1.96280274911125,45
4,2017,227.943892349117,229.993195289551,1.97760788205133,1.97875251263056,45
1,2018,230.138839365491,231.996970661713,1.94742216898029,1.93831653397124,45
2,2018,231.313507588436,233.09638153919,1.93786702976344,1.9290809907835,45
4,2018,234.243729833097,235.711352146327,1.93981789669263,1.93103089948798,45
1,2019,237.647505366922,239.518852637355,1.93272856060334,1.92437687465347,45
2,2019,238.874729048818,240.672758841241,1.92462870858933,1.91659015160307,45
3,2019,240.659934879287,242.280299048553,1.92960170843855,1.92105753516781,45
4,2019,245.977700700742,247.601323615961,1.99920960631429,1.99266563343721,45
1,2020,253.750045275782,255.668341096119,2.06943390506854,2.06041870308813,45
3,2020,278.004358818534,285.780818742034,2.47849358573725,2.59565998727028,45
4,2020,379.331498337434,385.119559542123,5.81422915420725,5.94986850351314,45
1,2021,454.72468246171,460.123759121287,10.5665868651437,10.6869863441425,45
2,2021,465.240038578476,468.830701750539,11.2184057635309,11.1774396611127,45
3,2021,468.553042567776,471.98373352522,11.2234544598571,11.1816168413352,45
1,2022,476.574823902847,480.189473353407,11.1670992657135,11.1225727000651,45
2,2022,480.109068121248,483.635522059693,11.1749839305953,11.130079667837,45
3,2022,484.511831950316,487.911521581642,11.2788947059283,11.2349689394068,45
4,2022,485.403021999901,488.629295716197,11.0832133837044,11.0407579056979,45
1,2023,487.644352046364,491.243378712107,10.7960211084174,10.7558658146872,45
2,2023,490.690504824293,494.196605098005,10.7648276211489,10.7243477568154,45
4,2023,492.833401644359,495.983074854063,10.4275017131458,10.3875367813448,45
1,2024,497.019651429025,500.546588651628,10.3235773976476,10.2842028164168,45
2,2024,500.283972310756,503.728593830613,10.3153403502297,10.2762581350369,45
3,2024,498.503264987508,501.767807259527,9.93524229842565,9.89825463230808,45
4,2024,500.186309972545,503.275488098332,9.8409009044316,9.80411803227912,45
1,2001,89.1458086238837,91.020937832836,1.98975651555244,1.96410823779444,48
2,2001,90.4324387031057,92.2359191985296,1.96764410830452,1.94391028751737,48
4,2001,96.035964227475,97.7412807015344,2.10427309870037,2.08715210636183,48
1,2002,99.5794442054765,101.533917810107,2.08708883243615,2.06418909394651,48
2,2002,102.011548022166,103.877556700977,2.11946196978727,2.09564510946011,48
3,2002,102.936697276787,104.632676684782,2.08755284608561,2.06427750234773,48
4,2002,103.90133473335,105.497905926532,2.06782611586244,2.04838806254043,48
2,2003,107.285371037836,109.154848874585,1.97127844980499,1.95405349370495,48
3,2003,109.243306216028,110.979838582452,1.98933995545959,1.97253082549855,48
4,2003,110.692267418257,112.251608587024,1.99361458925531,1.97634693829341,48
1,2004,116.025499499025,117.937652605554,2.05430539023791,2.03422829721858,48
2,2004,117.434443492159,119.274602748762,2.04043763768745,2.02149289736939,48
3,2004,118.982099942284,120.694538164734,2.04016426216211,2.02233791330739,48
4,2004,119.567403511906,121.072777568937,2.0102213695871,1.99179370141311,48
1,2005,124.351699366955,126.256066550745,2.04560052978386,2.0269254024088,48
2,2005,124.409299166472,126.20360374752,1.98360890895161,1.96588325915778,48
3,2005,120.194689165034,121.740000991902,1.79033071573746,1.77464471374842,48
4,2005,123.141573381018,124.557495440999,1.84480743925128,1.82894443428748,48
1,2006,123.26768540551,125.01023209857,1.73288193260517,1.7182485874441,48
3,2006,125.576004636021,127.086546554,1.71372011162838,1.69993553295617,48
4,2006,125.459079998548,126.916382599805,1.67726711304499,1.66744041986676,48
1,2007,129.664416598564,131.381183635598,1.69205630578302,1.67861970004196,48
2,2007,131.097537094178,132.834529157648,1.68864092379465,1.67814276063573,48
3,2007,132.103345355351,133.615512569277,1.67918041572673,1.6670638652247,48
4,2007,133.05010144774,134.373151274185,1.67331204392206,1.66077945917286,48
1,2008,136.821499690541,138.52811626911,1.67617123019548,1.66363680776796,48
2,2008,138.731523742875,140.361818639206,1.68517681233274,1.67274531141186,48
3,2008,142.52013075726,144.271068994695,1.74636633248292,1.73951176990717,48
4,2008,142.011521077714,143.710317348719,1.70332272418394,1.69995315292796,48
1,2009,145.312631538733,147.033257103439,1.69420909431029,1.68233073571204,48
3,2009,159.541126430833,161.187918012122,1.98203890436357,1.96846004849069,48
4,2009,165.817605433091,167.420506700884,2.12072238738432,2.10776460266432,48
1,2010,169.198438921922,171.137375771707,2.10602310636581,2.0920588368236,48
2,2010,171.487829140103,173.359697562839,2.12039701847123,2.10672044873353,48
3,2010,172.074158300068,173.785350168976,2.09249449225889,2.07917475996108,48
4,2010,173.508734429722,175.050029116431,2.09358219312877,2.08015038373292,48
1,2011,176.762242953627,178.686800123172,2.07676647052761,2.0636808329714,48
2,2011,177.744893005905,179.579934218054,2.05629469155873,2.04353619031756,48
3,2011,180.016093159923,181.749172303911,2.07459397925696,2.06281371128077,48
4,2011,181.603238058624,183.137442857275,2.07976146571387,2.06705625854739,48
1,2012,185.248195499225,187.179139658718,2.07390530705962,2.06165841233417,48
3,2012,188.992964809992,190.71302942074,2.08405306337958,2.07234667669917,48
4,2012,189.13778804244,190.80566683772,2.05373999595641,2.04524563654009,48
1,2013,192.52485884722,194.42922427822,2.042392055833,2.03062119018826,48
2,2013,194.634945865181,196.464508239253,2.05089585453015,2.03925825083437,48
4,2013,198.759226255843,200.331500185295,2.07851026984301,2.06782442521065,48
1,2014,201.174032077914,203.081315355337,2.04504732339359,2.03381398157209,48
2,2014,202.464185274827,204.284001961522,2.03474207560051,2.02365640283199,48
3,2014,203.815257360958,205.511166807788,2.03030661753339,2.01992363197132,48
4,2014,204.694916456561,206.202855659232,2.01975740195713,2.00905442124755,48
1,2015,209.419290428103,211.323979643211,2.03870063643667,2.02798337688961,48
3,2015,213.233761710863,214.934478280483,2.04964384935652,2.03949512508428,48
4,2015,213.056755305678,214.583492107276,2.01714031036085,2.00729694674722,48
1,2016,216.178696002688,218.073969083875,2.00229981650545,1.99237114541656,48
2,2016,218.06526048876,219.912050896682,2.00549412178861,1.99626681597898,48
3,2016,218.500851289194,220.14789681177,1.98351981721682,1.97367881410401,48
4,2016,220.763437296757,222.261795428696,2.00170573879095,1.99191616503668,48
1,2017,223.975644931522,225.860218253974,1.98946384747056,1.97989898161402,48
2,2017,225.652883936803,227.450139142092,1.98859326956426,1.97901331838407,48
3,2017,226.314834631395,227.965760423244,1.97208525226651,1.962853154859,48
4,2017,227.405437969256,228.901856941495,1.96749894607091,1.9585195648124,48
1,2018,230.151489693828,232.010162636629,1.94765458602307,1.93855551875406,48
2,2018,231.294067831804,233.066033010801,1.93751499822112,1.92853906335467,48
3,2018,232.256294300116,233.880218232949,1.92784022298385,1.91906994463248,48
4,2018,234.238210419173,235.705898871246,1.93971973979454,1.93093544120307,48
1,2019,237.668316032632,239.555567000635,1.9330942337005,1.92501344109084,48
2,2019,238.825505210247,240.596459711783,1.92377544247903,1.91528510254977,48
3,2019,240.660792704995,242.280745093431,1.92961648539929,1.92106511155186,48
4,2019,245.968042967469,247.46949949101,1.99903886389873,1.99036653288717,48
1,2020,253.75336071685,255.672159356463,2.06949408894346,2.06048711002863,48
4,2020,385.004286440761,392.836227338415,6.10308627435181,6.35196370742325,48
1,2021,454.509366617008,459.79332717252,10.5473235428205,10.6573526920307,48
2,2021,465.235472001622,468.862939370062,11.2179752687386,11.1804427933439,48
3,2021,468.54744794532,472.036781305008,11.2229312143031,11.1865199326059,48
4,2021,473.00209660071,477.001821836101,11.3517324447811,11.3764968934888,48
4,2022,485.368452283568,488.583644038014,11.0801487644689,11.036758633736,48
1,2023,487.638184510621,491.209283711965,10.7954926771778,10.7529786503835,48
2,2023,490.69243879392,494.179188908458,10.7649915511223,10.7228886697778,48
3,2023,491.253494175794,494.571619156563,10.5438626471958,10.5029162470008,48
4,2023,492.83429275079,495.987024580511,10.4275737372359,10.3878523675514,48
2,2024,500.283358134523,503.727409202151,10.3152919865571,10.2761659116326,48
3,2024,498.504528531651,501.769612259392,9.93533739967628,9.89838896221271,48
4,2024,500.185512685669,503.275996551878,9.84084191361061,9.8041552327812,48
1,2001,89.148669461278,91.0324859519601,1.98990632152836,1.96468986420292,49
2,2001,90.4324387031057,92.2568383217307,1.96764410830452,1.94492700068909,49
3,2001,93.2862689065901,95.2822768755449,2.03444875546109,2.02559107810581,49
2,2002,102.011548022166,103.883463377906,2.11946196978727,2.0959272995088,49
4,2002,103.90133473335,105.497905926532,2.06782611586244,2.04838806254043,49
4,2003,110.599408159124,112.884072635244,1.98984251624145,2.00148010993332,49
1,2004,116.156162689844,118.150501247607,2.05968069970715,2.04273534855798,49
3,2004,118.95756322174,120.634896354789,2.039201958018,2.02006434002682,49
1,2005,124.303816619932,126.217461652642,2.04378751283568,2.02550323526469,49
4,2005,123.141573381018,124.555785750568,1.84480743925128,1.82888927184049,49
4,2009,165.660990167507,167.233437235513,2.11617999444016,2.10245424695441,49
3,2010,172.321686471398,174.082729908622,2.09931885633287,2.08721843047141,49
2,2011,177.860683347413,179.75098674847,2.05931065879444,2.04790974058222,49
3,2011,179.925458809812,181.641375550595,2.07224527276969,2.06007108422331,49
2,2012,187.18140857824,189.094862329795,2.0781404122043,2.06752778348388,49
1,2013,192.52459830315,194.505660438025,2.04238587412089,2.03240592227441,49
2,2013,194.570990222076,196.397922719195,2.0493888261852,2.03771596775351,49
3,2013,197.144946756037,198.836461677593,2.07316230770876,2.06149999132198,49
4,2014,204.621396541261,206.152153744608,2.01816235186835,2.00797166304742,49
1,2015,209.38217814591,211.290838391368,2.03789590895574,2.02727605872694,49
2,2015,212.10058083716,213.939771083814,2.05885428737779,2.04826539218132,49
3,2015,213.203219239394,214.887136123908,2.04899193921216,2.03850033314889,49
4,2015,213.086305885691,214.596825536036,2.01775452718091,2.00756962673745,49
1,2016,216.167287445775,218.06441834077,2.00206674726503,1.99217895376774,49
2,2016,218.007855740988,219.812860908861,2.00433162846769,1.99428795502518,49
3,2016,218.787294292971,220.59820461986,1.98920880518167,1.98249471295745,49
4,2016,220.773737242283,222.307975596863,2.00190975849335,1.99281647189579,49
1,2017,223.974320243952,225.852889077469,1.98943800846822,1.97975810855882,49
2,2017,225.652883936803,227.450139142092,1.98859326956426,1.97901331838407,49
3,2017,226.269343321201,227.910569191495,1.97122294514705,1.96182211541279,49
4,2017,227.304506922427,228.786980890847,1.96560985105755,1.95640162479381,49
1,2018,230.13569343855,231.996121024128,1.94736437228896,1.93830114811228,49
2,2018,231.286707603109,233.084234610457,1.93738173506725,1.92886405148785,49
3,2018,232.256294300116,233.880218232949,1.92784022298385,1.91906994463248,49
4,2018,234.289312290312,235.790601966323,1.9406287226517,1.93242016705787,49
2,2019,238.787155423344,240.557926833246,1.92311093938866,1.91462635590939,49
4,2020,379.714121776916,385.278169586705,5.83327489905757,5.95787560774829,49
1,2021,454.402401337617,459.508528133278,10.5377669105527,10.6318774252695,49
2,2021,465.261257465644,468.804387096044,11.2204062962501,11.1749888931914,49
3,2021,468.579829355188,471.968939991928,11.2259600597112,11.1802498925084,49
4,2021,473.00209660071,476.96571758895,11.3517324447811,11.3731308676567,49
1,2022,476.560475319563,480.167567876048,11.1657859867745,11.1205920485085,49
3,2022,484.512101414362,487.903274276121,11.2789192140708,11.2342277053142,49
4,2022,485.368452283568,488.576291892594,11.0801487644689,11.0361147506121,49
1,2023,487.638708162679,491.215748402766,10.7955375447443,10.75352602387,49
2,2023,490.690941054007,494.178309334344,10.7648646007322,10.7228149881295,49
3,2023,491.249297781673,494.56887088772,10.543516981943,10.5026924976213,49
4,2023,492.83429275079,495.987024580511,10.4275737372359,10.3878523675514,49
1,2024,497.020749197724,500.546379181172,10.3236645758206,10.28418637348,49
2,2024,500.285829837522,503.729814053634,10.3154866164632,10.2763531309783,49
3,2024,498.502389953393,501.761127031375,9.93517643605666,9.89775748695253,49
4,2024,500.185512685669,503.275464051651,9.84084191361061,9.8041162723425,49
1,2001,89.1511575290106,91.0293421826967,1.99003661276675,1.96453151434689,50
4,2001,96.0011541288862,97.9788198754196,2.10248814513389,2.09897280739962,50
1,2002,99.5794442054765,101.518149538672,2.08708883243615,2.06343230043529,50
2,2002,102.011548022166,103.869398802679,2.11946196978727,2.09525768886828,50
2,2003,107.300667243149,109.123074840098,1.971920074419,1.95276065851089,50
4,2003,110.607176401639,113.083298504379,1.99015780198165,2.00944107951035,50
1,2004,116.066896438617,117.976275586642,2.05600688472296,2.03576941185596,50
2,2004,117.461310759571,119.282505923057,2.04151279184862,2.02180013240967,50
4,2004,119.567403511906,121.065947293869,2.0102213695871,1.99154186021386,50
1,2005,124.309509901688,126.212967662327,2.04400299723918,2.02533774220448,50
2,2005,124.377868069721,126.185925451976,1.98247571031652,1.96526265973729,50
3,2005,120.233944023616,121.830170449839,1.79158591302393,1.7774528298387,50
4,2005,123.141573381018,124.560561855765,1.84480743925128,1.82903952873931,50
1,2006,123.311886201768,125.066682075795,1.73420298957548,1.71989324957493,50
2,2006,125.256832437009,126.968156956467,1.74481511545774,1.73156456622944,50
4,2009,165.916943574207,167.476253339256,2.12360859910516,2.10935511700131,50
1,2001,89.1511575290106,91.0268890203219,1.99003661276675,1.96440795906153,53
2,2001,90.398582357328,92.1808527264487,1.96593678499264,1.94123635374218,53
3,2001,93.1993946297159,94.9881287098665,2.03003564261124,2.01111650250026,53
4,2001,96.035964227475,97.6624583383482,2.10427309870037,2.08324031452015,53
1,2002,99.5257458349744,101.588951443949,2.08442165036596,2.0668324189701,53
2,2002,102.011548022166,103.869116770125,2.11946196978727,2.09524448342418,53
3,2002,103.008739917293,104.735363198085,2.09097237156849,2.06899139031474,53
4,2002,103.90133473335,105.497905926532,2.06782611586244,2.04838806254043,53
1,2003,106.764185935398,108.688763209544,2.02302562411213,2.00276328488819,53
2,2003,107.285371037836,109.192924845473,1.97127844980499,1.95560401909115,53
3,2003,109.212918836437,111.003384649063,1.98808113213842,1.97347824548635,53
4,2003,110.692267418257,112.274328567347,1.99361458925531,1.97724512089873,53
1,2004,116.025499499025,117.935365743839,2.05430539023791,2.03413710211823,53
1,2001,89.1462128072713,91.0233606957477,1.98977768358842,1.96423025677312,54
2,2001,90.4064504875646,92.1995226212928,1.96633343299821,1.94214250453135,54
3,2001,93.2361411672539,95.0866301662757,2.03190115361559,2.01595200417385,54
4,2001,96.035964227475,97.6419135254934,2.10427309870037,2.08222202634793,54
1,2002,99.5363792121283,101.537317233191,2.08494920579596,2.06435221918541,54
2,2002,102.076779640554,103.951188497892,2.12267953856289,2.09915567398804,54
3,2002,103.093229471724,104.853916809136,2.09499079219946,2.07444751538914,54
4,2002,103.90133473335,105.572903217593,2.06782611586244,2.05172636762084,54
1,2003,106.761532102044,108.746486492483,2.02290893206384,2.00522434984751,54
2,2003,107.300667243149,109.165297162882,1.971920074419,1.95447901315114,54
3,2003,109.287693889871,110.969741122361,1.99118017762573,1.97212460000129,54
4,2003,110.599408159124,112.295553050403,1.98984251624145,1.97808005953932,54
1,2004,116.036292529222,117.945745021398,2.05474886646944,2.03455111579571,54
2,2004,117.461310759571,119.282505923057,2.04151279184862,2.02180013240967,54
3,2004,118.982099942284,120.672437893022,2.04016426216211,2.02149519800849,54
4,2004,119.567403511906,121.067281744018,2.0102213695871,1.99159091994939,54
1,2005,124.338243682005,126.247737935314,2.04509088851545,2.02661847381986,54
2,2005,124.485388426725,126.318989230893,1.98635488970698,1.96993747105747,54
3,2005,120.205648398172,121.768327015357,1.79068105121175,1.775526366414,54
4,2005,123.257542501233,124.730568164633,1.84856178974957,1.83439908475702,54
1,2006,123.279721415253,125.018684123767,1.73324156681184,1.71849478320113,54
2,2006,125.291731779249,127.060574159439,1.7458474465072,1.73423322861392,54
3,2006,125.576004636021,127.126078643178,1.71372011162838,1.70103719422186,54
4,2006,125.408679028002,127.348276993066,1.67588072245809,1.67907034956154,54
1,2007,129.678121625231,131.421721574635,1.69243035951649,1.67970005940152,54
2,2007,131.354082450139,133.190006863439,1.69553091440791,1.6874908689963,54
3,2007,132.070358986115,133.550010452554,1.67831534376837,1.6653866199408,54
4,2007,132.941940647927,134.414367169598,1.67053055764674,1.66181094285812,54
1,2008,137.011891079903,138.840408769599,1.68101560609852,1.6714085745937,54
2,2008,138.70593406114,140.390427028231,1.68453676138023,1.67344683689542,54
3,2008,143.153388286104,145.09838275013,1.76270263647488,1.76048550661359,54
4,2008,142.099956307901,143.468210756573,1.705505307781,1.69408709712254,54
2,2009,151.343113977673,153.912088149585,1.80427393279132,1.81348858188187,54
3,2009,161.185824008659,162.866075076439,2.02783134883856,2.01422766998599,54
4,2009,165.660990167507,167.213198625784,2.11617999444016,2.10187805926071,54
1,2010,169.173973665266,171.11677887755,2.10532696409944,2.09148439918344,54
2,2010,171.522937477164,173.388297537957,2.12138979639597,2.10751326980742,54
3,2010,172.135317566999,173.893535515012,2.09417791350125,2.08209674527085,54
4,2010,173.508734429722,175.051747290296,2.09358219312877,2.08019823632526,54
2,2011,177.786254362547,179.657331428863,2.05737151199401,2.04551393351567,54
3,2011,179.925458809812,181.624631273921,2.07224527276969,2.05964569281994,54
4,2011,181.600099034918,183.137719594579,2.07968092122208,2.06706305017113,54
1,2012,185.329942231723,187.589095443942,2.07597376970869,2.07186578332852,54
2,2012,187.200506282188,189.09770600904,2.07861860019589,2.06759781133031,54
3,2012,189.066263931201,190.994982082792,2.0858721863583,2.07922954009914,54
2,2013,194.511121019832,196.348538020947,2.04797909011325,2.03657297906863,54
3,2013,197.091362568441,198.821718010507,2.07190050238643,2.06115884651685,54
4,2013,198.99823839575,200.894182360731,2.0840965359223,2.08077248786081,54
4,2014,204.830894272183,206.35646577293,2.02271085565354,2.0123351680984,54
1,2015,209.407081479547,211.312516046819,2.03843586672836,2.02773867638721,54
2,2015,212.0798186402,213.915879265195,2.05840438821846,2.04775576238345,54
3,2015,213.203219239394,214.900427768715,2.04899193921216,2.03877952886735,54
4,2015,213.086305885691,214.604566519851,2.01775452718091,2.0077278039889,54
1,2016,216.167287445775,218.052065253133,2.00206674726503,1.9919304270506,54
2,2016,218.01566796656,219.820849897294,2.00448979421957,1.99444728011337,54
3,2016,218.701971828709,220.560687670511,1.98751252004448,1.9817584710862,54
4,2016,220.763437296757,222.266799342098,2.00170573879095,1.99201385553652,54
1,2017,223.979022771539,225.859300143468,1.98952972799903,1.97988133450017,54
2,2017,225.652883936803,227.455023336233,1.98859326956426,1.97910623126709,54
2,2018,231.286943471384,233.061997644652,1.93738600129733,1.92846701132049,54
3,2018,232.238756621551,233.859474541571,1.92752724139667,1.91870492533988,54
1,2019,237.668316032632,239.555567000635,1.9330942337005,1.92501344109084,54
3,2020,275.85401260201,296.091269473964,2.43297672859818,2.83473779717806,54
4,2020,375.083207415537,380.475767579441,5.60689575357896,5.72025863044269,54
1,2021,455.014609644842,460.343648775811,10.5925809080514,10.7067520708296,54
2,2021,465.236854902111,468.815781222143,11.2181056355026,11.176049993762,54
3,2021,468.551933443336,471.982181381483,11.2233507198914,11.1814734081765,54
4,2021,472.945004940962,476.785833627997,11.3463777131785,11.3563749106371,54
1,2022,476.56355011677,480.172973209005,11.1660674000133,11.121080760357,54
2,2022,480.108727729566,483.638474950255,11.1749530113894,11.1303447140668,54
3,2022,484.541827783952,487.974388543762,11.2816234092839,11.2406207507271,54
4,2022,485.418088322686,488.659678242279,11.0845492899401,11.0434203096816,54
1,2023,487.640697480967,491.228446625101,10.7957079856481,10.7546012663608,54
2,2023,490.693414608019,494.180368429633,10.7650742644913,10.7229874869669,54
3,2023,491.263542181802,494.583626657944,10.544690365281,10.5038939062242,54
4,2023,492.83336552222,495.98520062011,10.4274987933763,10.3877066305329,54
1,2024,497.022562644295,500.54822048815,10.3238085838039,10.2843309282887,54
2,2024,500.285829837522,503.729633929083,10.3154866164632,10.2763391031831,54
3,2024,498.502804690075,501.761663775262,9.93520765171116,9.89779743400702,54
4,2024,500.18672955577,503.27585949687,9.84093194934006,9.80414520719269,54
1,2001,89.1531777904895,91.0905400569812,1.99014241299771,1.96761640090994,55
1,2001,89.1474570428065,91.0267310400535,1.98984284409289,1.96439999392922,56
2,2001,90.4064504875646,92.1940843507945,1.96633343299821,1.94187851834276,56
3,2001,93.1663143736559,94.8570778408011,2.02835771101994,2.00470117737604,56
1,2002,99.617418882028,101.569908998516,2.08897670493437,2.06591750869488,56
2,2002,102.145693215916,104.016374621604,2.126082206129,2.10226677109403,56
3,2002,103.298954987637,105.114620007257,2.10480760806736,2.08649719921357,56
4,2002,103.96882645235,105.50739540559,2.0709279230261,2.04881092954401,56
1,2003,106.764185935398,108.679845399277,2.02302562411213,2.00238333810673,56
2,2003,107.290764997022,109.127290795009,1.97150468153099,1.95293211918437,56
3,2003,109.287693889871,110.949234531593,1.99118017762573,1.97129934581562,56
4,2003,110.599408159124,112.260652788932,1.98984251624145,1.97670090634882,56
1,2004,116.022990258787,117.938405329148,2.05420230072259,2.03425833135937,56
2,2004,117.434443492159,119.261713345492,2.04043763768745,2.02099191109789,56
3,2004,118.982099942284,120.672437893022,2.04016426216211,2.02149519800849,56
4,2004,119.567403511906,121.071782332918,2.0102213695871,1.99175663037343,56
1,2005,124.309509901688,126.21626167606,2.04400299723918,2.02545905025467,56
2,2005,124.377868069721,126.17437844673,1.98247571031652,1.96485758604964,56
3,2005,120.279523568441,121.950908413563,1.79304444616729,1.78121987547641,56
4,2005,123.141573381018,124.554763482673,1.84480743925128,1.82885814954912,56
1,2006,123.294456385642,125.051736503197,1.7336819422968,1.71945764016556,56
2,2006,125.256832437009,126.943570354513,1.74481511545774,1.73085534277621,56
3,2006,125.602097515398,127.305102683898,1.71446539287504,1.70603382100055,56
4,2006,125.408679028002,127.276355954509,1.67588072245809,1.67712928435215,56
1,2007,129.67071617092,131.407569459359,1.69222823249832,1.67932008696012,56
2,2007,131.280973474596,133.055222526076,1.69356458543041,1.68393878321304,56
3,2007,132.076983112563,133.58384804522,1.67848902730643,1.66625329702747,56
1,2008,136.922606233554,138.677821605636,1.67874313081867,1.66735790211477,56
3,2008,142.802064715108,144.5093622315,1.75362066178718,1.74552820827573,56
4,2008,142.011521077714,143.561126679068,1.70332272418394,1.69633846895961,56
1,2009,145.299442512563,147.384281952904,1.69389351234493,1.6906639970526,56
2,2009,151.440011853495,153.589494555552,1.80673785483846,1.80538195661382,56
1,2010,169.180297401233,171.159649389896,2.10550726637273,2.0926801657117,56
2,2010,171.503438407605,173.365277544944,2.12083835162321,2.10687505982553,56
4,2010,173.765856963001,175.313013371964,2.10058184367546,2.08717107158796,56
1,2011,176.762242953627,178.702547831987,2.07676647052761,2.06409221468857,56
2,2011,177.781977197215,179.624671097989,2.05726014094371,2.04467914239948,56
3,2011,180.016093159923,181.76362482163,2.07459397925696,2.06318151762994,56
4,2011,181.603238058624,183.141886338898,2.07976146571387,2.06716844228471,56
3,2012,189.004605795657,190.88290691275,2.0843418554617,2.07649106956218,56
4,2012,189.124376698761,190.743761946491,2.05341617528566,2.04377770910729,56
3,2013,197.091362568441,198.821718010507,2.07190050238643,2.06115884651685,56
2,2014,202.452441535724,204.27530914563,2.03447950742078,2.02346521052117,56
1,2017,223.975644931522,225.854739727823,1.98946384747056,1.97979367818313,56
2,2017,225.643465334918,227.440542309677,1.98841144180145,1.97883071960947,56
3,2017,226.238142941825,227.87879166246,1.97063174307087,1.96122852391622,56
4,2017,227.304506922427,228.783234915977,1.96560985105755,1.95633208292164,56
1,2018,230.131008453517,231.998679515474,1.94727830431356,1.93834749284909,56
2,2018,231.294067831804,233.068637586907,1.93751499822112,1.92858557745138,56
3,2018,232.256294300116,233.875060426803,1.92784022298385,1.91897924110722,56
4,2018,234.289312290312,235.790601966323,1.9406287226517,1.93242016705787,56
1,2019,237.647505366922,239.518852637355,1.93272856060334,1.92437687465347,56
2,2019,238.825505210247,240.60240631339,1.92377544247903,1.91538677437722,56
3,2019,240.673562709338,242.29411074356,1.929836479899,1.92129229085009,56
4,2019,245.968042967469,247.464907106339,1.99903886389873,1.99028636812307,56
1,2020,253.749177297789,255.667426826548,2.06941814921377,2.06040232420009,56
2,2020,271.472693177344,311.182058709214,2.37752953414145,3.27726686839037,56
3,2020,275.832716892151,299.631046733688,2.43253016488474,2.92180482295394,56
4,2020,382.752540996899,389.956634148555,5.98674906125949,6.19882617439531,56
1,2021,454.905509603743,460.290884874949,10.5827918184481,10.7020058178629,56
2,2021,465.238377097957,468.812353498188,11.2182491332658,11.17573076997,56
3,2021,468.544033169343,472.018146799243,11.2226118514373,11.1847973218038,56
4,2021,472.836636116858,476.597632354454,11.3362205273802,11.3388705521334,56
1,2022,476.560475319563,480.167567876048,11.1657859867745,11.1205920485085,56
2,2022,480.109638600672,483.633915973949,11.1750357637838,11.1299355107867,56
3,2022,484.526465518183,487.926451203479,11.2802258286506,11.2363108703913,56
4,2022,485.356069459587,488.565641189836,11.0790512306969,11.0351819205695,56
1,2023,487.642372305635,491.222416062694,10.7958514849866,10.7540906063723,56
2,2023,490.689844585169,494.18334862556,10.7647716618616,10.7232371439102,56
3,2023,491.253494175794,494.571636203497,10.5438626471958,10.5029176343296,56
4,2023,492.83429275079,495.985924029174,10.4275737372359,10.38776442785,56
1,2024,497.020749197724,500.546379181172,10.3236645758206,10.28418637348,56
2,2024,500.285829837522,503.729814053634,10.3154866164632,10.2763531309783,56
3,2024,498.502389953393,501.761232379424,9.93517643605666,9.89776533031733,56
4,2024,500.18672955577,503.276061224924,9.84093194934006,9.80415997236129,56
1,2001,89.1511575290106,91.0268890203219,1.99003661276675,1.96440795906153,57
2,2001,90.4171829285338,92.2057921822309,1.96687459406911,1.94244692165852,57
3,2001,93.2361411672539,95.1823391016816,2.03190115361559,2.02066172806556,57
4,2001,96.0011541288862,97.885142976431,2.10248814513389,2.09430083062808,57
1,2002,99.5975081045768,101.527678793184,2.0879866452283,2.06388958856234,57
2,2002,102.145693215916,104.006597780033,2.126082206129,2.10180115824569,57
3,2002,103.298954987637,105.137341104507,2.10480760806736,2.08755085508911,57
1,2003,106.768824867509,108.687475749271,2.02322964401479,2.00270844886857,57
3,2003,109.346004285976,111.006127493681,1.99360018647935,1.97358926795295,57
4,2003,110.599408159124,112.466570575862,1.98984251624145,1.98485175403418,57
1,2004,116.054775914195,117.969897137529,2.05550856189712,2.03551477566105,57
2,2004,117.481040072139,119.304414980606,2.04230266083357,2.02265204828342,57
3,2004,118.960547120061,120.640616597985,2.03931895962665,2.0202822882313,57
4,2004,119.567403511906,121.071782332918,2.0102213695871,1.99175663037343,57
1,2005,124.338243682005,126.242240893307,2.04509088851545,2.02641597035573,57
2,2005,124.409299166472,126.206999482386,1.98360890895161,1.96600241288639,57
3,2005,120.279523568441,121.950908413563,1.79304444616729,1.78121987547641,57
4,2005,123.257542501233,124.711649819495,1.84856178974957,1.83380266737086,57
1,2006,123.26768540551,125.015142834015,1.73288193260517,1.71839165676268,57
2,2006,125.291731779249,127.060574159439,1.7458474465072,1.73423322861392,57
3,2006,125.579583475084,127.180363066481,1.71382231019132,1.70255066194904,57
4,2006,125.408679028002,127.348276993066,1.67588072245809,1.67907034956154,57
1,2007,129.67071617092,131.407569459359,1.69222823249832,1.67932008696012,57
2,2007,131.354082450139,133.256366774391,1.69553091440791,1.68924106364072,57
3,2007,132.08348522778,133.573068662476,1.67865952922189,1.66597715857347,57
4,2007,133.24055299306,134.706328881435,1.67821764675093,1.66916147716744,57
1,2008,136.922606233554,138.677821605636,1.67874313081867,1.66735790211477,57
2,2008,138.714979813078,140.402069290832,1.68476418694008,1.67373545449726,57
3,2008,143.153388286104,145.202934638053,1.76270263647488,1.76315326066195,57
4,2008,142.099956307901,143.47268019381,1.705505307781,1.69420168378289,57
1,2009,145.30480945277,147.441946825199,1.69402338199421,1.69204166732057,57
2,2009,152.126718127079,154.162839396536,1.82429676866623,1.81981546641544,57
3,2009,162.965331280405,164.758154692782,2.07857001098807,2.06710575150337,57
4,2009,165.561035176366,167.30443192908,2.11328463522232,2.10447073045794,57
1,2010,169.167010966188,171.117493331828,2.10512927110032,2.09150433069435,57
3,2010,172.135317566999,173.86657972927,2.09417791350125,2.08136834981866,57
4,2010,174.07883375567,175.750238000955,2.10913196050967,2.09888331766599,57
2,2011,177.757289250439,179.58779108094,2.05661736577783,2.04373688427087,57
4,2011,181.600099034918,183.179470297299,2.07968092122208,2.0681142271765,57
1,2012,185.248195499225,187.366039002434,2.07390530705962,2.06630570857235,57
2,2012,187.18140857824,189.128459866162,2.0781404122043,2.06835485297658,57
4,2012,189.13778804244,190.870834317206,2.05373999595641,2.04679407051982,57
1,2013,192.535504804888,194.469536511286,2.04264489560004,2.03156228909236,57
2,2013,194.702969828805,196.532573941452,2.0524999690955,2.04083626393034,57
3,2013,197.382638715168,199.087746251209,2.07876878470981,2.06732722951211,57
4,2013,198.759226255843,200.389781724642,2.07851026984301,2.06916184453162,57
1,2014,201.187084951258,203.095296994747,2.04534393415323,2.03412648010005,57
2,2014,202.456195977946,204.278627756382,2.03456345294266,2.02353821273675,57
3,2014,203.815257360958,205.511166807788,2.03030661753339,2.01992363197132,57
4,2014,205.028784339523,206.73386446517,2.02701678550021,2.0204163054206,57
1,2015,209.377788325297,211.285045893897,2.0378007433602,2.02715245505955,57
3,2015,213.203219239394,214.887136123908,2.04899193921216,2.03850033314889,57
4,2015,213.056755305678,214.583492107276,2.01714031036085,2.00729694674722,57
1,2016,216.178696002688,218.069197049444,2.00229981650545,1.9922751245123,57
2,2016,218.044374131491,219.856374685628,2.0050710757125,1.99515584676653,57
3,2016,218.630612105101,220.355023136173,1.98609494867731,1.97772890535389,57
4,2019,245.968042967469,247.463485212541,1.99903886389873,1.99026149878529,57
1,2020,253.74689136584,255.665314928232,2.06937665490415,2.06036448347518,57
1,2001,89.159736334843,91.0926566549891,1.99048592488721,1.96772317954854,59
2,2001,90.4764746950443,92.3916886032145,1.96986698139289,1.95149398432503,59
3,2001,93.2361411672539,95.1482469856071,2.03190115361559,2.0189828055429,59
1,2002,99.5632319696471,101.575038780762,2.08628283876918,2.06616393089199,59
3,2002,103.298954987637,105.09397432881,2.10480760806736,2.08554128182237,59
4,2002,103.905213591964,105.432943699722,2.06800425960574,2.04550209441891,59
1,2003,106.761532102044,108.716730034309,2.02290893206384,2.00395529434132,59
2,2003,107.290764997022,109.195294111611,1.97150468153099,1.9557006334993,59
3,2003,109.212918836437,110.956181094107,1.98808113213842,1.97157841999686,59
4,2003,110.570969762069,112.587152626941,1.98868874754921,1.98963125795665,59
1,2004,116.036292529222,117.948224873709,2.05474886646944,2.03465004598504,59
2,2004,117.461310759571,119.282384001236,2.04151279184862,2.0217953649768,59
4,2004,119.584277515756,121.106877006841,2.01086107329073,1.9930492623044,59
1,2005,124.303816619932,126.217461652642,2.04378751283568,2.02550323526469,59
2,2005,124.377868069721,126.171243846673,1.98247571031652,1.96474765897689,59
3,2005,120.342302767008,122.024057432987,1.7950553234354,1.78350619196253,59
4,2005,123.100503102297,124.530054320039,1.84347966273693,1.82807915335125,59
1,2006,123.279721415253,125.023946255876,1.73324156681184,1.71864807451534,59
2,2006,125.256832437009,127.044409417498,1.74481511545774,1.73376610356981,59
3,2006,125.576004636021,127.193892601925,1.71372011162838,1.70292862282839,59
4,2006,125.408679028002,127.504916633325,1.67588072245809,1.6833111372407,59
1,2007,129.678121625231,131.411978771483,1.69243035951649,1.67944034593382,59
2,2007,131.213821125042,132.917671800431,1.69176046831475,1.68032680255477,59
3,2007,132.103345355351,133.651505939167,1.67918041572673,1.66798584855236,59
4,2007,133.05010144774,134.390545491264,1.67331204392206,1.6612128625601,59
1,2008,136.949513481809,138.714796317134,1.67942491991837,1.66827660623322,59
2,2008,138.730197952896,140.43821206257,1.68514352602118,1.67462512818583,59
3,2008,143.805675978272,146.232349763697,1.77968978690685,1.7896437378564,59
4,2008,142.01113092074,143.645362110326,1.70331310803357,1.6983683501151,59
4,2009,166.297664251854,168.011707787597,2.13470464350803,2.12465200288889,59
1,2010,169.17453163119,171.112393897535,2.10534283470473,2.0913612441117,59
2,2010,171.604706835911,173.502763410827,2.1237038295921,2.11068819369938,59
1,2011,176.761685878528,178.688759691299,2.07675164215981,2.06373202183381,59
2,2014,202.456195977946,204.282498685373,2.03456345294266,2.0236233492764,59
3,2014,203.815257360958,205.501548013094,2.03030661753339,2.01971486824453,59
4,2014,204.694916456561,206.208489921606,2.01975740195713,2.00917511877843,59
2,2015,212.10058083716,213.93563117249,2.05885428737779,2.04817708548822,59
4,2017,227.572095944941,229.329152110411,1.9706222233115,1.96641547157521,59
1,2018,230.131008453517,231.990411553081,1.94727830431356,1.93819772665936,59
2,2018,231.284489847622,233.060113267729,1.93734158624677,1.92843335582991,59
1,2001,89.148669461278,91.0548856066172,1.98990632152836,1.96581853452745,61
2,2001,90.4002488555535,92.1922311934345,1.96602079361108,1.94178856304794,61
3,2001,93.1993946297159,94.9881287098665,2.03003564261124,2.01111650250026,61
4,2001,96.035964227475,97.5975851748045,2.10427309870037,2.08002613684398,61
1,2002,99.5488756992949,101.587986345589,2.08557036985071,2.06678609953488,61
3,2002,103.008739917293,104.707189330501,2.09097237156849,2.06769783139316,61
4,2002,103.90133473335,105.478845363773,2.06782611586244,2.04754054753498,61
1,2003,106.764185935398,108.754861669305,2.02302562411213,2.00558172538443,61
4,2003,110.570969762069,112.531054384221,1.98868874754921,1.98740259399425,61
1,2004,116.044573827471,117.983611855789,2.05508920459706,2.03606227834483,61
2,2004,117.504954209858,119.34187237715,2.04326048382968,2.02410967039905,61
4,2004,119.567403511906,121.072777568937,2.0102213695871,1.99179370141311,61
1,2005,124.326725290423,126.247069029104,2.0446547188451,2.02659388636229,61
4,2005,123.141573381018,124.555785750568,1.84480743925128,1.82888927184049,61
1,2006,123.25835172195,125.002195380843,1.73260310206098,1.71801456254311,61
2,2006,125.378618359735,127.134104177895,1.74842022140262,1.73635963833368,61
3,2006,125.602097515398,127.212126568522,1.71446539287504,1.70343672851664,61
4,2006,125.408679028002,127.086544844406,1.67588072245809,1.67200961823828,61
1,2007,129.67071617092,131.392816663281,1.69222823249832,1.67892964710365,61
2,2007,131.280973474596,133.008371582191,1.69356458543041,1.68270947125561,61
3,2007,132.076983112563,133.58384804522,1.67848902730643,1.66625329702747,61
4,2007,133.05010144774,134.429322616089,1.67331204392206,1.66218438783884,61
1,2008,136.979277678601,138.773358475971,1.68018517432883,1.66973505227669,61
2,2008,138.70593406114,140.362727980267,1.68453676138023,1.67276547864851,61
3,2008,142.802064715108,144.544048108556,1.75362066178718,1.74640518667744,61
4,2008,142.099956307901,143.57972588116,1.705505307781,1.69679384678372,61
2,2009,151.542002216375,153.433552751596,1.80933490531078,1.80147272569426,61
4,2009,165.604470603956,167.841348412842,2.11454312372062,2.11976721833328,61
1,2010,169.167010966188,171.103865545092,2.10512927110032,2.09112433842134,61
2,2010,171.604706835911,173.526795093097,2.1237038295921,2.11135561317903,61
4,2010,173.308605936859,174.848327820094,2.0881519320734,2.07478301609982,61
3,2011,179.782604411901,181.482030621284,2.06854872672298,2.05602348161104,61
4,2011,181.665479313379,183.2064753658,2.08135922207043,2.06879526327765,61
4,2014,204.694916456561,206.202855659232,2.01975740195713,2.00905442124755,61
1,2015,209.388524180394,211.296008454001,2.03803349291274,2.02738636990707,61
2,2015,212.082602639234,213.920188666324,2.05846471795649,2.04784766735503,61
3,2015,213.185917846495,214.871062179663,2.04862275423934,2.03816271512683,61
4,2015,213.056755305678,214.596932325353,2.01714031036085,2.00757195449709,61
1,2016,216.178696002688,218.073969083875,2.00229981650545,1.99237114541656,61
2,2016,218.01566796656,219.826014850178,2.00448979421957,1.99455026959304,61
3,2016,218.573275151449,220.273910595608,1.98495667113972,1.97614181412183,61
4,2016,220.763437296757,222.274967559287,2.00170573879095,1.99217329123989,61
1,2017,223.979022771539,225.859300143468,1.98952972799903,1.97988133450017,61
2,2017,225.643465334918,227.44185591713,1.98841144180145,1.97885570653307,61
3,2017,226.238142941825,227.87879166246,1.97063174307087,1.96122852391622,61
4,2017,227.304506922427,228.783467177984,1.96560985105755,1.95633660309098,61
1,2018,230.13569343855,231.995933634634,1.94736437228896,1.93829774528542,61
2,2018,231.294067831804,233.073884804851,1.93751499822112,1.9286792418747,61
3,2018,232.238756621551,233.859474541571,1.92752724139667,1.91870492533988,61
4,2018,234.238210419173,235.705898871246,1.93971973979454,1.93093544120307,61
1,2019,237.668316032632,239.545567052324,1.9330942337005,1.92484004523085,61
2,2019,238.795201650087,240.564458062554,1.92325034536411,1.91473797376709,61
3,2019,240.673562709338,242.302687139771,1.929836479899,1.92143802192476,61
4,2019,245.977700700742,247.568220911091,1.99920960631429,1.99208789456586,61
1,2020,253.749177297789,255.668440063626,2.06941814921377,2.06042047349309,61
2,2020,259.318828787976,263.300201203674,2.13908639087724,2.16895429286886,61
3,2020,276.000630072011,305.98538315849,2.43605348422302,3.08486461587948,61
1,2021,454.616794617007,459.924619381584,10.5569302404649,10.6691173355591,61
2,2021,465.235472001622,468.817145704035,11.2179752687386,11.17617707061,61
3,2021,468.56197417076,471.961629933064,11.2242898432131,11.1795744834379,61
4,2021,473.00209660071,476.907442305842,11.3517324447811,11.3676999281586,61
1,2022,476.56989477249,480.198762521867,11.1666481011816,11.1234127093529,61
2,2022,480.111111074752,483.63669708751,11.1751695423507,11.1301851360489,61
4,2022,485.438790682028,488.700800459214,11.0863851895549,11.0470248569623,61
1,2023,487.641500033757,491.213850653452,10.7957767445012,10.7533653355861,61
4,2023,492.83429275079,495.987024580511,10.4275737372359,10.3878523675514,61
1,2024,497.020749197724,500.547540632739,10.3236645758206,10.2842775532288,61
2,2024,500.283358134523,503.728759466922,10.3152919865571,10.2762710283144,61
4,2024,500.185512685669,503.275996551878,9.84084191361061,9.8041552327812,61
1,2001,89.148669461278,91.0250283663636,1.98990632152836,1.96431423791956,63
2,2001,90.4764746950443,92.3709425708993,1.96986698139289,1.95048225319212,63
3,2001,93.3496773557984,95.4850233653222,2.03767590536505,2.03562864979583,63
4,2001,96.1048495894266,98.4008167167624,2.10780988629716,2.12012996810266,63
1,2002,99.5363792121283,101.606539493977,2.08494920579596,2.06767795887751,63
2,2002,102.218252815224,104.106053005002,2.12967455899944,2.10655647922145,63
3,2002,103.008739917293,104.711034941232,2.09097237156849,2.06787422478533,63
4,2002,103.90133473335,105.4395828292,2.06782611586244,2.04579607703941,63
1,2003,106.79853101727,108.976415175307,2.02453661150387,2.01505738071679,63
2,2003,107.285371037836,109.263217066095,1.97127844980499,1.95846967355636,63
3,2003,109.196585049457,110.995958201131,1.98740482538669,1.97317867269879,63
1,2004,116.029933930427,117.938125078607,2.05448758657607,2.03424715267746,63
2,2004,117.445776007139,119.268865115657,2.04089106353876,2.02126987369657,63
4,2004,119.567403511906,121.079447482227,2.0102213695871,1.99203896045658,63
1,2005,124.309509901688,126.231762696913,2.04400299723918,2.02602996396306,63
2,2005,124.445145047885,126.249563718712,1.98490208138185,1.96749713755839,63
3,2005,120.233944023616,121.830170449839,1.79158591302393,1.7774528298387,63
4,2005,123.257542501233,124.711649819495,1.84856178974957,1.83380266737086,63
1,2006,123.294456385642,125.051736503197,1.7336819422968,1.71945764016556,63
2,2006,125.332334944992,127.153345286498,1.74704926230619,1.73691629017649,63
3,2006,125.579583475084,127.207181863069,1.71382231019132,1.70329903271434,63
4,2006,125.449275661275,127.699873014904,1.67699780124257,1.68859224331212,63
1,2007,129.666147410651,131.385116176484,1.69210353739483,1.67872217307246,63
4,2007,132.950284936786,134.26558960892,1.67074674560419,1.65807628094554,63
1,2008,137.011891079903,138.840408769599,1.68101560609852,1.6714085745937,63
2,2008,138.730197952896,140.420018537738,1.68514352602118,1.67417722713842,63
3,2008,143.153388286104,144.963135548076,1.76270263647488,1.75704073810043,63
3,2009,160.761105721992,162.433148256301,2.01590573888116,2.00231905353935,63
4,2009,165.817605433091,167.37610801497,2.12072238738432,2.10650548385562,63
1,2013,192.52992164391,194.506504110815,2.0425122913596,2.03242566400122,63
2,2014,202.456195977946,204.276416191697,2.03456345294266,2.02348956755489,63
3,2014,203.733424782943,205.403569464565,2.02850175236151,2.01758887880179,63
4,2014,204.621396541261,206.183961422537,2.01816235186835,2.0086508287054,63
1,2016,216.157904175104,218.042732164574,2.00187506780468,1.99174264754409,63
2,2016,218.004407225123,219.821560890683,2.00426182466732,1.99446144953285,63
4,2017,227.304506922427,228.786980890847,1.96560985105755,1.95640162479381,63
1,2018,230.128466408754,232.016611003497,1.94723160935093,1.93867233567231,63
2,2018,231.286943471384,233.066704651776,1.93738600129733,1.9285510569781,63
3,2018,232.236192738178,233.863500898544,1.9274814900163,1.91877573478695,63
2,2019,238.807986003177,240.583719130581,1.92347185024883,1.9150672450267,63
3,2019,240.74387832162,242.415396583506,1.93104826458617,1.92335469961829,63
1,2020,253.748012689948,255.671272679545,2.06939700727216,2.0604712203634,63
2,2020,261.227181505201,276.989068302584,2.17487820145228,2.44060182050692,63
4,2020,378.948261492433,385.592288978621,5.79521520522371,5.97374070835991,63
1,2021,455.197440083054,460.702800724013,10.6090058302757,10.7391145478184,63
2,2021,465.232159164609,468.819925017283,11.2176629826869,11.1764359231079,63
4,2021,473.00209660071,476.896072514421,11.3517324447811,11.3666406283011,63
1,2022,476.579899255507,480.192058407939,11.1675638311343,11.1228064578159,63
2,2022,480.110700543072,483.651628672857,11.1751322444112,11.1315254431567,63
3,2022,484.522218714281,487.910438753559,11.2798395090482,11.2348716245567,63
1,2023,487.642372305635,491.222416062694,10.7958514849866,10.7540906063723,63
2,2023,490.69243879392,494.179434632248,10.7649915511223,10.7229092557334,63
4,2023,492.83429275079,495.982168917333,10.4275737372359,10.3874643967382,63
1,2024,497.018600857656,500.545015461617,10.3234939682777,10.2840793134861,63
2,2024,500.282369432964,503.726670467244,10.3152141377058,10.2761083998627,63
4,2024,500.185512685669,503.274642091103,9.84084191361061,9.8040561384884,63
1,2001,89.1511575290106,91.0456784378347,1.99003661276675,1.96535451184032,64
4,2001,96.0241806152888,98.0422473557885,2.10366798530161,2.10213384935141,64
1,2002,99.5558215887331,101.514419217951,2.08591452463556,2.06325330098116,64
2,2002,102.145693215916,104.006597780033,2.126082206129,2.10180115824569,64
4,2002,103.905213591964,105.445357275061,2.06800425960574,2.04605412561457,64
1,2001,89.1458086238837,91.0239754238098,1.98975651555244,1.9642612157319,67
2,2002,102.145693215916,104.050907062285,2.126082206129,2.10391783256503,67
4,2002,104.27277943778,106.107889019233,2.08495574069139,2.07568935043844,67
1,2003,106.764185935398,108.666326329363,2.02302562411213,2.0018074807899,67
2,2003,107.385206571958,109.174110775958,1.97547001176397,1.95483784591747,67
4,2003,110.692267418257,112.251608587024,1.99361458925531,1.97634693829341,67
1,2004,116.025499499025,117.937652605554,2.05430539023791,2.03422829721858,67
2,2004,117.504954209858,119.36426492602,2.04326048382968,2.0249809952213,67
4,2004,119.567403511906,121.067281744018,2.0102213695871,1.99159091994939,67
1,2005,124.338243682005,126.258435237902,2.04509088851545,2.02701262966141,67
2,2005,124.578988262668,126.522626455608,1.98973802139812,1.97711291424312,67
4,2005,123.257542501233,124.730568164633,1.84856178974957,1.83439908475702,67
1,2006,123.279721415253,125.049841959942,1.73324156681184,1.7194024136419,67
2,2006,125.256832437009,126.921764583836,1.74481511545774,1.73022671936192,67
4,2006,125.600029913234,127.002964333997,1.68114122566372,1.66977210765586,67
1,2007,129.676252713475,131.424647429039,1.6923793455837,1.67977806141001,67
2,2007,130.937920480852,132.567585324905,1.68436825986327,1.67115983260072,67
4,2007,133.520058633409,135.018890879257,1.6854432966821,1.67707130722971,67
1,2008,136.843675943291,138.589344365004,1.67673429378966,1.66515767333835,67
2,2008,138.731523742875,140.393412729636,1.68517681233274,1.67352268988718,67
4,2008,142.275763590615,143.619801197065,1.70985256896506,1.69775411831059,67
1,2009,145.367727516054,147.698704007647,1.69554666378218,1.69816727621151,67
1,2010,169.166001014161,171.138585587504,2.10509978700021,2.09209257161777,67
2,2010,171.573579553226,173.460175325295,2.12282263586355,2.1095072033328,67
4,2010,173.508734429722,175.051747290296,2.09358219312877,2.08019823632526,67
1,2011,176.774980308026,178.719627722247,2.07710563084015,2.0645384864693,67
2,2011,177.749018555699,179.583511245064,2.05640207298904,2.04362756665902,67
1,2012,185.329942231723,187.455038391475,2.07597376970869,2.0685223837484,67
2,2012,187.18140857824,189.147630213671,2.0781404122043,2.06882690436174,67
4,2012,189.211790531099,191.371266187775,2.05552769510326,2.0587209267617,67
1,2013,192.52459830315,194.537734758727,2.04238587412089,2.03315531351019,67
2,2013,194.40370889597,196.2360529195,2.04545229420025,2.03397149172526,67
4,2013,198.759226255843,200.307302259982,2.07851026984301,2.06726958423168,67
1,2014,201.174032077914,203.081315355337,2.04504732339359,2.03381398157209,67
4,2014,204.694916456561,206.200332782823,2.01975740195713,2.0090001503198,67
1,2015,209.396825637329,211.307169149097,2.03821348162197,2.02762454968806,67
3,2015,213.185917846495,214.865258029017,2.04862275423934,2.03804076477087,67
1,2016,216.157904175104,218.046996020913,2.00187506780468,1.9918284192485,67
2,2016,218.027841835639,219.844368090521,2.00473629147232,1.99491631952769,67
3,2016,218.530009348923,220.183961172209,1.98409816985057,1.97438343467887,67
4,2016,220.81695816354,222.335818332667,2.00276606776012,1.99335991188243,67
1,2017,223.979022771539,225.859300143468,1.98952972799903,1.97988133450017,67
2,2017,225.652883936803,227.460067465066,1.98859326956426,1.97920220486376,67
4,2017,227.405437969256,228.929519692,1.96749894607091,1.95902922273339,67
1,2018,230.142520794193,232.000143979818,1.94748980340304,1.9383740154712,67
2,2018,231.305861063195,233.086652594781,1.93772854926051,1.92890723873399,67
3,2018,232.256294300116,233.875060426803,1.92784022298385,1.91897924110722,67
4,2018,234.408190439424,235.96671894072,1.94274494632117,1.93551146138451,67
1,2019,237.691292735433,239.628541356027,1.93349804769755,1.9262793080434,67
2,2019,238.825505210247,240.60240631339,1.92377544247903,1.91538677437722,67
4,2019,245.977700700742,247.594309169761,1.99920960631429,1.99254319305483,67
1,2020,253.746503150804,255.675961801751,2.06936960600337,2.06055523350571,67
1,2001,89.1474570428065,91.0311949086818,1.98984284409289,1.96462482287072,68
3,2001,93.1993946297159,94.9881287098665,2.03003564261124,2.01111650250026,68
4,2001,96.035964227475,97.6624583383482,2.10427309870037,2.08324031452015,68
1,2002,99.5794442054765,101.543831160785,2.08708883243615,2.06466501714588,68
2,2002,102.076779640554,103.940488093731,2.12267953856289,2.09864550526536,68
4,2002,103.96882645235,105.498675794148,2.0709279230261,2.04842596099072,68
1,2003,106.764185935398,108.710907191455,2.02302562411213,2.00370707839578,68
2,2003,107.333971231124,109.17895543791,1.97331779352997,1.95503532987944,68
4,2003,110.848819739496,112.378341447326,1.99999021364842,1.98136057804776,68
1,2004,116.054775914195,117.964106561805,2.05550856189712,2.03528373316455,68
2,2004,117.533041396635,119.362236426409,2.04438601641726,2.02490219858141,68
4,2004,119.723119127124,121.398036590674,2.01613241142399,2.00380641351835,68
1,2005,124.338243682005,126.245612086701,2.04509088851545,2.02654019128125,68
2,2005,124.445145047885,126.240497343629,1.98490208138185,1.96717875850549,68
4,2005,123.141573381018,124.557495440999,1.84480743925128,1.82894443428748,68
1,2006,123.279721415253,125.039763285028,1.73324156681184,1.71910875246042,68
2,2006,125.256832437009,126.934673026728,1.74481511545774,1.73059877419719,68
4,2006,125.408679028002,127.208741527912,1.67588072245809,1.67530165130122,68
1,2007,129.664416598564,131.381183635598,1.69205630578302,1.67861970004196,68
2,2007,131.152663916761,132.836135239197,1.69011908966079,1.67818512878473,68
4,2007,133.05010144774,134.366455596761,1.67331204392206,1.66061052336182,68
2,2008,138.706376317125,140.336481595396,1.68454787653309,1.67212024143871,68
4,2008,142.883569557486,144.342886489323,1.72496806070934,1.71535470616229,68
1,2009,145.299442512563,147.346786957518,1.69389351234493,1.68977562898126,68
4,2009,165.532708915517,167.371193169991,2.11246664863281,2.10636000672172,68
1,2010,169.180297401233,171.184077416314,2.10550726637273,2.09336093303793,68
2,2010,171.503438407605,173.374634755127,2.12083835162321,2.10713329723305,68
4,2010,174.44630116543,176.410828103571,2.11921662127834,2.11670637146711,68
1,2011,176.761022258283,178.686746036034,2.07673396764279,2.06367942473495,68
2,2011,177.786254362547,179.630146009264,2.05737151199401,2.0448190656788,68
4,2011,181.603238058624,183.148516619791,2.07976146571387,2.06733557025429,68
1,2012,185.275249429953,187.477283848858,2.07458962982664,2.06907681827013,68
2,2012,187.200506282188,189.14498984956,2.07861860019589,2.06876193103136,68
4,2012,189.13778804244,191.036729755142,2.05373999595641,2.05074139446134,68
1,2013,192.52992164391,194.537699269313,2.0425122913596,2.03315450876626,68
2,2013,194.634945865181,196.464100377442,2.05089585453015,2.03924896619135,68
3,2013,197.091362568441,198.852238817007,2.07190050238643,2.06186577030319,68
4,2013,198.99823839575,200.941188345736,2.0840965359223,2.08185778823322,68
1,2014,201.187084951258,203.095296994747,2.04534393415323,2.03412648010005,68
2,2014,202.456195977946,204.282498685373,2.03456345294266,2.0236233492764,68
3,2014,203.767603285808,205.43958488271,2.02925537822556,2.01837011418524,68
4,2014,204.694916456561,206.202855659232,2.01975740195713,2.00905442124755,68
1,2015,209.396825637329,211.301339511926,2.03821348162197,2.02750015957834,68
2,2015,212.10058083716,213.93563117249,2.05885428737779,2.04817708548822,68
4,2015,213.056755305678,214.583492107276,2.01714031036085,2.00729694674722,68
1,2016,216.178696002688,218.065880609545,2.00229981650545,1.99220839551097,68
2,2016,218.027841835639,219.835288508961,2.00473629147232,1.99473523674622,68
3,2016,218.573275151449,220.290791382964,1.98495667113972,1.97647194855938,68
4,2016,220.763437296757,222.261795428696,2.00170573879095,1.99191616503668,68
1,2017,223.975644931522,225.854211841411,1.98946384747056,1.97978353303953,68
4,2017,227.405437969256,228.914053377896,1.96749894607091,1.95874419901946,68
1,2018,230.142520794193,231.999949187802,1.94748980340304,1.93837049935027,68
2,2018,231.294067831804,233.065255458895,1.93751499822112,1.9285251778771,68
3,2018,232.256294300116,233.876400335284,1.92784022298385,1.91900279097003,68
4,2018,234.289312290312,235.776820007054,1.9406287226517,1.93217864479643,68
1,2019,237.668316032632,239.555567000635,1.9330942337005,1.92501344109084,68
2,2019,238.807986003177,240.57423269537,1.92347185024883,1.91490508702649,68
3,2019,240.673562709338,242.299616170838,1.929836479899,1.92138583031125,68
1,2020,253.749177297789,255.667774829488,2.06941814921377,2.06040855810466,68
2,2020,262.294733269918,280.695116683098,2.19516112667499,2.5198321968578,68
3,2020,276.899604151172,312.388608671952,2.45500364338217,3.258388394518,68
4,2020,379.714121776916,385.996216122153,5.83327489905757,5.99423095980995,68
1,2021,454.76074676732,460.073895986538,10.5698168131881,10.6825092834672,68
2,2021,465.238377097957,468.819343382044,11.2182491332658,11.1763817524728,68
4,2021,472.945004940962,476.852800040704,11.3463777131785,11.3626098210995,68
1,2022,476.566689937759,480.175895810622,11.1663547716026,11.1213450036523,68
2,2022,480.110304639517,483.634550504238,11.1750962753115,11.1299924623693,68
3,2022,484.515036586404,487.912132496091,11.2791861964029,11.2350238464962,68
4,2022,485.382917367225,488.599256717928,11.081430996656,11.0381262202963,68
1,2023,487.643314293697,491.228505736962,10.7959321975692,10.7546062738913,68
2,2023,490.690419138891,494.177835483451,10.7648203620111,10.7227752909576,68
3,2023,491.251145710428,494.569360303857,10.5436691980087,10.5027323392759,68
4,2023,492.83429275079,495.984939981068,10.4275737372359,10.3876858031999,68
1,2024,497.019956837604,500.546291221424,10.3236016525958,10.2841794684114,68
2,2024,500.283358134523,503.727911432307,10.3152919865571,10.2762050120669,68
3,2024,498.502389953393,501.761430908391,9.93517643605666,9.89778010456767,68
4,2024,500.185512685669,503.277453945247,9.84084191361061,9.80426185730854,68
1,2001,89.1474570428065,91.0237639809867,1.98984284409289,1.96425056771617,70
2,2001,90.4522071989383,92.2789344606512,1.96864168293946,1.94600155671306,70
3,2001,93.2361411672539,94.9899307311367,2.03190115361559,2.01120487583479,70
2,2002,102.011548022166,103.883463377906,2.11946196978727,2.0959272995088,70
4,2002,103.905213591964,105.467714753838,2.06800425960574,2.04704563853002,70
1,2003,106.762181970509,108.708506379924,2.02293749642468,2.00360467416164,70
4,2003,110.692267418257,112.274328567347,1.99361458925531,1.97724512089873,70
1,2004,116.029933930427,117.944129999589,2.05448758657607,2.03448668757108,70
2,2004,117.461310759571,119.282505923057,2.04151279184862,2.02180013240967,70
3,2004,118.960547120061,120.647553043864,2.03931895962665,2.02054659112395,70
1,2005,124.326725290423,126.230996203305,2.0446547188451,2.02600172968117,70
2,2005,124.445145047885,126.276314251171,1.98490208138185,1.96843696490972,70
3,2005,120.233944023616,121.7907383367,1.79158591302393,1.77622440551852,70
4,2005,123.141573381018,124.555785750568,1.84480743925128,1.82888927184049,70
1,2006,123.311886201768,125.075412216807,1.73420298957548,1.72014771760174,70
2,2006,125.332334944992,127.105000327208,1.74704926230619,1.73551763699573,70
3,2006,125.602097515398,127.240008336395,1.71446539287504,1.70421512741902,70
4,2006,125.459079998548,126.996090034615,1.67726711304499,1.66958349474942,70
1,2007,129.676252713475,131.398915270477,1.6923793455837,1.67909217680226,70
2,2007,131.048472564082,132.712131508221,1.68732640319878,1.67493972618409,70
1,2008,136.949513481809,138.68805814018,1.67942491991837,1.6676126897369,70
3,2008,143.571949410876,145.778254286888,1.77358423115245,1.77790992374698,70
4,2008,142.099956307901,143.445308465317,1.705505307781,1.69353869162178,70
1,2009,145.573851929608,148.462764260437,1.70054664012379,1.71654266045864,70
2,2009,150.936431116853,153.618285059124,1.79396937540238,1.80610313129829,70
3,2009,160.345172228235,162.037539951187,2.00429480207729,1.99149587017144,70
4,2009,165.660990167507,167.233437235513,2.11617999444016,2.10245424695441,70
1,2010,169.181041226319,171.1160292741,2.10552724298167,2.09146351017193,70
2,2010,171.63969248886,173.53977804618,2.12469288916623,2.11171702218443,70
3,2010,172.247016129255,174.10247037402,2.09725823683103,2.08775195607927,70
4,2010,173.765856963001,175.318781983487,2.10058184367546,2.08732399812213,70
1,2011,176.761685878528,178.683033228417,2.07675164215981,2.06358244207377,70
2,2011,177.806939674145,179.65978140026,2.05791025880789,2.04557660329382,70
4,2011,181.603238058624,183.163824353934,2.07976146571387,2.06772013238779,70
1,2012,185.351926558736,187.571917017741,2.07653039772828,2.07143705615409,70
2,2012,187.14844883759,189.218915838764,2.07731537545154,2.07058300931899,70
3,2012,189.116224819762,191.377917351583,2.08711221670315,2.08861520632892,70
4,2012,189.124376698761,190.721013388577,2.05341617528566,2.04323765836627,70
1,2013,192.52459830315,194.491713643456,2.04238587412089,2.03208016693956,70
2,2013,194.634945865181,196.467912251861,2.05089585453015,2.0393370783198,70
3,2013,197.091362568441,198.792022561459,2.07190050238643,2.06047119670495,70
4,2013,198.99823839575,200.808744223227,2.0840965359223,2.07880145000904,70
1,2014,201.153747531052,203.082648345288,2.0445864645777,2.03384376994158,70
2,2014,202.452922997164,204.303744768877,2.03449027344094,2.02409065469861,70
3,2014,203.733424782943,205.406696559481,2.02850175236151,2.01765674459802,70
4,2014,204.621396541261,206.166503198273,2.01816235186835,2.00827804875512,70
1,2015,209.38217814591,211.287344400455,2.03789590895574,2.02720150584328,70
2,2015,212.0798186402,213.920572202185,2.05840438821846,2.04785585928676,70
3,2015,213.277520007078,215.007210068361,2.05057818562059,2.04102436903033,70
4,2015,213.086305885691,214.592298914875,2.01775452718091,2.00747767830597,70
1,2016,216.207583067982,218.104943651263,2.00289010680942,1.99299458395574,70
2,2016,218.090495395252,219.928058131239,2.0060053595139,1.9965863784079,70
3,2016,218.530009348923,220.199771950992,1.98409816985057,1.97469233062143,70
4,2016,220.763437296757,222.274967559287,2.00170573879095,1.99217329123989,70
1,2017,223.979022771539,225.859300143468,1.98952972799903,1.97988133450017,70
2,2017,225.638480241215,227.436513734291,1.98831520923316,1.9787540679639,70
3,2017,226.238142941825,227.884234858509,1.97063174307087,1.96133009728217,70
1,2020,253.74689136584,255.666438702575,2.06937665490415,2.06038461314456,70
4,2020,371.162708343449,374.60658720346,5.42212604225366,5.44273173254027,70
1,2021,455.087592796653,460.694458698911,10.5991344369578,10.7383617295739,70
1,2001,89.159736334843,91.0352077584621,1.99048592488721,1.96482700008134,73
2,2001,90.4324387031057,92.2150536602382,1.96764410830452,1.94289680523964,73
3,2001,93.1993946297159,94.8988885032796,2.03003564261124,2.00674566020107,73
4,2001,96.2774421025548,97.826175720047,2.11669653909881,2.09137033402441,73
1,2002,99.7154184365186,101.675938259402,2.09385656670697,2.07101739534281,73
2,2002,102.727969612666,105.128386459429,2.15506878194363,2.15606903958989,73
3,2002,104.196162647647,107.365841288704,2.14816123011053,2.19349897715014,73
4,2002,106.47935813125,111.084522332494,2.1896870444228,2.31258150183255,73
1,2003,106.807199895803,108.700719215549,2.02491817011296,2.00327282854595,73
2,2003,107.290764997022,109.349956361515,1.97150468153099,1.96201175671509,73
3,2003,109.50396441575,111.162984025287,2.00017068573451,1.97991635134461,73
4,2003,110.692267418257,112.182657657067,1.99361458925531,1.97362080231396,73
1,2004,116.022990258787,117.938405329148,2.05420230072259,2.03425833135937,73
2,2004,117.434443492159,119.254955398625,2.04043763768745,2.02072926964027,73
3,2004,119.065161478724,120.822774738445,2.04342524259528,2.02723521336959,73
4,2004,119.584277515756,121.088690814169,2.01086107329073,1.99237955486326,73
1,2005,124.303816619932,126.217461652642,2.04378751283568,2.02550323526469,73
2,2005,124.507153211347,126.39436804269,1.98714106078127,1.97259044262044,73
3,2005,120.205648398172,121.756162744186,1.79068105121175,1.77514799230631,73
4,2005,123.257542501233,124.741421660845,1.84856178974957,1.83474142486502,73
1,2006,123.265098526658,125.034198351413,1.73280465173237,1.71894661441572,73
2,2006,125.221259910902,126.885877151076,1.74376351161314,1.72919219707798,73
3,2006,125.637161168193,127.146159320692,1.71546741539285,1.70159692274865,73
4,2006,125.459079998548,127.054935660585,1.67726711304499,1.67116728044446,73
1,2007,129.67071617092,131.385902167956,1.69222823249832,1.67874541978526,73
2,2007,131.152663916761,132.809741632892,1.69011908966079,1.67749604736881,73
4,2007,133.025138838546,134.791994935843,1.67267012851203,1.67132326713112,73
1,2008,136.898562947049,138.606419065038,1.67813171058029,1.66558220947769,73
2,2008,138.706376317125,140.351991163401,1.68454787653309,1.67250353160986,73
3,2009,158.776635720165,160.412140228309,1.96110726414674,1.94765370901009,73
4,2009,167.650161190042,171.931979645288,2.17460544891953,2.2400887989421,73
1,2010,169.198438921922,171.146810446214,2.10602310636581,2.09232199567191,73
2,2010,171.47171892338,173.332811610162,2.11994009863239,2.10597530113262,73
3,2010,172.061609988072,173.766840603643,2.09214907438037,2.07867499593389,73
4,2010,173.166370964422,175.070484004298,2.08430048644087,2.08070042741628,73
1,2011,176.774980308026,178.719627722247,2.07710563084015,2.0645384864693,73
2,2011,177.831751928901,179.786932005489,2.05855668006558,2.0488299167563,73
3,2011,180.016093159923,181.709102890445,2.07459397925696,2.0617951460919,73
4,2015,213.086305885691,214.596825536036,2.01775452718091,2.00756962673745,73
1,2016,216.178696002688,218.073969083875,2.00229981650545,1.99237114541656,73
2,2016,218.007855740988,219.813104809805,2.00433162846769,1.99429281807169,73
1,2020,253.75336071685,255.674066906443,2.06949408894346,2.06052128428513,73
2,2020,260.233797904226,272.516159929747,2.15617283092528,2.3482884362184,73
3,2020,275.841560347133,299.319324431297,2.4327155999048,2.91402818809799,73
1,2021,454.473659968459,459.435384052043,10.544132426625,10.6253445505553,73
2,2021,465.236854902111,468.794844419639,11.2181056355026,11.1741002761394,73
3,2021,468.551933443336,471.984914083611,11.2233507198914,11.1817259292793,73
4,2021,473.00209660071,476.930467317275,11.3517324447811,11.3698454219686,73
1,2022,476.573164610714,480.184167419724,11.1669473882864,11.1220929187666,73
2,2022,480.110700543072,483.642392693027,11.1751322444112,11.1306963679678,73
1,2001,89.1531777904895,91.0280085719714,1.99014241299771,1.96446435285473,82
2,2003,107.290764997022,109.114716916479,1.97150468153099,1.95242063940332,82
3,2003,109.196585049457,110.947108770073,1.98740482538669,1.97121303045356,82
4,2003,110.599408159124,112.228922473549,1.98984251624145,1.97544780923845,82
1,2004,116.029933930427,117.956038970179,2.05448758657607,2.03496174842309,82
2,2004,117.434443492159,119.258597553432,2.04043763768745,2.02087076283374,82
3,2004,118.982099942284,120.656241758143,2.04016426216211,2.02087813212385,82
4,2004,119.567403511906,121.141683367639,2.0102213695871,1.99433322564535,82
1,2005,124.298265031476,126.201508321353,2.04357741060799,2.02491581323078,82
2,2005,124.350866960431,126.157333958899,1.98150273663334,1.96425960591304,82
3,2005,120.42216607711,122.114806844535,1.79761667121075,1.78634682935713,82
4,2005,123.134655339525,124.634800596612,1.84458371402164,1.83137698630136,82
1,2006,123.311886201768,125.051288063532,1.73420298957548,1.71944466281231,82
2,2006,125.204223229336,126.910451776764,1.74326009012004,1.7299002542553,82
3,2006,125.625643819105,127.131896252663,1.71513821926801,1.70119979839013,82
4,2006,125.459079998548,127.272682851094,1.67726711304499,1.67704034325025,82
1,2007,129.701433711462,131.438491445363,1.69306681318938,1.68014721317971,82
2,2007,131.354082450139,133.108156308916,1.69553091440791,1.68533468883998,82
3,2007,132.076983112563,133.58384804522,1.67848902730643,1.66625329702747,82
4,2007,133.05010144774,134.407666399284,1.67331204392206,1.66164220864442,82
1,2008,137.011891079903,138.800045843672,1.68101560609852,1.67040035095273,82
2,2008,138.730197952896,140.379946020315,1.68514352602118,1.67319111802846,82
3,2008,142.969178697601,144.657089352681,1.75793482307932,1.74926860862484,82
4,2008,142.011521077714,143.519992400108,1.70332272418394,1.69534315663265,82
1,2009,145.501005454819,148.507293587638,1.69877791688455,1.71761952831945,82
2,2009,151.251351176413,153.413711992277,1.80194368243466,1.80097968198262,82
3,2009,161.618963640342,163.443064037679,2.04006612210882,2.03020161007293,82
4,2009,165.660990167507,167.213918906086,2.11617999444016,2.10189727329264,82
1,2010,169.169482622813,171.104246418879,2.10519959326765,2.09113409137505,82
2,2010,171.546320281226,173.417272581714,2.12205125774978,2.10831558197196,82
3,2010,172.184872578096,173.985957730484,2.09554365838975,2.08459667392831,82
4,2010,173.765856963001,175.318781983487,2.10058184367546,2.08732399812213,82
2,2011,177.749018555699,179.580461669636,2.05640207298904,2.04354966763577,82
3,2011,180.016093159923,181.736860080616,2.07459397925696,2.06250044230646,82
4,2011,181.600099034918,183.143752482696,2.07968092122208,2.06721485905552,82
1,2012,185.458548642597,187.895360762298,2.07923210613633,2.0795243928081,82
2,2012,187.166363692784,189.135474452126,2.07776377290602,2.06852751357043,82
3,2012,189.116224819762,191.161380140125,2.08711221670315,2.0833025174086,82
4,2012,189.211790531099,191.10138614138,2.05552769510326,2.05227905707594,82
1,2013,192.52459830315,194.521001301662,2.04238587412089,2.03276431949424,82
2,2013,194.634945865181,196.467912251861,2.05089585453015,2.0393370783198,82
3,2013,197.144946756037,198.837497115184,2.07316230770876,2.06152376677927,82
4,2013,198.759226255843,200.299608167132,2.07851026984301,2.06709328223999,82
1,2014,201.153747531052,203.059337862448,2.0445864645777,2.03332285886348,82
2,2014,202.457640226487,204.286251390462,2.03459573173568,2.02370585255306,82
3,2014,203.712751929253,205.381840143171,2.02804605077412,2.01711755851645,82
4,2014,204.621396541261,206.152153744608,2.01816235186835,2.00797166304742,82
1,2015,209.38217814591,211.28525643643,2.03789590895574,2.02715694887365,82
2,2015,212.082602639234,213.916535159258,2.05846471795649,2.047769749463,82
3,2015,213.181871855549,214.861177683338,2.04853643002042,2.03795504100112,82
4,2015,213.056755305678,214.560891071783,2.01714031036085,2.00683460528013,82
1,2016,216.150547354783,218.03752093736,2.00172479695993,1.99163780489156,82
2,2016,218.007855740988,219.812860908861,2.00433162846769,1.99428795502518,82
3,2016,218.701971828709,220.399080890859,1.98751252004448,1.9785917855672,82
4,2016,220.773737242283,222.275923752614,2.00190975849335,1.99219150561427,82
1,2017,223.977830719271,225.859696180068,1.98950647976092,1.9798889475391,82
2,2017,225.666733615069,227.46965459536,1.98886066712572,1.97938466339803,82
3,2017,226.269343321201,227.912914196465,1.97122294514705,1.96186580250252,82
4,2017,227.304506922427,228.786980890847,1.96560985105755,1.95640162479381,82
1,2018,230.131008453517,231.998679515474,1.94727830431356,1.93834749284909,82
2,2018,231.294067831804,233.068637586907,1.93751499822112,1.92858557745138,82
3,2018,232.236192738178,233.863500898544,1.9274814900163,1.91877573478695,82
4,2018,234.238210419173,235.704560436174,1.93971973979454,1.93091185331523,82
1,2019,237.612391745011,239.480932412192,1.93211171966097,1.92371960321372,82
2,2019,238.787155423344,240.553771574642,1.92311093938866,1.91455532504876,82
3,2019,240.74387832162,242.415396583506,1.93104826458617,1.92335469961829,82
4,2019,246.051319325357,247.662857538864,2.00051166626312,1.99373921751888,82
1,2020,253.751419833156,255.682728215199,2.06945885667397,2.06067646331875,82
2,2020,264.389221539474,289.925925242114,2.23550667091528,2.72854044470603,82
3,2020,275.826453793797,301.955875154931,2.43239884288391,2.98044102927903,82
3,2021,468.549469822785,471.977956238221,11.2231203099695,11.1810829791127,82
1,2022,476.579899255507,480.192058407939,11.1675638311343,11.1228064578159,82
2,2022,480.108378486381,483.633479899878,11.1749212781537,11.1298963683283,82
3,2022,484.522218714281,487.923128310683,11.2798395090482,11.2360121821581,82
1,2023,487.643314293697,491.222084425788,10.7959321975692,10.7540625225689,82
2,2023,490.690419138891,494.176905736732,10.7648203620111,10.7226974109297,82
3,2023,491.249297781673,494.56738640661,10.543516981943,10.5025716349462,82
4,2023,492.83429275079,495.982686905869,10.4275737372359,10.3875057848776,82
1,2024,497.019240723405,500.545064038967,10.3235447791768,10.2840831251435,82
2,2024,500.283358134523,503.727164398901,10.3152919865571,10.2761468518751,82
3,2024,498.503251885225,501.763841506686,9.93524131227411,9.89795949999965,82
4,2024,500.185512685669,503.275062353515,9.84084191361061,9.80408688529479,82
1,2001,89.1531777904895,91.0285367119703,1.99014241299771,1.96449096146673,85
2,2001,90.4171829285338,92.1994762266938,1.96687459406911,1.94214034725301,85
3,2001,93.2361411672539,95.1163405737022,2.03190115361559,2.01741282697107,85
4,2001,96.0011541288862,97.7654535956593,2.10248814513389,2.08834591390344,85
1,2002,99.5632319696471,101.499402483153,2.08628283876918,2.0625328847627,85
2,2002,102.076779640554,104.055419721371,2.12267953856289,2.10413296279204,85
3,2002,103.008739917293,104.747728755521,2.09097237156849,2.06955958770332,85
4,2002,103.905213591964,105.431238174351,2.06800425960574,2.0454260675848,85
1,2003,106.760864056348,108.68847310387,2.02287954518696,2.00275089130146,85
2,2003,107.290764997022,109.157757841159,1.97150468153099,1.95417199203097,85
3,2003,109.212918836437,110.956181094107,1.98808113213842,1.97157841999686,85
4,2003,110.692267418257,112.232086186555,1.99361458925531,1.97557534739069,85
1,2004,116.029933930427,117.944129999589,2.05448758657607,2.03448668757108,85
2,2004,117.481040072139,119.302625562127,2.04230266083357,2.02258248615231,85
3,2004,118.982099942284,120.708926932823,2.04016426216211,2.02288678930863,85
4,2004,119.584277515756,121.120706401763,2.01086107329073,1.99355885448538,85
1,2005,124.338243682005,126.252383728865,2.04509088851545,2.02678964133834,85
2,2005,124.485388426725,126.285820968269,1.98635488970698,1.96877138760932,85
3,2005,120.233944023616,121.895496179433,1.79158591302393,1.77949001067301,85
4,2005,123.141573381018,124.563980561016,1.84480743925128,1.82914922292999,85
1,2006,123.279721415253,125.061871150824,1.73324156681184,1.71975297017202,85
2,2006,125.256832437009,126.928042539656,1.74481511545774,1.73040760225296,85
3,2006,125.602097515398,127.187366803717,1.71446539287504,1.70274580953194,85
4,2006,125.459079998548,126.916382599805,1.67726711304499,1.66744041986676,85
1,2007,129.664416598564,131.380015497147,1.69205630578302,1.67858857847795,85
2,2007,131.152663916761,132.852941399729,1.69011908966079,1.67862834088277,85
3,2007,132.070358986115,133.549057098282,1.67831534376837,1.66536065466012,85
4,2007,132.950284936786,134.279560530206,1.67074674560419,1.65842857595653,85
1,2009,145.311739887336,147.395522474244,1.69419111090402,1.69093571019784,85
2,2009,151.251351176413,153.413711992277,1.80194368243466,1.80097968198262,85
3,2009,161.618963640342,163.56353824757,2.04006612210882,2.03355059380535,85
1,2010,169.22389641317,171.223253719958,2.10674812273226,2.09445460688344,85
3,2010,172.074158300068,173.7816150815,2.09249449225889,2.07907372993147,85
4,2010,173.765856963001,175.313013371964,2.10058184367546,2.08717107158796,85
1,2011,176.761022258283,178.691104431009,2.07673396764279,2.0637932729295,85
3,2011,180.016093159923,181.726690104658,2.07459397925696,2.06224174676476,85
4,2011,181.603238058624,183.138194820083,2.07976146571387,2.06707533685874,85
1,2012,185.319652975286,187.551349002771,2.07571330708345,2.07092383466735,85
2,2012,187.247936449327,189.124289050595,2.07980670101777,2.0682522330952,85
3,2012,189.015172065562,190.81872773493,2.08460353867801,2.07492424961195,85
4,2012,189.134772872628,190.914562319402,2.05366718789072,2.04783396649401,85
1,2013,192.547639782156,194.490220281265,2.04293313162344,2.03204533548485,85
2,2013,194.851144834334,196.721363553695,2.05599851177673,2.04521846182747,85
3,2013,197.249573847331,198.945120312754,2.07562830543337,2.06401770843258,85
4,2013,198.804283038661,200.442543969557,2.07956215693223,2.07037322922245,85
1,2014,201.185607277164,203.100293799284,2.04531035358352,2.03423818419444,85
2,2014,202.453633114096,204.298494950723,2.03450615143618,2.02397519722494,85
3,2014,203.750109907916,205.433118521035,2.02886962324654,2.01823006044244,85
4,2014,204.702875102184,206.209329089429,2.01993014758814,2.00919253271498,85
1,2015,209.416238216526,211.331753968451,2.03863444190451,2.02814937027672,85
2,2015,212.120494516951,213.953456059349,2.05928588014134,2.04855740310469,85
3,2015,213.245866643516,214.942074790851,2.04990227263635,2.0396548540277,85
4,2015,213.057615752313,214.578112050052,2.0171581995452,2.00718703885436,85
1,2016,216.179822066737,218.067797376166,2.00232282337716,1.99224696432145,85
2,2016,218.024067014212,219.829345076695,2.00465985684904,1.99461670505573,85
3,2016,218.556247827125,220.216942970822,1.98461876787576,1.97502807004717,85
4,2016,220.760962182372,222.262432558631,2.00165672377085,1.9919285639538,85
1,2017,223.976879361584,225.856198020963,1.98948792173024,1.97982170715773,85
2,2017,225.640676517713,227.437694678535,1.98835760697005,1.97877654004799,85
3,2017,226.235675970408,227.879115414285,1.97058500303499,1.96123462456496,85
4,2017,227.285679372169,228.783579017872,1.96525766049925,1.9563389284833,85
1,2018,230.138504378859,231.998060783532,1.94741601474931,1.93833628906185,85
2,2018,231.29077382904,233.068522959426,1.93745535755789,1.92858352913297,85
3,2018,232.23556793432,233.856825382121,1.92747033863476,1.91865828456415,85
4,2018,234.237879032814,235.703205181845,1.93971384662574,1.93088814639556,85
1,2019,237.620605891165,239.4863358581,1.9322560004351,1.92381325166315,85
2,2019,238.793821336225,240.558417762161,1.92322642848362,1.9146347513,85
3,2019,240.693786093421,242.323784462951,1.93018492174287,1.92179668198067,85
4,2019,245.995793437496,247.53580457208,1.99952952927914,1.99152223583197,85
1,2020,253.746687208077,255.67412274147,2.06937294287569,2.06052227915265,85
3,2020,275.840999727135,302.895520090104,2.43270384000809,3.00446902769426,85
4,2020,379.2242536641,385.367041956444,5.80890203013879,5.96235529560587,85
1,2021,454.813916200413,460.214492234995,10.5745805038827,10.6951378469353,85
2,2021,465.245175052596,468.820656221916,11.2188900005075,11.1765040273959,85
3,2021,468.563362854677,471.979745309595,11.224419736922,11.1812483151181,85
4,2021,472.955203073046,476.869464264194,11.3473340252974,11.3641618940124,85
1,2022,476.582168967096,480.200942813534,11.1677715932582,11.1236098816878,85
2,2022,480.11102150769,483.64628517031,11.1751614051358,11.1310457741065,85
3,2022,484.518034640146,487.905535915833,11.2794589068224,11.2344309715797,85
4,2022,485.388766623834,488.604999121853,11.0819495366123,11.0386292703477,85
1,2023,487.644263126803,491.239468372041,10.79601349143,10.7555346464239,85
3,2023,491.259722545566,494.580088435092,10.5443757110651,10.503605808931,85
4,2023,492.835749050066,495.992922304491,10.4276914551362,10.3883236090971,85
1,2024,497.020356843384,500.546462892682,10.3236334180513,10.2841929491045,85
2,2024,500.286135042961,503.730118555318,10.315510651292,10.2763768350399,85
4,2024,500.185721727745,503.27565818775,9.84085737866648,9.80413048180237,85
1,2001,89.1458086238837,91.0239754238098,1.98975651555244,1.9642612157319,87
2,2001,90.4324387031057,92.2699827502779,1.96764410830452,1.94556612148383,87
3,2001,93.2361411672539,95.0591253878643,2.03190115361559,2.01460058230065,87
4,2001,96.0011541288862,97.7654535956593,2.10248814513389,2.08834591390344,87
1,2002,99.5363792121283,101.569248322671,2.08494920579596,2.06588567250383,87
2,2002,102.011548022166,103.869116770125,2.11946196978727,2.09524448342418,87
3,2002,103.19002219442,104.908539969923,2.09960434426522,2.07696793881812,87
4,2002,103.905213591964,105.437650680153,2.06800425960574,2.04571146544432,87
1,2003,106.761532102044,108.703997454594,2.02290893206384,2.0034125088293,87
2,2003,107.285371037836,109.214603259429,1.97127844980499,1.95648734703488,87
3,2003,109.243306216028,111.001443315918,1.98933995545959,1.9734005974814,87
1,2001,89.1474570428065,91.0237639809867,1.98984284409289,1.96425056771617,89
2,2001,90.4064504875646,92.1940843507945,1.96633343299821,1.94187851834276,89
3,2001,93.1663143736559,94.8570778408011,2.02835771101994,2.00470117737604,89
4,2001,96.1283176809444,97.6780965590203,2.10901474538597,2.08401503127023,89
1,2002,99.5632319696471,101.4940113529,2.08628283876918,2.06227432534571,89
2,2002,102.145693215916,104.063367894031,2.126082206129,2.10451239839272,89
3,2002,103.093229471724,104.871192449005,2.09499079219946,2.07524355361918,89
4,2002,103.905213591964,105.445357275061,2.06800425960574,2.04605412561457,89
1,2003,106.761532102044,108.716730034309,2.02290893206384,2.00395529434132,89
2,2003,107.290764997022,109.195294111611,1.97150468153099,1.9557006334993,89
3,2003,109.50396441575,111.157216042812,2.00017068573451,1.97968246523404,89
4,2003,110.692267418257,112.329325215313,1.99361458925531,1.97942059859695,89
1,2004,116.029933930427,117.940732219293,2.05448758657607,2.03435115348769,89
2,2004,117.481040072139,119.304414980606,2.04230266083357,2.02265204828342,89
3,2004,119.016989266946,120.786852519944,2.04153338307412,2.02586204008593,89
4,2004,119.567403511906,121.071782332918,2.0102213695871,1.99175663037343,89
1,2005,124.326725290423,126.230496486979,2.0446547188451,2.02598331639657,89
2,2005,124.485388426725,126.318989230893,1.98635488970698,1.96993747105747,89
3,2005,120.205648398172,121.752690117926,1.79068105121175,1.77503964531744,89
4,2005,123.141573381018,124.555785750568,1.84480743925128,1.82888927184049,89
1,2006,123.311886201768,125.086092129307,1.73420298957548,1.72045908225185,89
2,2006,125.204223229336,126.867901345842,1.74326009012004,1.72867421576771,89
3,2006,125.59136777137,127.091029845296,1.71415888220252,1.70006049754131,89
4,2006,125.459079998548,127.093556976895,1.67726711304499,1.67220752702646,89
1,2007,129.666147410651,131.382159359964,1.69210353739483,1.67864568870809,89
3,2007,132.070358986115,133.549057098282,1.67831534376837,1.66536065466012,89
4,2007,132.972798602177,134.292436584982,1.67132499925366,1.65875189797615,89
1,2008,136.877389902709,138.604893848692,1.67759345832715,1.66554416995521,89
2,2008,138.714979813078,140.354921924504,1.68476418694008,1.67257560457707,89
3,2008,142.969178697601,144.805098875189,1.75793482307932,1.75302185767663,89
4,2008,142.011521077714,143.450711462796,1.70332272418394,1.69366803750072,89
1,2009,145.30100730947,147.324803651965,1.69393137080879,1.68925258887412,89
3,2009,160.761105721992,162.424361467984,2.01590573888116,2.0020798846797,89
4,2009,165.561035176366,167.148876438359,2.11328463522232,2.1000536964035,89
1,2010,169.169482622813,171.13551209593,2.10519959326765,2.09200683429803,89
2,2010,171.503438407605,173.364428179671,2.12083835162321,2.10685155137408,89
3,2010,172.09840050592,173.79961920309,2.09316197313212,2.07955989321587,89
4,2010,174.07883375567,175.842493584778,2.10913196050967,2.10136040546682,89
1,2011,176.761022258283,178.696818953259,2.07673396764279,2.06394255487922,89
2,2011,177.749018555699,179.588187547116,2.05640207298904,2.04374702146278,89
3,2011,180.119420237513,181.981302302306,2.07727484844299,2.06873114195533,89
4,2011,181.600099034918,183.268092666317,2.07968092122208,2.07034783690034,89
1,2012,185.291601029819,187.432851047161,2.07500335088719,2.0679695426556,89
2,2012,187.200506282188,189.127646034626,2.07861860019589,2.06833485240572,89
3,2012,189.066263931201,191.0272694778,2.0858721863583,2.08001920210479,89
4,2012,189.13778804244,190.947876540456,2.05373999595641,2.04862623380639,89
1,2013,192.535504804888,194.517094614794,2.04264489560004,2.03267308799781,89
2,2013,194.634945865181,196.462738155046,2.05089585453015,2.03921729088732,89
3,2013,197.211394854893,198.903417431812,2.07472810992161,2.06305110468221,89
4,2013,198.849351569458,200.528122217148,2.08061485489305,2.07233973592709,89
1,2014,201.170957907801,203.079218584462,2.04497747535888,2.03376712810722,89
2,2014,202.452441535724,204.279430271449,2.03447950742078,2.0235558510079,89
3,2014,203.733424782943,205.403569464565,2.02850175236151,2.01758887880179,89
4,2014,204.694916456561,206.208489921606,2.01975740195713,2.00917511877843,89
1,2015,209.419290428103,211.322170806625,2.03870063643667,2.02794477932854,89
2,2015,212.10058083716,213.93563117249,2.05885428737779,2.04817708548822,89
3,2015,213.203219239394,214.892684443055,2.04899193921216,2.03861686543053,89
4,2015,213.056755305678,214.583492107276,2.01714031036085,2.00729694674722,89
1,2016,216.178696002688,218.080196291956,2.00229981650545,1.99249646067879,89
2,2016,218.022887987259,219.830877852629,2.0046359815094,1.9946472567537,89
3,2016,218.691139414608,220.43100431253,1.98729726909124,1.97921679553177,89
4,2016,220.789272777251,222.355236677328,2.00221751288652,1.99373845686339,89
1,2017,223.975031931982,225.853879070222,1.98945189150548,1.97977713487303,89
2,2017,225.643928830157,227.442565370798,1.98842038456702,1.97886920162674,89
3,2017,226.252554309683,227.896812014268,1.97090479229409,1.96156501392785,89
4,2017,227.291584062786,228.771824328204,1.96536810247585,1.95612193839387,89
1,2018,230.128475530939,231.987515239415,1.94723177903422,1.93814526750831,89
2,2018,231.284546314741,233.068751042336,1.93734260640482,1.9285875828621,89
3,2018,232.256294300116,233.876400335284,1.92784022298385,1.91900279097003,89
4,2018,234.289312290312,235.776820007054,1.9406287226517,1.93217864479643,89
1,2019,237.691292735433,239.586152897408,1.93349804769755,1.92554391631414,89
2,2019,238.825505210247,240.596459711783,1.92377544247903,1.91528510254977,89
3,2019,240.660495952051,242.280511938078,1.92961137560568,1.92106115041543,89
4,2019,246.051319325357,247.795929223645,2.00051166626312,1.99606398871271,89
1,2020,253.74849377616,255.667380553643,2.06940574187814,2.06040149016724,89
2,2020,257.882327610585,269.588066099674,2.11253278234298,2.28975808029364,89
3,2020,277.901085570961,322.804907655936,2.47628991928575,3.56177889728805,89
4,2020,377.409271013189,382.341165351511,5.71948376596622,5.81141918882952,89
1,2021,454.738863306281,459.869643700711,10.5678567983578,10.664189620175,89
2,2021,465.238218610378,468.798755211,11.2182341944537,11.1744644453029,89
3,2021,468.558185686366,471.965768592495,11.2239354956538,11.17995686574,89
4,2021,472.836636116858,476.660351076585,11.3362205273802,11.3447008770394,89
1,2022,476.56989477249,480.182892038035,11.1666481011816,11.1219775899552,89
2,2022,480.108378486381,483.643210162228,11.1749212781537,11.1307697489936,89
3,2022,484.512101414362,487.903274276121,11.2789192140708,11.2342277053142,89
4,2022,485.382917367225,488.600641803701,11.081430996656,11.038247548524,89
1,2023,487.641500033757,491.225117089513,10.7957767445012,10.754319324504,89
3,2023,491.263542181802,494.586522219424,10.544690365281,10.5041296712495,89
4,2023,492.83429275079,495.984072441458,10.4275737372359,10.3876164846204,89
1,2024,497.020749197724,500.546539109236,10.3236645758206,10.2841989323686,89
2,2024,500.285829837522,503.729629119839,10.3154866164632,10.2763387306617,89
3,2024,498.502389953393,501.761722617489,9.93517643605666,9.89780181497711,89
4,2024,500.185682229153,503.275492119508,9.84085445619429,9.80411832979166,89
1,2001,89.1511575290106,91.0332921367929,1.99003661276675,1.96473047631143,90
2,2001,90.4002488555535,92.1836953729012,1.96602079361108,1.94137429582595,90
3,2001,93.1993946297159,95.0126924487039,2.03003564261124,2.01232130872754,90
4,2001,96.1283176809444,97.7066943839055,2.10901474538597,2.0854366171941,90
1,2002,99.5632319696471,101.560186441586,2.08628283876918,2.06545042222611,90
2,2002,102.076779640554,103.937450776134,2.12267953856289,2.0985007568086,90
3,2002,103.093229471724,104.853916809136,2.09499079219946,2.07444751538914,90
4,2002,103.905213591964,105.456060474171,2.06800425960574,2.04653002736925,90
1,2003,106.764185935398,108.699117773151,2.02302562411213,2.00320454523875,90
2,2003,107.290764997022,109.23986643547,1.97150468153099,1.95751736333296,90
3,2003,109.243306216028,110.960562248853,1.98933995545959,1.97175509809472,90
4,2003,110.692267418257,112.274328567347,1.99361458925531,1.97724512089873,90
1,2004,116.029933930427,117.93873046917,2.05448758657607,2.0342713061755,90
2,2004,117.461310759571,119.282384001236,2.04151279184862,2.0217953649768,90
3,2004,118.982099942284,120.672437893022,2.04016426216211,2.02149519800849,90
4,2004,119.567403511906,121.071782332918,2.0102213695871,1.99175663037343,90
1,2005,124.317146674679,126.220910328006,2.04429207617271,2.02563024729417,90
2,2005,124.445145047885,126.276314251171,1.98490208138185,1.96843696490972,90
3,2005,120.233944023616,121.849075966105,1.79158591302393,1.77804213921902,90
4,2005,123.257542501233,124.730568164633,1.84856178974957,1.83439908475702,90
1,2006,123.294456385642,125.035241028319,1.7336819422968,1.71897705970398,90
2,2006,125.256832437009,126.954732506579,1.74481511545774,1.73117727919992,90
3,2006,125.579583475084,127.156671343228,1.71382231019132,1.70188982254795,90
1,2007,129.666147410651,131.390123015502,1.69210353739483,1.67885556425222,90
2,2007,131.097537094178,132.752182601674,1.68864092379465,1.67598818961644,90
3,2007,132.076983112563,133.617596932578,1.67848902730643,1.66711821916288,90
4,2007,132.950284936786,134.279560530206,1.67074674560419,1.65842857595653,90
1,2008,136.949513481809,138.700391306765,1.67942491991837,1.6679196423655,90
2,2008,138.70593406114,140.337871013884,1.68453676138023,1.67215636384701,90
3,2008,143.354412660917,145.222642948832,1.76792042471027,1.76365878813293,90
4,2008,142.011521077714,143.422590559394,1.70332272418394,1.69298852960305,90
1,2009,145.412631047261,147.974057380945,1.69663049666424,1.70476903442015,90
2,2009,151.251351176413,153.505770328388,1.80194368243466,1.8032837599955,90
3,2009,159.153751805777,160.817379920522,1.97140485209551,1.95849741790243,90
4,2009,165.660990167507,167.226010133102,2.11617999444016,2.10223919340102,90
1,2010,169.210254013709,171.170591198858,2.10635855750998,2.09298457623256,90
2,2010,171.464369166322,173.367237103449,2.11973388889814,2.10692810204173,90
3,2010,172.063782873998,173.780184912332,2.0922088925527,2.07903512087691,90
1,2011,176.764233718608,178.686333657223,2.07681947425304,2.06366865611477,90
2,2011,177.757289250439,179.588518497627,2.05661736577783,2.04375547562955,90
4,2011,181.6560759599,183.318947944048,2.08111776132433,2.07162915373022,90
3,2014,203.705602942307,205.398169013046,2.02788848431649,2.01747163355051,90
4,2014,204.694916456561,206.211434422962,2.01975740195713,2.00923594442034,90
1,2015,209.38217814591,211.28525643643,2.03789590895574,2.02715694887365,90
1,2020,253.75944120614,255.677952443432,2.06960446828164,2.06059090239473,90
2,2020,260.044397843629,270.841050285462,2.15262473876144,2.3146233530086,90
3,2020,276.26481984503,293.733965285084,2.44160734902916,2.77820719478632,90
4,2020,376.752324560373,382.164476848554,5.68745855774298,5.80271443462532,90
1,2021,454.295901654873,459.293092434604,10.5282604721297,10.6126471586914,90
2,2021,465.261257465644,468.792751816689,11.2204062962501,11.1739054301976,90
3,2021,468.566204122113,471.963707430597,11.2246855019553,11.1797664316349,90
4,2021,473.184933758876,477.381991627923,11.3688981240049,11.4120012471703,90
1,2022,476.554520835639,480.160888900683,11.1652410356831,11.1199882192191,90
3,2022,484.526465518183,487.942373114537,11.2802258286506,11.2377421756696,90
4,2022,485.438790682028,488.707666270208,11.0863851895549,11.0476267829616,90
1,2023,487.644325994863,491.232943349778,10.7960188781695,10.7549820671596,90
2,2024,500.283358134523,503.727409202151,10.3152919865571,10.2761659116326,90
4,2024,500.185512685669,503.277453945247,9.84084191361061,9.80426185730854,90
1,2001,89.1511575290106,91.0332921367929,1.99003661276675,1.96473047631143,91
2,2001,90.4171829285338,92.1997802821489,1.96687459406911,1.94215508348501,91
3,2001,93.2361411672539,94.9899307311367,2.03190115361559,2.01120487583479,91
4,2001,96.1283176809444,97.6743414628374,2.10901474538597,2.08382860756804,91
1,2002,99.5632319696471,101.486030449735,2.08628283876918,2.06189154860611,91
3,2002,103.19002219442,105.194545689522,2.09960434426522,2.09020354291782,91
4,2002,103.905213591964,105.437650680153,2.06800425960574,2.04571146544432,91
1,2003,106.775447698339,108.688836557564,2.023520951337,2.00276645768353,91
2,2003,107.290764997022,109.141638831607,1.97150468153099,1.9535159160923,91
3,2003,109.287693889871,110.942498669073,1.99118017762573,1.97102828877694,91
4,2003,110.599408159124,112.200374225163,1.98984251624145,1.97432102176613,91
1,2004,116.022990258787,117.934567926102,2.05420230072259,2.03410527790977,91
2,2004,117.427318822253,119.255190191915,2.04015262612712,2.0207383951421,91
3,2004,119.016989266946,120.734785123151,2.04153338307412,2.02387370562515,91
4,2004,119.584277515756,121.106877006841,2.01086107329073,1.9930492623044,91
1,2005,124.338243682005,126.242240893307,2.04509088851545,2.02641597035573,91
1,2006,123.279721415253,125.031637125781,1.73324156681184,1.71887201960964,91
2,2006,125.256832437009,126.928042539656,1.74481511545774,1.73040760225296,91
3,2006,125.579583475084,127.118697372769,1.71382231019132,1.70083117248062,91
4,2006,125.408679028002,126.981894419568,1.67588072245809,1.66919294235839,91
1,2007,129.676252713475,131.392001038004,1.6923793455837,1.67890525060612,91
3,2007,132.103345355351,133.592625008401,1.67918041572673,1.66647829196828,91
1,2009,145.349496823165,147.697580533818,1.69510513860928,1.69814415090468,91
4,2009,165.817605433091,167.405169324479,2.12072238738432,2.1073294815592,91
4,2011,181.6560759599,183.491981566339,2.08111776132433,2.07599901318373,91
1,2012,185.401507566991,187.526449251907,2.07778630208223,2.07030274508187,91
2,2012,187.14844883759,189.068604953077,2.07731537545154,2.06688153465914,91
3,2012,189.254183140503,191.409815034793,2.09054319045085,2.08939869203442,91
1,2013,192.555374355181,194.605246631908,2.04311686742955,2.03473348698688,91
3,2013,197.091362568441,198.792022561459,2.07190050238643,2.06047119670495,91
4,2013,198.849351569458,200.500579172122,2.08061485489305,2.07170673667421,91
1,2014,201.162919125212,203.086913156767,2.04479483167444,2.03393909647941,91
2,2014,202.452441535724,204.285210401664,2.03447950742078,2.02368298127386,91
3,2014,203.733424782943,205.403569464565,2.02850175236151,2.01758887880179,91
4,2014,204.621396541261,206.166503198273,2.01816235186835,2.00827804875512,91
2,2015,212.11577034098,213.961882569458,2.05918348095313,2.04873717176346,91
3,2015,213.203219239394,214.900427768715,2.04899193921216,2.03877952886735,91
4,2015,213.056755305678,214.573166203923,2.01714031036085,2.00708569921546,91
1,2016,216.167287445775,218.055329581402,2.00206674726503,1.99199608940216,91
3,2016,218.701971828709,220.502936454656,1.98751252004448,1.98062618942642,91
1,2017,223.974320243952,225.853922529985,1.98943800846822,1.9797779735929,91
2,2017,225.652883936803,227.450139142092,1.98859326956426,1.97901331838407,91
4,2017,227.405437969256,228.901856941495,1.96749894607091,1.9585195648124,91
1,2018,230.142520794193,232.001292412687,1.94748980340304,1.93839483292285,91
3,2018,232.236192738178,233.863500898544,1.9274814900163,1.91877573478695,91
1,2019,237.668316032632,239.594906901422,1.9330942337005,1.92569574505679,91
2,2019,238.787155423344,240.551469990747,1.92311093938866,1.91451598192033,91
3,2019,240.70126529546,242.333127999761,1.93031379969943,1.92195554236485,91
1,2020,253.75336071685,255.675531056843,2.06949408894346,2.06054751376718,91
3,2020,275.841560347133,303.745043469858,2.4327155999048,3.02636272289602,91
2,2021,465.235472001622,468.829964061016,11.2179752687386,11.1773709514774,91
3,2021,468.600848726957,471.983726272238,11.2279265780667,11.1816161748963,91
1,2022,476.554520835639,480.160015097139,11.1652410356831,11.1199092217169,91
3,2022,484.526465518183,487.932805156065,11.2802258286506,11.2368820376235,91
4,2022,485.422062673599,488.678945680968,11.0849017130866,11.0451090219562,91
1,2023,487.639624380865,491.223062533632,10.7956160450421,10.7541453498388,91
2,2023,490.693006127522,494.179544466906,10.7650396383737,10.7229184574412,91
3,2023,491.265654628891,494.588452056776,10.5448643859791,10.5042868161855,91
4,2023,492.838573865283,495.988813617421,10.4279198026495,10.3879953098794,91
1,2024,497.020749197724,500.546379181172,10.3236645758206,10.28418637348,91
2,2024,500.285829837522,503.729814053634,10.3154866164632,10.2763531309783,91
3,2024,498.502539019707,501.761996110015,9.93518765032238,9.8978221657335,91
4,2024,500.185512685669,503.277453945247,9.84084191361061,9.80426185730854,91
1,2001,89.1458760238552,91.0227554674045,1.98976004913095,1.96419977751444,92
2,2001,90.3988485679502,92.181005142646,1.96595020857273,1.94124375438999,92
3,2001,93.2180228827071,94.8870501130961,2.03098113087074,2.00616701959885,92
4,2001,96.7406581517412,98.361591623018,2.14073348822279,2.11816953564698,92
1,2002,100.231607169855,102.449696520647,2.11974719998936,2.10862001207055,92
2,2002,102.076779640554,104.004855678503,2.12267953856289,2.10171683922645,92
3,2002,103.093229471724,104.871192449005,2.09499079219946,2.07524355361918,92
4,2002,103.96882645235,105.517053690157,2.0709279230261,2.04923997721123,92
1,2003,106.785022155027,108.677848454932,2.02394216608674,2.00229828754086,92
2,2003,107.315072080118,109.148092767489,1.97252450451082,1.9537787227212,92
3,2003,109.418136007133,111.090937527193,1.99659788457618,1.97700586231962,92
4,2003,110.692267418257,112.300237414687,1.99361458925531,1.978269739226,92
1,2004,116.036292529222,117.944973246863,2.05474886646944,2.03452031811548,92
2,2004,117.461310759571,119.283924476729,2.04151279184862,2.02185523451359,92
3,2004,118.982099942284,120.672437893022,2.04016426216211,2.02149519800849,92
4,2004,119.613794287609,121.164825241615,2.01198057157607,1.99518558128788,92
1,2005,124.351699366955,126.260171440828,2.04560052978386,2.02707666026432,92
2,2005,124.445145047885,126.265645847928,1.98490208138185,1.96806208970658,92
3,2005,120.233944023616,121.849075966105,1.79158591302393,1.77804213921902,92
4,2005,123.257542501233,124.753203348253,1.84856178974957,1.83511221019258,92
2,2006,125.256832437009,126.934673026728,1.74481511545774,1.73059877419719,92
3,2006,125.59136777137,127.091571118635,1.71415888220252,1.70007549508807,92
4,2006,125.459079998548,126.916382599805,1.67726711304499,1.66744041986676,92
1,2007,129.665524211922,131.383333080007,1.69208652960197,1.67867696985176,92
2,2007,131.097537094178,132.794368902328,1.68864092379465,1.67709294239039,92
3,2007,132.070358986115,133.551393802502,1.67831534376837,1.66542202706878,92
4,2007,133.05010144774,134.377966922534,1.67331204392206,1.660897350354,92
4,2011,181.603238058624,183.138194820083,2.07976146571387,2.06707533685874,92
1,2012,185.213589728352,187.138076424841,2.07303029314996,2.06063874279977,92
2,2012,187.399806370911,189.252616656091,2.08361551676376,2.07141390737188,92
3,2012,188.997539432635,190.751239236812,2.08416603248953,2.0732781147012,92
4,2012,189.132821793599,190.677009002675,2.05362007513764,2.04219371978249,92
1,2013,192.536040900741,194.445638041288,2.04265762853913,2.03100432495721,92
2,2013,194.857940119651,196.745231154923,2.05615909754369,2.04577311454922,92
3,2013,197.12751842786,198.818800201388,2.07275181872772,2.06109085186104,92
4,2013,198.731594546698,200.26619653651,2.07786545185158,2.06632699519614,92
1,2014,201.170131947207,203.075922795237,2.04495870864154,2.03369345448368,92
2,2014,202.472961141251,204.301161230884,2.0349382971434,2.02403382504261,92
3,2014,203.714588468792,205.385710938291,2.02808653243495,2.0172015347583,92
4,2014,204.772125947192,206.294501681703,2.0214338768826,2.01101040236248,92
1,2015,209.407698684247,211.311194472702,2.03844925332277,2.02771047772176,92
2,2015,212.086194933589,213.918203981805,2.05854254851389,2.04780535352064,92
4,2015,213.176507293214,214.789410606146,2.01963055148376,2.01151192084407,92
1,2016,216.182123371111,218.079871304698,2.00236985005488,1.99248992743495,92
2,2016,218.010308814075,219.821838506895,2.00438129590184,1.99446697595388,92
3,2016,218.600933646057,220.285177781516,1.98550567550256,1.97636231815552,92
4,2016,220.809112586263,222.327865057205,2.0026106027571,1.99320467150132,92
1,2017,223.978283560977,225.858627142121,1.98951531445334,1.97986839622596,92
1,2001,89.1458086238837,91.0204524450554,1.98975651555244,1.96408380421859,93
2,2001,90.4324387031057,92.2568383217307,1.96764410830452,1.94492700068909,93
3,2001,93.2862689065901,95.1779995478408,2.03444875546109,2.02044781200553,93
4,2001,96.0011541288862,97.8424526284062,2.10248814513389,2.09217519283532,93
1,2002,99.5975081045768,101.527678793184,2.0879866452283,2.06388958856234,93
2,2002,102.634374249304,104.820766114615,2.15038324736098,2.14104959267393,93
3,2002,103.552497066876,105.956704013887,2.11697091866289,2.12589466338512,93
4,2002,104.510757685854,106.634222508871,2.0960038480328,2.09954167233763,93
1,2003,106.764185935398,108.666326329363,2.02302562411213,2.0018074807899,93
2,2003,107.290764997022,109.264779090171,1.97150468153099,1.9585335157597,93
3,2003,109.346004285976,111.037881274841,1.99360018647935,1.97486890757361,93
4,2003,110.692267418257,112.329325215313,1.99361458925531,1.97942059859695,93
1,2004,116.044573827471,117.954884397212,2.05508920459706,2.03491574714806,93
2,2004,117.533041396635,119.375089089312,2.04438601641726,2.02540261436834,93
3,2004,118.960547120061,120.647553043864,2.03931895962665,2.02054659112395,93
4,2004,119.584277515756,121.157813614413,2.01086107329073,1.99492708737751,93
1,2005,124.367089447495,126.272469282547,2.04618359617495,2.02752995932075,93
2,2005,124.578988262668,126.46241032826,1.98973802139812,1.97498850545075,93
4,2005,123.100503102297,124.580999178707,1.84347966273693,1.82968411153126,93
1,2006,123.311886201768,125.086092129307,1.73420298957548,1.72045908225185,93
2,2006,125.204223229336,126.887186436768,1.74326009012004,1.72922974679087,93
3,2006,125.59136777137,127.093645729228,1.71415888220252,1.70013343814747,93
4,2006,125.459079998548,126.996090034615,1.67726711304499,1.66958349474942,93
1,2007,129.67071617092,131.430506843678,1.69222823249832,1.67993429006511,93
2,2007,131.213821125042,132.983434627314,1.69176046831475,1.682050790363,93
3,2007,132.070358986115,133.549057098282,1.67831534376837,1.66536065466012,93
4,2007,132.950284936786,134.334699344909,1.67074674560419,1.65981357970432,93
1,2008,136.979277678601,138.923416971288,1.68018517432883,1.67347838178251,93
2,2008,138.70593406114,140.375366565471,1.68453676138023,1.67307846621481,93
3,2008,143.153388286104,145.149228273477,1.76270263647488,1.76178236301349,93
4,2008,142.011521077714,143.656306699705,1.70332272418394,1.6986436714953,93
1,2009,145.30480945277,147.528031558186,1.69402338199421,1.69409428517468,93
2,2009,150.870910365071,154.060064479503,1.79231471490663,1.81721790244576,93
3,2009,162.509070924646,164.417330454795,2.06544097436836,2.05747339384675,93
4,2009,165.561035176366,167.120953491121,2.11328463522232,2.0992613541283,93
1,2010,169.180297401233,171.132882749655,2.10550726637273,2.09193349588483,93
2,2010,171.503438407605,173.36408739868,2.12083835162321,2.10684208585925,93
3,2010,172.09840050592,173.802895450125,2.09316197313212,2.07964829455401,93
4,2010,174.866690823854,177.031735332955,2.13081229599337,2.13360206273262,93
1,2011,176.765347788069,178.719618045833,2.07684914254934,2.064538231235,93
2,2011,177.831751928901,179.734063069032,2.05855668006558,2.04747657609737,93
3,2011,180.016093159923,181.798941247942,2.07459397925696,2.0640806851737,93
4,2011,181.603238058624,183.148516619791,2.07976146571387,2.06733557025429,93
1,2012,185.228685937282,187.277029964565,2.07341195537064,2.06409116332787,93
2,2012,187.399806370911,189.244833208755,2.08361551676376,2.07122219356087,93
3,2012,188.992964809992,190.790081607492,2.08405306337958,2.07422554604165,93
4,2012,189.13778804244,191.036729755142,2.05373999595641,2.05074139446134,93
1,2013,192.552510317238,194.464275827012,2.04304882604222,2.03143946681502,93
2,2013,194.702969828805,196.542637901378,2.0524999690955,2.04106936259279,93
3,2013,197.144946756037,198.839165078518,2.07316230770876,2.06156269770249,93
4,2013,198.849351569458,200.500579172122,2.08061485489305,2.07170673667421,93
1,2014,201.162919125212,203.075392486674,2.04479483167444,2.03368161900666,93
2,2014,202.452441535724,204.279430271449,2.03447950742078,2.0235558510079,93
3,2014,203.767603285808,205.44395869133,2.02925537822556,2.01846494456739,93
4,2014,204.830894272183,206.368826257192,2.02271085565354,2.01259887280794,93
1,2015,209.388524180394,211.304153489803,2.03803349291274,2.02756021539039,93
2,2015,212.086664478414,213.966125620053,2.05855272259412,2.04882769328469,93
3,2015,213.249244919013,215.106057353281,2.04997439812278,2.04310437101164,93
4,2015,213.090061726313,214.709827135125,2.0178326092637,2.00988176108058,93
1,2016,216.167287445775,218.052969243418,2.00206674726503,1.9919486050925,93
2,2016,218.027841835639,219.838974651171,2.00473629147232,1.99480875139596,93
3,2016,218.630612105101,220.3750193444,1.98609494867731,1.97812029162293,93
4,2016,220.773737242283,222.36844555583,2.00190975849335,1.99399650198414,93
1,2017,223.979022771539,225.857803562458,1.98952972799903,1.97985257094777,93
2,2017,225.638480241215,227.436144533119,1.98831520923316,1.97874704575369,93
3,2017,226.269343321201,227.924742089883,1.97122294514705,1.96208663121627,93
4,2017,227.304506922427,228.783234915977,1.96560985105755,1.95633208292164,93
1,2018,230.13569343855,232.000013089349,1.94736437228896,1.93837165259688,93
2,2018,231.284489847622,233.071904345807,1.93734158624677,1.92864388987177,93
3,2018,232.256294300116,233.876400335284,1.92784022298385,1.91900279097003,93
4,2018,234.289312290312,235.776820007054,1.9406287226517,1.93217864479643,93
1,2019,237.691292735433,239.586152897408,1.93349804769755,1.92554391631414,93
2,2019,238.825505210247,240.596459711783,1.92377544247903,1.91528510254977,93
3,2019,240.660792704995,242.280745093431,1.92961648539929,1.92106511155186,93
4,2019,246.051319325357,247.795929223645,2.00051166626312,1.99606398871271,93
1,2020,253.749177297789,255.667774829488,2.06941814921377,2.06040855810466,93
2,2020,257.882327610585,269.588066099674,2.11253278234298,2.28975808029364,93
3,2020,277.901085570961,322.804907655936,2.47628991928575,3.56177889728805,93
4,2020,377.409271013189,382.341165351511,5.71948376596622,5.81141918882952,93
1,2021,454.72468246171,459.849132946399,10.5665868651437,10.6623517121532,93
2,2021,465.238377097957,468.797945568257,11.2182491332658,11.1743890485275,93
3,2021,468.5458678556,471.996870821278,11.2227834351077,11.1828308793605,93
4,2021,472.832489114865,476.648518577458,11.3358320163658,11.3436006925866,93
1,2022,476.551641167984,480.156865586212,11.1649774986113,11.1196244994401,93
2,2022,480.108378486381,483.643210162228,11.1749212781537,11.1307697489936,93
3,2022,484.512101414362,487.903274276121,11.2789192140708,11.2342277053142,93
4,2022,485.382917367225,488.600641803701,11.081430996656,11.038247548524,93
1,2023,487.641500033757,491.225117089513,10.7957767445012,10.754319324504,93
2,2023,490.69004853234,494.181480415533,10.764788945038,10.7230806333279,93
3,2023,491.263542181802,494.586522219424,10.544690365281,10.5041296712495,93
4,2023,492.83429275079,495.984072441458,10.4275737372359,10.3876164846204,93
1,2024,497.020749197724,500.546539109236,10.3236645758206,10.2841989323686,93
2,2024,500.285829837522,503.72964039939,10.3154866164632,10.2763396070328,93
3,2024,498.502389953393,501.761722617489,9.93517643605666,9.89780181497711,93
4,2024,500.185512685669,503.276659851028,9.84084191361061,9.80420375935153,93
1,2001,89.178994917432,91.0898631416677,1.99149494983461,1.96758247015756,94
2,2001,90.5384364508442,92.4613958370444,1.97299897567251,1.9548973798771,94
3,2001,93.1761033340499,94.8467883537212,2.02885409846482,2.00419826867859,94
4,2001,96.035964227475,97.5975851748045,2.10427309870037,2.08002613684398,94
1,2002,99.7444752632862,101.673552372714,2.09530466594809,2.07090271651499,94
2,2002,102.544177708626,104.725199798702,2.1458774895713,2.13640248824745,94
3,2002,103.298954987637,105.217891177837,2.10480760806736,2.09128860833647,94
4,2002,104.091669564785,105.652285153718,2.07658554269594,2.05526670513506,94
1,2003,106.764185935398,108.666326329363,2.02302562411213,2.0018074807899,94
2,2003,107.385206571958,109.174110775958,1.97547001176397,1.95483784591747,94
3,2003,109.50396441575,111.1941456967,2.00017068573451,1.98117313781459,94
4,2003,110.692267418257,112.300237414687,1.99361458925531,1.978269739226,94
1,2004,116.066896438617,117.977826534451,2.05600688472296,2.03583128754423,94
2,2004,117.481040072139,119.304030013043,2.04230266083357,2.02263716357359,94
3,2004,118.960547120061,120.647553043864,2.03931895962665,2.02054659112395,94
4,2004,119.567403511906,121.071782332918,2.0102213695871,1.99175663037343,94
1,2005,124.351699366955,126.257415823555,2.04560052978386,2.02697512048971,94
3,2005,120.233944023616,121.7907383367,1.79158591302393,1.77622440551852,94
4,2005,123.257542501233,124.730568164633,1.84856178974957,1.83439908475702,94
1,2006,123.279721415253,125.018987952829,1.73324156681184,1.71850361539502,94
2,2006,125.256832437009,126.954732506579,1.74481511545774,1.73117727919992,94
3,2006,125.602097515398,127.271003541462,1.71446539287504,1.70508085649565,94
4,2006,125.408679028002,127.086544844406,1.67588072245809,1.67200961823828,94
1,2007,129.669469944289,131.385712241653,1.69219421575636,1.67873768754566,94
2,2007,131.152663916761,132.852941399729,1.69011908966079,1.67862834088277,94
3,2007,132.116337564582,133.65290193812,1.67951851116936,1.66802338327894,94
4,2007,132.941940647927,134.378778033263,1.67053055764674,1.66091673106219,94
1,2008,136.979277678601,138.773358475971,1.68018517432883,1.66973505227669,94
2,2008,138.779114380103,140.493687240815,1.68637757275811,1.67599163521825,94
3,2008,143.805675978272,146.09632566001,1.77968978690685,1.78612138245989,94
4,2008,142.011521077714,143.402224877127,1.70332272418394,1.6924937388692,94
1,2009,145.752658526086,149.120707217164,1.70489591176565,1.73252205188983,94
2,2009,151.083391070853,153.622402117369,1.79768625084007,1.80620678554504,94
3,2009,160.761105721992,162.49489513296,2.01590573888116,2.00400860018599,94
4,2009,165.561035176366,167.110947460366,2.11328463522232,2.09897678293592,94
1,2010,169.180297401233,171.121632899566,2.10550726637273,2.09161887202343,94
2,2010,171.487829140103,173.348223441146,2.12039701847123,2.1064023870146,94
3,2010,172.09840050592,173.977805878931,2.09316197313212,2.08437603007151,94
4,2010,173.765856963001,175.31012556416,2.10058184367546,2.08709598908712,94
1,2011,176.770336310822,178.721479746292,2.07698197125582,2.06458687577512,94
2,2011,177.806939674145,179.758882129103,2.05791025880789,2.04811175989773,94
3,2011,180.363746746626,182.194623617062,2.08362831636868,2.07418564971322,94
4,2011,181.600099034918,183.143752482696,2.07968092122208,2.06721485905552,94
1,2012,185.375782761262,187.644641655401,2.07713459209091,2.07325270625151,94
2,2012,187.155376038246,189.171499550301,2.07748875206251,2.06941470312673,94
3,2012,189.178883495876,191.507485462615,2.08866944146879,2.09179946091043,94
4,2012,189.13778804244,190.752428231641,2.05373999595641,2.04398158458223,94
1,2013,192.545378538476,194.695590534895,2.04287941797447,2.03684738544665,94
2,2013,194.40370889597,196.249254767328,2.04545229420025,2.03427670227457,94
3,2013,197.05068943623,198.785310445821,2.07094323863789,2.06031585281717,94
4,2013,198.99823839575,200.762263029623,2.0840965359223,2.07773002175876,94
1,2014,201.153747531052,203.082648345288,2.0445864645777,2.03384376994158,94
2,2014,202.466591907472,204.376601656366,2.03479588301372,2.02569399492574,94
3,2014,203.705602942307,205.439113308234,2.02788848431649,2.01835979657706,94
4,2014,204.621396541261,206.166503198273,2.01816235186835,2.00827804875512,94
1,2015,209.377788325297,211.302516578749,2.0378007433602,2.02752527022318,94
2,2015,212.089523974039,213.921042089337,2.05861468503879,2.04786589353171,94
3,2015,213.185917846495,214.865258029017,2.04862275423934,2.03804076477087,94
4,2015,213.090061726313,214.709827135125,2.0178326092637,2.00988176108058,94
1,2016,216.145217898563,218.04056120586,2.00161594184485,1.99169897282897,94
2,2016,218.005691355915,219.82551607738,2.00428781609227,1.99454033464043,94
3,2016,218.630612105101,220.298322654667,1.98609494867731,1.97661964816346,94
4,2016,220.773737242283,222.283445855327,2.00190975849335,1.99233811827603,94
1,2017,223.97456580465,225.859628107908,1.98944279789608,1.97988764226834,94
2,2017,225.655112170752,227.468736348422,1.98863628574183,1.97936716506314,94
3,2017,226.244601652152,227.888977535907,1.97075411345457,1.9614186855151,94
4,2017,227.339341606187,228.827920517783,1.96626163590286,1.9571556107896,94
1,2018,230.142520794193,232.005147412375,1.94748980340304,1.9384646519235,94
3,2018,232.236873947101,233.863611543054,1.92749364574125,1.91877772619012,94
4,2018,234.289312290312,235.776820007054,1.9406287226517,1.93217864479643,94
1,2001,89.1462128072713,91.0268548909086,1.98977768358842,1.96440624196023,95
3,2001,93.2361411672539,95.1163405737022,2.03190115361559,2.01741282697107,95
4,2001,96.0011541288862,97.7311759528283,2.10248814513389,2.08664388125391,95
1,2002,99.54563705084,101.501566985149,2.0854087864019,2.0626367115327,95
2,2002,102.076779640554,103.940488093731,2.12267953856289,2.09864550526536,95
3,2002,103.298954987637,105.137341104507,2.10480760806736,2.08755085508911,95
4,2002,103.96882645235,105.50739540559,2.0709279230261,2.04881092954401,95
1,2003,106.761532102044,108.703997454594,2.02290893206384,2.0034125088293,95
2,2003,107.290764997022,109.157757841159,1.97150468153099,1.95417199203097,95
3,2003,109.287693889871,110.98350596582,1.99118017762573,1.97267867935006,95
4,2003,110.692267418257,112.361580869172,1.99361458925531,1.98069747574645,95
1,2004,116.044573827471,117.953155806029,2.05508920459706,2.0348467561569,95
2,2004,117.481040072139,119.304414980606,2.04230266083357,2.02265204828342,95
3,2004,118.952364005556,120.624775184684,2.03899810475399,2.01967876241615,95
4,2004,119.567403511906,121.065947293869,2.0102213695871,1.99154186021386,95
1,2005,124.317146674679,126.222335649787,2.04429207617271,2.02568274388411,95
2,2005,124.409299166472,126.206999482386,1.98360890895161,1.96600241288639,95
3,2005,120.279523568441,121.882706387878,1.79304444616729,1.77909112079884,95
4,2005,123.141573381018,124.560561855765,1.84480743925128,1.82903952873931,95
1,2006,123.26768540551,125.007306696413,1.73288193260517,1.71816343072313,95
2,2006,125.291731779249,127.040068620923,1.7458474465072,1.73364077633421,95
3,2006,125.579583475084,127.13611399527,1.71382231019132,1.7013166312592,95
4,2006,125.600029913234,126.957516149334,1.68114122566372,1.66854609891781,95
1,2007,129.666147410651,131.382159359964,1.69210353739483,1.67864568870809,95
2,2007,131.213821125042,132.917671800431,1.69176046831475,1.68032680255477,95
3,2007,132.070358986115,133.549057098282,1.67831534376837,1.66536065466012,95
4,2007,133.05010144774,134.369935859115,1.67331204392206,1.66069696817757,95
1,2008,136.898562947049,138.632930990993,1.67813171058029,1.66624123819301,95
2,2008,138.70593406114,140.362727980267,1.68453676138023,1.67276547864851,95
3,2008,142.969178697601,144.849417320085,1.75793482307932,1.75414736366945,95
4,2008,142.011521077714,143.422590559394,1.70332272418394,1.69298852960305,95
1,2009,145.501005454819,148.370223588467,1.69877791688455,1.71430701818449,95
2,2009,151.251351176413,153.605930387518,1.80194368243466,1.80579395073899,95
3,2009,161.142967247083,162.829866419551,2.02662479103426,2.01322813067853,95
4,2009,166.093478635115,167.68199706212,2.12874572085526,2.11522137740619,95
1,2010,169.166102002824,171.103663215789,2.10510341695788,2.09111840767468,95
2,2010,171.614285077544,173.498370328249,2.12397503882807,2.11056758028561,95
3,2010,172.158567689208,173.934862552071,2.09481951662109,2.08321486293272,95
4,2010,173.620058079357,175.167239607695,2.09660943754579,2.08327595238604,95
1,2011,176.761292247667,178.697448506693,2.0767411651508,2.06395899658541,95
2,2011,177.779250476581,179.61085129416,2.05718913255045,2.04432603353573,95
3,2011,180.015540805648,181.803390541719,2.0745796515102,2.06419398296553,95
4,2011,181.61369510467,183.147981952082,2.08002981904301,2.06732178922214,95
1,2012,185.268094911362,187.421916280267,2.07440864119711,2.06769713993404,95
2,2012,187.234434163575,189.161363725854,2.07946840285875,2.06916525732448,95
3,2012,189.002991537453,190.890204181235,2.08430181091523,2.07666930902536,95
4,2012,189.136102373054,190.718135776919,2.05369928473973,2.04317007901324,95
1,2013,192.529055713093,194.610669148941,2.04249172589119,2.03486033618705,95
2,2013,194.597991388494,196.425607903895,2.05002493546353,2.03835717324884,95
3,2013,197.062191626507,198.800894462716,2.07121390117394,2.06067664537999,95
4,2013,198.881947023045,200.624859645431,2.0813765360611,2.07456483943694,95
1,2014,201.174153006868,203.079936360452,2.04505006610397,2.03378315722372,95
2,2014,202.45301021857,204.277740654363,2.0344922258269,2.02351869623398,95
3,2014,203.778698480041,205.460358231309,2.02950008947524,2.01882077934156,95
4,2014,204.699373050339,206.204705260623,2.01985413847394,2.00909346296494,95
1,2015,209.397011605055,211.299616045281,2.03821751639426,2.02746337322456,95
2,2015,212.102940773271,213.941181140369,2.05890542764518,2.04829547988354,95
3,2015,213.207608904384,214.9049127439,2.0490856245156,2.03887377210021,95
4,2015,213.057389262783,214.570292117455,2.01715348289059,2.00702700311552,95
1,2016,216.1732540835,218.068123836916,2.00218863964306,1.99225352548576,95
2,2016,218.011978348999,219.817303195377,2.00441509642841,1.99437655244843,95
3,2016,218.571035233231,220.270456855436,1.98491222121984,1.97607426563469,95
4,2016,220.83464287293,222.403672978709,2.0031165508175,1.99468390023327,95
1,2017,223.974304901695,225.854722201695,1.98943770697922,1.97979333910855,95
2,2017,225.657969784527,227.478813573888,1.98869145391593,1.97955893819537,95
3,2017,226.343663465724,228.086005622829,1.97263191418834,1.96510111667056,95
4,2017,227.321002747128,228.80390068315,1.96591847633652,1.95671286687848,95
1,2018,230.130655588926,231.993842590558,1.94727182877982,1.93825987513375,95
2,2018,231.299455268213,233.070722233613,1.93761255178931,1.92862279098128,95
3,2018,232.259157239705,233.894321226157,1.92789131838031,1.91931812916614,95
4,2018,234.287922616144,235.779695327018,1.94060399798329,1.93222899888923,95
1,2019,237.654851172463,239.53207711156,1.93285763192031,1.92460613837763,95
2,2019,238.791908481632,240.555763983987,1.92319328538135,1.91458938308964,95
3,2019,240.672308832058,242.296741911906,1.92981488224298,1.92133698588718,95
4,2019,245.964490682761,247.466555148525,1.99897606533,1.99031496811777,95
1,2020,253.746605692771,255.665107488184,2.06937146763379,2.06036076719791,95
2,2020,267.305218503001,286.10331970897,2.29291469171789,2.64009198119338,95
3,2020,277.673489138106,312.434250264892,2.47143651595535,3.25965565388948,95
4,2020,388.153586107798,396.913038707097,6.26960077340236,6.57525828081507,95
1,2021,454.230138308745,459.093466026512,10.5223945566782,10.5948591226363,95
2,2021,465.24632830593,468.800685130865,11.2189987253951,11.1746441594172,95
4,2021,472.699462348309,476.439817340146,11.3233765582601,11.3242131137576,95
1,2022,476.551389193033,480.156600724035,11.1649544392243,11.1196005554836,95
2,2022,480.118804166641,483.652082348036,11.1758685044078,11.1315661690312,95
3,2022,484.539737349253,487.941531455615,11.2814332222612,11.2376665156288,95
4,2022,485.41829001968,488.626906776672,11.0845671751262,11.0405487460057,95
1,2023,487.641615055751,491.227268834753,10.7957866016373,10.7545015336244,95
2,2023,490.690674595267,494.178659589425,10.7648420168674,10.7228443314918,95
3,2023,491.259536981698,494.584449922291,10.5443604211116,10.5039609345732,95
4,2023,492.846121971574,496.017470299949,10.4285299645313,10.3902853025502,95
1,2024,497.016833489823,500.545182004513,10.3233536201292,10.2840923912114,95
2,2024,500.282450255271,503.726743486645,10.3152204999938,10.2761140862085,95
3,2024,498.502775572709,501.762526186145,9.93520546011282,9.89786161498498,95
4,2024,500.186342723725,503.28069756475,9.84090332591257,9.80449916345656,95
1,2001,89.1683429710247,91.048088990095,1.99093679637334,1.96547602608554,96
2,2001,90.4764746950443,92.2754314865436,1.96986698139289,1.9458313121477,96
3,2001,93.2862689065901,95.1193987565421,2.03444875546109,2.01756327686549,96
4,2001,96.035964227475,97.6419135254934,2.10427309870037,2.08222202634793,96
1,2002,99.5488756992949,101.477781817836,2.08557036985071,2.06149611369221,96
2,2002,102.011548022166,103.922521582147,2.11946196978727,2.09778808506651,96
3,2002,103.19002219442,105.09722285678,2.09960434426522,2.08568919690891,96
4,2002,103.90133473335,105.462767349194,2.06782611586244,2.04682596519762,96
1,2003,106.765485502983,108.707684295899,2.02308277685692,2.00356961524802,96
2,2003,107.285371037836,109.173005251339,1.97127844980499,1.95479270932428,96
3,2003,109.243306216028,110.929016169165,1.98933995545959,1.97048620705665,96
4,2003,110.692267418257,112.251608587024,1.99361458925531,1.97634693829341,96
1,2004,116.029933930427,117.955111191738,2.05448758657607,2.03492478713445,96
2,2004,117.445776007139,119.293629496146,2.04089106353876,2.02223269029914,96
3,2004,118.982099942284,120.725536811877,2.04016426216211,2.02352059874327,96
4,2004,119.664295849856,121.311807604879,2.01389740259456,2.00061434450798,96
1,2005,124.326725290423,126.231404643909,2.0446547188451,2.02601675576152,96
2,2005,124.445145047885,126.256728445769,1.98490208138185,1.96774879968803,96
3,2005,120.233944023616,121.849075966105,1.79158591302393,1.77804213921902,96
4,2005,123.100503102297,124.530054320039,1.84347966273693,1.82807915335125,96
1,2006,123.311886201768,125.086092129307,1.73420298957548,1.72045908225185,96
2,2006,125.256832437009,126.954732506579,1.74481511545774,1.73117727919992,96
3,2006,125.579583475084,127.180363066481,1.71382231019132,1.70255066194904,96
4,2006,125.449275661275,127.699873014904,1.67699780124257,1.68859224331212,96
2,2007,131.152663916761,132.836135239197,1.69011908966079,1.67818512878473,96
3,2007,132.103345355351,133.674404332023,1.67918041572673,1.6685749229027,96
4,2007,133.05010144774,134.369935859115,1.67331204392206,1.66069696817757,96
1,2008,136.949513481809,138.700391306765,1.67942491991837,1.6679196423655,96
2,2008,138.751580074844,140.444264786815,1.68568472490078,1.67477417621416,96
3,2008,143.571949410876,145.717644283119,1.77358423115245,1.77634991417364,96
4,2008,142.011521077714,143.379440315608,1.70332272418394,1.69194626500113,96
1,2009,145.501005454819,148.304444723442,1.69877791688455,1.71271964880312,96
2,2009,151.007268688489,153.67861851144,1.79576001193837,1.80761729909934,96
3,2009,161.185824008659,162.859826982078,2.02783134883856,2.01405622053904,96
4,2009,165.660990167507,167.245862942242,2.11617999444016,2.10280644270142,96
1,2010,169.166824940744,171.119434563972,2.10512321750407,2.09155844842857,96
2,2010,171.503438407605,173.381096987164,2.12083835162321,2.10731246930711,96
3,2010,172.184872578096,173.985957730484,2.09554365838975,2.08459667392831,96
4,2010,173.508734429722,175.051747290296,2.09358219312877,2.08019823632526,96
1,2011,176.761685878528,178.682429355837,2.07675164215981,2.06356667030495,96
2,2011,177.806939674145,179.652101938007,2.05791025880789,2.04538029128611,96
3,2011,180.016093159923,181.819799568787,2.07459397925696,2.06461194629779,96
4,2011,181.600099034918,183.241556700069,2.07968092122208,2.06967875818264,96
1,2012,185.329942231723,187.531480468781,2.07597376970869,2.07042819679201,96
3,2012,189.066263931201,191.0272694778,2.0858721863583,2.08001920210479,96
4,2012,189.130252917552,190.913594098269,2.05355805239829,2.04781129533405,96
1,2013,192.526285978208,194.463144532479,2.04242595066578,2.03141302441229,96
2,2013,194.634945865181,196.464100377442,2.05089585453015,2.03924896619135,96
3,2013,197.144946756037,198.860154130094,2.07316230770876,2.06204910825415,96
4,2013,198.728220276881,200.264230216509,2.07778672310688,2.06628192627462,96
1,2014,201.187084951258,203.09346887751,2.04534393415323,2.03408561158624,96
2,2014,202.456195977946,204.278627756382,2.03456345294266,2.02353821273675,96
3,2014,203.733424782943,205.403569464565,2.02850175236151,2.01758887880179,96
4,2014,204.621396541261,206.166503198273,2.01816235186835,2.00827804875512,96
1,2015,209.407081479547,211.310426736245,2.03843586672836,2.02769409458549,96
2,2015,212.10058083716,213.932210560197,2.05885428737779,2.04810413203208,96
3,2015,213.205677969181,214.887145498965,2.04904441314062,2.0385005545378,96
4,2015,213.086305885691,214.590691151638,2.01775452718091,2.00744454975889,96
1,2016,216.178696002688,218.065880609545,2.00229981650545,1.99220839551097,96
2,2016,218.005323330746,219.823481221592,2.0042803681856,1.99449973469501,96
3,2016,218.630612105101,220.298322654667,1.98609494867731,1.97661964816346,96
4,2016,220.773737242283,222.324978686988,2.00190975849335,1.99314818751931,96
1,2017,223.975644931522,225.865168422627,1.98946384747056,1.97999412876627,96
2,2017,225.652883936803,227.450139142092,1.98859326956426,1.97901331838407,96
3,2017,226.238142941825,227.87879166246,1.97063174307087,1.96122852391622,96
4,2017,227.304506922427,228.783467177984,1.96560985105755,1.95633660309098,96
1,2018,230.131008453517,231.993776593727,1.94727830431356,1.93825868001863,96
2,2018,231.294067831804,233.066033010801,1.93751499822112,1.92853906335467,96
3,2018,232.238756621551,233.859474541571,1.92752724139667,1.91870492533988,96
4,2018,234.238210419173,235.705898871246,1.93971973979454,1.93093544120307,96
1,2019,237.628863201499,239.512469941979,1.93240105236643,1.92426621188955,96
2,2019,238.807986003177,240.583719130581,1.92347185024883,1.9150672450267,96
3,2019,240.673562709338,242.29411074356,1.929836479899,1.92129229085009,96
4,2019,245.977700700742,247.545287065918,1.99920960631429,1.99168775467485,96
1,2020,253.749177297789,255.667426826548,2.06941814921377,2.06040232420009,96
2,2020,264.634772598216,292.201333868972,2.2402849652866,2.78259032129425,96
3,2020,277.901085570961,319.242966764907,2.47628991928575,3.45497570098966,96
4,2020,378.948261492433,384.693352321644,5.79521520522371,5.92841635914876,96
1,2021,454.905509603743,460.358998992538,10.5827918184481,10.708133215796,96
2,2001,90.4324387031057,92.2568383217307,1.96764410830452,1.94492700068909,28
3,2001,93.2862689065901,95.2822768755449,2.03444875546109,2.02559107810581,28
4,2001,96.035964227475,97.5872206498296,2.10427309870037,2.0795101657529,28
1,2002,99.5257458349744,101.508041287854,2.08442165036596,2.06294723021112,28
2,2002,102.011548022166,103.883463377906,2.11946196978727,2.0959272995088,28
3,2002,103.008739917293,104.77882396346,2.09097237156849,2.07098925469575,28
4,2002,103.90133473335,105.497905926532,2.06782611586244,2.04838806254043,28
1,2004,116.156162689844,118.150501247607,2.05968069970715,2.04273534855798,28
2,2004,117.642193294644,119.554588892939,2.04876595394479,2.03240534991183,28
3,2004,118.95756322174,120.634896354789,2.039201958018,2.02006434002682,28
4,2004,119.584277515756,121.096203899372,2.01086107329073,1.99265613359159,28
1,2005,124.326725290423,126.230996203305,2.0446547188451,2.02600172968117,28
2,2005,124.377868069721,126.171243846673,1.98247571031652,1.96474765897689,28
3,2005,120.42216607711,122.25276031745,1.79761667121075,1.79067289443428,28
4,2005,123.141573381018,124.555785750568,1.84480743925128,1.82888927184049,28
2,2006,125.430555242523,127.386380759629,1.74995991849242,1.7436743057763,28
3,2006,125.579583475084,127.207181863069,1.71382231019132,1.70329903271434,28
1,2007,129.666147410651,131.406282453354,1.69210353739483,1.67928581676225,28
4,2007,133.05010144774,134.390545491264,1.67331204392206,1.6612128625601,28
1,2008,137.011891079903,138.840408769599,1.68101560609852,1.6714085745937,28
2,2008,138.70593406114,140.375366565471,1.68453676138023,1.67307846621481,28
3,2008,142.969178697601,144.896640708163,1.75793482307932,1.75534746430264,28
1,2009,145.439293051669,148.495693962021,1.69728096083967,1.71733902119915,28
4,2010,173.508734429722,175.053524244165,2.09358219312877,2.08024246241335,28
2,2001,90.4921766537513,92.3244709923898,1.97066019094127,1.94821793836547,46
2,2001,90.4171829285338,92.2114984029642,1.96687459406911,1.94272399377744,47
3,2001,93.1993946297159,94.9456971291828,2.03003564261124,2.00903704619432,47
4,2001,96.0011541288862,97.6453940086771,2.10248814513389,2.08239051814335,47
1,2002,99.5169784026479,101.57341207313,2.08398710043215,2.06608563541151,47
2,2002,101.838278858098,103.705070616126,2.11093906718468,2.08744792794423,47
3,2002,102.936697276787,104.657971357022,2.08755284608561,2.06543696997704,47
4,2002,103.90133473335,105.449678138329,2.06782611586244,2.0462444390956,47
1,2003,106.762181970509,108.654780365313,2.02293749642468,2.00131579359744,47
2,2003,107.284488470066,109.156571947906,1.9712414305833,1.95412356151332,47
3,2003,109.212918836437,110.956181094107,1.98808113213842,1.97157841999686,47
4,2003,110.599408159124,112.295553050403,1.98984251624145,1.97808005953932,47
1,2004,116.022406790182,117.937134562162,2.05417833043041,2.03420763541953,47
2,2004,117.427318822253,119.254939392234,2.04015262612712,2.02072860981698,47
3,2004,119.016989266946,120.691120757398,2.04153338307412,2.02220830832641,47
4,2004,119.584277515756,121.08513245844,2.01086107329073,1.99224941729012,47
1,2005,124.300068059804,126.20351889118,2.04364564638442,2.02498983095787,47
2,2005,124.377868069721,126.179272622338,1.98247571031652,1.96502925984232,47
3,2005,120.42216607711,122.145073067487,1.79761667121075,1.78729500457941,47
4,2005,123.100503102297,124.520571403978,1.84347966273693,1.82778043731728,47
1,2006,123.294456385642,125.044284043936,1.7336819422968,1.719240503569,47
2,2006,125.256832437009,126.968156956467,1.74481511545774,1.73156456622944,47
3,2006,125.576004636021,127.145548564914,1.71372011162838,1.70158002127185,47
4,2006,125.459079998548,127.208616219071,1.67726711304499,1.67531026127865,47
1,2007,129.701433711462,131.448869023503,1.69306681318938,1.68042396831789,47
2,2007,131.280973474596,133.030606551448,1.69356458543041,1.683290825971,47
3,2007,132.08348522778,133.566303814994,1.67865952922189,1.66580244454746,47
4,2007,133.05010144774,134.407666399284,1.67331204392206,1.66164220864442,47
1,2008,136.979277678601,138.755542327585,1.68018517432883,1.66929120619486,47
2,2008,138.714979813078,140.363072431784,1.68476418694008,1.67277395150724,47
3,2008,143.153388286104,144.963135548076,1.76270263647488,1.75704073810043,47
4,2008,142.011521077714,143.519992400108,1.70332272418394,1.69534315663265,47
1,2009,145.321499619237,147.985527217864,1.69442732607398,1.70504464212446,47
2,2009,151.343113977673,153.590203552863,1.80427393279132,1.80539968083387,47
3,2009,161.618963640342,163.498929391764,2.04006612210882,2.03175374309031,47
1,2010,169.22389641317,171.199830755215,2.10674812273226,2.09380157108887,47
2,2010,171.476114536918,173.336340783489,2.1200658533225,2.10607187035844,47
3,2010,172.074158300068,173.788381599563,2.09249449225889,2.07925635904908,47
4,2010,174.07883375567,175.66691695865,2.10913196050967,2.09664970265318,47
1,2011,176.785961260448,178.7618750212,2.07739805041841,2.06564275565804,47
2,2011,177.744913901029,179.600970108152,2.05629523540745,2.04407353454587,47
3,2011,180.23534141444,182.166811213339,2.08028660549726,2.07347278107356,47
4,2011,181.600099034918,183.164630071581,2.07968092122208,2.06774048434637,47
1,2012,185.248195499225,187.284217491787,2.07390530705962,2.0642698971436,47
2,2012,187.223651210449,189.106754506069,2.07919829220611,2.0678205521598,47
3,2012,189.001253129534,190.846003895357,2.08425808645401,2.07559006714813,47
4,2012,189.13778804244,190.730296503511,2.05373999595641,2.04345637553858,47
1,2013,192.531224186998,194.527230920888,2.0425432317768,2.03290984047333,47
2,2013,194.455355277526,196.28142467136,2.0466668502375,2.0350203259398,47
3,2013,197.091362568441,198.78641965528,2.07190050238643,2.06034144161321,47
4,2013,198.849351569458,200.475947624187,2.08061485489305,2.07114086528082,47
1,2014,201.162919125212,203.069114856907,2.04479483167444,2.03354131752098,47
2,2014,202.452922997164,204.27631034368,2.03449027344094,2.02348723037751,47
3,2014,203.733424782943,205.407639325268,2.02850175236151,2.01767701699314,47
4,2014,204.694916456561,206.204622585625,2.01975740195713,2.00909091997916,47
1,2015,209.407081479547,211.316010639758,2.03843586672836,2.0278132610871,47
2,2015,212.135088521101,214.010868621178,2.05960223524655,2.04978270126039,47
3,2015,213.277520007078,215.083574702789,2.05057818562059,2.04263108457863,47
4,2015,213.056755305678,214.565956579954,2.01714031036085,2.00693821259168,47
1,2016,216.150547354783,218.040881048042,2.00172479695993,1.99170539386928,47
2,2016,218.01566796656,219.831152481253,2.00448979421957,1.99465271807632,47
3,2016,218.701971828709,220.433660503579,1.98751252004448,1.97926888597155,47
2,2017,225.685010795503,227.488794753816,1.98921359978375,1.97974895483844,47
3,2017,226.238142941825,227.906696198565,1.97063174307087,1.961749830619,47
1,2018,230.162599049612,232.023005332678,1.94785871880431,1.93878819479888,47
2,2018,231.305861063195,233.077702385805,1.93772854926051,1.9287474489385,47
3,2018,232.248604781809,233.887135157376,1.92770298557192,1.91919163145803,47
4,2018,234.255075414859,235.74736029631,1.94001968352584,1.93166190840698,47
1,2019,237.585968511863,239.43727437533,1.93164767097406,1.92296317707735,47
2,2019,238.807986003177,240.578049585146,1.92347185024883,1.91497032966404,47
3,2019,240.74387832162,242.378903804635,1.93104826458617,1.92273405954237,47
4,2019,246.051319325357,247.662857538864,2.00051166626312,1.99373921751888,47
1,2020,253.748012689948,255.68141782333,2.06939700727216,2.06065298098836,47
3,2020,275.902366820694,306.610086515656,2.43399100479316,3.10138145897699,47
4,2020,385.004286440761,392.669987461495,6.10308627435181,6.34302270327665,47
1,2021,454.869243265476,460.088201788868,10.5795397940865,10.6837935973581,47
2,2021,465.238377097957,468.80179035701,11.2182491332658,11.1747470762588,47
3,2021,468.549469822785,471.980641511139,11.2231203099695,11.1813311083506,47
4,2021,473.061119118082,477.046056580116,11.3572709460386,11.380622387126,47
1,2022,476.56355011677,480.174498325212,11.1660674000133,11.121218650532,47
2,2022,480.108482903529,483.640106169916,11.1749307625811,11.1304911299161,47
3,2022,484.509603589511,487.902358613283,11.2786920195906,11.234145413456,47
4,2022,485.399463264606,488.641442978701,11.0828978646577,11.0418222483031,47
1,2023,487.640697480967,491.224707092268,10.7957079856481,10.7542846099191,47
2,2023,490.69243879392,494.179188908458,10.7649915511223,10.7228886697778,47
3,2023,491.256343122653,494.574661307222,10.5440973269041,10.5031639357437,47
4,2023,492.83336552222,495.982528013322,10.4274987933763,10.387493094624,47
1,2024,497.023583724373,500.549784831804,10.3238896700279,10.2844537392626,47
2,2024,500.285829837522,503.72969181387,10.3154866164632,10.2763436129549,47
3,2024,498.502389953393,501.761127031375,9.93517643605666,9.89775748695253,47
4,2024,500.18672955577,503.27585949687,9.84093194934006,9.80414520719269,47
2,2001,90.4324387031057,92.2221776733325,1.96764410830452,1.94324271079015,52
1,2002,99.5169784026479,101.685459461948,2.08398710043215,2.07147607660247,52
2,2002,102.011548022166,103.869398802679,2.11946196978727,2.09525768886828,52
3,2002,103.008739917293,104.711034941232,2.09097237156849,2.06787422478533,52
4,2002,103.90133473335,105.462767349194,2.06782611586244,2.04682596519762,52
1,2003,106.762181970509,108.736301274359,2.02293749642468,2.00478983645693,52
2,2003,107.284488470066,109.293453969775,1.9712414305833,1.95970354028345,52
3,2003,109.194333569221,111.062819006191,1.98731162896651,1.97587159359649,52
4,2003,110.599408159124,112.260652788932,1.98984251624145,1.97670090634882,52
2,2004,117.427318822253,119.261055969133,2.04015262612712,2.02096634140757,52
3,2004,118.982099942284,120.694538164734,2.04016426216211,2.02233791330739,52
4,2004,119.584277515756,121.157813614413,2.01086107329073,1.99492708737751,52
1,2005,124.351699366955,126.260171440828,2.04560052978386,2.02707666026432,52
2,2005,124.445145047885,126.244153012218,1.98490208138185,1.96730711775036,52
3,2005,120.342302767008,121.997531370762,1.7950553234354,1.78267690975373,52
4,2005,123.100503102297,124.520571403978,1.84347966273693,1.82778043731728,52
1,2006,123.279721415253,125.023946255876,1.73324156681184,1.71864807451534,52
4,2006,125.408679028002,127.678399992798,1.67588072245809,1.68802425842442,52
1,2007,129.688361741801,131.407572582736,1.69270989790306,1.67932292721895,52
2,2007,131.280973474596,132.955999837568,1.69356458543041,1.68133351922591,52
3,2007,132.070358986115,133.554253575006,1.67831534376837,1.66549530356334,52
4,2007,133.05010144774,134.455505256188,1.67331204392206,1.66284278443328,52
1,2008,137.126738284234,138.955945184857,1.68393997610025,1.67429111914252,52
2,2008,138.730197952896,140.379946020315,1.68514352602118,1.67319111802846,52
3,2008,142.969178697601,144.689682410433,1.75793482307932,1.75009436206531,52
4,2008,142.011521077714,143.353796557572,1.70332272418394,1.69132693485358,52
1,2009,145.703842985935,148.870345383137,1.70370742848176,1.72642407482383,52
2,2009,150.870910365071,153.267354813243,1.79231471490663,1.79732202708425,52
3,2009,160.761105721992,162.49489513296,2.01590573888116,2.00400860018599,52
4,2009,165.817605433091,167.405169324479,2.12072238738432,2.1073294815592,52
1,2010,169.166824940744,171.102058687947,2.10512321750407,2.09107396419308,52
2,2010,171.503438407605,173.367998475969,2.12083835162321,2.10695046820889,52
3,2010,172.184872578096,174.180217985284,2.09554365838975,2.08986090621224,52
4,2010,173.508734429722,175.089998184048,2.09358219312877,2.08122172976208,52
1,2011,176.761022258283,178.686746036034,2.07673396764279,2.06367942473495,52
2,2011,177.786254362547,179.646647156976,2.05737151199401,2.04524080722972,52
3,2011,180.016093159923,181.749172303911,2.07459397925696,2.06281371128077,52
4,2011,181.6560759599,183.318947944048,2.08111776132433,2.07162915373022,52
1,2012,185.248195499225,187.3435674662,2.07390530705962,2.06574638528373,52
2,2012,187.332516579257,189.199411256659,2.08192706111489,2.07010266384947,52
3,2012,189.029046277236,190.978379262486,2.08494756281538,2.07882373166962,52
4,2012,189.124376698761,190.684514752717,2.05341617528566,2.04237145490516,52
1,2013,192.52459830315,194.521001301662,2.04238587412089,2.03276431949424,52
2,2013,194.570990222076,196.397922719195,2.0493888261852,2.03771596775351,52
3,2013,197.05068943623,198.800257959153,2.07094323863789,2.06066187689141,52
4,2013,198.759226255843,200.331500185295,2.07851026984301,2.06782442521065,52
1,2014,201.171071911681,203.077039820241,2.04498006327218,2.03371841816879,52
2,2014,202.476407195775,204.301328829423,2.03501535792619,2.02403752111784,52
3,2014,203.733424782943,205.406696559481,2.02850175236151,2.01765674459802,52
4,2014,204.621396541261,206.14091590801,2.01816235186835,2.00773172158685,52
1,2015,209.396825637329,211.308847433288,2.03821348162197,2.02766040334269,52
2,2015,212.158530341741,214.025015830216,2.06011049343953,2.0500847818052,52
3,2015,213.233761710863,214.945170595467,2.04964384935652,2.03971983159265,52
4,2015,213.086305885691,214.629388716204,2.01775452718091,2.00823540255642,52
1,2016,216.157904175104,218.042732164574,2.00187506780468,1.99174264754409,52
2,2016,218.004407225123,219.809806254226,2.00426182466732,1.99422704198285,52
4,2016,220.773737242283,222.283445855327,2.00190975849335,1.99233811827603,52
2,2017,225.652883936803,227.455023336233,1.98859326956426,1.97910623126709,52
3,2017,226.269343321201,227.912914196465,1.97122294514705,1.96186580250252,52
4,2017,227.304506922427,228.783467177984,1.96560985105755,1.95633660309098,52
1,2018,230.128466408754,232.007623747072,1.94723160935093,1.93850951198978,52
3,2018,232.256294300116,233.895285577819,1.92784022298385,1.91933508900841,52
1,2019,237.612391745011,239.489427500286,1.93211171966097,1.92386682199602,52
2,2019,238.783849385533,240.548362234029,1.92305366474458,1.91446286103573,52
3,2019,240.70126529546,242.326748738116,1.93031379969943,1.9218471287657,52
1,2020,253.748012689948,255.688530886272,2.06939700727216,2.06078043927029,52
2,2020,259.858168148733,278.890593047845,2.14914173808964,2.48093809844192,52
3,2020,276.063751375034,306.510974088756,2.43738016010318,3.09875237675201,52
4,2020,378.948261492433,384.981707832801,5.79521520522371,5.94291738891194,52
2,2021,465.240038578476,468.833349262322,11.2184057635309,11.1776862644507,52
3,2021,468.56197417076,472.003533942298,11.2242898432131,11.1834467174572,52
2,2001,90.4324387031057,92.2568383217307,1.96764410830452,1.94492700068909,60
2,2002,102.011548022166,103.870382640946,2.11946196978727,2.09530464617607,60
3,2002,103.19002219442,104.976302396694,2.09960434426522,2.08009535011451,60
4,2002,103.905213591964,105.528738421569,2.06800425960574,2.04976369794334,60
1,2003,106.768824867509,108.679504557701,2.02322964401479,2.00236883671025,60
2,2003,107.315072080118,109.161892544734,1.97252450451082,1.95434047534525,60
3,2003,109.287693889871,111.018039033081,1.99118017762573,1.97406936666247,60
4,2003,110.599408159124,112.517098442782,1.98984251624145,1.98685684622258,60
1,2004,116.029933930427,117.948923252943,2.05448758657607,2.03467790488145,60
2,2004,117.481040072139,119.302497231341,2.04230266083357,2.02257752125881,60
3,2004,118.960547120061,120.656722380752,2.03931895962665,2.02089605126073,60
4,2004,119.567403511906,121.067779450346,2.0102213695871,1.99160945456748,60
1,2005,124.367089447495,126.274741420186,2.04618359617495,2.02761370500995,60
2,2005,124.409299166472,126.202086852763,1.98360890895161,1.96583010550121,60
3,2005,120.205648398172,121.813450327184,1.79068105121175,1.77693181330659,60
4,2005,123.257542501233,124.677261264443,1.84856178974957,1.83271969038984,60
1,2006,123.25835172195,125.015275127427,1.73260310206098,1.71839543664855,60
2,2006,125.332334944992,127.013855540206,1.74704926230619,1.73288395710007,60
3,2006,125.579583475084,127.085340864077,1.71382231019132,1.69990183963754,60
4,2006,125.449275661275,127.61200940844,1.67699780124257,1.68620874603981,60
1,2007,129.665524211922,131.383333080007,1.69208652960197,1.67867696985176,60
2,2007,131.152663916761,132.852941399729,1.69011908966079,1.67862834088277,60
3,2007,132.070358986115,133.549057098282,1.67831534376837,1.66536065466012,60
4,2007,133.05010144774,134.390545491264,1.67331204392206,1.6612128625601,60
1,2008,136.898562947049,138.658406293186,1.67813171058029,1.66687320480946,60
2,2008,138.706376317125,140.371754507796,1.68454787653309,1.67298969941886,60
3,2008,143.153388286104,145.09838275013,1.76270263647488,1.76048550661359,60
4,2008,142.099956307901,143.438182570194,1.705505307781,1.6933657444363,60
1,2009,145.311739887336,147.712529743649,1.69419111090402,1.69850183586951,60
2,2009,151.251351176413,153.891316524031,1.80194368243466,1.81296533785593,60
2,2001,90.4088562493911,92.1994074871903,1.96645473181485,1.94213692624096,62
4,2001,96.1666071565299,98.7309863033338,2.11098541331467,2.13684008175379,62
1,2002,99.5558215887331,101.514419217951,2.08591452463556,2.06325330098116,62
2,2003,107.290764997022,109.157757841159,1.97150468153099,1.95417199203097,62
4,2003,110.848819739496,112.378341447326,1.99999021364842,1.98136057804776,62
2,2004,117.492474726352,119.331972365842,2.04276059224809,2.02372404292847,62
2,2007,131.213821125042,132.959125228572,1.69176046831475,1.68141520590579,62
2,2021,465.24183933199,468.815167020295,11.2185755276872,11.1759927942017,62
2,2001,90.4764746950443,92.3347549285408,1.96986698139289,1.94871874392129,71
4,2001,96.035964227475,97.6624583383482,2.10427309870037,2.08324031452015,71
3,2002,103.093229471724,104.871192449005,2.09499079219946,2.07524355361918,71
4,2002,103.905213591964,105.445357275061,2.06800425960574,2.04605412561457,71
1,2003,106.762181970509,108.736301274359,2.02293749642468,2.00478983645693,71
2,2003,107.285371037836,109.173005251339,1.97127844980499,1.95479270932428,71
3,2003,109.212918836437,111.003384649063,1.98808113213842,1.97347824548635,71
1,2004,116.054775914195,117.981158047785,2.05550856189712,2.03596422417537,71
2,2004,117.504954209858,119.332905746391,2.04326048382968,2.02376044447579,71
3,2004,118.952364005556,120.624775184684,2.03899810475399,2.01967876241615,71
2,2001,90.5760880373491,92.5030877438416,1.9749045909277,1.95693581747092,72
4,2001,96.0241806152888,97.605838970883,2.10366798530161,2.08043002173303,72
1,2002,99.5100792552264,101.621825530611,2.08364408150868,2.06841296209875,72
4,2002,103.96882645235,105.50739540559,2.0709279230261,2.04881092954401,72
1,2003,106.784052714435,108.700359366757,2.02389951803054,2.00325752311014,72
2,2003,107.285371037836,109.238035716811,1.97127844980499,1.95744260916861,72
3,2003,109.287693889871,110.949234531593,1.99118017762573,1.97129934581562,72
3,2004,118.960547120061,120.640616597985,2.03931895962665,2.0202822882313,72
1,2005,124.326725290423,126.230496486979,2.0446547188451,2.02598331639657,72
3,2005,120.342302767008,121.953034446136,1.7950553234354,1.78128673137175,72
2,2006,125.256832437009,126.968156956467,1.74481511545774,1.73156456622944,72
4,2006,125.48005461344,127.085660395011,1.67784341152721,1.67199631828821,72
1,2007,129.669469944289,131.401268138935,1.69219421575636,1.67915242027359,72
2,2007,131.152663916761,132.821734233379,1.69011908966079,1.67780771104678,72
1,2008,136.922606233554,138.664767090338,1.67874313081867,1.66703145053469,72
3,2008,143.153388286104,145.050410842873,1.76270263647488,1.75926284453977,72
4,2008,142.275763590615,143.66116248615,1.70985256896506,1.69875574645253,72
1,2009,145.501005454819,148.118257740554,1.69877791688455,1.70823456812137,72
2,2009,152.126718127079,153.916496000984,1.82429676866623,1.81359911364202,72
3,2009,159.153751805777,160.94971200239,1.97140485209551,1.96205579682317,72
1,2013,192.526285978208,194.498043372129,2.04242595066578,2.03222802062989,72
3,2014,203.767603285808,205.43958488271,2.02925537822556,2.01837011418524,72
3,2015,213.185917846495,214.865258029017,2.04862275423934,2.03804076477087,72
1,2020,253.74689136584,255.666438702575,2.06937665490415,2.06038461314456,72
3,2020,275.902366820694,306.40226720553,2.43399100479316,3.09587770964745,72
2,2001,90.4088562493911,92.1994074871903,1.96645473181485,1.94213692624096,76
4,2001,96.0011541288862,97.7654535956593,2.10248814513389,2.08834591390344,76
1,2002,99.5975081045768,101.552709432091,2.0879866452283,2.06509106613438,76
2,2002,102.415352983044,104.403373997548,2.13945845008968,2.12083759070931,76
3,2002,103.298954987637,105.281838185002,2.10480760806736,2.09426107924466,76
4,2002,103.96882645235,105.496365816981,2.0709279230261,2.04832246334303,76
1,2003,106.768824867509,108.672972401559,2.02322964401479,2.00209057304926,76
2,2003,107.290764997022,109.127290795009,1.97150468153099,1.95293211918437,76
3,2003,109.243306216028,110.906841236137,1.98933995545959,1.96959469481659,76
4,2003,110.692267418257,112.215768869859,1.99361458925531,1.974930507934,76
1,2004,116.022990258787,117.967701582321,2.05420230072259,2.03542715390246,76
2,2004,117.434443492159,119.283538728367,2.04043763768745,2.02184029357519,76
3,2004,118.982099942284,120.656018238146,2.04016426216211,2.02086944500824,76
4,2004,119.584277515756,121.084340382042,2.01086107329073,1.99221955575983,76
1,2005,124.303816619932,126.208119388785,2.04378751283568,2.0251592131355,76
2,2005,124.350866960431,126.165487634147,1.98150273663334,1.96454556123446,76
3,2005,120.279523568441,121.823922284938,1.79304444616729,1.77725894083796,76
1,2006,123.380292424167,125.121966585471,1.73624949151766,1.72150565696984,76
2,2006,125.186544107276,126.962785230237,1.74273783823989,1.73140950201167,76
3,2006,125.576004636021,127.327969043032,1.71372011162838,1.70667437824934,76
4,2006,125.449275661275,128.312696616836,1.67699780124257,1.70534299146378,76
1,2007,129.695239433216,131.421993902836,1.69289767613778,1.67970493487732,76
2,2007,131.097537094178,132.736131544755,1.68864092379465,1.67556811637127,76
3,2007,132.070470292913,133.553464156848,1.67831825849164,1.66547458873666,76
4,2007,132.95546778854,134.270599428682,1.67087985855492,1.65820199268805,76
1,2008,137.064456932961,138.824935745816,1.68235495274963,1.6710227980335,76
2,2008,138.730197952896,140.379946020315,1.68514352602118,1.67319111802846,76
3,2008,143.571949410876,145.604809819955,1.77358423115245,1.7734494783484,76
2,2001,90.4171829285338,92.2018857903302,1.96687459406911,1.94225728137011,80
3,2001,93.1993946297159,94.9657944966257,2.03003564261124,2.01002168841584,80
4,2001,96.1283176809444,97.6942763595355,2.10901474538597,2.08481924663956,80
1,2002,99.5794442054765,101.525356730421,2.08708883243615,2.0637781662748,80
2,2002,102.145693215916,104.050907062285,2.126082206129,2.10391783256503,80
3,2002,103.19002219442,105.018433445124,2.09960434426522,2.08204255306868,80
4,2002,103.96882645235,105.500726465599,2.0709279230261,2.04851497060314,80
1,2003,106.761532102044,108.692698503149,2.02290893206384,2.00293096127584,80
2,2003,107.315072080118,109.117343014829,1.97252450451082,1.95252753681454,80
3,2003,109.243306216028,110.979838582452,1.98933995545959,1.97253082549855,80
4,2003,110.599408159124,112.419134865012,1.98984251624145,1.98297117839765,80
1,2004,116.054775914195,117.964212065759,2.05550856189712,2.03528791978377,80
2,2004,117.504954209858,119.332905746391,2.04326048382968,2.02376044447579,80
3,2004,118.960547120061,120.647553043864,2.03931895962665,2.02054659112395,80
4,2004,119.584277515756,121.120706401763,2.01086107329073,1.99355885448538,80
1,2005,124.323767668911,126.228028430361,2.04454273762448,2.02589241040864,80
2,2005,124.464476825492,126.279123377367,1.98559983412052,1.96853581052258,80
3,2005,120.205648398172,121.768327015357,1.79068105121175,1.775526366414,80
4,2005,123.141573381018,124.557495440999,1.84480743925128,1.82894443428748,80
1,2006,123.297411573424,125.059038522551,1.73377027173529,1.7196704411816,80
2,2006,125.298503730057,127.025213598689,1.74604783634129,1.7332117343945,80
3,2006,125.575748542858,127.093992978542,1.7137127907019,1.70014297680323,80
4,2006,125.459079998548,126.996090034615,1.67726711304499,1.66958349474942,80
2,2007,131.152663916761,132.852941399729,1.69011908966079,1.67862834088277,80
4,2007,133.24055299306,134.672249507166,1.67821764675093,1.66830094705543,80
3,2009,160.091865702191,161.750837731093,1.99725645820642,1.98369745000203,80
1,2010,169.180297401233,171.159649389896,2.10550726637273,2.0926801657117,80
2,2010,171.546320281226,173.407738027967,2.12205125774978,2.10805245071902,80
3,2010,172.247016129255,174.017831262087,2.09725823683103,2.0854602540706,80
4,2010,173.308605936859,174.848327820094,2.0881519320734,2.07478301609982,80
1,2011,176.761685878528,178.688759691299,2.07675164215981,2.06373202183381,80
2,2011,177.757289250439,179.591322472975,2.05661736577783,2.0438271179843,80
4,2011,181.665479313379,183.237638227565,2.08135922207043,2.06957961693007,80
1,2012,185.248195499225,187.389851108285,2.07390530705962,2.06689855864325,80
2,2012,187.223651210449,189.133033317556,2.07919829220611,2.06846753075548,80
3,2012,189.029046277236,190.917290008043,2.08494756281538,2.07733072644473,80
2,2014,202.45834487602,204.348185338943,2.03461148307525,2.02506849481507,80
3,2014,203.718924855677,205.650387987945,2.02818211200198,2.02294855427315,80
4,2014,204.631230331036,206.197185039471,2.0183756280761,2.00893355465136,80
1,2015,209.419290428103,211.335413272705,2.03870063643667,2.02822749323017,80
2,2015,212.086399164356,213.922455651306,2.05854697872706,2.04789605411317,80
3,2015,213.203219239394,214.883667237306,2.04899193921216,2.03842756410607,80
4,2015,213.186096013584,215.059191001405,2.01983008452144,2.01704772212743,80
1,2016,216.167287445775,218.052969243418,2.00206674726503,1.9919486050925,80
2,2016,218.01566796656,219.822544814048,2.00448979421957,1.99448109332472,80
3,2016,218.630612105101,220.397338941783,1.98609494867731,1.9785572519664,80
4,2016,220.847819037933,222.524861468027,2.0033777218435,1.99705108875447,80
1,2017,223.975644931522,225.854211841411,1.98946384747056,1.97978353303953,80
2,2017,225.666733615069,227.474958466543,1.98886066712572,1.9794855905544,80
3,2017,226.448528510757,228.276539029882,1.97462167120851,1.96866881057772,80
4,2017,227.572095944941,229.223353904734,1.9706222233115,1.96445788532098,80
1,2018,230.16296538692,232.024104420818,1.94786544829182,1.93880810534065,80
2,2018,231.305861063195,233.077200075054,1.93772854926051,1.92873846713318,80
3,2018,232.288791196557,233.943794392505,1.92842030044331,1.9201891134373,80
4,2018,234.393263333367,235.967704657987,1.94247908875989,1.93552852277125,80
1,2019,237.743733135153,239.704326103678,1.93442000921347,1.92759483665491,80
2,2019,238.942822864512,240.826203944623,1.92580969271729,1.91921738255589,80
3,2019,240.660792704995,242.287606022397,1.92961648539929,1.92118170456155,80
4,2019,245.968042967469,247.488192144126,1.99903886389873,1.99069270928801,80
1,2020,253.75944120614,255.679393142886,2.06960446828164,2.06061671488179,80
3,2020,278.790513934686,287.692400623294,2.49534823076827,2.63841653281055,80
4,2020,372.737148849245,377.197213517555,5.49558487232039,5.56352315218836,80
1,2021,454.76074676732,459.880246942008,10.5698168131881,10.6651398695955,80
2,2021,465.231333532928,468.80731151818,11.2175851500205,11.1752612169187,80
3,2021,468.5458678556,471.976187469467,11.2227834351077,11.1809195334995,80
4,2021,473.527840602082,478.041987051866,11.401161984405,11.4739022042754,80
1,2022,476.573164610714,480.186801034471,11.1669473882864,11.1223310517477,80
2,2022,480.118897634517,483.64641614211,11.1758769987163,11.131057527641,80
3,2022,484.509603589511,487.900444429799,11.2786920195906,11.2339733836073,80
4,2022,485.486418837708,488.861673749867,11.0906100484984,11.0611373986708,80
1,2023,487.638708162679,491.215748402766,10.7955375447443,10.75352602387,80
2,2023,490.69004853234,494.180736694664,10.764788945038,10.7230183313327,80
3,2023,491.259692484187,494.579557763588,10.5443732346091,10.503562603003,80
4,2023,492.844708866705,495.996747654498,10.4284157271025,10.3886292863275,80
1,2024,497.02585458015,500.552444034932,10.324070013926,10.284662505887,80
2,2024,500.288960542794,503.733829090898,10.3157331416445,10.2766657057965,80
3,2024,498.502539019707,501.76292387628,9.93518765032238,9.89789120549412,80
4,2024,500.18672955577,503.276061224924,9.84093194934006,9.80415997236129,80
2,2001,90.4171829285338,92.2393982266889,1.96687459406911,1.94407929509822,84
3,2001,93.2361411672539,95.1482469856071,2.03190115361559,2.0189828055429,84
1,2002,99.5632319696471,101.591233560317,2.08628283876918,2.06694222071405,84
2,2002,102.145693215916,104.011578257777,2.126082206129,2.10203884130344,84
3,2002,103.298954987637,105.137341104507,2.10480760806736,2.08755085508911,84
4,2002,103.905213591964,105.432534773373,2.06800425960574,2.04548339501446,84
1,2003,106.761532102044,108.716730034309,2.02290893206384,2.00395529434132,84
2,2003,107.300667243149,109.135376129079,1.971920074419,1.95326114322236,84
3,2003,109.287693889871,110.949234531593,1.99118017762573,1.97129934581562,84
4,2003,110.692267418257,112.232086186555,1.99361458925531,1.97557534739069,84
1,2004,116.036292529222,117.948224873709,2.05474886646944,2.03465004598504,84
3,2004,118.960547120061,120.640616597985,2.03931895962665,2.0202822882313,84
4,2004,119.567403511906,121.071782332918,2.0102213695871,1.99175663037343,84
1,2005,124.317146674679,126.220893353718,2.04429207617271,2.02562961201552,84
2,2005,124.377868069721,126.17437844673,1.98247571031652,1.96485758604964,84
3,2005,120.342302767008,122.024057432987,1.7950553234354,1.78350619196253,84
4,2005,123.141573381018,124.560561855765,1.84480743925128,1.82903952873931,84
1,2006,123.294456385642,125.03365226878,1.7336819422968,1.71893079049866,84
3,2006,125.576004636021,127.126078643178,1.71372011162838,1.70103719422186,84
4,2006,125.459079998548,127.148899140711,1.67726711304499,1.67369920034206,84
1,2007,129.67071617092,131.388513331542,1.69222823249832,1.67881499391172,84
2,2007,131.213821125042,132.900537078071,1.69176046831475,1.67987477654679,84
3,2007,132.076983112563,133.58384804522,1.67848902730643,1.66625329702747,84
4,2007,133.05010144774,134.390545491264,1.67331204392206,1.6612128625601,84
1,2008,136.979277678601,138.755542327585,1.68018517432883,1.66929120619486,84
2,2008,138.730197952896,140.420018537738,1.68514352602118,1.67417722713842,84
3,2008,143.354412660917,145.36868908712,1.76792042471027,1.76739294194528,84
4,2008,142.011521077714,143.519992400108,1.70332272418394,1.69534315663265,84
1,2009,145.501005454819,148.118257740554,1.69877791688455,1.70823456812137,84
3,2009,160.345172228235,162.004552342925,2.00429480207729,1.99059985365408,84
4,2009,165.561035176366,167.113313863893,2.11328463522232,2.09904248432222,84
1,2010,169.180297401233,171.132882749655,2.10550726637273,2.09193349588483,84
3,2010,172.135317566999,173.893535515012,2.09417791350125,2.08209674527085,84
4,2010,173.765856963001,175.327432257795,2.10058184367546,2.08755398112791,84
3,2011,180.119420237513,181.910310167691,2.07727484844299,2.06691989038157,84
4,2011,181.600099034918,183.134472098272,2.07968092122208,2.06698150267093,84
1,2012,185.375782761262,187.70831341265,2.07713459209091,2.0748436430051,84
2,2012,187.18140857824,189.128459866162,2.0781404122043,2.06835485297658,84
3,2012,189.029046277236,190.78444026607,2.08494756281538,2.07408772642861,84
4,2012,189.13778804244,190.752428231641,2.05373999595641,2.04398158458223,84
1,2013,192.52459830315,194.458250434547,2.04238587412089,2.03129875045824,84
2,2013,194.511121019832,196.338559038189,2.04797909011325,2.03634183655557,84
3,2013,197.091362568441,198.78641965528,2.07190050238643,2.06034144161321,84
4,2013,198.849351569458,200.475947624187,2.08061485489305,2.07114086528082,84
1,2014,201.162919125212,203.071727157283,2.04479483167444,2.03359970686575,84
2,2014,202.452441535724,204.279430271449,2.03447950742078,2.0235558510079,84
3,2014,203.767603285808,205.43958488271,2.02925537822556,2.01837011418524,84
4,2014,204.694916456561,206.200332782823,2.01975740195713,2.0090001503198,84
1,2015,209.43345096081,211.340110622775,2.03900776444051,2.0283277384455,84
2,2015,212.11577034098,213.955881542759,2.05918348095313,2.04860913089335,84
3,2015,213.203219239394,214.887136123908,2.04899193921216,2.03850033314889,84
4,2015,213.086305885691,214.604566519851,2.01775452718091,2.0077278039889,84
1,2016,216.167287445775,218.055329581402,2.00206674726503,1.99199608940216,84
2,2016,218.027841835639,219.835288508961,2.00473629147232,1.99473523674622,84
4,2016,220.763437296757,222.261283646178,2.00170573879095,1.99190602294258,84
1,2017,223.975644931522,225.854211841411,1.98946384747056,1.97978353303953,84
2,2017,225.652883936803,227.455023336233,1.98859326956426,1.97910623126709,84
1,2024,497.019039220932,500.545227582383,10.3235287830031,10.2840959641133,84
3,2024,498.502389953393,501.761232379424,9.93517643605666,9.89776533031733,84
4,2024,500.185512685669,503.275464051651,9.84084191361061,9.8041162723425,84
4,2001,96.035964227475,97.7121521004252,2.10427309870037,2.08570599769712,40
1,2002,99.5794442054765,101.533917810107,2.08708883243615,2.06418909394651,40
4,2003,110.599408159124,112.333609967442,1.98984251624145,1.97958501465078,40
2,2004,117.434443492159,119.283538728367,2.04043763768745,2.02184029357519,40
3,2004,118.960547120061,120.640616597985,2.03931895962665,2.0202822882313,40
4,2004,119.567403511906,121.067281744018,2.0102213695871,1.99159091994939,40
2,2005,124.377868069721,126.17437844673,1.98247571031652,1.96485758604964,40
4,2005,123.141573381018,124.569089954738,1.84480743925128,1.82930719043857,40
1,2006,123.408445632897,125.30369503985,1.73709245609741,1.7268155865399,40
3,2006,125.576004636021,127.10975179443,1.71372011162838,1.70058211690363,40
4,2006,125.449275661275,127.791879439808,1.67699780124257,1.69109969804872,40
1,2007,129.666147410651,131.385116176484,1.69210353739483,1.67872217307246,40
2,2007,131.213821125042,132.959125228572,1.69176046831475,1.68141520590579,40
4,2007,133.05010144774,134.390545491264,1.67331204392206,1.6612128625601,40
4,2008,142.011521077714,143.561126679068,1.70332272418394,1.69633846895961,40
3,2009,159.938389724885,161.589920725494,1.99300403501678,1.97932865919824,40
4,2009,165.660990167507,167.213918906086,2.11617999444016,2.10189727329264,40
1,2002,99.5632319696471,101.4940113529,2.08628283876918,2.06227432534571,65
1,2004,116.036292529222,117.946681451787,2.05474886646944,2.03458845297451,65
3,2004,118.982099942284,120.682374129357,2.04016426216211,2.02187403440429,65
3,2006,125.579583475084,127.207181863069,1.71382231019132,1.70329903271434,65
3,2007,132.076983112563,133.557837849515,1.67848902730643,1.66558707322502,65
1,2009,145.501005454819,148.507293587638,1.69877791688455,1.71761952831945,65
2,2009,151.083391070853,153.622402117369,1.79768625084007,1.80620678554504,65
4,2009,165.660990167507,167.21213711306,2.11617999444016,2.10184731944834,65
1,2010,169.173973665266,171.128935874677,2.10532696409944,2.09182341868312,65
4,2010,174.44630116543,176.205703923839,2.11921662127834,2.11116073672672,65
2,2014,202.464185274827,204.289885668757,2.03474207560051,2.02378584057866,65
4,2015,213.186096013584,215.108268106427,2.01983008452144,2.01805656578827,65
1,2020,253.749177297789,255.667774829488,2.06941814921377,2.06040855810466,65
2,2020,259.318828787976,273.216087386484,2.13908639087724,2.36249988360604,65
3,2020,276.702441165305,291.228418008691,2.45083549385678,2.71935379661852,65
4,2020,376.636217853743,381.686390544535,5.68181719456302,5.77925732183626,65
1,2021,454.941826184007,460.254964642851,10.5860493435487,10.6987759334649,65
2,2021,465.236854902111,468.815781222143,11.2181056355026,11.176049993762,65
3,2021,468.544033169343,472.014485972863,11.2226118514373,11.1844589398328,65
4,2021,473.249713970184,477.484654706076,11.3749862519804,11.421608047028,65
1,2022,476.57649944194,480.191797558789,11.1672526365428,11.122782870653,65
2,2022,480.108378486381,483.639228967458,11.1749212781537,11.1304123919414,65
4,2022,485.438790682028,488.707666270208,11.0863851895549,11.0476267829616,65
2,2023,490.68976125444,494.178735072483,10.7647645968411,10.7228506504197,65
3,2023,491.249297781673,494.56738640661,10.543516981943,10.5025716349462,65
4,2023,492.83429275079,495.983321415068,10.4275737372359,10.3875564760562,65
1,2024,497.019240723405,500.546700303384,10.3235447791768,10.2842115827014,65
2,2024,500.281545508375,503.726981448164,10.3151492605154,10.2761326077101,65
2,2002,102.294420892622,104.195039505458,2.1334501652782,2.11082078158497,66
3,2002,103.093229471724,104.799250577415,2.09499079219946,2.07193117805579,66
4,2002,103.90133473335,105.449678138329,2.06782611586244,2.0462444390956,66
3,2004,118.982099942284,120.694538164734,2.04016426216211,2.02233791330739,66
4,2003,110.692267418257,112.435545489043,1.99361458925531,1.98362828366241,88
1,2004,116.080932609244,118.01009256513,2.05658412094133,2.03711959010673,88
2,2004,117.565287833932,119.429117712871,2.04567900221004,2.02750785002194,88
3,2004,118.95756322174,120.640692872064,2.039201958018,2.02028518215451,88
1,2005,124.317146674679,126.225169099669,2.04429207617271,2.02578709762668,88
2,2005,124.445145047885,126.244153012218,1.98490208138185,1.96730711775036,88
4,2005,123.100503102297,124.530054320039,1.84347966273693,1.82807915335125,88
1,2006,123.311886201768,125.055077648497,1.73420298957548,1.71955507028532,88
2,2006,125.291731779249,127.040068620923,1.7458474465072,1.73364077633421,88
4,2006,125.408679028002,127.276355954509,1.67588072245809,1.67712928435215,88
1,2007,129.67071617092,131.399169119392,1.69222823249832,1.67909893515796,88
2,2007,131.213821125042,132.917671800431,1.69176046831475,1.68032680255477,88
3,2007,132.076983112563,133.571892608593,1.67848902730643,1.66594701092006,88
1,2008,136.877389902709,138.604893848692,1.67759345832715,1.66554416995521,88
2,2008,138.70593406114,140.352513975869,1.68453676138023,1.67251638928216,88
3,2008,143.354412660917,145.36868908712,1.76792042471027,1.76739294194528,88
4,2008,142.099956307901,143.438182570194,1.705505307781,1.6933657444363,88
1,2009,145.468753546923,148.500001499526,1.69799085168204,1.71744316179792,88
2,2009,152.258264600096,154.030129624969,1.82767897432402,1.81646338577265,88
3,2009,161.185824008659,162.874571087508,2.02783134883856,2.01446115519519,88
4,2009,165.817605433091,167.372512544013,2.12072238738432,2.10640585023752,88
1,2010,169.166001014161,171.104700492716,2.10509978700021,2.09114674137037,88
3,2010,172.184872578096,173.966531938551,2.09554365838975,2.08407084372381,88
1,2011,176.762242953627,178.702547831987,2.07676647052761,2.06409221468857,88
2,2011,177.779137280027,179.613422563969,2.05718618494782,2.04439172281117,88
3,2011,180.016093159923,181.798941247942,2.07459397925696,2.0640806851737,88
1,2012,185.289881222969,187.489010286176,2.07495983065735,2.06936913235904,88
2,2012,187.223651210449,189.165644343427,2.07919829220611,2.06927069009669,88
3,2012,189.029046277236,190.917290008043,2.08494756281538,2.07733072644473,88
4,2012,189.13778804244,190.907874846813,2.05373999595641,2.04767473019225,88
2,2013,194.682419940646,196.511460738036,2.05201524108791,2.04034669244788,88
3,2013,197.144946756037,198.860154130094,2.07316230770876,2.06204910825415,88
1,2014,201.177744320705,203.083697334744,2.04513167263746,2.03386720615113,88
2,2014,202.456195977946,204.276416191697,2.03456345294266,2.02348956755489,88
3,2014,203.733424782943,205.403569464565,2.02850175236151,2.01758887880179,88
4,2014,204.685782635852,206.191359962076,2.01955917998269,2.00880858252235,88
1,2015,209.388524180394,211.310939298755,2.03803349291274,2.02770504117545,88
2,2015,212.10058083716,213.93563117249,2.05885428737779,2.04817708548822,88
3,2015,213.203219239394,214.887136123908,2.04899193921216,2.03850033314889,88
1,2016,216.174754392675,218.071910995584,2.00221929366639,1.99232972577305,88
2,2016,218.017216057311,219.824340139128,2.00452114261103,1.99451687792982,88
2,2017,225.643465334918,227.44096409433,1.98841144180145,1.97883874938461,88
3,2017,226.231737398987,227.872333402557,1.97051038960475,1.96110791792341,88
1,2018,230.13569343855,232.000013089349,1.94736437228896,1.93837165259688,88
2,2018,231.284524143549,233.071356244674,1.93734220723223,1.92863410230456,88
3,2018,232.238756621551,233.857474929498,1.92752724139667,1.9186697269373,88
4,2018,234.238210419173,235.703545425276,1.93971973979454,1.93089411407584,88
1,2019,237.628863201499,239.494994985959,1.93240105236643,1.92396333043832,88
2,2019,238.807986003177,240.57423269537,1.92347185024883,1.91490508702649,88
3,2019,240.673562709338,242.302687139771,1.929836479899,1.92143802192476,88
1,2020,253.74689136584,255.665314928232,2.06937665490415,2.06036448347518,88
3,2020,275.85401260201,300.171765806402,2.43297672859818,2.93533937307607,88
4,2020,378.948261492433,385.592288978621,5.79521520522371,5.97374070835991,88
1,2021,454.76074676732,460.140835207397,10.5698168131881,10.6885199955603,88
2,2021,465.24183933199,468.819739615309,11.2185755276872,11.1764186613042,88
3,2021,468.566204122113,471.962170967364,11.2246855019553,11.1796244718596,88
4,2021,473.061119118082,477.132734418424,11.3572709460386,11.3887104272299,88
2,2022,480.109638600672,483.633408668114,11.1750357637838,11.1298899749376,88
3,2022,484.522218714281,487.92967121262,11.2798395090482,11.2366003158132,88
4,2022,485.399463264606,488.627382053962,11.0828978646577,11.0405902256216,88
1,2023,487.642372305635,491.226765513502,10.7958514849866,10.7544589122973,88
2,2023,490.691464331845,494.178496567511,10.7649089492323,10.7228306711304,88
3,2023,491.256343122653,494.577878235447,10.5440973269041,10.5034258546521,88
4,2023,492.83429275079,495.984072441458,10.4275737372359,10.3876164846204,88
1,2024,497.019956837604,500.54584091007,10.3236016525958,10.2841441149505,88
2,2024,500.2850983869,503.72896759589,10.3154290210833,10.2762872303116,88
3,2024,498.502389953393,501.761108577696,9.93517643605666,9.89775611712922,88
4,2024,500.185512685669,503.276659851028,9.84084191361061,9.80420375935153,88
1,2004,116.029933930427,117.962692801245,2.05448758657607,2.03522729956971,97
2,2004,117.434443492159,119.283538728367,2.04043763768745,2.02184029357519,97
3,2004,118.960547120061,120.640616597985,2.03931895962665,2.0202822882313,97
4,2004,119.567403511906,121.067281744018,2.0102213695871,1.99159091994939,97
1,2005,124.317146674679,126.225169099669,2.04429207617271,2.02578709762668,97
2,2005,124.377868069721,126.170255405172,1.98247571031652,1.96471306249201,97
3,2005,120.42216607711,122.338517168556,1.79761667121075,1.79336756191798,97
4,2005,123.141573381018,124.554763482673,1.84480743925128,1.82885814954912,97
1,2006,123.294456385642,125.051736503197,1.7336819422968,1.71945764016556,97
2,2006,125.256832437009,126.943570354513,1.74481511545774,1.73085534277621,97
3,2006,125.579583475084,127.118697372769,1.71382231019132,1.70083117248062,97
4,2006,125.449275661275,127.699873014904,1.67699780124257,1.68859224331212,97
1,2007,129.666147410651,131.397178899889,1.69210353739483,1.67904321117547,97
2,2007,131.152663916761,132.893753490476,1.69011908966079,1.67969605390942,97
3,2007,132.070358986115,133.551393802502,1.67831534376837,1.66542202706878,97
4,2007,133.05010144774,134.377966922534,1.67331204392206,1.660897350354,97
1,2008,136.979277678601,138.923416971288,1.68018517432883,1.67347838178251,97
2,2008,138.70593406114,140.42780020145,1.68453676138023,1.67436884650056,97
3,2008,143.153388286104,145.00532464143,1.76270263647488,1.75811454455,97
1,2009,145.752658526086,150.286763201556,1.70489591176565,1.76120854525369,97
3,2009,161.185824008659,162.862330911664,2.02783134883856,2.01412981013858,97
4,2009,165.817605433091,167.423106696498,2.12072238738432,2.10784947486971,97
1,2010,169.211554645144,171.146917249286,2.1063967999523,2.09232411239217,97
2,2010,171.721194492076,173.593133989679,2.12700294601725,2.11320081152315,97
3,2010,172.184872578096,173.909779623296,2.09554365838975,2.08253642048029,97
4,2010,173.765856963001,175.327432257795,2.10058184367546,2.08755398112791,97
1,2011,176.761022258283,178.703889014286,2.07673396764279,2.06412725672556,97
2,2011,177.769702487578,179.606837760429,2.05694052406741,2.04422345024194,97
1,2015,209.404178347114,211.310579261386,2.03837291596988,2.0276973409087,97
4,2015,213.086305885691,214.592200120342,2.01775452718091,2.00747520577886,97
2,2017,225.666733615069,227.474958466543,1.98886066712572,1.9794855905544,97
3,2017,226.269343321201,227.912914196465,1.97122294514705,1.96186580250252,97
4,2017,227.405437969256,228.901856941495,1.96749894607091,1.9585195648124,97
2,2018,231.286943471384,233.066704651776,1.93738600129733,1.9285510569781,97
3,2018,232.238756621551,233.857954277668,1.92752724139667,1.91867814523621,97
4,2018,234.255075414859,235.74736029631,1.94001968352584,1.93166190840698,97
1,2019,237.612391745011,239.468624217007,1.93211171966097,1.9235063263787,97
2,2019,238.79468241132,240.561155876639,1.92324134501876,1.91468155934762,97
3,2019,240.673562709338,242.29411074356,1.929836479899,1.92129229085009,97
4,2019,245.977700700742,247.525511437373,1.99920960631429,1.99134279408198,97
1,2020,253.74689136584,255.665196170776,2.06937665490415,2.06036235858196,97
2,2020,267.488644304919,300.980986636928,2.29657474197772,3.00136616741639,97
3,2020,275.818328651577,299.166135105193,2.43222849135776,2.9102163167923,97
4,2020,384.256332486643,392.913841864316,6.06419441230034,6.3561340701224,97
1,2021,454.869243265476,460.075315988162,10.5795397940865,10.6826367822748,97
2,2021,465.230100276857,468.83550646666,11.2174689014063,11.1778871922875,97
3,2021,468.5458678556,471.978923613759,11.2227834351077,11.1811723597999,97
4,2021,473.184933758876,477.263494605418,11.3688981240049,11.4009229375965,97
1,2022,476.586893785995,480.201245505244,11.1682041063102,11.1236372587919,97
2,2022,480.108727729566,483.632525136152,11.1749530113894,11.1298106752048,97
3,2022,484.518409043493,487.9123473644,11.2794929656054,11.2350431642145,97
4,2022,485.399463264606,488.629467897785,11.0828978646577,11.040772975026,97
1,2023,487.643314293697,491.223029763844,10.7959321975692,10.7541425731432,97
2,2023,490.69004853234,494.177185466911,10.764788945038,10.7227208421794,97
3,2023,491.249297781673,494.567426926827,10.543516981943,10.5025749304903,97
4,2023,492.83429275079,495.982686905869,10.4275737372359,10.3875057848776,97
1,2024,497.018600857656,500.544370424786,10.3234939682777,10.2840286735564,97
2,2024,500.282369432964,503.726177627381,10.3152141377058,10.2760700290079,97
3,2024,498.503251885225,501.762848936589,9.93524131227411,9.89788563023941,97
4,2024,500.185512685669,503.275464051651,9.84084191361061,9.8041162723425,97
3,2004,118.960547120061,120.640616597985,2.03931895962665,2.0202822882313,98
4,2004,119.584277515756,121.088690814169,2.01086107329073,1.99237955486326,98
1,2005,124.303816619932,126.223554794634,2.04378751283568,2.02572763563125,98
2,2005,124.377868069721,126.172401749425,1.98247571031652,1.96478840088585,98
3,2005,120.233944023616,121.922996858242,1.79158591302393,1.78034834224791,98
4,2006,125.408679028002,127.276355954509,1.67588072245809,1.67712928435215,98
1,2007,129.67071617092,131.407569459359,1.69222823249832,1.67932008696012,98
2,2007,131.280973474596,133.082214006171,1.69356458543041,1.68464889319995,98
3,2007,132.08348522778,133.566303814994,1.67865952922189,1.66580244454746,98
4,2007,133.05010144774,134.377966922534,1.67331204392206,1.660897350354,98
1,2008,136.949513481809,138.749810799579,1.67942491991837,1.66915020225654,98
3,2008,143.153388286104,145.38108103979,1.76270263647488,1.7677084186639,98
4,2008,142.098788815691,144.258042241634,1.70547647584364,1.71326988849261,98
1,2009,145.412631047261,148.092964176925,1.69663049666424,1.70762624780716,98
2,2009,151.164764034088,153.073350845669,1.79974762370619,1.79248627389295,98
3,2009,159.541126430833,161.186475031925,1.98203890436357,1.96842029926326,98
4,2009,165.532708915517,167.457519393776,2.11246664863281,2.10881709830111,98
1,2010,169.180297401233,171.230569137915,2.10550726637273,2.09465980950132,98
2,2010,171.546320281226,173.412565697058,2.12205125774978,2.10818629818132,98
3,2010,172.135317566999,173.856255757587,2.09417791350125,2.08108946621419,98
4,2010,174.07883375567,175.778164726568,2.10913196050967,2.09963270480081,98
1,2011,176.761022258283,178.712313886264,2.07673396764279,2.06434738748445,98
2,2011,177.786254362547,179.630146009264,2.05737151199401,2.0448190656788,98
3,2011,180.016093159923,181.780215345291,2.07459397925696,2.0636038523507,98
4,2011,181.600099034918,183.179470297299,2.07968092122208,2.0681142271765,98
1,2012,185.228685937282,187.339176671623,2.07341195537064,2.06563712743863,98
2,2012,187.317295769826,189.19638567587,2.08154532980355,2.07002812687819,98
3,2012,189.066263931201,191.264554787288,2.0858721863583,2.08583239705456,98
4,2012,189.13778804244,191.036729755142,2.05373999595641,2.05074139446134,98
1,2013,192.577293280687,194.498837534805,2.04363765432696,2.03224662579083,98
2,2013,194.570990222076,196.399779853578,2.0493888261852,2.03775906413024,98
3,2013,197.091362568441,198.809673017008,2.07190050238643,2.06087991915674,98
4,2013,198.99823839575,200.808744223227,2.0840965359223,2.07880145000904,98
1,2014,201.174032077914,203.080013208995,2.04504732339359,2.03378486345726,98
2,2014,202.452922997164,204.286711141781,2.03449027344094,2.02371597107567,98
3,2014,203.733424782943,205.403569464565,2.02850175236151,2.01758887880179,98
4,2014,204.694916456561,206.202855659232,2.01975740195713,2.00905442124755,98
1,2015,209.407081479547,211.312591729321,2.03843586672836,2.02774031923877,98
2,2015,212.089523974039,213.921042089337,2.05861468503879,2.04786589353171,98
3,2015,213.185917846495,214.865258029017,2.04862275423934,2.03804076477087,98
1,2016,216.157904175104,218.046996020913,2.00187506780468,1.9918284192485,98
2,2016,218.005323330746,219.823481221592,2.0042803681856,1.99449973469501,98
3,2016,218.630612105101,220.355023136173,1.98609494867731,1.97772890535389,98
4,2016,220.773737242283,222.29413046365,2.00190975849335,1.99254644524402,98
1,2017,223.974320243952,225.853595129405,1.98943800846822,1.97977168133159,98
2,2017,225.652883936803,227.455023336233,1.98859326956426,1.97910623126709,98
3,2017,226.269343321201,227.917643061899,1.97122294514705,1.96195407529433,98
4,2017,227.405437969256,228.929519692,1.96749894607091,1.95902922273339,98
1,2018,230.13569343855,231.996121024128,1.94736437228896,1.93830114811228,98
2,2018,231.286943471384,233.061997644652,1.93738600129733,1.92846701132049,98
3,2018,232.256294300116,233.876400335284,1.92784022298385,1.91900279097003,98
4,2018,234.289312290312,235.766399393055,1.9406287226517,1.93199611680258,98
1,2019,237.612391745011,239.464812148405,1.93211171966097,1.92344028365447,98
2,2019,238.825505210247,240.596459711783,1.92377544247903,1.91528510254977,98
3,2019,240.673562709338,242.29716306501,1.929836479899,1.92134414449801,98
4,2019,245.977700700742,247.508897308365,1.99920960631429,1.99105305735957,98
1,2020,253.746503150804,255.667224245314,2.06936960600337,2.06039869210025,98
2,2020,261.645544620461,279.946948197994,2.18280444703716,2.50363279570219,98
3,2020,276.136160022347,307.875221415651,2.43890193657729,3.13509428442666,98
4,2020,372.737148849245,377.39950043124,5.49558487232039,5.57306487714144,98
1,2021,454.869243265476,460.12714604077,10.5795397940865,10.6872905497122,98
2,2021,465.236854902111,468.806754356235,11.2181056355026,11.1752093407781,98
3,2021,468.54744794532,471.982339191174,11.2229312143031,11.1814879822055,98
4,2021,473.122066794426,477.128577857619,11.362992932696,11.3883225451126,98
1,2022,476.601662142827,480.224942283471,11.1695560986085,11.1257804742555,98
2,2022,480.109112962825,483.632966522461,11.174988006764,11.1298502880346,98
3,2022,484.541827783952,487.939247577608,11.2816234092839,11.2374611959472,98
4,2022,485.382917367225,488.591080863792,11.081430996656,11.0374101196749,98
1,2023,487.649069859533,491.242960277647,10.7964253484923,10.7558303752053,98
2,2023,490.68976125444,494.179319309672,10.7647645968411,10.7228995948345,98
3,2023,491.253494175794,494.572183859986,10.5438626471958,10.5029622229854,98
4,2023,492.83429275079,495.982686905869,10.4275737372359,10.3875057848776,98
1,2024,497.018600857656,500.544745807101,10.3234939682777,10.2840581462412,98
2,2024,500.283358134523,503.72725462191,10.3152919865571,10.2761538775387,98
3,2024,498.502539019707,501.761996110015,9.93518765032238,9.8978221657335,98
4,2024,500.185512685669,503.276659851028,9.84084191361061,9.80420375935153,98
3,2004,119.016989266946,120.83260893202,2.04153338307412,2.02761106325799,99
4,2004,119.584277515756,121.106877006841,2.01086107329073,1.9930492623044,99
1,2005,124.326725290423,126.240940746378,2.0446547188451,2.0263680876761,99
2,2005,124.445145047885,126.240497343629,1.98490208138185,1.96717875850549,99
4,2005,123.141573381018,124.555785750568,1.84480743925128,1.82888927184049,99
1,2006,123.279721415253,125.075848470329,1.73324156681184,1.72016038760083,99
3,2006,125.576004636021,127.096573070028,1.71372011162838,1.70021487884297,99
4,2006,125.459079998548,127.042613335818,1.67726711304499,1.67083357934304,99
1,2007,129.665524211922,131.387695996515,1.69208652960197,1.67879321633726,99
2,2007,131.213821125042,133.010125396894,1.69176046831475,1.68275214334128,99
3,2007,132.08348522778,133.562826492306,1.67865952922189,1.66571490172906,99
4,2007,133.05010144774,134.377966922534,1.67331204392206,1.660897350354,99
1,2008,136.922606233554,138.677821605636,1.67874313081867,1.66735790211477,99
2,2008,138.70593406114,140.375366565471,1.68453676138023,1.67307846621481,99
1,2009,145.367727516054,147.969555420502,1.69554666378218,1.70466102083569,99
3,2009,162.060164600417,163.810201818172,2.05260451117726,2.04044048788007,99
4,2009,165.817605433091,167.376975889315,2.12072238738432,2.10653365399545,99
1,2010,169.169854645843,171.105178560461,2.10520900923374,2.0911609600657,99
2,2010,171.63969248886,173.521394274955,2.12469288916623,2.11120704300254,99
3,2010,172.247016129255,174.078185436655,2.09725823683103,2.08709471851084,99
4,2010,174.07883375567,175.778164726568,2.10913196050967,2.09963270480081,99
1,2011,176.761022258283,178.686746036034,2.07673396764279,2.06367942473495,99
2,2011,177.769702487578,179.602890792415,2.05694052406741,2.04412262854257,99
3,2011,180.119420237513,181.955518274749,2.07727484844299,2.06807310306287,99
4,2011,181.600099034918,183.137719594579,2.07968092122208,2.06706305017113,99
1,2012,185.291601029819,187.51210883588,2.07500335088719,2.06994506542395,99
2,2012,187.250836590213,189.10573381974,2.07987936684842,2.06779540542188,99
4,2012,189.13778804244,190.907874846813,2.05373999595641,2.04767473019225,99
1,2013,192.52459830315,194.521001301662,2.04238587412089,2.03276431949424,99
3,2013,197.144946756037,198.844015474167,2.07316230770876,2.06167512403736,99
4,2013,198.849351569458,200.558571421501,2.08061485489305,2.07303980776882,99
1,2014,201.174032077914,203.079965734677,2.04504732339359,2.03378381395269,99
3,2014,203.733424782943,205.402684195272,2.02850175236151,2.01756963113346,99
4,2014,204.694916456561,206.200921795709,2.01975740195713,2.00901231206486,99
2,2015,212.089523974039,213.922005919546,2.05861468503879,2.04788645625179,99
3,2015,213.185917846495,214.865651550664,2.04862275423934,2.03804901408619,99
4,2015,213.090061726313,214.709827135125,2.0178326092637,2.00988176108058,99
1,2016,216.157904175104,218.044135807594,2.00187506780468,1.9917708790077,99
2,2016,218.01566796656,219.820863294309,2.00448979421957,1.99444754692838,99
3,2016,218.573275151449,220.229726302991,1.98495667113972,1.97527805923481,99
4,2016,220.763437296757,222.266799342098,2.00170573879095,1.99201385553652,99
1,2017,223.979022771539,225.859300143468,1.98952972799903,1.97988133450017,99
2,2017,225.652883936803,227.455023336233,1.98859326956426,1.97910623126709,99
3,2017,226.238142941825,227.890514484847,1.97063174307087,1.96144733210302,99
4,2017,227.304506922427,228.792614321654,1.96560985105755,1.9565045231828,99
1,2018,230.128466408754,231.987045875059,1.94723160935093,1.9381367637963,99
2,2018,231.294067831804,233.069181554587,1.93751499822112,1.92859526567025,99
3,2018,232.256294300116,233.876400335284,1.92784022298385,1.91900279097003,99
4,2018,234.238210419173,235.705898871246,1.93971973979454,1.93093544120307,99
1,2019,237.612391745011,239.468624217007,1.93211171966097,1.9235063263787,99
2,2019,238.807986003177,240.572268841242,1.92347185024883,1.91487152866372,99
3,2019,240.673562709338,242.310682242578,1.929836479899,1.92157390675381,99
4,2019,245.968042967469,247.46949949101,1.99903886389873,1.99036653288717,99
1,2020,253.75336071685,255.671612910227,2.06949408894346,2.06047731803636,99
2,2020,262.294733269918,280.520039861875,2.19516112667499,2.51602992254635,99
3,2020,275.867272411224,302.81266202076,2.4332548268183,3.00234104695003,99
4,2020,378.64123334027,384.547336993698,5.78002715710716,5.92108193833817,99
1,2021,454.833027275681,460.242868942276,10.5762932777854,10.6976884944309,99
2,2021,465.243579078152,468.811435448259,11.2187395390688,11.1756452729217,99
3,2021,468.560024739739,471.97806996681,11.2241075040764,11.1810935012625,99
4,2021,472.945004940962,476.785833627997,11.3463777131785,11.3563749106371,99
1,2022,476.573164610714,480.193329153694,11.1669473882864,11.1229213689618,99
2,2022,480.109112962825,483.634048766899,11.174988006764,11.1299474259633,99
3,2022,484.522218714281,487.923128310683,11.2798395090482,11.2360121821581,99
4,2022,485.399463264606,488.633948791562,11.0828978646577,11.0411655862497,99
1,2023,487.639301543126,491.219691643551,10.7955883846843,10.7538599125209,99
2,2023,490.69243879392,494.178895698751,10.7649915511223,10.7228641069808,99
3,2023,491.259692484187,494.579557763588,10.5443732346091,10.503562603003,99
4,2023,492.83429275079,495.988241629187,10.4275737372359,10.3879496074475,99
1,2024,497.020749197724,500.546437819363,10.3236645758206,10.284190975018,99
2,2024,500.285829837522,503.730251596388,10.3154866164632,10.2763871902754,99
3,2024,498.502539019707,501.761441055969,9.93518765032238,9.89778086130683,99
4,2024,500.185512685669,503.276659851028,9.84084191361061,9.80420375935153,99
1,2006,123.25835172195,124.997254859013,1.73260310206098,1.71787073968694,100
2,2006,125.332334944992,127.084185228251,1.74704926230619,1.73491579622768,100
3,2006,125.579583475084,127.13611399527,1.71382231019132,1.7013166312592,100
4,2006,125.449275661275,127.699873014904,1.67699780124257,1.68859224331212,100
1,2007,129.664416598564,131.381183635598,1.69205630578302,1.67861970004196,100
2,2007,131.152663916761,132.836135239197,1.69011908966079,1.67818512878473,100
3,2007,132.070358986115,133.549057098282,1.67831534376837,1.66536065466012,100
2,2008,138.715864079795,140.347821676254,1.68478642123454,1.672401065729,100
3,2008,142.802064715108,144.665790718989,1.75362066178718,1.74948696975798,100
4,2008,142.099956307901,143.51750829953,1.705505307781,1.69528335890112,100
1,2009,145.501005454819,148.5785630157,1.69877791688455,1.71934438098077,100
4,2006,125.459079998548,126.996090034615,1.67726711304499,1.66958349474942,58
1,2007,129.669469944289,131.42187697698,1.69219421575636,1.67970420402327,58
2,2007,131.005498832497,132.655403565871,1.6861758957375,1.67345642390667,58
1,2008,136.843675943291,138.554723612871,1.67673429378966,1.6642975718969,58
3,2008,142.969178697601,144.763696651923,1.75793482307932,1.75197111355632,58
4,2008,142.011521077714,143.422590559394,1.70332272418394,1.69298852960305,58
1,2009,145.334086280495,147.259882021392,1.69473201200321,1.6877086181422,58
2,2009,150.706534806173,153.022087863681,1.78817029983754,1.79120984539634,58
4,2009,165.660990167507,167.233437235513,2.11617999444016,2.10245424695441,58
1,2010,169.239364098668,171.2952815046,2.10718791453771,2.09646781897925,58
2,2010,171.546320281226,173.407617826137,2.12205125774978,2.10804913424975,58
4,2010,174.866690823854,177.353151732357,2.13081229599337,2.14239561253785,58
2,2012,187.250836590213,189.10573381974,2.07987936684842,2.06779540542188,58
4,2012,189.211790531099,191.200615775434,2.05552769510326,2.05464517048029,58
2,2013,195.291305392359,197.126399325758,2.06642628492069,2.05465369692293,58
3,2013,197.604497611871,199.810953498088,2.08401624053684,2.08418684976779,58
4,2013,198.99823839575,201.282644209684,2.0840965359223,2.08976037408625,58
1,2014,201.306028570614,203.237239749568,2.04804876524938,2.03730178283845,58
4,2014,204.621396541261,206.166503198273,2.01816235186835,2.00827804875512,58
2,2007,131.152663916761,132.872148925278,1.69011908966079,1.67912973299504,8
3,2007,132.103345355351,133.631873376968,1.67918041572673,1.66748413408074,8
4,2007,133.24055299306,134.672249507166,1.67821764675093,1.66830094705543,8
2,2008,138.714979813078,140.354921924504,1.68476418694008,1.67257560457707,8
3,2008,143.153388286104,144.963135548076,1.76270263647488,1.75704073810043,8
4,2008,142.099956307901,143.445308465317,1.705505307781,1.69353869162178,8
1,2009,145.468753546923,148.361554475672,1.69799085168204,1.71409775841904,8
2,2009,150.936431116853,153.683015437603,1.79396937540238,1.80772746883359,8
3,2009,160.345172228235,162.004552342925,2.00429480207729,1.99059985365408,8
4,2009,165.561035176366,167.156594279436,2.11328463522232,2.10027269306062,8
1,2010,169.188452890719,171.145991520222,2.10573932757021,2.09229914284787,8
2,2010,171.487829140103,173.348795019486,2.12039701847123,2.10641823705625,8
3,2010,172.09840050592,173.808281346013,2.09316197313212,2.07979367172981,8
4,2010,173.765856963001,175.318781983487,2.10058184367546,2.08732399812213,8
1,2011,176.765347788069,178.703273587895,2.07684914254934,2.06411117636761,8
2,2011,177.769702487578,179.606837760429,2.05694052406741,2.04422345024194,8
3,2011,179.925458809812,181.641375550595,2.07224527276969,2.06007108422331,8
4,2011,181.600099034918,183.164630071581,2.07968092122208,2.06774048434637,8
1,2012,185.21233887229,187.201559267142,2.07299866601407,2.06221533039996,8
2,2012,187.447051736687,189.295255393311,2.08480259024152,2.07246581510728,8
3,2012,189.029046277236,190.946788913482,2.08494756281538,2.07805154156582,8
4,2012,189.13778804244,190.947876540456,2.05373999595641,2.04862623380639,8
1,2013,192.535504804888,194.490523159488,2.04264489560004,2.0320523921207,8
2,2013,194.851144834334,196.701750465709,2.05599851177673,2.0447628549636,8
3,2013,197.144946756037,198.844015474167,2.07316230770876,2.06167512403736,8
4,2013,198.759226255843,200.31793362434,2.07851026984301,2.06751331004284,8
1,2014,201.258658147442,203.1755512002,2.04697111491614,2.03592109312597,8
2,2015,212.089523974039,213.921042089337,2.05861468503879,2.04786589353171,8
4,2015,213.086305885691,214.596825536036,2.01775452718091,2.00756962673745,8
2,2016,218.044374131491,219.878438000902,2.0050710757125,1.99559600791544,8
3,2017,226.221259238849,227.893800656507,1.97031190094011,1.96150884081049,8
1,2020,253.748012689948,255.671272679545,2.06939700727216,2.0604712203634,8
2,2020,284.281594387852,333.505007289385,2.65765105086516,3.97272232085758,8
4,2020,378.948261492433,385.080357269734,5.79521520522371,5.94788654568467,8
2,2021,465.231333532928,468.851026958085,11.2175851500205,11.1793329815458,8
1,2022,476.57649944194,480.193941468114,11.1672526365428,11.1229767367171,8
3,2022,484.515036586404,487.90565483494,11.2791861964029,11.2344416594944,8
4,2022,485.382917367225,488.600641803701,11.081430996656,11.038247548524,8
2,2023,490.69004853234,494.177904584864,10.764788945038,10.7227810796833,8
4,2023,492.83429275079,495.983321415068,10.4275737372359,10.3875564760562,8
2,2024,500.283358134523,503.727138533352,10.3152919865571,10.2761448399713,8
3,2024,498.503251885225,501.763298634285,9.93524131227411,9.8979190962492,8
4,2024,500.185512685669,503.275464051651,9.84084191361061,9.8041162723425,8
2,2008,138.70593406114,140.339367935343,1.68453676138023,1.67219314264599,101
3,2008,142.969178697601,144.763696651923,1.75793482307932,1.75197111355632,101
4,2008,142.275763590615,143.617616772834,1.70985256896506,1.69770529791863,101
1,2009,145.321499619237,147.985527217864,1.69442732607398,1.70504464212446,101
2,2009,152.394554597711,154.268138327223,1.8311913103838,1.82247819158578,101
3,2009,162.509070924646,164.238903899816,2.06544097436836,2.05245908973491,101
4,2009,166.297664251854,167.885990596818,2.13470464350803,2.12105711813075,101
1,2010,169.181041226319,171.168815023861,2.10552724298167,2.09293560553499,101
2,2010,171.546320281226,173.423507471731,2.12205125774978,2.1084897642265,101
3,2010,172.135317566999,173.893535515012,2.09417791350125,2.08209674527085,101
4,2010,173.765856963001,175.327432257795,2.10058184367546,2.08755398112791,101
1,2011,176.761685878528,178.693583062627,2.07675164215981,2.06385802965163,101
2,2011,177.769702487578,179.606837760429,2.05694052406741,2.04422345024194,101
3,2011,180.119420237513,181.931852989134,2.07727484844299,2.06746933305841,101
4,2011,181.603238058624,183.148516619791,2.07976146571387,2.06733557025429,101
3,2012,189.00602463145,190.83139297164,2.08437654630443,2.07523338588915,101
4,2012,189.124376698761,190.721013388577,2.05341617528566,2.04323765836627,101
2,2013,194.634945865181,196.462738155046,2.05089585453015,2.03921729088732,101
3,2013,197.062819711017,198.791800654683,2.07122868203489,2.06046611945089,101
4,2013,198.849351569458,200.475947624187,2.08061485489305,2.07114086528082,101
1,2014,201.162919125212,203.071038919875,2.04479483167444,2.03358430650048,101
2,2014,202.452922997164,204.286711141781,2.03449027344094,2.02371597107567,101
4,2014,204.694916456561,206.202855659232,2.01975740195713,2.00905442124755,101
1,2015,209.396825637329,211.299693907628,2.03821348162197,2.02746503410914,101
2,2015,212.11577034098,213.969501627973,2.05918348095313,2.04889974744024,101
3,2015,213.233761710863,214.990384346353,2.04964384935652,2.04067038144183,101
4,2015,213.056755305678,214.561864609893,2.01714031036085,2.00685451273863,101
1,2016,216.157904175104,218.051312551637,2.00187506780468,1.99191525844127,101
2,2016,218.01566796656,219.831152481253,2.00448979421957,1.99465271807632,101
3,2016,218.573275151449,220.224522602245,1.98495667113972,1.97517640118899,101
4,2016,220.763437296757,222.259956749582,2.00170573879095,1.99188021970494,101
1,2017,223.974320243952,225.853922529985,1.98943800846822,1.9797779735929,101
2,2017,225.652883936803,227.451713784867,1.98859326956426,1.97904326887875,101
3,2017,226.269343321201,227.917643061899,1.97122294514705,1.96195407529433,101
4,2017,227.405437969256,228.914053377896,1.96749894607091,1.95874419901946,101
1,2018,230.13569343855,231.996121024128,1.94736437228896,1.93830114811228,101
2,2018,231.305861063195,233.077702385805,1.93772854926051,1.9287474489385,101
3,2018,232.238756621551,233.857954277668,1.92752724139667,1.91867814523621,101
4,2018,234.238210419173,235.704560436174,1.93971973979454,1.93091185331523,101
1,2019,237.628863201499,239.512469941979,1.93240105236643,1.92426621188955,101
2,2019,238.787155423344,240.5524285782,1.92311093938866,1.91453235630997,101
3,2019,240.673562709338,242.29411074356,1.929836479899,1.92129229085009,101
4,2019,245.977700700742,247.525511437373,1.99920960631429,1.99134279408198,101
1,2020,253.74689136584,255.665196170776,2.06937665490415,2.06036235858196,101
2,2020,257.335398196029,265.876179338595,2.10251070017019,2.21765277849563,101
3,2020,275.867272411224,304.859941696089,2.4332548268183,3.05533693311467,101
4,2020,382.752540996899,389.956634148555,5.98674906125949,6.19882617439531,101
1,2021,454.833027275681,460.12238768892,10.5762932777854,10.6868632082317,101
2,2021,465.234228406217,468.826438301971,11.2178580433275,11.1770425534687,101
3,2021,468.554838752594,471.971732652429,11.2236224514764,11.1805079219652,101
4,2021,473.061119118082,477.022142887462,11.3572709460386,11.378391976079,101
1,2022,476.579899255507,480.186600150623,11.1675638311343,11.1223128897376,101
2,2022,480.108482903529,483.632872859319,11.1749307625811,11.1298418850126,101
3,2022,484.53114936534,487.927596533728,11.2806519222584,11.2364138326791,101
4,2022,485.356069459587,488.563582875921,11.0790512306969,11.0350016974187,101
1,2023,487.647779342,491.230252502135,10.7963147743877,10.7547541954252,101
2,2023,490.689844585169,494.181630469996,10.7647716618616,10.7230932069655,101
3,2023,491.249297781673,494.56755020533,10.543516981943,10.5025849712269,101
4,2023,492.83429275079,495.982168917333,10.4275737372359,10.3874643967382,101
1,2024,497.019240723405,500.544939578474,10.3235447791768,10.2840733580643,101
2,2024,500.283358134523,503.727164398901,10.3152919865571,10.2761468518751,101
3,2024,498.502389953393,501.761127031375,9.93517643605666,9.89775748695253,101
4,2024,500.190589660997,503.28396069563,9.84121756263968,9.80473790847296,101
2,2008,138.751580074844,140.403125344646,1.68568472490078,1.67375952707351,102
3,2008,144.320316663051,146.720213568295,1.79320781448477,1.80233897935892,102
2,2009,151.1987752998,153.857494703739,1.80060991886508,1.8121138636387,102
4,2009,165.660990167507,167.21213711306,2.11617999444016,2.10184731944834,102
1,2010,169.173973665266,171.109903654921,2.10532696409944,2.09129269861405,102
2,2010,171.487829140103,173.349183434016,2.12039701847123,2.10642779812633,102
3,2010,172.135317566999,173.910162915656,2.09417791350125,2.08254620982627,102
4,2010,173.765856963001,175.313013371964,2.10058184367546,2.08717107158796,102
1,2011,176.762242953627,178.684263617055,2.07676647052761,2.0636145795315,102
2,2011,177.744893005905,179.576639293173,2.05629469155873,2.04345203214252,102
3,2011,180.119420237513,181.910310167691,2.07727484844299,2.06691989038157,102
4,2011,181.603238058624,183.141886338898,2.07976146571387,2.06716844228471,102
1,2012,185.260780254523,187.308879843841,2.07422360878579,2.06488331196324,102
2,2012,187.192381193977,189.075264833066,2.07841514288855,2.06704552492488,102
3,2013,197.05068943623,198.75334854446,2.07094323863789,2.05957610080622,102
1,2014,201.141232918864,203.064790150324,2.04430219490391,2.03344468053637,102
2,2014,202.452441535724,204.272045510593,2.03447950742078,2.02339343793089,102
3,2014,203.733424782943,205.404040881004,2.02850175236151,2.0175990128458,102
4,2014,204.694916456561,206.204622585625,2.01975740195713,2.00909091997916,102
1,2015,209.396825637329,211.299693907628,2.03821348162197,2.02746503410914,102
2,2015,212.09202283221,213.928572116108,2.05866882735998,2.04802649474327,102
3,2015,213.194191671488,214.886972635488,2.04879929872458,2.03849684133492,102
4,2015,213.186096013584,214.930240396359,2.01983008452144,2.01439956802777,102
1,2016,216.157904175104,218.051312551637,2.00187506780468,1.99191525844127,102
2,2016,218.004407225123,219.812016158251,2.00426182466732,1.99427111185686,102
3,2016,218.573275151449,220.229726302991,1.98495667113972,1.97527805923481,102
4,2016,220.763437296757,222.259956749582,2.00170573879095,1.99188021970494,102
1,2017,223.975644931522,225.856741922729,1.98946384747056,1.97983216221198,102
2,2017,225.643465334918,227.44096409433,1.98841144180145,1.97883874938461,102
3,2017,226.221259238849,227.893800656507,1.97031190094011,1.96150884081049,102
4,2017,227.304506922427,228.79377540201,1.96560985105755,1.95652712839126,102
2,2018,231.284489847622,233.133314532588,1.93734158624677,1.92974074042978,102
3,2018,232.336220327413,234.050053490612,1.92926724615968,1.92206111031962,102
4,2018,234.289312290312,235.776820007054,1.9406287226517,1.93217864479643,102
1,2019,237.668316032632,239.628905525018,1.9330942337005,1.92628560989046,102
2,2019,238.825505210247,240.631351298124,1.92377544247903,1.91588175108553,102
3,2019,240.662965496427,242.342611182165,1.92965391865224,1.92211675425302,102
4,2019,245.968042967469,247.465234046361,1.99903886389873,1.99029192710807,102
1,2020,253.746503150804,255.670532173926,2.06936960600337,2.060457953951,102
2,2020,263.667534408753,290.117734048787,2.22152195123666,2.73305602279101,102
3,2020,277.626927095379,289.726890148719,2.47044477308352,2.6846871662275,102
1,2021,454.7968617408,459.886466537739,10.573052284413,10.6656973110424,102
2,2021,465.236854902111,468.808929574898,11.2181056355026,11.1754119039271,102
3,2021,468.549469822785,471.980641511139,11.2231203099695,11.1813311083506,102
4,2021,473.00209660071,476.907442305842,11.3517324447811,11.3676999281586,102
1,2022,476.566689937759,480.174589673812,11.1663547716026,11.1212269109424,102
2,2022,480.110009234901,483.633727970968,11.1750694369795,11.129918636405,102
4,2022,485.368452283568,488.591190189528,11.0801487644689,11.0374195780685,102
1,2023,487.637868552998,491.209489647216,10.7954656027668,10.7529960904464,102
2,2023,490.69582008962,494.184617491511,10.765278166149,10.7233434468085,102
3,2023,491.263542181802,494.588466341763,10.544690365281,10.5042879789505,102
4,2023,492.834792612476,495.9821763157,10.4276141475937,10.3874649856258,102
1,2024,497.021617800967,500.547729087383,10.3237335523932,10.2842923499673,102
2,2024,500.284511605625,503.728350680054,10.3153828177366,10.2762392015143,102
3,2024,498.502804690075,501.761870378707,9.93520765171116,9.89781280726144,102
4,2024,500.185512685669,503.275062353515,9.84084191361061,9.80408688529479,102
2,2008,138.706376317125,140.343306382974,1.68454787653309,1.67229001690393,103
3,2008,142.969178697601,144.849417320085,1.75793482307932,1.75414736366945,103
4,2008,142.099956307901,143.51750829953,1.705505307781,1.69528335890112,103
1,2009,145.349496823165,148.363161968265,1.69510513860928,1.71413679533951,103
2,2009,152.258264600096,154.326660598436,1.82767897432402,1.82396123301194,103
3,2009,164.857076393533,166.943407747497,2.13390183686255,2.12990474349879,103
4,2009,166.297664251854,167.899995883268,2.13470464350803,2.12145522387922,103
3,2010,172.408809719291,174.372996118221,2.10172755149311,2.09509812163876,103
4,2010,173.308605936859,174.884406880999,2.0881519320734,2.07574508201316,103
1,2011,176.761022258283,178.691104431009,2.07673396764279,2.0637932729295,103
4,2011,181.603238058624,183.170587143708,2.07976146571387,2.06789178007627,103
1,2012,185.21233887229,187.166259158788,2.07299866601407,2.06133850320254,103
2,2012,187.447051736687,189.29114198429,2.08480259024152,2.07236421563611,103
3,2012,189.008112190216,190.773337436369,2.08442833997971,2.07381751490097,103
4,2012,189.171613778809,190.773104766147,2.05455693320093,2.04447670656266,103
1,2013,192.543034703531,194.515354582407,2.04282374649069,2.03263244527329,103
2,2013,194.931254284935,196.776389243867,2.05789244948779,2.04649786066671,103
3,2013,197.382638715168,199.081802504998,2.07876878470981,2.06718937787993,103
4,2013,198.759226255843,200.415056907564,2.07851026984301,2.06974218400958,103
1,2014,201.258658147442,203.197794967125,2.04697111491614,2.03641874521695,103
2,2014,202.492858331796,204.339080229157,2.03538326170535,2.02486811504268,103
3,2014,203.815257360958,205.523019861099,2.03030661753339,2.02018092668339,103
1,2015,209.419290428103,211.323979643211,2.03870063643667,2.02798337688961,103
2,2015,212.10058083716,213.945530227544,2.05885428737779,2.04838825401111,103
3,2015,213.203219239394,214.9103650491,2.04899193921216,2.03898831014663,103
4,2015,213.056755305678,214.565956579954,2.01714031036085,2.00693821259168,103
1,2016,216.178696002688,218.073969083875,2.00229981650545,1.99237114541656,103
2,2016,218.044374131491,219.862023297637,2.0050710757125,1.99526853061008,103
3,2016,218.630612105101,220.3750193444,1.98609494867731,1.97812029162293,103
4,2016,220.773737242283,222.36844555583,2.00190975849335,1.99399650198414,103
1,2017,223.979022771539,225.859300143468,1.98952972799903,1.97988133450017,103
2,2017,225.643465334918,227.440542309677,1.98841144180145,1.97883071960947,103
3,2017,226.269343321201,227.917643061899,1.97122294514705,1.96195407529433,103
4,2017,227.405437969256,228.914053377896,1.96749894607091,1.95874419901946,103
1,2018,230.13569343855,231.9929509479,1.94736437228896,1.93824372560967,103
2,2018,231.294067831804,233.065255458895,1.93751499822112,1.9285251778771,103
3,2018,232.238756621551,233.859474541571,1.92752724139667,1.91870492533988,103
4,2018,234.289312290312,235.790601966323,1.9406287226517,1.93242016705787,103
1,2019,237.647505366922,239.538370208039,1.93272856060334,1.92471523746314,103
2,2019,238.807986003177,240.578049585146,1.92347185024883,1.91497032966404,103
3,2019,240.673562709338,242.29411074356,1.929836479899,1.92129229085009,103
4,2019,245.977700700742,247.525511437373,1.99920960631429,1.99134279408198,103
1,2020,253.74689136584,255.66904243604,2.06937665490415,2.06043126491208,103
2,2020,260.044397843629,272.18029768174,2.15262473876144,2.34149949845175,103
3,2020,276.063751375034,306.926135354308,2.43738016010318,3.10976723902894,103
4,2020,379.714121776916,386.199481369083,5.83327489905757,6.00456297780644,103
1,2021,454.72468246171,460.056460547302,10.5665868651437,10.6809442425865,103
2,2021,465.236854902111,468.815781222143,11.2181056355026,11.176049993762,103
3,2021,468.5458678556,472.000116978546,11.2227834351077,11.1831308884635,103
4,2021,473.061119118082,477.058155498781,11.3572709460386,11.3817510096415,103
1,2022,476.56989477249,480.178889469887,11.1666481011816,11.1216156859775,103
2,2022,480.108378486381,483.632805756956,11.1749212781537,11.1298358623291,103
3,2022,484.515036586404,487.9075248307,11.2791861964029,11.234609720924,103
1,2023,487.647191577546,491.234420016628,10.7962644122385,10.7551071147182,103
3,2023,491.250265552947,494.568416488617,10.543596698153,10.5026554995555,103
4,2023,492.83336552222,495.980904066035,10.4274987933763,10.3873633353608,103
1,2024,497.021617800967,500.547337736036,10.3237335523932,10.2842616252472,103
2,2024,500.285829837522,503.72969181387,10.3154866164632,10.2763436129549,103
3,2024,498.502539019707,501.761996110015,9.93518765032238,9.8978221657335,103
4,2024,500.18672955577,503.27589495873,9.84093194934006,9.80414780125819,103
2,2008,138.730197952896,140.404240862601,1.68514352602118,1.67378670057648,104
3,2008,142.969178697601,144.896640708163,1.75793482307932,1.75534746430264,104
4,2008,142.011521077714,143.561126679068,1.70332272418394,1.69633846895961,104
3,2009,161.185824008659,162.874571087508,2.02783134883856,2.01446115519519,104
4,2009,165.817605433091,167.372512544013,2.12072238738432,2.10640585023752,104
3,2010,172.09840050592,173.802452003629,2.09316197313212,2.07963655749004,104
4,2010,173.508734429722,175.050029116431,2.09358219312877,2.08015038373292,104
1,2011,176.761685878528,178.683182550906,2.07675164215981,2.0635863414875,104
2,2011,177.757289250439,179.588518497627,2.05661736577783,2.04375547562955,104
3,2011,180.119420237513,181.981302302306,2.07727484844299,2.06873114195533,104
4,2011,181.6560759599,183.347763826589,2.08111776132433,2.07235617760762,104
1,2012,185.248195499225,187.30265471757,2.07390530705962,2.06472845754557,104
2,2012,187.223651210449,189.106754506069,2.07919829220611,2.0678205521598,104
3,2012,189.004605795657,190.856217411975,2.0843418554617,2.07583937052303,104
4,2012,189.13778804244,190.947876540456,2.05373999595641,2.04862623380639,104
1,2013,192.52992164391,194.480886152328,2.0425122913596,2.03182731273515,104
2,2013,194.702969828805,196.533718282645,2.0524999690955,2.04086262451216,104
3,2013,197.211394854893,198.903417431812,2.07472810992161,2.06305110468221,104
4,2013,198.849351569458,200.528122217148,2.08061485489305,2.07233973592709,104
1,2014,201.174032077914,203.079965734677,2.04504732339359,2.03378381395269,104
2,2014,202.452441535724,204.279430271449,2.03447950742078,2.0235558510079,104
3,2014,203.733424782943,205.406696559481,2.02850175236151,2.01765674459802,104
4,2014,204.621396541261,206.183961422537,2.01816235186835,2.0086508287054,104
1,2015,209.396825637329,211.299693907628,2.03821348162197,2.02746503410914,104
1,2022,476.56989477249,480.183832677222,11.1666481011816,11.1220626437959,104
2,2022,480.110304639517,483.634178489647,11.1750962753115,11.1299590695499,104
3,2022,484.518409043493,487.918774546543,11.2794929656054,11.2356208397775,104
2,2008,138.70593406114,140.339367935343,1.68453676138023,1.67219314264599,105
1,2009,145.388773951233,147.752522918783,1.69605651449602,1.69945858023609,105
3,2009,159.541126430833,161.206373430005,1.98203890436357,1.96896016794801,105
1,2010,169.169854645843,171.119358291038,2.10520900923374,2.09155635028317,105
2,2010,171.480332757483,173.349802165519,2.12018347868547,2.10644616130768,105
3,2010,172.09840050592,173.815776006298,2.09316197313212,2.07999600337721,105
4,2010,173.508734429722,175.065074292975,2.09358219312877,2.08055541362648,105
1,2011,176.765347788069,178.710768614826,2.07684914254934,2.06430699818273,105
2,2011,177.769702487578,179.606837760429,2.05694052406741,2.04422345024194,105
3,2011,180.119420237513,181.931852989134,2.07727484844299,2.06746933305841,105
4,2011,181.600099034918,183.197240782801,2.07968092122208,2.0685618957175,105
2,2012,187.200506282188,189.14498984956,2.07861860019589,2.06876193103136,105
3,2012,189.029046277236,190.946788913482,2.08494756281538,2.07805154156582,105
4,2012,189.171613778809,190.752766281589,2.05455693320093,2.04399343376307,105
1,2013,192.52992164391,194.470171791469,2.0425122913596,2.03157711337937,105
2,2013,194.634945865181,196.462738155046,2.05089585453015,2.03921729088732,105
1,2014,201.174032077914,203.084061945979,2.04504732339359,2.03387537323482,105
2,2014,202.456195977946,204.288028561197,2.03456345294266,2.02374498033879,105
3,2014,203.767603285808,205.43958488271,2.02925537822556,2.01837011418524,105
1,2015,209.396825637329,211.299693907628,2.03821348162197,2.02746503410914,105
2,2015,212.0798186402,213.915879265195,2.05840438821846,2.04775576238345,105
4,2015,213.090061726313,214.684609450561,2.0178326092637,2.00936542804862,105
1,2016,216.157904175104,218.042732164574,2.00187506780468,1.99174264754409,105
2,2016,218.004407225123,219.812016158251,2.00426182466732,1.99427111185686,105
3,2016,218.787294292971,220.657458377374,1.98920880518167,1.98365752419767,105
4,2016,220.763437296757,222.259956749582,2.00170573879095,1.99188021970494,105
1,2017,223.979022771539,225.859300143468,1.98952972799903,1.97988133450017,105
1,2020,253.749177297789,255.667774829488,2.06941814921377,2.06040855810466,105
2,2020,260.426335114145,272.70154960809,2.1597856857753,2.35204423439492,105
3,2020,275.85401260201,297.044257747418,2.43297672859818,2.85791996380065,105
4,2020,378.948261492433,385.080357269734,5.79521520522371,5.94788654568467,105
1,2021,454.545124678981,459.619189203964,10.5505202214817,10.6417688415227,105
2,2021,465.245858606495,468.799109597719,11.2189544435976,11.1744974437671,105
3,2021,468.558185686366,471.960130339037,11.2239354956538,11.179435932826,105
4,2021,473.061119118082,477.046056580116,11.3572709460386,11.380622387126,105
1,2022,476.56355011677,480.171634967868,11.1660674000133,11.120959765772,105
2,2022,480.112057900908,483.635812016127,11.175255565368,11.1301056932772,105
3,2022,484.515036586404,487.913465154869,11.2791861964029,11.2351436231119,105
4,2022,485.399463264606,488.646954191467,11.0828978646577,11.0423051829779,105
1,2023,487.639301543126,491.218710560035,10.7955883846843,10.753776840988,105
2,2023,490.69243879392,494.179424172575,10.7649915511223,10.7229083802795,105
3,2023,491.263542181802,494.584908983208,10.544690365281,10.5039983195534,105
4,2023,492.834792612476,495.981790733915,10.4276141475937,10.3874341786101,105
1,2024,497.022562644295,500.548294298875,10.3238085838039,10.2843367155107,105
2,2024,500.285829837522,503.729814053634,10.3154866164632,10.2763531309783,105
3,2024,498.502389953393,501.761232379424,9.93517643605666,9.89776533031733,105
4,2024,500.18672955577,503.27585949687,9.84093194934006,9.80414520719269,105
2,2008,138.730197952896,140.43821206257,1.68514352602118,1.67462512818583,107
3,2008,142.95306413825,144.751866276007,1.75751835191613,1.75167079018302,107
4,2008,142.102238674872,143.607598014007,1.70556167368781,1.69746926484427,107
1,2009,145.316720009599,147.137959604257,1.69431163767426,1.68481001626967,107
2,2009,151.649040531988,153.668281144591,1.8120644986451,1.80735851361823,107
3,2009,160.887615400962,162.551887623732,2.01945063634321,2.00558055109585,107
4,2009,165.557055541899,167.162647457944,2.11317091232625,2.10044439336031,107
1,2010,169.17453163119,171.144359872181,2.10534283470473,2.09225361646361,107
2,2010,171.573784011495,173.450864982154,2.12282842885904,2.10924762829556,107
3,2010,172.095699220393,173.798353493063,2.093087592276,2.07952585934275,107
4,2010,173.441231035473,174.982020890982,2.09174872147192,2.07834012402084,107
1,2011,176.763062785392,178.684915293963,2.07678830437556,2.06363159872551,107
2,2011,177.795109756924,179.646126064962,2.05760213419067,2.04522750414793,107
3,2011,180.137764013604,181.956281308432,2.0777511552852,2.0680927479932,107
4,2011,181.595061220974,183.139526196773,2.07955165759547,2.06710855185431,107
1,2012,185.216731524425,187.184661898556,2.07310971071362,2.06179554757401,107
2,2012,187.317295769826,189.16184494685,2.08154532980355,2.06917702741259,107
3,2012,188.991905467295,190.783483725378,2.084026781718,2.07406468495206,107
4,2012,189.258702706684,190.790734703555,2.05666177354921,2.04489527140495,107
1,2013,192.537256046913,194.473606517319,2.04268648443365,2.03165732977634,107
2,2013,194.670937633628,196.500909978925,2.05174443795448,2.04010211696651,107
3,2013,197.108794839581,198.835930430841,2.07231091302679,2.06148801511337,107
4,2013,198.738530697945,200.27630558779,2.07802729418671,2.06655876194961,107
1,2014,201.205346528119,203.112648057222,2.04575897831801,2.03451435475711,107
2,2014,202.45842983718,204.278428042621,2.03461338781957,2.02353381815716,107
4,2014,204.873519049672,206.412375027968,2.0236375559406,2.01353061022745,107
1,2015,209.43462531187,211.345426747452,2.03903323996477,2.02844123130744,107
2,2015,212.125660351103,213.964716179738,2.05939785554491,2.04879765519068,107
4,2015,213.131475354703,214.668824069662,2.01869375197981,2.00904270566997,107
2,2016,218.049187723242,219.869895766781,2.0051685668319,1.99542558683948,107
4,2016,220.83756509123,222.371426558849,2.00317447289214,1.99405475589667,107
1,2017,223.982535493892,225.864102185973,1.98959824390544,1.97997363919444,107
3,2017,226.219583160836,227.873215279005,1.97028014744837,1.96112438567407,107
4,2017,227.277581495061,228.77825035855,1.96510620334812,1.95624048874412,107
1,2018,230.138482717253,232.010235121783,1.94741561686197,1.93855683640476,107
2,2018,231.287286296832,233.127520803306,1.93739221266451,1.9296372587389,107
3,2018,232.255930694084,233.889842265816,1.92783372702763,1.91923929370097,107
1,2019,237.636275424518,239.489414478801,1.93253126008861,1.92386663323838,107
2,2019,238.789926331845,240.556474459487,1.9231589424335,1.91460153360204,107
3,2019,240.694433949132,242.357566582204,1.93019608721356,1.92237099153375,107
4,2019,245.968205926203,247.467244305902,1.99904173865475,1.99032717810145,107
1,2020,253.747541135864,255.670027765012,2.06938844548335,2.06044892123413,107
2,2020,264.542759610316,287.758474777515,2.23849325232408,2.67803171881523,107
3,2020,275.860993472244,298.200106450562,2.43312313341155,2.88629174463454,107
4,2020,381.640642110562,388.661084371737,5.93012283224193,6.13113921802092,107
1,2021,454.705662715462,459.676261721161,10.5648838418938,10.64687387728,107
2,2021,465.235765238107,468.817847145759,11.2180029097864,11.176242398213,107
3,2021,468.555394594655,471.972392753477,11.2236744412948,11.1805689112934,107
4,2021,473.031792104253,477.040237334165,11.3545186505284,11.3800795419407,107
1,2022,476.595626266719,480.208082125271,11.1690035102686,11.1242555426373,107
2,2022,480.1093862795,483.633104390848,11.1750128419363,11.129862660521,107
3,2022,484.529852443775,487.93261819754,11.2805339404608,11.2368652368548,107
4,2022,485.437248665057,488.687689720373,11.0862484318986,11.0458755292831,107
1,2023,487.63833330889,491.210568879334,10.7955054259545,10.7530874641968,107
2,2023,490.69004853234,494.181480415533,10.764788945038,10.7230806333279,107
3,2023,491.255402738238,494.57537088889,10.5440198611154,10.5032217058753,107
4,2023,492.833647527952,495.980865014991,10.4275215864147,10.3873602201717,107
1,2024,497.020749197724,500.54645169708,10.3236645758206,10.2841920643825,107
2,2024,500.284143153337,503.728214491088,10.3153538046822,10.276228597071,107
3,2024,498.503158108696,501.762519607859,9.93523425045576,9.89786112021575,107
4,2024,500.186629778328,503.275771937167,9.84092456149955,9.80413880061775,107
2,2008,138.779114380103,140.493687240815,1.68637757275811,1.67599163521825,108
3,2008,143.571949410876,145.976675498603,1.77358423115245,1.78302675892156,108
4,2008,142.004389645376,144.185983910887,1.70314684982402,1.71152683648748,108
1,2009,145.412631047261,147.809932358222,1.69663049666424,1.70083314565625,108
2,2009,151.683795727652,153.705629037869,1.81295168425036,1.80829624282032,108
3,2009,159.541126430833,161.21723007635,1.98203890436357,1.9692537963084,108
4,2009,165.532708915517,167.388482518587,2.11246664863281,2.10685283351131,108
1,2010,169.168076286627,171.109580254507,2.1051590082875,2.09128338788728,108
2,2010,171.594501710311,173.57695758095,2.12341488235597,2.11275071176459,108
3,2010,172.074158300068,173.77695901852,2.09249449225889,2.07894808434648,108
4,2010,175.490817249867,178.182902246279,2.14814233420803,2.16528302092045,108
2,2011,177.768579573972,179.62761930528,2.05691129113734,2.0447544566426,108
3,2011,180.255150934156,182.061287915934,2.08080172438746,2.07077508878375,108
4,2011,181.622908454037,183.157286080142,2.08026628795539,2.06755622926934,108
1,2012,185.216597157137,187.140851437949,2.0731063168441,2.06070764143523,108
2,2012,187.455220967991,189.315707073086,2.08500726252014,2.07297013001533,108
3,2012,189.158898210858,190.970922942941,2.08817343877528,2.07864149367773,108
4,2012,189.175058405398,191.27968922765,2.05464015046098,2.05653400831127,108
1,2013,192.543626988844,194.483079278747,2.04283781220799,2.03187855545549,108
2,2013,194.797906392158,196.652948399809,2.05474081946892,2.04362923390203,108
3,2013,197.05486647898,198.80235081963,2.0710415272558,2.06071034283643,108
1,2014,201.153943521095,203.069046977777,2.04459091675957,2.03353981722933,108
3,2014,203.705687213372,205.445487396783,2.02789034145949,2.01849807876581,108
4,2014,204.725028314369,206.242760985118,2.02041106304729,2.00990764823394,108
2,2015,212.086467857276,213.971828559526,2.05854846459001,2.04894939443701,108
1,2017,224.014640381179,225.953256647168,1.99022455948918,1.98168807563517,108
2,2017,225.647836761513,227.495997361004,1.9884958320845,1.97988599819476,108
3,2017,226.218646747299,227.877872031929,1.97026241442606,1.96121133022826,108
4,2017,227.304506922427,228.792614321654,1.96560985105755,1.9565045231828,108
1,2018,230.138227770901,231.998418200379,1.94741093527586,1.93834276388297,108
2,2018,231.30243568994,233.074109437498,1.93766652102076,1.92868327155199,108
3,2018,232.30937914088,233.976335906706,1.92878789557986,1.92076223342242,108
4,2018,234.241052005521,235.706586006788,1.9397702802019,1.93094740823195,108
1,2019,237.644196214387,239.504533899653,1.9326704180551,1.92412867778111,108
2,2019,238.805882496435,240.578008524771,1.92343540154322,1.9149696207052,108
3,2019,240.662776844337,242.288133908775,1.92965066474886,1.92119072800201,108
1,2020,253.747199255615,255.686256750647,2.06938224379545,2.06073968943592,108
2,2020,268.715643037163,288.453283182487,2.32120882303546,2.69412043362753,108
1,2021,454.53032891662,459.912922753738,10.5491974018119,10.6680686963311,108
2,2021,465.247626750402,468.808291100889,11.2191211417384,11.175352453011,108
3,2022,484.517116875329,487.906210434308,11.2793754264192,11.2344916067758,108
1,2023,487.651394673068,491.286558158129,10.7966245568142,10.7595233537528,108
2,2023,490.690189436613,494.214172055304,10.764800888251,10.7258196757451,108
4,2023,492.852447438722,495.999849784382,10.4290413214248,10.3888772135918,108
1,2024,497.026944182185,500.558017101947,10.3241565439699,10.2851000482717,108
3,2024,498.525077371203,501.790499365764,9.93688417475798,9.8999435701313,108
3,2009,160.761105721992,162.497444026099,2.01590573888116,2.00409278024992,106
4,2009,165.660990167507,167.568602545907,2.11617999444016,2.1119963437916,106
2,2010,171.546320281226,173.409026793649,2.12205125774978,2.10808823284088,106
3,2010,172.184872578096,173.894005241935,2.09554365838975,2.08210993840198,106
1,2011,176.761685878528,178.693583062627,2.07675164215981,2.06385802965163,106
2,2011,177.749018555699,179.579039192023,2.05640207298904,2.04351333556247,106
4,2011,181.603238058624,183.170587143708,2.07976146571387,2.06789178007627,106
1,2012,185.221763825647,187.340076963151,2.07323693634298,2.0656595402479,106
3,2012,189.004605795657,190.942577037997,2.0843418554617,2.07794882273314,106
1,2013,192.531224186998,194.648202463038,2.0425432317768,2.03573833829454,106
2,2013,194.634945865181,196.467912251861,2.05089585453015,2.0393370783198,106
2,2010,171.503438407605,173.365277544944,2.12083835162321,2.10687505982553,109
3,2010,172.208222557301,174.050702806656,2.09618747201552,2.08635008633251,109
4,2010,173.765856963001,175.309766702452,2.10058184367546,2.08708624311194,109
1,2011,176.770336310822,178.700391867063,2.07698197125582,2.06403588639953,109
2,2011,177.806939674145,179.680005790337,2.05791025880789,2.04609371140538,109
3,2011,180.016093159923,181.76362482163,2.07459397925696,2.06318151762994,109
4,2011,181.600099034918,183.177780105862,2.07968092122208,2.0680729116145,109
1,2012,185.309832800546,187.46753342817,2.07546474353089,2.06883377968212,109
2,2012,187.250836590213,189.113075097339,2.07987936684842,2.06797614275009,109
4,2017,229.361449094902,232.451484496806,2.00447106697402,2.02510856409265,109
1,2020,253.749177297789,255.672554362493,2.06941814921377,2.06049418408838,109
3,2020,275.820820313825,302.702756515359,2.43228072812574,2.9995264482108,109
4,2020,383.505743152498,390.386373622705,6.0254146144032,6.22145110079411,109
1,2021,454.295901654873,459.532406778717,10.5282604721297,10.6340109960384,109
3,2021,468.57087544704,471.994156036513,11.2251224636141,11.1825800187626,109
4,2021,472.785369472648,476.579438943916,11.3314185856509,11.3371797682561,109
1,2022,476.554520835639,480.16319728783,11.1652410356831,11.1201969120025,109
4,2023,492.83429275079,495.985924029174,10.4275737372359,10.38776442785,109
2,2024,500.288960542794,503.734691495194,10.3157331416445,10.2767328483643,109
3,2024,498.502389953393,501.761114864706,9.93517643605666,9.89775658679472,109
4,2010,173.765856963001,175.327432257795,2.10058184367546,2.08755398112791,110
1,2011,176.765347788069,178.703273587895,2.07684914254934,2.06411117636761,110
2,2011,177.757289250439,179.587341319433,2.05661736577783,2.0437254020537,110
3,2011,180.119420237513,181.910310167691,2.07727484844299,2.06691989038157,110
4,2011,181.603238058624,183.152822775397,2.07976146571387,2.06744317257254,110
1,2012,185.237496900754,187.262034630241,2.0736347437549,2.06371830166573,110
2,2012,187.223651210449,189.133033317556,2.07919829220611,2.06846753075548,110
3,2012,189.004605795657,190.942577037997,2.0843418554617,2.07794882273314,110
4,2012,189.124376698761,190.743761946491,2.05341617528566,2.04377770910729,110
1,2013,192.526285978208,194.485013884784,2.04242595066578,2.03192370183516,110
2,2013,194.634945865181,196.462602195926,2.05089585453015,2.03921419231183,110
3,2013,197.022963233417,198.714021776619,2.07029093589985,2.05866615547649,110
4,2013,198.849351569458,200.500579172122,2.08061485489305,2.07170673667421,110
1,2014,201.153747531052,203.062747567838,2.0445864645777,2.03339902924136,110
2,2014,202.452441535724,204.279430271449,2.03447950742078,2.0235558510079,110
3,2014,203.733424782943,205.402684195272,2.02850175236151,2.01756963113346,110
4,2014,204.694916456561,206.200332782823,2.01975740195713,2.0090001503198,110
1,2015,209.38217814591,211.290838391368,2.03789590895574,2.02727605872694,110
2,2015,212.082602639234,213.914089427087,2.05846471795649,2.04771759278126,110
3,2015,213.185917846495,214.865651550664,2.04862275423934,2.03804901408619,110
4,2015,213.056755305678,214.565956579954,2.01714031036085,2.00693821259168,110
1,2016,216.150547354783,218.035617543073,2.00172479695993,1.99159952361334,110
2,2016,218.004407225123,219.815934504023,2.00426182466732,1.99434924679903,110
3,2016,218.573275151449,220.259361839624,1.98495667113972,1.97585733373405,110
4,2016,220.763437296757,222.259956749582,2.00170573879095,1.99188021970494,110
1,2017,223.97504886951,225.858042202912,1.98945221726023,1.97985715189446,110
2,2017,225.643465334918,227.44185591713,1.98841144180145,1.97885570653307,110
3,2017,226.314834631395,228.0116155368,1.97208525226651,1.9637099833489,110
4,2017,227.304506922427,228.783234915977,1.96560985105755,1.95633208292164,110
1,2018,230.142520794193,232.001876770979,1.94748980340304,1.9384054052812,110
2,2018,231.294067831804,233.066033010801,1.93751499822112,1.92853906335467,110
3,2018,232.256294300116,233.886513599674,1.92784022298385,1.91918072310667,110
4,2018,234.238210419173,235.705898871246,1.93971973979454,1.93093544120307,110
1,2019,237.638487175679,239.509155042526,1.93257012084654,1.92420876669027,110
2,2019,238.814653408475,240.58497589161,1.9235873848221,1.91508875115428,110
3,2019,240.665428519161,242.285742414883,1.92969634835349,1.92115004423286,110
4,2019,245.967537550934,247.470121098969,1.99902992642178,1.99037737634276,110
1,2020,253.753241168052,255.673747505367,2.06949191682501,2.06051555769809,110
2,2020,261.85909000055,283.195696129874,2.18686138119245,2.57474007716987,110
3,2020,276.26481984503,298.605932835067,2.44160734902916,2.89632856577565,110
4,2020,382.752540996899,389.796243338822,5.98674906125949,6.19040789716678,110
1,2021,454.084310583582,458.851822928742,10.5093987473438,10.5733669866579,110
2,2021,465.237447065583,468.799658139324,11.218161462596,11.1745485209218,110
3,2021,468.558185686366,471.972063559396,11.2239354956538,11.1805384988136,110
4,2021,472.750643909149,476.435591352832,11.3281671339149,11.3238209627022,110
1,2022,476.529334284961,480.137174888723,11.1629362808229,11.117844557662,110
2,2022,480.113145111476,483.63690946068,11.175354341363,11.1302041979766,110
3,2022,484.508298289616,487.900033925592,11.2785732924845,11.2339364928966,110
4,2022,485.390473428795,488.613521878813,11.0821008541894,11.0393758846399,110
1,2023,487.650183471226,491.261713266958,10.7965207730652,10.7574187048877,110
2,2023,490.691489652514,494.179459877814,10.7649110992431,10.7229113733547,110
3,2023,491.259335031505,494.577842097851,10.5443437867981,10.5034229139095,110
4,2023,492.833445125943,495.983098503597,10.4275052278696,10.387538673358,110
1,2024,497.02279721449,500.548464875885,10.3238272119719,10.2843501123692,110
2,2024,500.285829837522,503.729635890772,10.3154866164632,10.2763392594673,110
3,2024,498.502632704754,501.761369391945,9.93519470526874,9.89777552497291,110
4,2024,500.188863649099,503.278291775493,9.84108985042614,9.80432315909776,110
3,2011,180.23534141444,182.271336055846,2.08028660549726,2.07614881780491,6
4,2011,181.603238058624,183.148516619791,2.07976146571387,2.06733557025429,6
1,2012,185.248195499225,187.3435674662,2.07390530705962,2.06574638528373,6
2,2012,187.317295769826,189.177927116451,2.08154532980355,2.06957328202129,6
3,2012,189.004605795657,190.942577037997,2.0843418554617,2.07794882273314,6
4,2012,189.171613778809,190.735425925283,2.05455693320093,2.04358144788062,6
1,2013,192.52992164391,194.480886152328,2.0425122913596,2.03182731273515,6
2,2013,194.702969828805,196.537362628994,2.0524999690955,2.04094708143066,6
3,2013,197.144946756037,198.844015474167,2.07316230770876,2.06167512403736,6
4,2013,198.99823839575,200.894182360731,2.0840965359223,2.08077248786081,6
1,2014,201.174032077914,203.081315355337,2.04504732339359,2.03381398157209,6
2,2014,202.452922997164,204.294399244956,2.03449027344094,2.02388507663929,6
3,2014,203.733424782943,205.403569464565,2.02850175236151,2.01758887880179,6
4,2014,204.621396541261,206.14091590801,2.01816235186835,2.00773172158685,6
1,2015,209.419290428103,211.322372656557,2.03870063643667,2.02794908129786,6
2,2015,212.10058083716,213.93563117249,2.05885428737779,2.04817708548822,6
3,2015,213.203219239394,214.922494936849,2.04899193921216,2.03924319775693,6
4,2015,213.090061726313,214.662491152351,2.0178326092637,2.00891269674599,6
1,2016,216.150547354783,218.035171033664,2.00172479695993,1.99159054247463,6
2,2016,218.004407225123,219.815934504023,2.00426182466732,1.99434924679903,6
3,2016,218.701971828709,220.502936454656,1.98751252004448,1.98062618942642,6
4,2016,220.773737242283,222.345136583845,2.00190975849335,1.99354154286067,6
1,2017,223.984453355868,225.864104612054,1.98963565070287,1.9799736868076,6
2,2017,225.643465334918,227.444904785231,1.98841144180145,1.97891370396219,6
3,2017,226.314834631395,228.0116155368,1.97208525226651,1.9637099833489,6
4,2017,227.304506922427,228.783234915977,1.96560985105755,1.95633208292164,6
1,2018,230.128067611891,232.004493393963,1.9472242835828,1.93845280273369,6
2,2018,231.284489847622,233.071904345807,1.93734158624677,1.92864388987177,6
3,2018,232.256294300116,233.876400335284,1.92784022298385,1.91900279097003,6
4,2018,234.238210419173,235.720708790678,1.93971973979454,1.93119524259049,6
1,2019,237.628863201499,239.512469941979,1.93240105236643,1.92426621188955,6
2,2019,238.84775478821,240.655675444024,1.92416108121337,1.91629784726811,6
3,2019,240.660792704995,242.288998643593,1.92961648539929,1.92120540990412,6
4,2019,245.977700700742,247.525511437373,1.99920960631429,1.99134279408198,6
1,2020,253.748012689948,255.668241319502,2.06939700727216,2.06041690594011,6
2,2020,258.646052982764,267.101814705273,2.12660921463315,2.24120644966573,6
3,2020,276.100957390892,294.095971572009,2.43816198170154,2.78681355506376,6
4,2020,382.752540996899,390.452731060377,5.98674906125949,6.22494042220611,6
1,2021,454.580934047815,459.725290244864,10.5537224537162,10.6512612711311,6
2,2021,465.252931717849,468.795291442048,11.2196212896109,11.1741419048428,6
3,2021,468.554838752594,471.969462932717,11.2236224514764,11.1802981983873,6
4,2021,472.836636116858,476.557741194551,11.3362205273802,11.3351638444973,6
1,2022,476.583364040547,480.196132307442,11.1678809938373,11.1231748601248,6
2,2022,480.111111074752,483.635222582388,11.1751695423507,11.1300527891173,6
3,2022,484.505920183524,487.891330252504,11.2783569919399,11.2331543160905,6
4,2022,485.368452283568,488.582444365524,11.0801487644689,11.0366535628523,6
1,2023,487.639301543126,491.213241949833,10.7955883846843,10.7533137937576,6
2,2023,490.69243879392,494.178899185338,10.7649915511223,10.7228643969724,6
3,2023,491.263542181802,494.58956247611,10.544690365281,10.5043772339333,6
4,2023,492.83336552222,495.980595800777,10.4274987933763,10.3873387067983,6
1,2024,497.018037242582,500.545899010142,10.3234492163603,10.2841486778081,6
2,2024,500.281545508375,503.727477211047,10.3151492605154,10.2761712061882,6
3,2024,498.502539019707,501.76241340496,9.93518765032238,9.89785322205671,6
4,2024,500.185512685669,503.278378829894,9.84084191361061,9.80432952814534,6
3,2011,180.016093159923,181.842787013226,2.07459397925696,2.06519762589915,111
4,2011,181.600099034918,183.365142895323,2.07968092122208,2.07279679464163,111
3,2012,189.004605795657,190.705456978909,2.0843418554617,2.07216212642992,111
4,2012,189.124376698761,190.647605151479,2.05341617528566,2.04149572742959,111
3,2013,197.144946756037,199.023703465323,2.07316230770876,2.06583904520706,111
4,2013,198.849351569458,200.408639041479,2.08061485489305,2.0695997342257,111
3,2014,203.733424782943,205.421559087337,2.02850175236151,2.01797886105353,111
4,2014,204.694916456561,206.221355961244,2.01975740195713,2.00944739091156,111
3,2015,213.181871855549,214.863005255741,2.04853643002042,2.03799343192691,111
4,2015,213.086305885691,214.615421600472,2.01775452718091,2.0079497417618,111
1,2017,223.979022771539,225.859300143468,1.98952972799903,1.97988133450017,111
2,2017,225.652883936803,227.455023336233,1.98859326956426,1.97910623126709,111
3,2017,226.448528510757,228.24818878408,1.97462167120851,1.9681376057327,111
4,2017,227.269682611702,228.756974674944,1.96495847479703,1.95584784792067,111
1,2018,230.142520794193,232.005147412375,1.94748980340304,1.9384646519235,111
2,2018,231.294067831804,233.073884804851,1.93751499822112,1.9286792418747,111
3,2018,232.238756621551,233.870909218607,1.92752724139667,1.91890618462088,111
4,2018,234.238210419173,235.720708790678,1.93971973979454,1.93119524259049,111
1,2019,237.628863201499,239.494994985959,1.93240105236643,1.92396333043832,111
2,2019,238.795201650087,240.564458062554,1.92325034536411,1.91473797376709,111
3,2019,240.660792704995,242.283774958345,1.92961648539929,1.92111662322661,111
4,2019,245.968042967469,247.46949949101,1.99903886389873,1.99036653288717,111
4,2020,378.948261492433,393.851159710347,5.79521520522371,6.40677836057618,111
1,2021,455.014609644842,460.410688228959,10.5925809080514,10.7127854408436,111
2,2021,465.240038578476,468.813689464934,11.2184057635309,11.1758551872981,111
3,2011,180.016093159923,181.798941247942,2.07459397925696,2.0640806851737,112
4,2011,181.665479313379,183.22336345818,2.08135922207043,2.06922332448788,112
1,2012,185.21233887229,187.157206492032,2.07299866601407,2.0611137027573,112
2,2012,187.498272638493,189.353975432143,2.08608872874215,2.0739147217132,112
3,2012,189.074433065825,190.77422597725,2.08607424336171,2.07383898345998,112
4,2012,189.21792254755,190.74454962221,2.05567589552231,2.04379606844499,112
1,2013,192.577293280687,194.492725722388,2.04363765432696,2.03210386983559,112
2,2013,194.702969828805,196.53545553379,2.0524999690955,2.04090314125687,112
3,2013,197.211394854893,198.997910834049,2.07472810992161,2.06524328342708,112
4,2013,198.99823839575,201.491076116047,2.0840965359223,2.09459917554012,112
1,2014,201.23786496475,203.144374517965,2.04649825715268,2.03522377390172,112
2,2014,202.476407195775,204.296456409035,2.03501535792619,2.02393036204972,112
3,2014,203.950813179539,205.685048708127,2.03329992488199,2.02370260560344,112
4,2014,204.830894272183,206.35646577293,2.02271085565354,2.0123351680984,112
1,2015,209.43345096081,211.340110622775,2.03900776444051,2.0283277384455,112
2,2015,212.10058083716,213.937046963199,2.05885428737779,2.04820733839026,112
3,2015,213.203219239394,214.885010855004,2.04899193921216,2.03845581326878,112
4,2015,213.056755305678,214.655910349901,2.01714031036085,2.00877918634772,112
1,2016,216.225057997099,218.126816998572,2.0032472720417,1.99343494532315,112
2,2016,218.044374131491,219.862023297637,2.0050710757125,1.99526853061008,112
3,2016,218.573275151449,220.247147130647,1.98495667113972,1.97561854074731,112
4,2016,220.773737242283,222.345136583845,2.00190975849335,1.99354154286067,112
1,2017,223.991936029547,225.876546963876,1.98978161144996,1.98021286694052,112
2,2017,225.638480241215,227.436513734291,1.98831520923316,1.9787540679639,112
3,2017,226.21870616212,227.859498161633,1.97026353979215,1.96086823918186,112
4,2017,227.269682611702,228.747998280064,1.96495847479703,1.95568240188288,112
1,2018,230.129812111061,232.003706530878,1.94725633405245,1.93843854507688,112
2,2018,231.321377221449,233.135381348685,1.93800954792719,1.92977760906315,112
3,2018,232.47570581877,234.206130144166,1.93176019471603,1.92481435240089,112
4,2018,234.238210419173,235.704560436174,1.93971973979454,1.93091185331523,112
1,2019,237.647505366922,239.596087673612,1.93272856060334,1.92571620909597,112
2,2019,238.84775478821,240.702071692323,1.92416108121337,1.91709170278286,112
3,2019,240.660792704995,242.306860095572,1.92961648539929,1.92150903841764,112
4,2019,245.977700700742,247.525511437373,1.99920960631429,1.99134279408198,112
1,2020,253.75944120614,255.677952443432,2.06960446828164,2.06059090239473,112
2,2020,260.044397843629,271.427536249819,2.15262473876144,2.32635481489767,112
3,2020,276.100957390892,296.701523267901,2.43816198170154,2.84956652107513,112
4,2020,377.409271013189,383.146954377873,5.71948376596622,5.85122695296385,112
1,2021,454.688668930465,459.682425790532,10.563362455192,10.6474253789996,112
2,2021,465.248077099234,468.808184071901,11.2191635959147,11.1753424837622,112
3,2021,468.566204122113,471.966999337163,11.2246855019553,11.1800705849539,112
4,2021,472.945004940962,476.830096386518,11.3463777131785,11.3604956125625,112
1,2022,476.566689937759,480.176618955197,11.1663547716026,11.121410387481,112
2,2022,480.110700543072,483.639090788575,11.1751322444112,11.1303999879964,112
3,2022,484.522218714281,487.914460848352,11.2798395090482,11.2352331225755,112
4,2022,485.418088322686,488.641925174215,11.0845492899401,11.0418645857359,112
1,2023,487.649069859533,491.242960277647,10.7964253484923,10.7558303752053,112
2,2023,490.690419138891,494.177252394942,10.7648203620111,10.7227264452316,112
3,2023,491.251145710428,494.569254076393,10.5436691980087,10.5027236916991,112
4,2023,492.83429275079,495.984939981068,10.4275737372359,10.3876858031999,112
2,2024,500.285829837522,503.72969181387,10.3154866164632,10.2763436129549,112
3,2024,498.502804690075,501.761663775262,9.93520765171116,9.89779743400702,112
4,2011,181.600099034918,183.164630071581,2.07968092122208,2.06774048434637,113
1,2013,192.531224186998,194.464689776016,2.0425432317768,2.03144907115073,113
3,2013,197.05068943623,198.75334854446,2.07094323863789,2.05957610080622,113
4,2013,199.469724830623,201.790459039166,2.09516038878575,2.10156774831067,113
1,2014,201.153747531052,203.07834158694,2.0445864645777,2.03374747484209,113
3,2014,203.705602942307,205.381064148698,2.02788848431649,2.01710070637694,113
2,2018,231.30515370417,233.161930307003,1.93771574209677,1.93025198408797,113
3,2014,203.712751929253,205.387412432648,2.02804605077412,2.01723843657934,114
4,2014,204.694916456561,206.200921795709,2.01975740195713,2.00901231206486,114
1,2015,209.388524180394,211.304153489803,2.03803349291274,2.02756021539039,114
2,2015,212.158530341741,214.025015830216,2.06011049343953,2.0500847818052,114
3,2015,213.233761710863,214.934478280483,2.04964384935652,2.03949512508428,114
4,2015,213.086305885691,214.590691151638,2.01775452718091,2.00744454975889,114
1,2016,216.167287445775,218.06441834077,2.00206674726503,1.99217895376774,114
3,2016,218.530009348923,220.177799217246,1.98409816985057,1.97426318501488,114
1,2017,223.979022771539,225.872633411007,1.98952972799903,1.98013762881943,114
2,2017,225.652883936803,227.451713784867,1.98859326956426,1.97904326887875,114
3,2017,226.269343321201,227.912914196465,1.97122294514705,1.96186580250252,114
4,2017,227.304506922427,228.786980890847,1.96560985105755,1.95640162479381,114
3,2018,232.256294300116,233.895285577819,1.92784022298385,1.91933508900841,114
4,2018,234.289312290312,235.807742752087,1.9406287226517,1.93272067237656,114
1,2019,237.585968511863,239.459938596048,1.93164767097406,1.92335580875291,114
2,2019,238.807986003177,240.611837162178,1.92347185024883,1.91554801501256,114
3,2019,240.70126529546,242.326748738116,1.93031379969943,1.9218471287657,114
4,2019,245.977700700742,247.545287065918,1.99920960631429,1.99168775467485,114
1,2020,253.749177297789,255.805320601458,2.06941814921377,2.0628742067484,114
2,2020,265.898328635094,292.601671880215,2.26503509521911,2.79220984411972,114
3,2020,278.205700351245,290.210843269768,2.48280062865139,2.69581712329217,114
4,2020,383.505743152498,390.648857762856,6.0254146144032,6.23530310472196,114
1,2021,454.833027275681,460.325323812466,10.5762932777854,10.7051034110861,114
3,2021,468.551933443336,472.006083160351,11.2233507198914,11.1836823099881,114
4,2021,473.061119118082,477.18434026771,11.3572709460386,11.3935285849147,114
1,2022,476.543392572323,480.148222372681,11.1642226601184,11.1188431603375,114
2,2022,480.109112962825,483.635397018132,11.174988006764,11.130068442544,114
3,2022,484.512101414362,487.907492334203,11.2789192140708,11.2346068026198,114
4,2022,485.368452283568,488.584946905484,11.0801487644689,11.0368727463762,114
1,2023,487.638708162679,491.216596740637,10.7955375447443,10.7535978552678,114
2,2023,490.694541709279,494.18195176906,10.7651698023653,10.7231201235374,114
3,2023,491.256343122653,494.582658156655,10.5440973269041,10.5038150402053,114
4,2023,492.83429275079,495.982168917333,10.4275737372359,10.3874643967382,114
1,2024,497.018600857656,500.545718693992,10.3234939682777,10.2841345203501,114
2,2024,500.281545508375,503.727477211047,10.3151492605154,10.2761712061882,114
4,2024,500.185512685669,503.275464051651,9.84084191361061,9.8041162723425,114
3,2014,203.733424782943,205.403569464565,2.02850175236151,2.01758887880179,115
4,2014,204.830894272183,206.35646577293,2.02271085565354,2.0123351680984,115
1,2015,209.407081479547,211.30974289322,2.03843586672836,2.02767950508944,115
2,2015,212.11577034098,213.951499152795,2.05918348095313,2.04851563400767,115
3,2015,213.233761710863,214.934478280483,2.04964384935652,2.03949512508428,115
4,2015,213.090061726313,214.769540979817,2.0178326092637,2.01110501625779,115
1,2016,216.178696002688,218.073969083875,2.00229981650545,1.99237114541656,115
2,2016,218.007855740988,219.815057279147,2.00433162846769,1.99433176151641,115
4,2016,220.773737242283,222.307975596863,2.00190975849335,1.99281647189579,115
1,2017,223.97504886951,225.853813104335,1.98945221726023,1.97977587153392,115
2,2017,225.666733615069,227.46424934914,1.98886066712572,1.97928182369626,115
4,2017,227.572095944941,229.158003865613,1.9706222233115,1.96325002586458,115
1,2018,230.162599049612,232.023005332678,1.94785871880431,1.93878819479888,115
2,2018,231.284489847622,233.071904345807,1.93734158624677,1.92864388987177,115
3,2018,232.256294300116,233.876400335284,1.92784022298385,1.91900279097003,115
4,2018,234.289312290312,235.790601966323,1.9406287226517,1.93242016705787,115
1,2019,237.647505366922,239.527832171101,1.93272856060334,1.92453253853885,115
2,2019,238.795201650087,240.559234185622,1.92325034536411,1.91464869283131,115
3,2019,240.660792704995,242.283774958345,1.92961648539929,1.92111662322661,115
4,2019,245.977700700742,247.485164063335,1.99920960631429,1.99063931230643,115
1,2020,253.748012689948,255.68141782333,2.06939700727216,2.06065298098836,115
2,2020,260.233797904226,272.211395610516,2.15617283092528,2.34212727353983,115
3,2020,275.820820313825,301.69035690538,2.43228072812574,2.97368253016228,115
4,2020,381.238397785849,387.569223105372,5.90976971517319,6.07467592697141,115
1,2021,454.473659968459,459.802771169664,10.544132426625,10.6581984879088,115
2,2021,465.24183933199,468.837454292795,11.2185755276872,11.1780686397292,115
3,2021,468.575988042465,471.981015665824,11.2256007136133,11.181365709699,115
4,2021,473.00209660071,477.063889140593,11.3517324447811,11.3822858106973,115
1,2022,476.565127708524,480.172792477939,11.1662117859137,11.1210644145404,115
2,2022,480.109112962825,483.633325657477,11.174988006764,11.1298825227486,115
3,2022,484.518409043493,487.911278810935,11.2794929656054,11.234947118739,115
4,2022,485.418088322686,488.677318704259,11.0845492899401,11.0449664013709,115
1,2023,487.641500033757,491.217479990675,10.7957767445012,10.753672641507,115
2,2023,490.691614273957,494.178011690958,10.7649216605467,10.7227900502442,115
3,2023,491.25987308678,494.582985786301,10.5443881122504,10.5038417195136,115
4,2023,492.83429275079,495.984072441458,10.4275737372359,10.3876164846204,115
1,2024,497.019959614705,500.545581187512,10.3236018695091,10.2841237307419,115
2,2024,500.284516156288,503.728545019697,10.3153831761413,10.2762543342003,115
3,2024,498.503251885225,501.763298634285,9.93524131227411,9.8979190962492,115
4,2024,500.18693919581,503.283101137419,9.84094746242467,9.80467501854754,115
2,2015,212.10058083716,213.932930204933,2.05885428737779,2.04811949867828,116
3,2015,213.203219239394,214.883783562577,2.04899193921216,2.03842992829117,116
4,2015,213.056755305678,214.583492107276,2.01714031036085,2.00729694674722,116
1,2017,224.013053785464,225.919768646416,1.9901936050214,1.98104393086414,116
2,2017,225.64181458285,227.45408504504,1.98837957342631,1.97908836814642,116
3,2017,226.221259238849,227.873871752126,1.97031190094011,1.96113666705109,116
1,2018,230.129812111061,232.003706530878,1.94725633405245,1.93843854507688,116
2,2018,231.286707603109,233.075325573522,1.93738173506725,1.92870497015578,116
3,2018,232.256294300116,233.876400335284,1.92784022298385,1.91900279097003,116
4,2018,234.289312290312,235.766399393055,1.9406287226517,1.93199611680258,116
1,2019,237.628863201499,239.488597493786,1.93240105236643,1.92385246036784,116
2,2019,238.807986003177,240.572158216368,1.92347185024883,1.91486964380026,116
3,2019,240.725045770031,242.426164423793,1.93072364107755,1.92353783100163,116
4,2019,245.977700700742,247.525511437373,1.99920960631429,1.99134279408198,116
1,2020,253.751906476046,255.67233379563,2.06946768653129,2.06049023570552,116
4,2020,378.948261492433,384.836100331797,5.79521520522371,5.93559051864311,116
1,2021,454.509366617008,459.702109542042,10.5473235428205,10.649186647395,116
3,2021,468.57087544704,471.969457675141,11.2251224636141,11.1802977241586,116
1,2022,476.579899255507,480.192950860235,11.1675638311343,11.1228871564821,116
2,2022,480.108727729566,483.63508941045,11.1749530113894,11.1300408361593,116
4,2022,485.438790682028,488.685436115468,11.0863851895549,11.0456779892438,116
1,2023,487.644325994863,491.230337752379,10.7960188781695,10.7547614163594,116
2,2023,490.690419138891,494.177514385761,10.7648203620111,10.7227483923977,116
3,2017,226.238142941825,227.888420126341,1.97063174307087,1.96140843637655,118
4,2017,227.304506922427,228.79377540201,1.96560985105755,1.95652712839126,118
2,2018,231.30877972378,233.082279426344,1.93778140548302,1.92882919634391,118
4,2018,234.289312290312,235.828239234229,1.9406287226517,1.9330801188394,118
1,2020,253.74689136584,255.66904243604,2.06937665490415,2.06043126491208,118
3,2020,275.867272411224,303.832818581861,2.4332548268183,3.02863287513749,118
1,2021,455.234154768729,461.079715617118,10.6123072289859,10.7731827602542,118
3,2021,468.554838752594,471.986882375775,11.2236224514764,11.1819078226744,118
4,2021,472.945004940962,476.84140056823,11.3463777131785,11.3615482287602,118
1,2022,476.562620849657,480.171686301786,11.1659823465068,11.1209644027613,118
3,2022,484.509603589511,487.900444429799,11.2786920195906,11.2339733836073,118
4,2022,485.356069459587,488.563601202604,11.0790512306969,11.0350033102657,118
2,2023,490.691925926248,494.178351716605,10.7649480770215,10.7228185382378,118
3,2023,491.249297781673,494.567756241619,10.543516981943,10.5026017495715,118
4,2023,492.833874263167,495.983466210772,10.4275399138145,10.38756805137,118
1,2024,497.02018653994,500.546024123757,10.3236198901145,10.2841585016893,118
2,2024,500.283686875432,503.727498926302,10.3153178743769,10.2761728928791,118
3,2024,498.503251885225,501.761981924541,9.93524131227411,9.89782110889331,118
4,2024,500.185512685669,503.275996551878,9.84084191361061,9.8041552327812,118
3,2017,226.314834631395,227.996604687052,1.97208525226651,1.96342943226622,119
1,2020,253.74689136584,255.666438702575,2.06937665490415,2.06038461314456,119
2,2020,259.495351193262,270.59363638787,2.14237225424242,2.30969207409839,119
3,2020,283.491451648349,285.585747302456,2.59854254169013,2.59133533188844,119
2,2021,465.236854902111,468.81115912951,11.2181056355026,11.1756195369061,119
1,2022,476.566689937759,480.174006684569,11.1663547716026,11.1211742001513,119
2,2022,480.109638600672,483.633516136641,11.1750357637838,11.129899622739,119
3,2022,484.541827783952,487.974388543762,11.2816234092839,11.2406207507271,119
4,2022,485.438790682028,488.691273172216,11.0863851895549,11.0461896568084,119
1,2023,487.64540740572,491.236343221318,10.7961115380952,10.7552699848398,119
3,2023,491.24872308379,494.599418029671,10.5434696400595,10.5051797793216,119
4,2023,492.926399800325,496.292656562127,10.4350215859625,10.4123015149784,119
1,2024,497.017549880201,500.543765615162,10.3234105108983,10.2839811955472,119
2,2024,500.280886367009,503.72594676709,10.3150973589946,10.2760520623743,119
3,2024,498.503064208839,501.762798131277,9.93522718298058,9.89788184929687,119
1,2019,237.628863201499,239.583416676041,1.93240105236643,1.92549640859454,127
2,2019,238.825505210247,240.676932052038,1.92377544247903,1.91666149580902,127
3,2019,240.70126529546,242.322839793369,1.93031379969943,1.92178071227275,127
4,2019,245.977700700742,247.508897308365,1.99920960631429,1.99105305735957,127
1,2020,253.75336071685,255.671612910227,2.06949408894346,2.06047731803636,127
3,2020,275.818328651577,302.163043398034,2.43222849135776,2.98572115551383,127
4,2020,376.636217853743,381.601049138799,5.68181719456302,5.77508053627888,127
1,2021,454.833027275681,460.188846387465,10.5762932777854,10.6928331900675,127
2,2021,465.236854902111,468.815781222143,11.2181056355026,11.176049993762,127
3,2021,468.551933443336,471.993549452371,11.2233507198914,11.1825239460748,127
4,2021,473.184933758876,477.409354586179,11.3688981240049,11.4145609486357,127
1,2022,476.557465555972,480.169795312964,11.1655105346053,11.1207934308809,127
2,2022,480.111111074752,483.635327817656,11.1751695423507,11.1300622334188,127
3,2022,484.536270156687,487.94572746607,11.2811177872802,11.2380437363073,127
4,2022,485.418088322686,488.638517434096,11.0845492899401,11.0415659911284,127
1,2023,487.653359557678,491.248795823784,10.7967929211501,10.7563246048136,127
2,2023,490.689844585169,494.18334862556,10.7647716618616,10.7232371439102,127
3,2023,491.247103695686,494.570825239815,10.5433362553175,10.5028516113783,127
4,2023,492.85119804564,496.048438310059,10.4289403150832,10.3927605636213,127
1,2024,497.021617800967,500.547527260831,10.3237335523932,10.2842765019504,127
2,2024,500.287312820326,503.732503609769,10.3156033947332,10.2765625113247,127
3,2024,498.502389953393,501.761195879468,9.93517643605666,9.89776261396708,127
4,2024,500.18672955577,503.275954839524,9.84093194934006,9.80415218118659,127
1,2019,237.628863201499,239.494994985959,1.93240105236643,1.92396333043832,128
2,2019,238.807986003177,240.572268841242,1.92347185024883,1.91487152866372,128
3,2019,240.70126529546,242.353293807285,1.93031379969943,1.92229836120076,128
4,2019,245.977700700742,247.568220911091,1.99920960631429,1.99208789456586,128
1,2020,253.75336071685,255.672159356463,2.06949408894346,2.06048711002863,128
2,2020,263.432080339308,283.805242097645,2.21697832140173,2.5883046315749,128
3,2020,277.198625972504,316.693588854332,2.46134087873377,3.38051080018208,128
4,2020,378.948261492433,384.599786297562,5.79521520522371,5.92371871170925,128
1,2021,454.688668930465,459.920402925064,10.563362455192,10.6687393274241,128
2,2021,465.243779345876,468.798973668876,11.2187584212904,11.1744847818039,128
3,2021,468.5458678556,471.9936974899,11.2227834351077,11.1825376108976,128
4,2021,473.384989127737,477.740980605786,11.3877100837441,11.4456292857235,128
1,2022,476.573164610714,480.184998585861,11.1669473882864,11.1221680705271,128
2,2022,480.109638600672,483.636398274066,11.1750357637838,11.1301583130961,128
3,2022,484.526465518183,487.953746422299,11.2802258286506,11.2387646904429,128
4,2022,485.399463264606,488.633948791562,11.0828978646577,11.0411655862497,128
1,2023,487.643314293697,491.22975077008,10.7959321975692,10.7547117053927,128
2,2023,490.69004853234,494.180736694664,10.764788945038,10.7230183313327,128
3,2023,491.253494175794,494.571684862606,10.5438626471958,10.502921599061,128
4,2023,492.83429275079,495.987024580511,10.4275737372359,10.3878523675514,128
1,2024,497.021617800967,500.547287528642,10.3237335523932,10.2842576835481,128
2,2024,500.285829837522,503.729814053634,10.3154866164632,10.2763531309783,128
3,2024,498.503783219133,501.764226098021,9.9352813003992,9.89798811939791,128
4,2024,500.185512685669,503.275996551878,9.84084191361061,9.8041552327812,128
4,2019,245.964221628599,247.481837721563,1.99897130258322,1.9905815971895,121
1,2020,253.747578021276,255.675343233072,2.06938911704602,2.06054415553595,121
2,2020,258.486342182006,272.247228779311,2.12365795040021,2.34285118623537,121
3,2020,277.451006273727,292.214509315339,2.46669992393301,2.74237334111194,121
4,2020,381.238397785849,388.348918815775,5.90976971517319,6.11493888810944,121
1,2021,454.438004839818,459.692978571467,10.5409468822006,10.6483695424814,121
2,2021,465.270093980922,468.813993828335,11.221239507254,11.175883542616,121
3,2021,468.608165788386,471.990919314762,11.2286112243252,11.1822808924938,121
4,2021,472.728098524969,476.451247539254,11.3260566421957,11.3252741089852,121
1,2022,476.554520835639,480.162932803985,11.1652410356831,11.1201729969383,121
2,2022,480.108703979749,483.636804930638,11.1749508517966,11.1301948133033,121
3,2022,484.505920059647,487.892691905895,11.278356984456,11.2332766811073,121
4,2022,485.370527323073,488.584598616532,11.0803326977702,11.0368422506192,121
1,2023,487.638766751385,491.210434933966,10.7955425607414,10.753076121273,121
2,2023,490.694925344749,494.183187454825,10.7652023230315,10.7232236399799,121
3,2023,491.254437165002,494.574460298228,10.5439403227072,10.5031475607423,121
4,2023,492.83392481136,495.982481577351,10.4275440033423,10.3874893740931,121
1,2024,497.018500215858,500.544149404756,10.3234859779407,10.2840113280545,121
2,2024,500.282132708266,503.725904253324,10.3151954975834,10.2760487488719,121
3,2024,498.502468050627,501.761636861852,9.93518231414835,9.89779543106386,121
4,2024,500.185757252984,503.274878079455,9.84086000541652,9.80407340413549,121
1,2020,253.763925382043,255.722575729356,2.06968587291808,2.06139055916006,117
2,2020,271.472693177344,312.119154127531,2.37752953414145,3.30384948866634,117
3,2020,281.997831265756,338.772139823645,2.56530025090654,4.08259496066216,117
4,2020,382.752540996899,390.174376824694,5.98674906125949,6.21027602869883,117
1,2021,454.473659968459,459.620337138286,10.544132426625,10.6418714776615,117
2,2021,465.229295468538,468.889932566331,11.2173930310641,11.18295798011,117
3,2021,468.5458678556,472.000116978546,11.2227834351077,11.1831308884635,117
4,2021,472.836636116858,476.607845512324,11.3362205273802,11.3398197646148,117
1,2022,476.59048848054,480.205521173636,11.1685331676569,11.1240239341798,117
2,2022,480.108727729566,483.633075279312,11.1749530113894,11.1298600516978,117
3,2022,484.536270156687,487.962879709423,11.2811177872802,11.2395858820096,117
4,2022,485.382917367225,488.591129001956,11.081430996656,11.0374143873208,117
1,2023,487.649069859533,491.239992548193,10.7964253484923,10.7555790402482,117
2,2023,490.690465182925,494.178656704415,10.7648242628899,10.7228440889102,117
3,2023,491.246912123723,494.568623531369,10.543320473844,10.5026723494827,117
4,2023,492.843209500573,495.998012198417,10.4282945233066,10.3887303275156,117
1,2024,497.016803920036,500.544174135977,10.3233512737883,10.2840132676606,117
2,2024,500.280886367009,503.72594676709,10.3150973589946,10.2760520623743,117
3,2024,498.502539019707,501.761441055969,9.93518765032238,9.89778086130683,117
4,2024,500.185512685669,503.275062353515,9.84084191361061,9.80408688529479,117
3,2020,276.063751375034,303.835248534969,2.43738016010318,3.02869168827278,131
4,2020,382.752540996899,391.029634227706,5.98674906125949,6.25544020398319,131
1,2022,476.557465555972,480.16472321279,11.1655105346053,11.1203348674103,135
2,2022,480.109638600672,483.633694266959,11.1750357637838,11.1299156074587,135
3,2022,484.515036586404,487.900540885459,11.2791861964029,11.2339820635838,135
4,2022,485.382917367225,488.595720481467,11.081430996656,11.0378164726034,135
1,2023,487.641500033757,491.220898880536,10.7957767445012,10.7539621325313,135
2,2023,490.691614273957,494.178011690958,10.7649216605467,10.7227900502442,135
3,2023,491.251145710428,494.569254076393,10.5436691980087,10.5027236916991,135
4,2023,492.837574196667,495.994032064827,10.4278389896212,10.3884122806571,135
1,2024,497.019240723405,500.544854585667,10.3235447791768,10.2840666820469,135
2,2024,500.283358134523,503.727279874875,10.3152919865571,10.2761558430195,135
3,2024,498.502539019707,501.761441055969,9.93518765032238,9.89778086130683,135
4,2024,500.185512685669,503.275062353515,9.84084191361061,9.80408688529479,135
1,2023,487.647779342,491.232555471692,10.7963147743877,10.7549492202707,136
2,2023,490.691002445548,494.185910962229,10.7648697986438,10.7234517986675,136
3,2023,491.247950432899,494.56890490692,10.5434059987572,10.5026952611088,136
2,2023,490.693105978316,494.179506497286,10.765048107747,10.7229152783766,137
3,2023,491.250948639611,494.569050222931,10.5436529630834,10.5027070986488,137
4,2023,492.837140120529,495.991923631588,10.4278039016373,10.3882438061603,137
1,2024,497.018271937921,500.544466282229,10.3234678446227,10.2840362024234,137
2,2024,500.282571143864,503.726490135625,10.315230013574,10.2760943610919,137
3,2024,498.502513429549,501.761424672687,9.93518573140872,9.89777963857242,137
4,2024,500.186818531419,503.276723204559,9.84093853092298,9.80420839154214,137
