origin_year,origin_quarter,horizon,prediction,weight_current,forecaster_id,target_year,target_quarter
2001,1,1,2.7,0,1,2001,2
2001,1,2,2.7,0,1,2001,3
2001,1,3,2.7,0,1,2001,4
2001,1,4,2.7,0,1,2002,1
2001,1,5,2.7,0,1,2002,2
2001,1,6,2.7,0,1,2002,3
2001,1,7,2.7,0,1,2002,4
2001,2,1,2.8,0,1,2001,3
2001,2,2,2.8,0,1,2001,4
2001,2,3,2.8,0,1,2002,1
2001,2,4,2.8,0,1,2002,2
2001,2,5,2.8,0,1,2002,3
2001,2,6,2.8,0,1,2002,4
2001,3,1,1.5,0,1,2001,4
2001,3,2,1.5,0,1,2002,1
2001,3,3,1.5,0,1,2002,2
2001,3,4,1.5,0,1,2002,3
2001,3,5,1.5,0,1,2002,4
2001,4,1,1.7,-0.0588235294117647,1,2002,1
2001,4,2,1.7,-0.0588235294117647,1,2002,2
2001,4,3,1.7,-0.0588235294117647,1,2002,3
2001,4,4,1.7,-0.0588235294117647,1,2002,4
2002,1,1,2.1,0,1,2002,2
2002,1,2,2.1,0,1,2002,3
2002,1,3,2.1,0,1,2002,4
2002,1,4,2.1,0,1,2003,1
2002,1,5,2.1,0,1,2003,2
2002,1,6,2.1,0,1,2003,3
2002,1,7,2.1,0,1,2003,4
2002,2,1,2.9,0,1,2002,3
2002,2,2,2.9,0,1,2002,4
2002,2,3,2.9,0,1,2003,1
2002,2,4,2.9,0,1,2003,2
2002,2,5,2.9,0,1,2003,3
2002,2,6,2.9,0,1,2003,4
2002,4,1,1.85882352941176,-0.0588235294117647,1,2003,1
2002,4,2,1.85882352941176,-0.0588235294117647,1,2003,2
2002,4,3,1.85882352941176,-0.0588235294117647,1,2003,3
2002,4,4,1.85882352941176,-0.0588235294117647,1,2003,4
2003,1,1,2.1,0,1,2003,2
2003,1,2,2.1,0,1,2003,3
2003,1,3,2.1,0,1,2003,4
2003,1,4,2.1,0,1,2004,1
2003,1,5,2.1,0,1,2004,2
2003,1,6,2.1,0,1,2004,3
2003,1,7,2.1,0,1,2004,4
2003,3,1,1.6,0,1,2003,4
2003,3,2,1.6,0,1,2004,1
2003,3,3,1.6,0,1,2004,2
2003,3,4,1.6,0,1,2004,3
2003,3,5,1.6,0,1,2004,4
2003,4,1,1.65882352941176,-0.0588235294117647,1,2004,1
2003,4,2,1.65882352941176,-0.0588235294117647,1,2004,2
2003,4,3,1.65882352941176,-0.0588235294117647,1,2004,3
2003,4,4,1.65882352941176,-0.0588235294117647,1,2004,4
2004,1,1,2.3,0,1,2004,2
2004,1,2,2.3,0,1,2004,3
2004,1,3,2.3,0,1,2004,4
2004,1,4,2.3,0,1,2005,1
2004,1,5,2.3,0,1,2005,2
2004,1,6,2.3,0,1,2005,3
2004,1,7,2.3,0,1,2005,4
2004,2,1,1.9,0,1,2004,3
2004,2,2,1.9,0,1,2004,4
2004,2,3,1.9,0,1,2005,1
2004,2,4,1.9,0,1,2005,2
2004,2,5,1.9,0,1,2005,3
2004,2,6,1.9,0,1,2005,4
2004,4,1,2.21764705882353,-0.0588235294117647,1,2005,1
2004,4,2,2.21764705882353,-0.0588235294117647,1,2005,2
2004,4,3,2.21764705882353,-0.0588235294117647,1,2005,3
2004,4,4,2.21764705882353,-0.0588235294117647,1,2005,4
2005,2,1,2.1,0,1,2005,3
2005,2,2,2.1,0,1,2005,4
2005,2,3,2.1,0,1,2006,1
2005,2,4,2.1,0,1,2006,2
2005,2,5,2.1,0,1,2006,3
2005,2,6,2.1,0,1,2006,4
2005,3,1,2,0,1,2005,4
2005,3,2,2,0,1,2006,1
2005,3,3,2,0,1,2006,2
2005,3,4,2,0,1,2006,3
2005,3,5,2,0,1,2006,4
2006,1,1,1.9,0,1,2006,2
2006,1,2,1.9,0,1,2006,3
2006,1,3,1.9,0,1,2006,4
2006,1,4,1.9,0,1,2007,1
2006,1,5,1.9,0,1,2007,2
2006,1,6,1.9,0,1,2007,3
2006,1,7,1.9,0,1,2007,4
2006,2,1,2.1,0,1,2006,3
2006,2,2,2.1,0,1,2006,4
2006,2,3,2.1,0,1,2007,1
2006,2,4,2.1,0,1,2007,2
2006,2,5,2.1,0,1,2007,3
2006,2,6,2.1,0,1,2007,4
2006,4,1,2.07647058823529,-0.0588235294117647,1,2007,1
2006,4,2,2.07647058823529,-0.0588235294117647,1,2007,2
2006,4,3,2.07647058823529,-0.0588235294117647,1,2007,3
2006,4,4,2.07647058823529,-0.0588235294117647,1,2007,4
2007,1,1,1.9,0,1,2007,2
2007,1,2,1.9,0,1,2007,3
2007,1,3,1.9,0,1,2007,4
2007,1,4,1.9,0,1,2008,1
2007,1,5,1.9,0,1,2008,2
2007,1,6,1.9,0,1,2008,3
2007,1,7,1.9,0,1,2008,4
2007,2,1,2.4,0,1,2007,3
2007,2,2,2.4,0,1,2007,4
2007,2,3,2.4,0,1,2008,1
2007,2,4,2.4,0,1,2008,2
2007,2,5,2.4,0,1,2008,3
2007,2,6,2.4,0,1,2008,4
2007,4,1,2.38235294117647,-0.0588235294117647,1,2008,1
2007,4,2,2.38235294117647,-0.0588235294117647,1,2008,2
2007,4,3,2.38235294117647,-0.0588235294117647,1,2008,3
2007,4,4,2.38235294117647,-0.0588235294117647,1,2008,4
2008,1,1,2.2,0,1,2008,2
2008,1,2,2.2,0,1,2008,3
2008,1,3,2.2,0,1,2008,4
2008,1,4,2.2,0,1,2009,1
2008,1,5,2.2,0,1,2009,2
2008,1,6,2.2,0,1,2009,3
2008,1,7,2.2,0,1,2009,4
2008,2,1,2.1,0,1,2008,3
2008,2,2,2.1,0,1,2008,4
2008,2,3,2.1,0,1,2009,1
2008,2,4,2.1,0,1,2009,2
2008,2,5,2.1,0,1,2009,3
2008,2,6,2.1,0,1,2009,4
2008,4,1,0.123529411764706,-0.0588235294117647,1,2009,1
2008,4,2,0.123529411764706,-0.0588235294117647,1,2009,2
2008,4,3,0.123529411764706,-0.0588235294117647,1,2009,3
2008,4,4,0.123529411764706,-0.0588235294117647,1,2009,4
2009,1,1,0.5,0,1,2009,2
2009,1,2,0.5,0,1,2009,3
2009,1,3,0.5,0,1,2009,4
2009,1,4,0.5,0,1,2010,1
2009,1,5,0.5,0,1,2010,2
2009,1,6,0.5,0,1,2010,3
2009,1,7,0.5,0,1,2010,4
2009,2,1,0.5,0,1,2009,3
2009,2,2,0.5,0,1,2009,4
2009,2,3,0.5,0,1,2010,1
2009,2,4,0.5,0,1,2010,2
2009,2,5,0.5,0,1,2010,3
2009,2,6,0.5,0,1,2010,4
2009,3,1,0,0,1,2009,4
2009,3,2,0,0,1,2010,1
2009,3,3,0,0,1,2010,2
2009,3,4,0,0,1,2010,3
2009,3,5,0,0,1,2010,4
2009,4,1,0.794117647058824,-0.0588235294117647,1,2010,1
2009,4,2,0.794117647058824,-0.0588235294117647,1,2010,2
2009,4,3,0.794117647058824,-0.0588235294117647,1,2010,3
2009,4,4,0.794117647058824,-0.0588235294117647,1,2010,4
2010,1,1,1.5,0,1,2010,2
2010,1,2,1.5,0,1,2010,3
2010,1,3,1.5,0,1,2010,4
2010,1,4,1.5,0,1,2011,1
2010,1,5,1.5,0,1,2011,2
2010,1,6,1.5,0,1,2011,3
2010,1,7,1.5,0,1,2011,4
2010,2,1,1.5,0,1,2010,3
2010,2,2,1.5,0,1,2010,4
2010,2,3,1.5,0,1,2011,1
2010,2,4,1.5,0,1,2011,2
2010,2,5,1.5,0,1,2011,3
2010,2,6,1.5,0,1,2011,4
2010,4,1,1.5,-0.0588235294117647,1,2011,1
2010,4,2,1.5,-0.0588235294117647,1,2011,2
2010,4,3,1.5,-0.0588235294117647,1,2011,3
2010,4,4,1.5,-0.0588235294117647,1,2011,4
2011,2,1,1.7,0,1,2011,3
2011,2,2,1.7,0,1,2011,4
2011,2,3,1.7,0,1,2012,1
2011,2,4,1.7,0,1,2012,2
2011,2,5,1.7,0,1,2012,3
2011,2,6,1.7,0,1,2012,4
2011,4,1,0.970588235294118,-0.0588235294117647,1,2012,1
2011,4,2,0.970588235294118,-0.0588235294117647,1,2012,2
2011,4,3,0.970588235294118,-0.0588235294117647,1,2012,3
2011,4,4,0.970588235294118,-0.0588235294117647,1,2012,4
2012,1,1,1,0,1,2012,2
2012,1,2,1,0,1,2012,3
2012,1,3,1,0,1,2012,4
2012,1,4,1,0,1,2013,1
2012,1,5,1,0,1,2013,2
2012,1,6,1,0,1,2013,3
2012,1,7,1,0,1,2013,4
2012,2,1,0.8,0,1,2012,3
2012,2,2,0.8,0,1,2012,4
2012,2,3,0.8,0,1,2013,1
2012,2,4,0.8,0,1,2013,2
2012,2,5,0.8,0,1,2013,3
2012,2,6,0.8,0,1,2013,4
2012,4,1,0.564705882352941,-0.0588235294117647,1,2013,1
2012,4,2,0.564705882352941,-0.0588235294117647,1,2013,2
2012,4,3,0.564705882352941,-0.0588235294117647,1,2013,3
2012,4,4,0.564705882352941,-0.0588235294117647,1,2013,4
2013,1,1,1.5,0,1,2013,2
2013,1,2,1.5,0,1,2013,3
2013,1,3,1.5,0,1,2013,4
2013,1,4,1.5,0,1,2014,1
2013,1,5,1.5,0,1,2014,2
2013,1,6,1.5,0,1,2014,3
2013,1,7,1.5,0,1,2014,4
2013,2,1,1,0,1,2013,3
2013,2,2,1,0,1,2013,4
2013,2,3,1,0,1,2014,1
2013,2,4,1,0,1,2014,2
2013,2,5,1,0,1,2014,3
2013,2,6,1,0,1,2014,4
2013,4,1,0.982352941176471,-0.0588235294117647,1,2014,1
2013,4,2,0.982352941176471,-0.0588235294117647,1,2014,2
2013,4,3,0.982352941176471,-0.0588235294117647,1,2014,3
2013,4,4,0.982352941176471,-0.0588235294117647,1,2014,4
2014,1,1,1.8,0,1,2014,2
2014,1,2,1.8,0,1,2014,3
2014,1,3,1.8,0,1,2014,4
2014,1,4,1.8,0,1,2015,1
2014,1,5,1.8,0,1,2015,2
2014,1,6,1.8,0,1,2015,3
2014,1,7,1.8,0,1,2015,4
2014,2,1,1.5,0,1,2014,3
2014,2,2,1.5,0,1,2014,4
2014,2,3,1.5,0,1,2015,1
2014,2,4,1.5,0,1,2015,2
2014,2,5,1.5,0,1,2015,3
2014,2,6,1.5,0,1,2015,4
2014,4,1,1.32352941176471,-0.0588235294117647,1,2015,1
2014,4,2,1.32352941176471,-0.0588235294117647,1,2015,2
2014,4,3,1.32352941176471,-0.0588235294117647,1,2015,3
2014,4,4,1.32352941176471,-0.0588235294117647,1,2015,4
2015,1,1,1.4,0,1,2015,2
2015,1,2,1.4,0,1,2015,3
2015,1,3,1.4,0,1,2015,4
2015,1,4,1.4,0,1,2016,1
2015,1,5,1.4,0,1,2016,2
2015,1,6,1.4,0,1,2016,3
2015,1,7,1.4,0,1,2016,4
2015,2,1,1.9,0,1,2015,3
2015,2,2,1.9,0,1,2015,4
2015,2,3,1.9,0,1,2016,1
2015,2,4,1.9,0,1,2016,2
2015,2,5,1.9,0,1,2016,3
2015,2,6,1.9,0,1,2016,4
2015,4,1,1.81764705882353,-0.0588235294117647,1,2016,1
2015,4,2,1.81764705882353,-0.0588235294117647,1,2016,2
2015,4,3,1.81764705882353,-0.0588235294117647,1,2016,3
2015,4,4,1.81764705882353,-0.0588235294117647,1,2016,4
2016,1,1,1.8,0,1,2016,2
2016,1,2,1.8,0,1,2016,3
2016,1,3,1.8,0,1,2016,4
2016,1,4,1.8,0,1,2017,1
2016,1,5,1.8,0,1,2017,2
2016,1,6,1.8,0,1,2017,3
2016,1,7,1.8,0,1,2017,4
2016,3,1,1.7,0,1,2016,4
2016,3,2,1.7,0,1,2017,1
2016,3,3,1.7,0,1,2017,2
2016,3,4,1.7,0,1,2017,3
2016,3,5,1.7,0,1,2017,4
2016,4,1,1.38823529411765,-0.0588235294117647,1,2017,1
2016,4,2,1.38823529411765,-0.0588235294117647,1,2017,2
2016,4,3,1.38823529411765,-0.0588235294117647,1,2017,3
2016,4,4,1.38823529411765,-0.0588235294117647,1,2017,4
2017,1,1,1.5,0,1,2017,2
2017,1,2,1.5,0,1,2017,3
2017,1,3,1.5,0,1,2017,4
2017,1,4,1.5,0,1,2018,1
2017,1,5,1.5,0,1,2018,2
2017,1,6,1.5,0,1,2018,3
2017,1,7,1.5,0,1,2018,4
2017,2,1,1.6,0,1,2017,3
2017,2,2,1.6,0,1,2017,4
2017,2,3,1.6,0,1,2018,1
2017,2,4,1.6,0,1,2018,2
2017,2,5,1.6,0,1,2018,3
2017,2,6,1.6,0,1,2018,4
2017,3,1,1.8,0,1,2017,4
2017,3,2,1.8,0,1,2018,1
2017,3,3,1.8,0,1,2018,2
2017,3,4,1.8,0,1,2018,3
2017,3,5,1.8,0,1,2018,4
2017,4,1,1.67058823529412,-0.0588235294117647,1,2018,1
2017,4,2,1.67058823529412,-0.0588235294117647,1,2018,2
2017,4,3,1.67058823529412,-0.0588235294117647,1,2018,3
2017,4,4,1.67058823529412,-0.0588235294117647,1,2018,4
2018,1,1,2,0,1,2018,2
2018,1,2,2,0,1,2018,3
2018,1,3,2,0,1,2018,4
2018,1,4,2,0,1,2019,1
2018,1,5,2,0,1,2019,2
2018,1,6,2,0,1,2019,3
2018,1,7,2,0,1,2019,4
2018,2,1,1.9,0,1,2018,3
2018,2,2,1.9,0,1,2018,4
2018,2,3,1.9,0,1,2019,1
2018,2,4,1.9,0,1,2019,2
2018,2,5,1.9,0,1,2019,3
2018,2,6,1.9,0,1,2019,4
2018,4,1,1.78235294117647,-0.0588235294117647,1,2019,1
2018,4,2,1.78235294117647,-0.0588235294117647,1,2019,2
2018,4,3,1.78235294117647,-0.0588235294117647,1,2019,3
2018,4,4,1.78235294117647,-0.0588235294117647,1,2019,4
2019,1,1,1.5,0,1,2019,2
2019,1,2,1.5,0,1,2019,3
2019,1,3,1.5,0,1,2019,4
2019,1,4,1.5,0,1,2020,1
2019,1,5,1.5,0,1,2020,2
2019,1,6,1.5,0,1,2020,3
2019,1,7,1.5,0,1,2020,4
2019,2,1,1.3,0,1,2019,3
2019,2,2,1.3,0,1,2019,4
2019,2,3,1.3,0,1,2020,1
2019,2,4,1.3,0,1,2020,2
2019,2,5,1.3,0,1,2020,3
2019,2,6,1.3,0,1,2020,4
2019,4,1,0.894117647058824,-0.0588235294117647,1,2020,1
2019,4,2,0.894117647058824,-0.0588235294117647,1,2020,2
2019,4,3,0.894117647058824,-0.0588235294117647,1,2020,3
2019,4,4,0.894117647058824,-0.0588235294117647,1,2020,4
2020,1,1,1.3,0,1,2020,2
2020,1,2,1.3,0,1,2020,3
2020,1,3,1.3,0,1,2020,4
2020,1,4,1.3,0,1,2021,1
2020,1,5,1.3,0,1,2021,2
2020,1,6,1.3,0,1,2021,3
2020,1,7,1.3,0,1,2021,4
2020,2,1,3.5,0,1,2020,3
2020,2,2,3.5,0,1,2020,4
2020,2,3,3.5,0,1,2021,1
2020,2,4,3.5,0,1,2021,2
2020,2,5,3.5,0,1,2021,3
2020,2,6,3.5,0,1,2021,4
2020,4,1,6.27058823529412,-0.0588235294117647,1,2021,1
2020,4,2,6.27058823529412,-0.0588235294117647,1,2021,2
2020,4,3,6.27058823529412,-0.0588235294117647,1,2021,3
2020,4,4,6.27058823529412,-0.0588235294117647,1,2021,4
2021,1,1,3,0,1,2021,2
2021,1,2,3,0,1,2021,3
2021,1,3,3,0,1,2021,4
2021,1,4,3,0,1,2022,1
2021,1,5,3,0,1,2022,2
2021,1,6,3,0,1,2022,3
2021,1,7,3,0,1,2022,4
2021,2,1,3.5,0,1,2021,3
2021,2,2,3.5,0,1,2021,4
2021,2,3,3.5,0,1,2022,1
2021,2,4,3.5,0,1,2022,2
2021,2,5,3.5,0,1,2022,3
2021,2,6,3.5,0,1,2022,4
2021,3,1,3.5,0,1,2021,4
2021,3,2,3.5,0,1,2022,1
2021,3,3,3.5,0,1,2022,2
2021,3,4,3.5,0,1,2022,3
2021,3,5,3.5,0,1,2022,4
2022,1,1,3,0,1,2022,2
2022,1,2,3,0,1,2022,3
2022,1,3,3,0,1,2022,4
2022,1,4,3,0,1,2023,1
2022,1,5,3,0,1,2023,2
2022,1,6,3,0,1,2023,3
2022,1,7,3,0,1,2023,4
2022,2,1,1.8,0,1,2022,3
2022,2,2,1.8,0,1,2022,4
2022,2,3,1.8,0,1,2023,1
2022,2,4,1.8,0,1,2023,2
2022,2,5,1.8,0,1,2023,3
2022,2,6,1.8,0,1,2023,4
2022,4,1,-1.01176470588235,-0.0588235294117647,1,2023,1
2022,4,2,-1.01176470588235,-0.0588235294117647,1,2023,2
2022,4,3,-1.01176470588235,-0.0588235294117647,1,2023,3
2022,4,4,-1.01176470588235,-0.0588235294117647,1,2023,4
2023,2,1,1.7,0,1,2023,3
2023,2,2,1.7,0,1,2023,4
2023,2,3,1.7,0,1,2024,1
2023,2,4,1.7,0,1,2024,2
2023,2,5,1.7,0,1,2024,3
2023,2,6,1.7,0,1,2024,4
2023,3,1,1.7,0,1,2023,4
2023,3,2,1.7,0,1,2024,1
2023,3,3,1.7,0,1,2024,2
2023,3,4,1.7,0,1,2024,3
2023,3,5,1.7,0,1,2024,4
2023,4,1,1.34705882352941,-0.0588235294117647,1,2024,1
2023,4,2,1.34705882352941,-0.0588235294117647,1,2024,2
2023,4,3,1.34705882352941,-0.0588235294117647,1,2024,3
2023,4,4,1.34705882352941,-0.0588235294117647,1,2024,4
2024,1,1,1.5,0,1,2024,2
2024,1,2,1.5,0,1,2024,3
2024,1,3,1.5,0,1,2024,4
2024,1,4,1.5,0,1,2025,1
2024,1,5,1.5,0,1,2025,2
2024,1,6,1.5,0,1,2025,3
2024,1,7,1.5,0,1,2025,4
2024,2,1,1.7,0,1,2024,3
2024,2,2,1.7,0,1,2024,4
2024,2,3,1.7,0,1,2025,1
2024,2,4,1.7,0,1,2025,2
2024,2,5,1.7,0,1,2025,3
2024,2,6,1.7,0,1,2025,4
2024,3,1,1.7,0,1,2024,4
2024,3,2,1.7,0,1,2025,1
2024,3,3,1.7,0,1,2025,2
2024,3,4,1.7,0,1,2025,3
2024,3,5,1.7,0,1,2025,4
2024,4,1,1.75882352941176,-0.0588235294117647,1,2025,1
2024,4,2,1.75882352941176,-0.0588235294117647,1,2025,2
2024,4,3,1.75882352941176,-0.0588235294117647,1,2025,3
2024,4,4,1.75882352941176,-0.0588235294117647,1,2025,4
2001,1,1,2.3,0,2,2001,2
2001,1,2,2.3,0,2,2001,3
2001,1,3,2.3,0,2,2001,4
2001,1,4,2.3,0,2,2002,1
2001,1,5,2.3,0,2,2002,2
2001,1,6,2.3,0,2,2002,3
2001,1,7,2.3,0,2,2002,4
2001,2,1,2.3,0,2,2001,3
2001,2,2,2.3,0,2,2001,4
2001,2,3,2.3,0,2,2002,1
2001,2,4,2.3,0,2,2002,2
2001,2,5,2.3,0,2,2002,3
2001,2,6,2.3,0,2,2002,4
2001,4,1,1.30588235294118,-0.0588235294117647,2,2002,1
2001,4,2,1.30588235294118,-0.0588235294117647,2,2002,2
2001,4,3,1.30588235294118,-0.0588235294117647,2,2002,3
2001,4,4,1.30588235294118,-0.0588235294117647,2,2002,4
2002,1,1,2.3,0,2,2002,2
2002,1,2,2.3,0,2,2002,3
2002,1,3,2.3,0,2,2002,4
2002,1,4,2.3,0,2,2003,1
2002,1,5,2.3,0,2,2003,2
2002,1,6,2.3,0,2,2003,3
2002,1,7,2.3,0,2,2003,4
2002,2,1,2.6,0,2,2002,3
2002,2,2,2.6,0,2,2002,4
2002,2,3,2.6,0,2,2003,1
2002,2,4,2.6,0,2,2003,2
2002,2,5,2.6,0,2,2003,3
2002,2,6,2.6,0,2,2003,4
2002,3,1,2.5,0,2,2002,4
2002,3,2,2.5,0,2,2003,1
2002,3,3,2.5,0,2,2003,2
2002,3,4,2.5,0,2,2003,3
2002,3,5,2.5,0,2,2003,4
2002,4,1,1.33529411764706,-0.0588235294117647,2,2003,1
2002,4,2,1.33529411764706,-0.0588235294117647,2,2003,2
2002,4,3,1.33529411764706,-0.0588235294117647,2,2003,3
2002,4,4,1.33529411764706,-0.0588235294117647,2,2003,4
2003,3,1,1,0,2,2003,4
2003,3,2,1,0,2,2004,1
2003,3,3,1,0,2,2004,2
2003,3,4,1,0,2,2004,3
2003,3,5,1,0,2,2004,4
2004,1,1,2.5,0,2,2004,2
2004,1,2,2.5,0,2,2004,3
2004,1,3,2.5,0,2,2004,4
2004,1,4,2.5,0,2,2005,1
2004,1,5,2.5,0,2,2005,2
2004,1,6,2.5,0,2,2005,3
2004,1,7,2.5,0,2,2005,4
2004,2,1,2.4,0,2,2004,3
2004,2,2,2.4,0,2,2004,4
2004,2,3,2.4,0,2,2005,1
2004,2,4,2.4,0,2,2005,2
2004,2,5,2.4,0,2,2005,3
2004,2,6,2.4,0,2,2005,4
2004,4,1,2.42352941176471,-0.0588235294117647,2,2005,1
2004,4,2,2.42352941176471,-0.0588235294117647,2,2005,2
2004,4,3,2.42352941176471,-0.0588235294117647,2,2005,3
2004,4,4,2.42352941176471,-0.0588235294117647,2,2005,4
2005,2,1,2.4,0,2,2005,3
2005,2,2,2.4,0,2,2005,4
2005,2,3,2.4,0,2,2006,1
2005,2,4,2.4,0,2,2006,2
2005,2,5,2.4,0,2,2006,3
2005,2,6,2.4,0,2,2006,4
2006,1,1,2,0,2,2006,2
2006,1,2,2,0,2,2006,3
2006,1,3,2,0,2,2006,4
2006,1,4,2,0,2,2007,1
2006,1,5,2,0,2,2007,2
2006,1,6,2,0,2,2007,3
2006,1,7,2,0,2,2007,4
2006,2,1,2.5,0,2,2006,3
2006,2,2,2.5,0,2,2006,4
2006,2,3,2.5,0,2,2007,1
2006,2,4,2.5,0,2,2007,2
2006,2,5,2.5,0,2,2007,3
2006,2,6,2.5,0,2,2007,4
2006,4,1,2.6,-0.0588235294117647,2,2007,1
2006,4,2,2.6,-0.0588235294117647,2,2007,2
2006,4,3,2.6,-0.0588235294117647,2,2007,3
2006,4,4,2.6,-0.0588235294117647,2,2007,4
2007,1,1,2.5,0,2,2007,2
2007,1,2,2.5,0,2,2007,3
2007,1,3,2.5,0,2,2007,4
2007,1,4,2.5,0,2,2008,1
2007,1,5,2.5,0,2,2008,2
2007,1,6,2.5,0,2,2008,3
2007,1,7,2.5,0,2,2008,4
2007,2,1,2.8,0,2,2007,3
2007,2,2,2.8,0,2,2007,4
2007,2,3,2.8,0,2,2008,1
2007,2,4,2.8,0,2,2008,2
2007,2,5,2.8,0,2,2008,3
2007,2,6,2.8,0,2,2008,4
2007,4,1,2.6,-0.0588235294117647,2,2008,1
2007,4,2,2.6,-0.0588235294117647,2,2008,2
2007,4,3,2.6,-0.0588235294117647,2,2008,3
2007,4,4,2.6,-0.0588235294117647,2,2008,4
2008,1,1,2.5,0,2,2008,2
2008,1,2,2.5,0,2,2008,3
2008,1,3,2.5,0,2,2008,4
2008,1,4,2.5,0,2,2009,1
2008,1,5,2.5,0,2,2009,2
2008,1,6,2.5,0,2,2009,3
2008,1,7,2.5,0,2,2009,4
2008,2,1,2.4,0,2,2008,3
2008,2,2,2.4,0,2,2008,4
2008,2,3,2.4,0,2,2009,1
2008,2,4,2.4,0,2,2009,2
2008,2,5,2.4,0,2,2009,3
2008,2,6,2.4,0,2,2009,4
2008,4,1,0.247058823529412,-0.0588235294117647,2,2009,1
2008,4,2,0.247058823529412,-0.0588235294117647,2,2009,2
2008,4,3,0.247058823529412,-0.0588235294117647,2,2009,3
2008,4,4,0.247058823529412,-0.0588235294117647,2,2009,4
2009,1,1,-1,0,2,2009,2
2009,1,2,-1,0,2,2009,3
2009,1,3,-1,0,2,2009,4
2009,1,4,-1,0,2,2010,1
2009,1,5,-1,0,2,2010,2
2009,1,6,-1,0,2,2010,3
2009,1,7,-1,0,2,2010,4
2010,1,1,2,0,2,2010,2
2010,1,2,2,0,2,2010,3
2010,1,3,2,0,2,2010,4
2010,1,4,2,0,2,2011,1
2010,1,5,2,0,2,2011,2
2010,1,6,2,0,2,2011,3
2010,1,7,2,0,2,2011,4
2010,2,1,1.7,0,2,2010,3
2010,2,2,1.7,0,2,2010,4
2010,2,3,1.7,0,2,2011,1
2010,2,4,1.7,0,2,2011,2
2010,2,5,1.7,0,2,2011,3
2010,2,6,1.7,0,2,2011,4
2010,4,1,2.12352941176471,-0.0588235294117647,2,2011,1
2010,4,2,2.12352941176471,-0.0588235294117647,2,2011,2
2010,4,3,2.12352941176471,-0.0588235294117647,2,2011,3
2010,4,4,2.12352941176471,-0.0588235294117647,2,2011,4
2011,2,1,2,0,2,2011,3
2011,2,2,2,0,2,2011,4
2011,2,3,2,0,2,2012,1
2011,2,4,2,0,2,2012,2
2011,2,5,2,0,2,2012,3
2011,2,6,2,0,2,2012,4
2011,4,1,2.12352941176471,-0.0588235294117647,2,2012,1
2011,4,2,2.12352941176471,-0.0588235294117647,2,2012,2
2011,4,3,2.12352941176471,-0.0588235294117647,2,2012,3
2011,4,4,2.12352941176471,-0.0588235294117647,2,2012,4
2012,1,1,1.6,0,2,2012,2
2012,1,2,1.6,0,2,2012,3
2012,1,3,1.6,0,2,2012,4
2012,1,4,1.6,0,2,2013,1
2012,1,5,1.6,0,2,2013,2
2012,1,6,1.6,0,2,2013,3
2012,1,7,1.6,0,2,2013,4
2012,2,1,1.4,0,2,2012,3
2012,2,2,1.4,0,2,2012,4
2012,2,3,1.4,0,2,2013,1
2012,2,4,1.4,0,2,2013,2
2012,2,5,1.4,0,2,2013,3
2012,2,6,1.4,0,2,2013,4
2012,4,1,1.07647058823529,-0.0588235294117647,2,2013,1
2012,4,2,1.07647058823529,-0.0588235294117647,2,2013,2
2012,4,3,1.07647058823529,-0.0588235294117647,2,2013,3
2012,4,4,1.07647058823529,-0.0588235294117647,2,2013,4
2013,1,1,1.5,0,2,2013,2
2013,1,2,1.5,0,2,2013,3
2013,1,3,1.5,0,2,2013,4
2013,1,4,1.5,0,2,2014,1
2013,1,5,1.5,0,2,2014,2
2013,1,6,1.5,0,2,2014,3
2013,1,7,1.5,0,2,2014,4
2013,2,1,1.2,0,2,2013,3
2013,2,2,1.2,0,2,2013,4
2013,2,3,1.2,0,2,2014,1
2013,2,4,1.2,0,2,2014,2
2013,2,5,1.2,0,2,2014,3
2013,2,6,1.2,0,2,2014,4
2013,4,1,1.39411764705882,-0.0588235294117647,2,2014,1
2013,4,2,1.39411764705882,-0.0588235294117647,2,2014,2
2013,4,3,1.39411764705882,-0.0588235294117647,2,2014,3
2013,4,4,1.39411764705882,-0.0588235294117647,2,2014,4
2014,2,1,2,0,2,2014,3
2014,2,2,2,0,2,2014,4
2014,2,3,2,0,2,2015,1
2014,2,4,2,0,2,2015,2
2014,2,5,2,0,2,2015,3
2014,2,6,2,0,2,2015,4
2014,4,1,1.44705882352941,-0.0588235294117647,2,2015,1
2014,4,2,1.44705882352941,-0.0588235294117647,2,2015,2
2014,4,3,1.44705882352941,-0.0588235294117647,2,2015,3
2014,4,4,1.44705882352941,-0.0588235294117647,2,2015,4
2015,1,1,1.8,0,2,2015,2
2015,1,2,1.8,0,2,2015,3
2015,1,3,1.8,0,2,2015,4
2015,1,4,1.8,0,2,2016,1
2015,1,5,1.8,0,2,2016,2
2015,1,6,1.8,0,2,2016,3
2015,1,7,1.8,0,2,2016,4
2015,2,1,2,0,2,2015,3
2015,2,2,2,0,2,2015,4
2015,2,3,2,0,2,2016,1
2015,2,4,2,0,2,2016,2
2015,2,5,2,0,2,2016,3
2015,2,6,2,0,2,2016,4
2015,4,1,2.02352941176471,-0.0588235294117647,2,2016,1
2015,4,2,2.02352941176471,-0.0588235294117647,2,2016,2
2015,4,3,2.02352941176471,-0.0588235294117647,2,2016,3
2015,4,4,2.02352941176471,-0.0588235294117647,2,2016,4
2016,1,1,2,0,2,2016,2
2016,1,2,2,0,2,2016,3
2016,1,3,2,0,2,2016,4
2016,1,4,2,0,2,2017,1
2016,1,5,2,0,2,2017,2
2016,1,6,2,0,2,2017,3
2016,1,7,2,0,2,2017,4
2017,1,1,1.8,0,2,2017,2
2017,1,2,1.8,0,2,2017,3
2017,1,3,1.8,0,2,2017,4
2017,1,4,1.8,0,2,2018,1
2017,1,5,1.8,0,2,2018,2
2017,1,6,1.8,0,2,2018,3
2017,1,7,1.8,0,2,2018,4
2017,3,1,2.2,0,2,2017,4
2017,3,2,2.2,0,2,2018,1
2017,3,3,2.2,0,2,2018,2
2017,3,4,2.2,0,2,2018,3
2017,3,5,2.2,0,2,2018,4
2017,4,1,2.51176470588235,-0.0588235294117647,2,2018,1
2017,4,2,2.51176470588235,-0.0588235294117647,2,2018,2
2017,4,3,2.51176470588235,-0.0588235294117647,2,2018,3
2017,4,4,2.51176470588235,-0.0588235294117647,2,2018,4
2018,1,1,2.5,0,2,2018,2
2018,1,2,2.5,0,2,2018,3
2018,1,3,2.5,0,2,2018,4
2018,1,4,2.5,0,2,2019,1
2018,1,5,2.5,0,2,2019,2
2018,1,6,2.5,0,2,2019,3
2018,1,7,2.5,0,2,2019,4
2018,2,1,2.1,0,2,2018,3
2018,2,2,2.1,0,2,2018,4
2018,2,3,2.1,0,2,2019,1
2018,2,4,2.1,0,2,2019,2
2018,2,5,2.1,0,2,2019,3
2018,2,6,2.1,0,2,2019,4
2018,3,1,2.1,0,2,2018,4
2018,3,2,2.1,0,2,2019,1
2018,3,3,2.1,0,2,2019,2
2018,3,4,2.1,0,2,2019,3
2018,3,5,2.1,0,2,2019,4
2018,4,1,2.20588235294118,-0.0588235294117647,2,2019,1
2018,4,2,2.20588235294118,-0.0588235294117647,2,2019,2
2018,4,3,2.20588235294118,-0.0588235294117647,2,2019,3
2018,4,4,2.20588235294118,-0.0588235294117647,2,2019,4
2019,1,1,1.5,0,2,2019,2
2019,1,2,1.5,0,2,2019,3
2019,1,3,1.5,0,2,2019,4
2019,1,4,1.5,0,2,2020,1
2019,1,5,1.5,0,2,2020,2
2019,1,6,1.5,0,2,2020,3
2019,1,7,1.5,0,2,2020,4
2019,2,1,1.7,0,2,2019,3
2019,2,2,1.7,0,2,2019,4
2019,2,3,1.7,0,2,2020,1
2019,2,4,1.7,0,2,2020,2
2019,2,5,1.7,0,2,2020,3
2019,2,6,1.7,0,2,2020,4
2019,4,1,1.31176470588235,-0.0588235294117647,2,2020,1
2019,4,2,1.31176470588235,-0.0588235294117647,2,2020,2
2019,4,3,1.31176470588235,-0.0588235294117647,2,2020,3
2019,4,4,1.31176470588235,-0.0588235294117647,2,2020,4
2020,1,1,1.7,0,2,2020,2
2020,1,2,1.7,0,2,2020,3
2020,1,3,1.7,0,2,2020,4
2020,1,4,1.7,0,2,2021,1
2020,1,5,1.7,0,2,2021,2
2020,1,6,1.7,0,2,2021,3
2020,1,7,1.7,0,2,2021,4
2020,2,1,3,0,2,2020,3
2020,2,2,3,0,2,2020,4
2020,2,3,3,0,2,2021,1
2020,2,4,3,0,2,2021,2
2020,2,5,3,0,2,2021,3
2020,2,6,3,0,2,2021,4
2020,4,1,7.79411764705882,-0.0588235294117647,2,2021,1
2020,4,2,7.79411764705882,-0.0588235294117647,2,2021,2
2020,4,3,7.79411764705882,-0.0588235294117647,2,2021,3
2020,4,4,7.79411764705882,-0.0588235294117647,2,2021,4
2021,1,1,4.5,0,2,2021,2
2021,1,2,4.5,0,2,2021,3
2021,1,3,4.5,0,2,2021,4
2021,1,4,4.5,0,2,2022,1
2021,1,5,4.5,0,2,2022,2
2021,1,6,4.5,0,2,2022,3
2021,1,7,4.5,0,2,2022,4
2021,2,1,4.8,0,2,2021,3
2021,2,2,4.8,0,2,2021,4
2021,2,3,4.8,0,2,2022,1
2021,2,4,4.8,0,2,2022,2
2021,2,5,4.8,0,2,2022,3
2021,2,6,4.8,0,2,2022,4
2021,4,1,3.6,-0.0588235294117647,2,2022,1
2021,4,2,3.6,-0.0588235294117647,2,2022,2
2021,4,3,3.6,-0.0588235294117647,2,2022,3
2021,4,4,3.6,-0.0588235294117647,2,2022,4
2022,1,1,2.3,0,2,2022,2
2022,1,2,2.3,0,2,2022,3
2022,1,3,2.3,0,2,2022,4
2022,1,4,2.3,0,2,2023,1
2022,1,5,2.3,0,2,2023,2
2022,1,6,2.3,0,2,2023,3
2022,1,7,2.3,0,2,2023,4
2022,2,1,2.5,0,2,2022,3
2022,2,2,2.5,0,2,2022,4
2022,2,3,2.5,0,2,2023,1
2022,2,4,2.5,0,2,2023,2
2022,2,5,2.5,0,2,2023,3
2022,2,6,2.5,0,2,2023,4
2023,4,1,1.22352941176471,-0.0588235294117647,2,2024,1
2023,4,2,1.22352941176471,-0.0588235294117647,2,2024,2
2023,4,3,1.22352941176471,-0.0588235294117647,2,2024,3
2023,4,4,1.22352941176471,-0.0588235294117647,2,2024,4
2024,2,1,1.5,0,2,2024,3
2024,2,2,1.5,0,2,2024,4
2024,2,3,1.5,0,2,2025,1
2024,2,4,1.5,0,2,2025,2
2024,2,5,1.5,0,2,2025,3
2024,2,6,1.5,0,2,2025,4
2024,4,1,1.54117647058824,-0.0588235294117647,2,2025,1
2024,4,2,1.54117647058824,-0.0588235294117647,2,2025,2
2024,4,3,1.54117647058824,-0.0588235294117647,2,2025,3
2024,4,4,1.54117647058824,-0.0588235294117647,2,2025,4
2001,1,1,2.5,0,3,2001,2
2001,1,2,2.5,0,3,2001,3
2001,1,3,2.5,0,3,2001,4
2001,1,4,2.5,0,3,2002,1
2001,1,5,2.5,0,3,2002,2
2001,1,6,2.5,0,3,2002,3
2001,1,7,2.5,0,3,2002,4
2001,2,1,2.5,0,3,2001,3
2001,2,2,2.5,0,3,2001,4
2001,2,3,2.5,0,3,2002,1
2001,2,4,2.5,0,3,2002,2
2001,2,5,2.5,0,3,2002,3
2001,2,6,2.5,0,3,2002,4
2001,3,1,2,0,3,2001,4
2001,3,2,2,0,3,2002,1
2001,3,3,2,0,3,2002,2
2001,3,4,2,0,3,2002,3
2001,3,5,2,0,3,2002,4
2001,4,1,1.18235294117647,-0.0588235294117647,3,2002,1
2001,4,2,1.18235294117647,-0.0588235294117647,3,2002,2
2001,4,3,1.18235294117647,-0.0588235294117647,3,2002,3
2001,4,4,1.18235294117647,-0.0588235294117647,3,2002,4
2002,1,1,2.6,0,3,2002,2
2002,1,2,2.6,0,3,2002,3
2002,1,3,2.6,0,3,2002,4
2002,1,4,2.6,0,3,2003,1
2002,1,5,2.6,0,3,2003,2
2002,1,6,2.6,0,3,2003,3
2002,1,7,2.6,0,3,2003,4
2002,2,1,2.6,0,3,2002,3
2002,2,2,2.6,0,3,2002,4
2002,2,3,2.6,0,3,2003,1
2002,2,4,2.6,0,3,2003,2
2002,2,5,2.6,0,3,2003,3
2002,2,6,2.6,0,3,2003,4
2002,4,1,1.85882352941176,-0.0588235294117647,3,2003,1
2002,4,2,1.85882352941176,-0.0588235294117647,3,2003,2
2002,4,3,1.85882352941176,-0.0588235294117647,3,2003,3
2002,4,4,1.85882352941176,-0.0588235294117647,3,2003,4
2003,1,1,2.1,0,3,2003,2
2003,1,2,2.1,0,3,2003,3
2003,1,3,2.1,0,3,2003,4
2003,1,4,2.1,0,3,2004,1
2003,1,5,2.1,0,3,2004,2
2003,1,6,2.1,0,3,2004,3
2003,1,7,2.1,0,3,2004,4
2003,2,1,1.7,0,3,2003,3
2003,2,2,1.7,0,3,2003,4
2003,2,3,1.7,0,3,2004,1
2003,2,4,1.7,0,3,2004,2
2003,2,5,1.7,0,3,2004,3
2003,2,6,1.7,0,3,2004,4
2003,4,1,1.77647058823529,-0.0588235294117647,3,2004,1
2003,4,2,1.77647058823529,-0.0588235294117647,3,2004,2
2003,4,3,1.77647058823529,-0.0588235294117647,3,2004,3
2003,4,4,1.77647058823529,-0.0588235294117647,3,2004,4
2004,2,1,2.5,0,3,2004,3
2004,2,2,2.5,0,3,2004,4
2004,2,3,2.5,0,3,2005,1
2004,2,4,2.5,0,3,2005,2
2004,2,5,2.5,0,3,2005,3
2004,2,6,2.5,0,3,2005,4
2005,2,1,2,0,3,2005,3
2005,2,2,2,0,3,2005,4
2005,2,3,2,0,3,2006,1
2005,2,4,2,0,3,2006,2
2005,2,5,2,0,3,2006,3
2005,2,6,2,0,3,2006,4
2005,4,1,1.72352941176471,-0.0588235294117647,3,2006,1
2005,4,2,1.72352941176471,-0.0588235294117647,3,2006,2
2005,4,3,1.72352941176471,-0.0588235294117647,3,2006,3
2005,4,4,1.72352941176471,-0.0588235294117647,3,2006,4
2006,2,1,2.1,0,3,2006,3
2006,2,2,2.1,0,3,2006,4
2006,2,3,2.1,0,3,2007,1
2006,2,4,2.1,0,3,2007,2
2006,2,5,2.1,0,3,2007,3
2006,2,6,2.1,0,3,2007,4
2006,4,1,2.18823529411765,-0.0588235294117647,3,2007,1
2006,4,2,2.18823529411765,-0.0588235294117647,3,2007,2
2006,4,3,2.18823529411765,-0.0588235294117647,3,2007,3
2006,4,4,2.18823529411765,-0.0588235294117647,3,2007,4
2007,1,1,2.3,0,3,2007,2
2007,1,2,2.3,0,3,2007,3
2007,1,3,2.3,0,3,2007,4
2007,1,4,2.3,0,3,2008,1
2007,1,5,2.3,0,3,2008,2
2007,1,6,2.3,0,3,2008,3
2007,1,7,2.3,0,3,2008,4
2007,2,1,2.4,0,3,2007,3
2007,2,2,2.4,0,3,2007,4
2007,2,3,2.4,0,3,2008,1
2007,2,4,2.4,0,3,2008,2
2007,2,5,2.4,0,3,2008,3
2007,2,6,2.4,0,3,2008,4
2007,3,1,2.6,0,3,2007,4
2007,3,2,2.6,0,3,2008,1
2007,3,3,2.6,0,3,2008,2
2007,3,4,2.6,0,3,2008,3
2007,3,5,2.6,0,3,2008,4
2007,4,1,2.6,-0.0588235294117647,3,2008,1
2007,4,2,2.6,-0.0588235294117647,3,2008,2
2007,4,3,2.6,-0.0588235294117647,3,2008,3
2007,4,4,2.6,-0.0588235294117647,3,2008,4
2009,1,1,-0.2,0,3,2009,2
2009,1,2,-0.2,0,3,2009,3
2009,1,3,-0.2,0,3,2009,4
2009,1,4,-0.2,0,3,2010,1
2009,1,5,-0.2,0,3,2010,2
2009,1,6,-0.2,0,3,2010,3
2009,1,7,-0.2,0,3,2010,4
2009,2,1,0.2,0,3,2009,3
2009,2,2,0.2,0,3,2009,4
2009,2,3,0.2,0,3,2010,1
2009,2,4,0.2,0,3,2010,2
2009,2,5,0.2,0,3,2010,3
2009,2,6,0.2,0,3,2010,4
2009,4,1,1.29411764705882,-0.0588235294117647,3,2010,1
2009,4,2,1.29411764705882,-0.0588235294117647,3,2010,2
2009,4,3,1.29411764705882,-0.0588235294117647,3,2010,3
2009,4,4,1.29411764705882,-0.0588235294117647,3,2010,4
2010,2,1,1.7,0,3,2010,3
2010,2,2,1.7,0,3,2010,4
2010,2,3,1.7,0,3,2011,1
2010,2,4,1.7,0,3,2011,2
2010,2,5,1.7,0,3,2011,3
2010,2,6,1.7,0,3,2011,4
2010,4,1,1.91176470588235,-0.0588235294117647,3,2011,1
2010,4,2,1.91176470588235,-0.0588235294117647,3,2011,2
2010,4,3,1.91176470588235,-0.0588235294117647,3,2011,3
2010,4,4,1.91176470588235,-0.0588235294117647,3,2011,4
2011,1,1,1.8,0,3,2011,2
2011,1,2,1.8,0,3,2011,3
2011,1,3,1.8,0,3,2011,4
2011,1,4,1.8,0,3,2012,1
2011,1,5,1.8,0,3,2012,2
2011,1,6,1.8,0,3,2012,3
2011,1,7,1.8,0,3,2012,4
2011,2,1,2.2,0,3,2011,3
2011,2,2,2.2,0,3,2011,4
2011,2,3,2.2,0,3,2012,1
2011,2,4,2.2,0,3,2012,2
2011,2,5,2.2,0,3,2012,3
2011,2,6,2.2,0,3,2012,4
2011,4,1,-2.22352941176471,-0.0588235294117647,3,2012,1
2011,4,2,-2.22352941176471,-0.0588235294117647,3,2012,2
2011,4,3,-2.22352941176471,-0.0588235294117647,3,2012,3
2011,4,4,-2.22352941176471,-0.0588235294117647,3,2012,4
2012,3,1,0.2,0,3,2012,4
2012,3,2,0.2,0,3,2013,1
2012,3,3,0.2,0,3,2013,2
2012,3,4,0.2,0,3,2013,3
2012,3,5,0.2,0,3,2013,4
2012,4,1,0.358823529411765,-0.0588235294117647,3,2013,1
2012,4,2,0.358823529411765,-0.0588235294117647,3,2013,2
2012,4,3,0.358823529411765,-0.0588235294117647,3,2013,3
2012,4,4,0.358823529411765,-0.0588235294117647,3,2013,4
2013,1,1,-0.3,0,3,2013,2
2013,1,2,-0.3,0,3,2013,3
2013,1,3,-0.3,0,3,2013,4
2013,1,4,-0.3,0,3,2014,1
2013,1,5,-0.3,0,3,2014,2
2013,1,6,-0.3,0,3,2014,3
2013,1,7,-0.3,0,3,2014,4
2013,2,1,0.75,0,3,2013,3
2013,2,2,0.75,0,3,2013,4
2013,2,3,0.75,0,3,2014,1
2013,2,4,0.75,0,3,2014,2
2013,2,5,0.75,0,3,2014,3
2013,2,6,0.75,0,3,2014,4
2013,4,1,1.49411764705882,-0.0588235294117647,3,2014,1
2013,4,2,1.49411764705882,-0.0588235294117647,3,2014,2
2013,4,3,1.49411764705882,-0.0588235294117647,3,2014,3
2013,4,4,1.49411764705882,-0.0588235294117647,3,2014,4
2014,2,1,0.5,0,3,2014,3
2014,2,2,0.5,0,3,2014,4
2014,2,3,0.5,0,3,2015,1
2014,2,4,0.5,0,3,2015,2
2014,2,5,0.5,0,3,2015,3
2014,2,6,0.5,0,3,2015,4
2014,4,1,0.788235294117647,-0.0588235294117647,3,2015,1
2014,4,2,0.788235294117647,-0.0588235294117647,3,2015,2
2014,4,3,0.788235294117647,-0.0588235294117647,3,2015,3
2014,4,4,0.788235294117647,-0.0588235294117647,3,2015,4
2015,1,1,1.5,0,3,2015,2
2015,1,2,1.5,0,3,2015,3
2015,1,3,1.5,0,3,2015,4
2015,1,4,1.5,0,3,2016,1
2015,1,5,1.5,0,3,2016,2
2015,1,6,1.5,0,3,2016,3
2015,1,7,1.5,0,3,2016,4
2015,2,1,1.2,0,3,2015,3
2015,2,2,1.2,0,3,2015,4
2015,2,3,1.2,0,3,2016,1
2015,2,4,1.2,0,3,2016,2
2015,2,5,1.2,0,3,2016,3
2015,2,6,1.2,0,3,2016,4
2017,2,1,2,0,3,2017,3
2017,2,2,2,0,3,2017,4
2017,2,3,2,0,3,2018,1
2017,2,4,2,0,3,2018,2
2017,2,5,2,0,3,2018,3
2017,2,6,2,0,3,2018,4
2001,1,1,3.1,0,4,2001,2
2001,1,2,3.1,0,4,2001,3
2001,1,3,3.1,0,4,2001,4
2001,1,4,3.1,0,4,2002,1
2001,1,5,3.1,0,4,2002,2
2001,1,6,3.1,0,4,2002,3
2001,1,7,3.1,0,4,2002,4
2001,2,1,2.9,0,4,2001,3
2001,2,2,2.9,0,4,2001,4
2001,2,3,2.9,0,4,2002,1
2001,2,4,2.9,0,4,2002,2
2001,2,5,2.9,0,4,2002,3
2001,2,6,2.9,0,4,2002,4
2001,4,1,1.81764705882353,-0.0588235294117647,4,2002,1
2001,4,2,1.81764705882353,-0.0588235294117647,4,2002,2
2001,4,3,1.81764705882353,-0.0588235294117647,4,2002,3
2001,4,4,1.81764705882353,-0.0588235294117647,4,2002,4
2002,1,1,2.6,0,4,2002,2
2002,1,2,2.6,0,4,2002,3
2002,1,3,2.6,0,4,2002,4
2002,1,4,2.6,0,4,2003,1
2002,1,5,2.6,0,4,2003,2
2002,1,6,2.6,0,4,2003,3
2002,1,7,2.6,0,4,2003,4
2002,2,1,2.8,0,4,2002,3
2002,2,2,2.8,0,4,2002,4
2002,2,3,2.8,0,4,2003,1
2002,2,4,2.8,0,4,2003,2
2002,2,5,2.8,0,4,2003,3
2002,2,6,2.8,0,4,2003,4
2002,3,1,2.8,0,4,2002,4
2002,3,2,2.8,0,4,2003,1
2002,3,3,2.8,0,4,2003,2
2002,3,4,2.8,0,4,2003,3
2002,3,5,2.8,0,4,2003,4
2002,4,1,1.75882352941176,-0.0588235294117647,4,2003,1
2002,4,2,1.75882352941176,-0.0588235294117647,4,2003,2
2002,4,3,1.75882352941176,-0.0588235294117647,4,2003,3
2002,4,4,1.75882352941176,-0.0588235294117647,4,2003,4
2003,1,1,2.5,0,4,2003,2
2003,1,2,2.5,0,4,2003,3
2003,1,3,2.5,0,4,2003,4
2003,1,4,2.5,0,4,2004,1
2003,1,5,2.5,0,4,2004,2
2003,1,6,2.5,0,4,2004,3
2003,1,7,2.5,0,4,2004,4
2003,2,1,2,0,4,2003,3
2003,2,2,2,0,4,2003,4
2003,2,3,2,0,4,2004,1
2003,2,4,2,0,4,2004,2
2003,2,5,2,0,4,2004,3
2003,2,6,2,0,4,2004,4
2003,3,1,2,0,4,2003,4
2003,3,2,2,0,4,2004,1
2003,3,3,2,0,4,2004,2
2003,3,4,2,0,4,2004,3
2003,3,5,2,0,4,2004,4
2003,4,1,1.66470588235294,-0.0588235294117647,4,2004,1
2003,4,2,1.66470588235294,-0.0588235294117647,4,2004,2
2003,4,3,1.66470588235294,-0.0588235294117647,4,2004,3
2003,4,4,1.66470588235294,-0.0588235294117647,4,2004,4
2004,1,1,2.3,0,4,2004,2
2004,1,2,2.3,0,4,2004,3
2004,1,3,2.3,0,4,2004,4
2004,1,4,2.3,0,4,2005,1
2004,1,5,2.3,0,4,2005,2
2004,1,6,2.3,0,4,2005,3
2004,1,7,2.3,0,4,2005,4
2004,2,1,2.2,0,4,2004,3
2004,2,2,2.2,0,4,2004,4
2004,2,3,2.2,0,4,2005,1
2004,2,4,2.2,0,4,2005,2
2004,2,5,2.2,0,4,2005,3
2004,2,6,2.2,0,4,2005,4
2004,3,1,2.2,0,4,2004,4
2004,3,2,2.2,0,4,2005,1
2004,3,3,2.2,0,4,2005,2
2004,3,4,2.2,0,4,2005,3
2004,3,5,2.2,0,4,2005,4
2004,4,1,2.42352941176471,-0.0588235294117647,4,2005,1
2004,4,2,2.42352941176471,-0.0588235294117647,4,2005,2
2004,4,3,2.42352941176471,-0.0588235294117647,4,2005,3
2004,4,4,2.42352941176471,-0.0588235294117647,4,2005,4
2005,1,1,2.2,0,4,2005,2
2005,1,2,2.2,0,4,2005,3
2005,1,3,2.2,0,4,2005,4
2005,1,4,2.2,0,4,2006,1
2005,1,5,2.2,0,4,2006,2
2005,1,6,2.2,0,4,2006,3
2005,1,7,2.2,0,4,2006,4
2005,2,1,2.2,0,4,2005,3
2005,2,2,2.2,0,4,2005,4
2005,2,3,2.2,0,4,2006,1
2005,2,4,2.2,0,4,2006,2
2005,2,5,2.2,0,4,2006,3
2005,2,6,2.2,0,4,2006,4
2005,4,1,1.92941176470588,-0.0588235294117647,4,2006,1
2005,4,2,1.92941176470588,-0.0588235294117647,4,2006,2
2005,4,3,1.92941176470588,-0.0588235294117647,4,2006,3
2005,4,4,1.92941176470588,-0.0588235294117647,4,2006,4
2006,1,1,1.8,0,4,2006,2
2006,1,2,1.8,0,4,2006,3
2006,1,3,1.8,0,4,2006,4
2006,1,4,1.8,0,4,2007,1
2006,1,5,1.8,0,4,2007,2
2006,1,6,1.8,0,4,2007,3
2006,1,7,1.8,0,4,2007,4
2006,2,1,1.8,0,4,2006,3
2006,2,2,1.8,0,4,2006,4
2006,2,3,1.8,0,4,2007,1
2006,2,4,1.8,0,4,2007,2
2006,2,5,1.8,0,4,2007,3
2006,2,6,1.8,0,4,2007,4
2006,3,1,1.8,0,4,2006,4
2006,3,2,1.8,0,4,2007,1
2006,3,3,1.8,0,4,2007,2
2006,3,4,1.8,0,4,2007,3
2006,3,5,1.8,0,4,2007,4
2006,4,1,1.76470588235294,-0.0588235294117647,4,2007,1
2006,4,2,1.76470588235294,-0.0588235294117647,4,2007,2
2006,4,3,1.76470588235294,-0.0588235294117647,4,2007,3
2006,4,4,1.76470588235294,-0.0588235294117647,4,2007,4
2007,1,1,2.1,0,4,2007,2
2007,1,2,2.1,0,4,2007,3
2007,1,3,2.1,0,4,2007,4
2007,1,4,2.1,0,4,2008,1
2007,1,5,2.1,0,4,2008,2
2007,1,6,2.1,0,4,2008,3
2007,1,7,2.1,0,4,2008,4
2007,2,1,2.4,0,4,2007,3
2007,2,2,2.4,0,4,2007,4
2007,2,3,2.4,0,4,2008,1
2007,2,4,2.4,0,4,2008,2
2007,2,5,2.4,0,4,2008,3
2007,2,6,2.4,0,4,2008,4
2007,3,1,2.2,0,4,2007,4
2007,3,2,2.2,0,4,2008,1
2007,3,3,2.2,0,4,2008,2
2007,3,4,2.2,0,4,2008,3
2007,3,5,2.2,0,4,2008,4
2007,4,1,1.97058823529412,-0.0588235294117647,4,2008,1
2007,4,2,1.97058823529412,-0.0588235294117647,4,2008,2
2007,4,3,1.97058823529412,-0.0588235294117647,4,2008,3
2007,4,4,1.97058823529412,-0.0588235294117647,4,2008,4
2008,1,1,2.1,0,4,2008,2
2008,1,2,2.1,0,4,2008,3
2008,1,3,2.1,0,4,2008,4
2008,1,4,2.1,0,4,2009,1
2008,1,5,2.1,0,4,2009,2
2008,1,6,2.1,0,4,2009,3
2008,1,7,2.1,0,4,2009,4
2008,2,1,1.3,0,4,2008,3
2008,2,2,1.3,0,4,2008,4
2008,2,3,1.3,0,4,2009,1
2008,2,4,1.3,0,4,2009,2
2008,2,5,1.3,0,4,2009,3
2008,2,6,1.3,0,4,2009,4
2008,4,1,0.147058823529412,-0.0588235294117647,4,2009,1
2008,4,2,0.147058823529412,-0.0588235294117647,4,2009,2
2008,4,3,0.147058823529412,-0.0588235294117647,4,2009,3
2008,4,4,0.147058823529412,-0.0588235294117647,4,2009,4
2009,1,1,1,0,4,2009,2
2009,1,2,1,0,4,2009,3
2009,1,3,1,0,4,2009,4
2009,1,4,1,0,4,2010,1
2009,1,5,1,0,4,2010,2
2009,1,6,1,0,4,2010,3
2009,1,7,1,0,4,2010,4
2009,2,1,1,0,4,2009,3
2009,2,2,1,0,4,2009,4
2009,2,3,1,0,4,2010,1
2009,2,4,1,0,4,2010,2
2009,2,5,1,0,4,2010,3
2009,2,6,1,0,4,2010,4
2009,4,1,2.42941176470588,-0.0588235294117647,4,2010,1
2009,4,2,2.42941176470588,-0.0588235294117647,4,2010,2
2009,4,3,2.42941176470588,-0.0588235294117647,4,2010,3
2009,4,4,2.42941176470588,-0.0588235294117647,4,2010,4
2010,1,1,1.5,0,4,2010,2
2010,1,2,1.5,0,4,2010,3
2010,1,3,1.5,0,4,2010,4
2010,1,4,1.5,0,4,2011,1
2010,1,5,1.5,0,4,2011,2
2010,1,6,1.5,0,4,2011,3
2010,1,7,1.5,0,4,2011,4
2010,2,1,1.7,0,4,2010,3
2010,2,2,1.7,0,4,2010,4
2010,2,3,1.7,0,4,2011,1
2010,2,4,1.7,0,4,2011,2
2010,2,5,1.7,0,4,2011,3
2010,2,6,1.7,0,4,2011,4
2010,3,1,1.7,0,4,2010,4
2010,3,2,1.7,0,4,2011,1
2010,3,3,1.7,0,4,2011,2
2010,3,4,1.7,0,4,2011,3
2010,3,5,1.7,0,4,2011,4
2010,4,1,1.38823529411765,-0.0588235294117647,4,2011,1
2010,4,2,1.38823529411765,-0.0588235294117647,4,2011,2
2010,4,3,1.38823529411765,-0.0588235294117647,4,2011,3
2010,4,4,1.38823529411765,-0.0588235294117647,4,2011,4
2011,1,1,2,0,4,2011,2
2011,1,2,2,0,4,2011,3
2011,1,3,2,0,4,2011,4
2011,1,4,2,0,4,2012,1
2011,1,5,2,0,4,2012,2
2011,1,6,2,0,4,2012,3
2011,1,7,2,0,4,2012,4
2011,2,1,2,0,4,2011,3
2011,2,2,2,0,4,2011,4
2011,2,3,2,0,4,2012,1
2011,2,4,2,0,4,2012,2
2011,2,5,2,0,4,2012,3
2011,2,6,2,0,4,2012,4
2011,3,1,1.8,0,4,2011,4
2011,3,2,1.8,0,4,2012,1
2011,3,3,1.8,0,4,2012,2
2011,3,4,1.8,0,4,2012,3
2011,3,5,1.8,0,4,2012,4
2011,4,1,0.541176470588235,-0.0588235294117647,4,2012,1
2011,4,2,0.541176470588235,-0.0588235294117647,4,2012,2
2011,4,3,0.541176470588235,-0.0588235294117647,4,2012,3
2011,4,4,0.541176470588235,-0.0588235294117647,4,2012,4
2012,1,1,1,0,4,2012,2
2012,1,2,1,0,4,2012,3
2012,1,3,1,0,4,2012,4
2012,1,4,1,0,4,2013,1
2012,1,5,1,0,4,2013,2
2012,1,6,1,0,4,2013,3
2012,1,7,1,0,4,2013,4
2012,2,1,1,0,4,2012,3
2012,2,2,1,0,4,2012,4
2012,2,3,1,0,4,2013,1
2012,2,4,1,0,4,2013,2
2012,2,5,1,0,4,2013,3
2012,2,6,1,0,4,2013,4
2012,4,1,0.658823529411765,-0.0588235294117647,4,2013,1
2012,4,2,0.658823529411765,-0.0588235294117647,4,2013,2
2012,4,3,0.658823529411765,-0.0588235294117647,4,2013,3
2012,4,4,0.658823529411765,-0.0588235294117647,4,2013,4
2013,1,1,1.7,0,4,2013,2
2013,1,2,1.7,0,4,2013,3
2013,1,3,1.7,0,4,2013,4
2013,1,4,1.7,0,4,2014,1
2013,1,5,1.7,0,4,2014,2
2013,1,6,1.7,0,4,2014,3
2013,1,7,1.7,0,4,2014,4
2013,2,1,1.4,0,4,2013,3
2013,2,2,1.4,0,4,2013,4
2013,2,3,1.4,0,4,2014,1
2013,2,4,1.4,0,4,2014,2
2013,2,5,1.4,0,4,2014,3
2013,2,6,1.4,0,4,2014,4
2013,3,1,1,0,4,2013,4
2013,3,2,1,0,4,2014,1
2013,3,3,1,0,4,2014,2
2013,3,4,1,0,4,2014,3
2013,3,5,1,0,4,2014,4
2013,4,1,1.08823529411765,-0.0588235294117647,4,2014,1
2013,4,2,1.08823529411765,-0.0588235294117647,4,2014,2
2013,4,3,1.08823529411765,-0.0588235294117647,4,2014,3
2013,4,4,1.08823529411765,-0.0588235294117647,4,2014,4
2014,1,1,1.5,0,4,2014,2
2014,1,2,1.5,0,4,2014,3
2014,1,3,1.5,0,4,2014,4
2014,1,4,1.5,0,4,2015,1
2014,1,5,1.5,0,4,2015,2
2014,1,6,1.5,0,4,2015,3
2014,1,7,1.5,0,4,2015,4
2014,2,1,1.5,0,4,2014,3
2014,2,2,1.5,0,4,2014,4
2014,2,3,1.5,0,4,2015,1
2014,2,4,1.5,0,4,2015,2
2014,2,5,1.5,0,4,2015,3
2014,2,6,1.5,0,4,2015,4
2014,3,1,1.5,0,4,2014,4
2014,3,2,1.5,0,4,2015,1
2014,3,3,1.5,0,4,2015,2
2014,3,4,1.5,0,4,2015,3
2014,3,5,1.5,0,4,2015,4
2015,1,1,1.5,0,4,2015,2
2015,1,2,1.5,0,4,2015,3
2015,1,3,1.5,0,4,2015,4
2015,1,4,1.5,0,4,2016,1
2015,1,5,1.5,0,4,2016,2
2015,1,6,1.5,0,4,2016,3
2015,1,7,1.5,0,4,2016,4
2015,2,1,1.6,0,4,2015,3
2015,2,2,1.6,0,4,2015,4
2015,2,3,1.6,0,4,2016,1
2015,2,4,1.6,0,4,2016,2
2015,2,5,1.6,0,4,2016,3
2015,2,6,1.6,0,4,2016,4
2015,3,1,1.6,0,4,2015,4
2015,3,2,1.6,0,4,2016,1
2015,3,3,1.6,0,4,2016,2
2015,3,4,1.6,0,4,2016,3
2015,3,5,1.6,0,4,2016,4
2015,4,1,1.60588235294118,-0.0588235294117647,4,2016,1
2015,4,2,1.60588235294118,-0.0588235294117647,4,2016,2
2015,4,3,1.60588235294118,-0.0588235294117647,4,2016,3
2015,4,4,1.60588235294118,-0.0588235294117647,4,2016,4
2016,1,1,1.4,0,4,2016,2
2016,1,2,1.4,0,4,2016,3
2016,1,3,1.4,0,4,2016,4
2016,1,4,1.4,0,4,2017,1
2016,1,5,1.4,0,4,2017,2
2016,1,6,1.4,0,4,2017,3
2016,1,7,1.4,0,4,2017,4
2016,2,1,1.4,0,4,2016,3
2016,2,2,1.4,0,4,2016,4
2016,2,3,1.4,0,4,2017,1
2016,2,4,1.4,0,4,2017,2
2016,2,5,1.4,0,4,2017,3
2016,2,6,1.4,0,4,2017,4
2016,3,1,1.2,0,4,2016,4
2016,3,2,1.2,0,4,2017,1
2016,3,3,1.2,0,4,2017,2
2016,3,4,1.2,0,4,2017,3
2016,3,5,1.2,0,4,2017,4
2016,4,1,1.18235294117647,-0.0588235294117647,4,2017,1
2016,4,2,1.18235294117647,-0.0588235294117647,4,2017,2
2016,4,3,1.18235294117647,-0.0588235294117647,4,2017,3
2016,4,4,1.18235294117647,-0.0588235294117647,4,2017,4
2017,1,1,1.4,0,4,2017,2
2017,1,2,1.4,0,4,2017,3
2017,1,3,1.4,0,4,2017,4
2017,1,4,1.4,0,4,2018,1
2017,1,5,1.4,0,4,2018,2
2017,1,6,1.4,0,4,2018,3
2017,1,7,1.4,0,4,2018,4
2017,2,1,1.6,0,4,2017,3
2017,2,2,1.6,0,4,2017,4
2017,2,3,1.6,0,4,2018,1
2017,2,4,1.6,0,4,2018,2
2017,2,5,1.6,0,4,2018,3
2017,2,6,1.6,0,4,2018,4
2017,3,1,1.8,0,4,2017,4
2017,3,2,1.8,0,4,2018,1
2017,3,3,1.8,0,4,2018,2
2017,3,4,1.8,0,4,2018,3
2017,3,5,1.8,0,4,2018,4
2017,4,1,1.78235294117647,-0.0588235294117647,4,2018,1
2017,4,2,1.78235294117647,-0.0588235294117647,4,2018,2
2017,4,3,1.78235294117647,-0.0588235294117647,4,2018,3
2017,4,4,1.78235294117647,-0.0588235294117647,4,2018,4
2018,2,1,2,0,4,2018,3
2018,2,2,2,0,4,2018,4
2018,2,3,2,0,4,2019,1
2018,2,4,2,0,4,2019,2
2018,2,5,2,0,4,2019,3
2018,2,6,2,0,4,2019,4
2018,3,1,2,0,4,2018,4
2018,3,2,2,0,4,2019,1
2018,3,3,2,0,4,2019,2
2018,3,4,2,0,4,2019,3
2018,3,5,2,0,4,2019,4
2018,4,1,1.78823529411765,-0.0588235294117647,4,2019,1
2018,4,2,1.78823529411765,-0.0588235294117647,4,2019,2
2018,4,3,1.78823529411765,-0.0588235294117647,4,2019,3
2018,4,4,1.78823529411765,-0.0588235294117647,4,2019,4
2019,1,1,1.4,0,4,2019,2
2019,1,2,1.4,0,4,2019,3
2019,1,3,1.4,0,4,2019,4
2019,1,4,1.4,0,4,2020,1
2019,1,5,1.4,0,4,2020,2
2019,1,6,1.4,0,4,2020,3
2019,1,7,1.4,0,4,2020,4
2019,2,1,1.4,0,4,2019,3
2019,2,2,1.4,0,4,2019,4
2019,2,3,1.4,0,4,2020,1
2019,2,4,1.4,0,4,2020,2
2019,2,5,1.4,0,4,2020,3
2019,2,6,1.4,0,4,2020,4
2019,4,1,0.682352941176471,-0.0588235294117647,4,2020,1
2019,4,2,0.682352941176471,-0.0588235294117647,4,2020,2
2019,4,3,0.682352941176471,-0.0588235294117647,4,2020,3
2019,4,4,0.682352941176471,-0.0588235294117647,4,2020,4
2020,1,1,1.1,0,4,2020,2
2020,1,2,1.1,0,4,2020,3
2020,1,3,1.1,0,4,2020,4
2020,1,4,1.1,0,4,2021,1
2020,1,5,1.1,0,4,2021,2
2020,1,6,1.1,0,4,2021,3
2020,1,7,1.1,0,4,2021,4
2020,2,1,2.9,0,4,2020,3
2020,2,2,2.9,0,4,2020,4
2020,2,3,2.9,0,4,2021,1
2020,2,4,2.9,0,4,2021,2
2020,2,5,2.9,0,4,2021,3
2020,2,6,2.9,0,4,2021,4
2020,3,1,6,0,4,2020,4
2020,3,2,6,0,4,2021,1
2020,3,3,6,0,4,2021,2
2020,3,4,6,0,4,2021,3
2020,3,5,6,0,4,2021,4
2020,4,1,5.76470588235294,-0.0588235294117647,4,2021,1
2020,4,2,5.76470588235294,-0.0588235294117647,4,2021,2
2020,4,3,5.76470588235294,-0.0588235294117647,4,2021,3
2020,4,4,5.76470588235294,-0.0588235294117647,4,2021,4
2021,1,1,4,0,4,2021,2
2021,1,2,4,0,4,2021,3
2021,1,3,4,0,4,2021,4
2021,1,4,4,0,4,2022,1
2021,1,5,4,0,4,2022,2
2021,1,6,4,0,4,2022,3
2021,1,7,4,0,4,2022,4
2021,2,1,4,0,4,2021,3
2021,2,2,4,0,4,2021,4
2021,2,3,4,0,4,2022,1
2021,2,4,4,0,4,2022,2
2021,2,5,4,0,4,2022,3
2021,2,6,4,0,4,2022,4
2021,3,1,4,0,4,2021,4
2021,3,2,4,0,4,2022,1
2021,3,3,4,0,4,2022,2
2021,3,4,4,0,4,2022,3
2021,3,5,4,0,4,2022,4
2021,4,1,3.94117647058824,-0.0588235294117647,4,2022,1
2021,4,2,3.94117647058824,-0.0588235294117647,4,2022,2
2021,4,3,3.94117647058824,-0.0588235294117647,4,2022,3
2021,4,4,3.94117647058824,-0.0588235294117647,4,2022,4
2022,1,1,2.5,0,4,2022,2
2022,1,2,2.5,0,4,2022,3
2022,1,3,2.5,0,4,2022,4
2022,1,4,2.5,0,4,2023,1
2022,1,5,2.5,0,4,2023,2
2022,1,6,2.5,0,4,2023,3
2022,1,7,2.5,0,4,2023,4
2022,4,1,-0.176470588235294,-0.0588235294117647,4,2023,1
2022,4,2,-0.176470588235294,-0.0588235294117647,4,2023,2
2022,4,3,-0.176470588235294,-0.0588235294117647,4,2023,3
2022,4,4,-0.176470588235294,-0.0588235294117647,4,2023,4
2023,2,1,1,0,4,2023,3
2023,2,2,1,0,4,2023,4
2023,2,3,1,0,4,2024,1
2023,2,4,1,0,4,2024,2
2023,2,5,1,0,4,2024,3
2023,2,6,1,0,4,2024,4
2023,3,1,1,0,4,2023,4
2023,3,2,1,0,4,2024,1
2023,3,3,1,0,4,2024,2
2023,3,4,1,0,4,2024,3
2023,3,5,1,0,4,2024,4
2023,4,1,1.02941176470588,-0.0588235294117647,4,2024,1
2023,4,2,1.02941176470588,-0.0588235294117647,4,2024,2
2023,4,3,1.02941176470588,-0.0588235294117647,4,2024,3
2023,4,4,1.02941176470588,-0.0588235294117647,4,2024,4
2024,1,1,1.5,0,4,2024,2
2024,1,2,1.5,0,4,2024,3
2024,1,3,1.5,0,4,2024,4
2024,1,4,1.5,0,4,2025,1
2024,1,5,1.5,0,4,2025,2
2024,1,6,1.5,0,4,2025,3
2024,1,7,1.5,0,4,2025,4
2024,2,1,1.5,0,4,2024,3
2024,2,2,1.5,0,4,2024,4
2024,2,3,1.5,0,4,2025,1
2024,2,4,1.5,0,4,2025,2
2024,2,5,1.5,0,4,2025,3
2024,2,6,1.5,0,4,2025,4
2024,4,1,1.54705882352941,-0.0588235294117647,4,2025,1
2024,4,2,1.54705882352941,-0.0588235294117647,4,2025,2
2024,4,3,1.54705882352941,-0.0588235294117647,4,2025,3
2024,4,4,1.54705882352941,-0.0588235294117647,4,2025,4
2001,1,1,2.7,0,5,2001,2
2001,1,2,2.7,0,5,2001,3
2001,1,3,2.7,0,5,2001,4
2001,1,4,2.7,0,5,2002,1
2001,1,5,2.7,0,5,2002,2
2001,1,6,2.7,0,5,2002,3
2001,1,7,2.7,0,5,2002,4
2001,2,1,2.5,0,5,2001,3
2001,2,2,2.5,0,5,2001,4
2001,2,3,2.5,0,5,2002,1
2001,2,4,2.5,0,5,2002,2
2001,2,5,2.5,0,5,2002,3
2001,2,6,2.5,0,5,2002,4
2001,3,1,2.3,0,5,2001,4
2001,3,2,2.3,0,5,2002,1
2001,3,3,2.3,0,5,2002,2
2001,3,4,2.3,0,5,2002,3
2001,3,5,2.3,0,5,2002,4
2001,4,1,1.4,-0.0588235294117647,5,2002,1
2001,4,2,1.4,-0.0588235294117647,5,2002,2
2001,4,3,1.4,-0.0588235294117647,5,2002,3
2001,4,4,1.4,-0.0588235294117647,5,2002,4
2002,2,1,2.4,0,5,2002,3
2002,2,2,2.4,0,5,2002,4
2002,2,3,2.4,0,5,2003,1
2002,2,4,2.4,0,5,2003,2
2002,2,5,2.4,0,5,2003,3
2002,2,6,2.4,0,5,2003,4
2002,3,1,2.3,0,5,2002,4
2002,3,2,2.3,0,5,2003,1
2002,3,3,2.3,0,5,2003,2
2002,3,4,2.3,0,5,2003,3
2002,3,5,2.3,0,5,2003,4
2002,4,1,2.05294117647059,-0.0588235294117647,5,2003,1
2002,4,2,2.05294117647059,-0.0588235294117647,5,2003,2
2002,4,3,2.05294117647059,-0.0588235294117647,5,2003,3
2002,4,4,2.05294117647059,-0.0588235294117647,5,2003,4
2003,1,1,2.2,0,5,2003,2
2003,1,2,2.2,0,5,2003,3
2003,1,3,2.2,0,5,2003,4
2003,1,4,2.2,0,5,2004,1
2003,1,5,2.2,0,5,2004,2
2003,1,6,2.2,0,5,2004,3
2003,1,7,2.2,0,5,2004,4
2003,2,1,2.2,0,5,2003,3
2003,2,2,2.2,0,5,2003,4
2003,2,3,2.2,0,5,2004,1
2003,2,4,2.2,0,5,2004,2
2003,2,5,2.2,0,5,2004,3
2003,2,6,2.2,0,5,2004,4
2003,4,1,1.55882352941177,-0.0588235294117647,5,2004,1
2003,4,2,1.55882352941177,-0.0588235294117647,5,2004,2
2003,4,3,1.55882352941177,-0.0588235294117647,5,2004,3
2003,4,4,1.55882352941177,-0.0588235294117647,5,2004,4
2004,2,1,2,0,5,2004,3
2004,2,2,2,0,5,2004,4
2004,2,3,2,0,5,2005,1
2004,2,4,2,0,5,2005,2
2004,2,5,2,0,5,2005,3
2004,2,6,2,0,5,2005,4
2004,4,1,2.21764705882353,-0.0588235294117647,5,2005,1
2004,4,2,2.21764705882353,-0.0588235294117647,5,2005,2
2004,4,3,2.21764705882353,-0.0588235294117647,5,2005,3
2004,4,4,2.21764705882353,-0.0588235294117647,5,2005,4
2005,1,1,2,0,5,2005,2
2005,1,2,2,0,5,2005,3
2005,1,3,2,0,5,2005,4
2005,1,4,2,0,5,2006,1
2005,1,5,2,0,5,2006,2
2005,1,6,2,0,5,2006,3
2005,1,7,2,0,5,2006,4
2005,2,1,2,0,5,2005,3
2005,2,2,2,0,5,2005,4
2005,2,3,2,0,5,2006,1
2005,2,4,2,0,5,2006,2
2005,2,5,2,0,5,2006,3
2005,2,6,2,0,5,2006,4
2005,3,1,1.9,0,5,2005,4
2005,3,2,1.9,0,5,2006,1
2005,3,3,1.9,0,5,2006,2
2005,3,4,1.9,0,5,2006,3
2005,3,5,1.9,0,5,2006,4
2005,4,1,1.71764705882353,-0.0588235294117647,5,2006,1
2005,4,2,1.71764705882353,-0.0588235294117647,5,2006,2
2005,4,3,1.71764705882353,-0.0588235294117647,5,2006,3
2005,4,4,1.71764705882353,-0.0588235294117647,5,2006,4
2006,1,1,2.2,0,5,2006,2
2006,1,2,2.2,0,5,2006,3
2006,1,3,2.2,0,5,2006,4
2006,1,4,2.2,0,5,2007,1
2006,1,5,2.2,0,5,2007,2
2006,1,6,2.2,0,5,2007,3
2006,1,7,2.2,0,5,2007,4
2006,2,1,2,0,5,2006,3
2006,2,2,2,0,5,2006,4
2006,2,3,2,0,5,2007,1
2006,2,4,2,0,5,2007,2
2006,2,5,2,0,5,2007,3
2006,2,6,2,0,5,2007,4
2006,3,1,1.8,0,5,2006,4
2006,3,2,1.8,0,5,2007,1
2006,3,3,1.8,0,5,2007,2
2006,3,4,1.8,0,5,2007,3
2006,3,5,1.8,0,5,2007,4
2006,4,1,2.07647058823529,-0.0588235294117647,5,2007,1
2006,4,2,2.07647058823529,-0.0588235294117647,5,2007,2
2006,4,3,2.07647058823529,-0.0588235294117647,5,2007,3
2006,4,4,2.07647058823529,-0.0588235294117647,5,2007,4
2007,1,1,2.2,0,5,2007,2
2007,1,2,2.2,0,5,2007,3
2007,1,3,2.2,0,5,2007,4
2007,1,4,2.2,0,5,2008,1
2007,1,5,2.2,0,5,2008,2
2007,1,6,2.2,0,5,2008,3
2007,1,7,2.2,0,5,2008,4
2007,2,1,2,0,5,2007,3
2007,2,2,2,0,5,2007,4
2007,2,3,2,0,5,2008,1
2007,2,4,2,0,5,2008,2
2007,2,5,2,0,5,2008,3
2007,2,6,2,0,5,2008,4
2007,4,1,2.17647058823529,-0.0588235294117647,5,2008,1
2007,4,2,2.17647058823529,-0.0588235294117647,5,2008,2
2007,4,3,2.17647058823529,-0.0588235294117647,5,2008,3
2007,4,4,2.17647058823529,-0.0588235294117647,5,2008,4
2008,1,1,2.2,0,5,2008,2
2008,1,2,2.2,0,5,2008,3
2008,1,3,2.2,0,5,2008,4
2008,1,4,2.2,0,5,2009,1
2008,1,5,2.2,0,5,2009,2
2008,1,6,2.2,0,5,2009,3
2008,1,7,2.2,0,5,2009,4
2008,3,1,1.3,0,5,2008,4
2008,3,2,1.3,0,5,2009,1
2008,3,3,1.3,0,5,2009,2
2008,3,4,1.3,0,5,2009,3
2008,3,5,1.3,0,5,2009,4
2008,4,1,0.335294117647059,-0.0588235294117647,5,2009,1
2008,4,2,0.335294117647059,-0.0588235294117647,5,2009,2
2008,4,3,0.335294117647059,-0.0588235294117647,5,2009,3
2008,4,4,0.335294117647059,-0.0588235294117647,5,2009,4
2009,1,1,0.5,0,5,2009,2
2009,1,2,0.5,0,5,2009,3
2009,1,3,0.5,0,5,2009,4
2009,1,4,0.5,0,5,2010,1
2009,1,5,0.5,0,5,2010,2
2009,1,6,0.5,0,5,2010,3
2009,1,7,0.5,0,5,2010,4
2009,2,1,0.3,0,5,2009,3
2009,2,2,0.3,0,5,2009,4
2009,2,3,0.3,0,5,2010,1
2009,2,4,0.3,0,5,2010,2
2009,2,5,0.3,0,5,2010,3
2009,2,6,0.3,0,5,2010,4
2009,4,1,1.29411764705882,-0.0588235294117647,5,2010,1
2009,4,2,1.29411764705882,-0.0588235294117647,5,2010,2
2009,4,3,1.29411764705882,-0.0588235294117647,5,2010,3
2009,4,4,1.29411764705882,-0.0588235294117647,5,2010,4
2010,2,1,2.3,0,5,2010,3
2010,2,2,2.3,0,5,2010,4
2010,2,3,2.3,0,5,2011,1
2010,2,4,2.3,0,5,2011,2
2010,2,5,2.3,0,5,2011,3
2010,2,6,2.3,0,5,2011,4
2010,3,1,1.6,0,5,2010,4
2010,3,2,1.6,0,5,2011,1
2010,3,3,1.6,0,5,2011,2
2010,3,4,1.6,0,5,2011,3
2010,3,5,1.6,0,5,2011,4
2010,4,1,2.02352941176471,-0.0588235294117647,5,2011,1
2010,4,2,2.02352941176471,-0.0588235294117647,5,2011,2
2010,4,3,2.02352941176471,-0.0588235294117647,5,2011,3
2010,4,4,2.02352941176471,-0.0588235294117647,5,2011,4
2011,1,1,1.5,0,5,2011,2
2011,1,2,1.5,0,5,2011,3
2011,1,3,1.5,0,5,2011,4
2011,1,4,1.5,0,5,2012,1
2011,1,5,1.5,0,5,2012,2
2011,1,6,1.5,0,5,2012,3
2011,1,7,1.5,0,5,2012,4
2011,2,1,1.6,0,5,2011,3
2011,2,2,1.6,0,5,2011,4
2011,2,3,1.6,0,5,2012,1
2011,2,4,1.6,0,5,2012,2
2011,2,5,1.6,0,5,2012,3
2011,2,6,1.6,0,5,2012,4
2011,3,1,2.1,0,5,2011,4
2011,3,2,2.1,0,5,2012,1
2011,3,3,2.1,0,5,2012,2
2011,3,4,2.1,0,5,2012,3
2011,3,5,2.1,0,5,2012,4
2011,4,1,0.952941176470588,-0.0588235294117647,5,2012,1
2011,4,2,0.952941176470588,-0.0588235294117647,5,2012,2
2011,4,3,0.952941176470588,-0.0588235294117647,5,2012,3
2011,4,4,0.952941176470588,-0.0588235294117647,5,2012,4
2012,1,1,1,0,5,2012,2
2012,1,2,1,0,5,2012,3
2012,1,3,1,0,5,2012,4
2012,1,4,1,0,5,2013,1
2012,1,5,1,0,5,2013,2
2012,1,6,1,0,5,2013,3
2012,1,7,1,0,5,2013,4
2012,4,1,0.547058823529412,-0.0588235294117647,5,2013,1
2012,4,2,0.547058823529412,-0.0588235294117647,5,2013,2
2012,4,3,0.547058823529412,-0.0588235294117647,5,2013,3
2012,4,4,0.547058823529412,-0.0588235294117647,5,2013,4
2013,4,1,1.3,-0.0588235294117647,5,2014,1
2013,4,2,1.3,-0.0588235294117647,5,2014,2
2013,4,3,1.3,-0.0588235294117647,5,2014,3
2013,4,4,1.3,-0.0588235294117647,5,2014,4
2014,1,1,1.4,0,5,2014,2
2014,1,2,1.4,0,5,2014,3
2014,1,3,1.4,0,5,2014,4
2014,1,4,1.4,0,5,2015,1
2014,1,5,1.4,0,5,2015,2
2014,1,6,1.4,0,5,2015,3
2014,1,7,1.4,0,5,2015,4
2014,2,1,1.4,0,5,2014,3
2014,2,2,1.4,0,5,2014,4
2014,2,3,1.4,0,5,2015,1
2014,2,4,1.4,0,5,2015,2
2014,2,5,1.4,0,5,2015,3
2014,2,6,1.4,0,5,2015,4
2015,1,1,1.2,0,5,2015,2
2015,1,2,1.2,0,5,2015,3
2015,1,3,1.2,0,5,2015,4
2015,1,4,1.2,0,5,2016,1
2015,1,5,1.2,0,5,2016,2
2015,1,6,1.2,0,5,2016,3
2015,1,7,1.2,0,5,2016,4
2015,2,1,1.4,0,5,2015,3
2015,2,2,1.4,0,5,2015,4
2015,2,3,1.4,0,5,2016,1
2015,2,4,1.4,0,5,2016,2
2015,2,5,1.4,0,5,2016,3
2015,2,6,1.4,0,5,2016,4
2016,1,1,1.7,0,5,2016,2
2016,1,2,1.7,0,5,2016,3
2016,1,3,1.7,0,5,2016,4
2016,1,4,1.7,0,5,2017,1
2016,1,5,1.7,0,5,2017,2
2016,1,6,1.7,0,5,2017,3
2016,1,7,1.7,0,5,2017,4
2016,2,1,1.7,0,5,2016,3
2016,2,2,1.7,0,5,2016,4
2016,2,3,1.7,0,5,2017,1
2016,2,4,1.7,0,5,2017,2
2016,2,5,1.7,0,5,2017,3
2016,2,6,1.7,0,5,2017,4
2016,3,1,1.4,0,5,2016,4
2016,3,2,1.4,0,5,2017,1
2016,3,3,1.4,0,5,2017,2
2016,3,4,1.4,0,5,2017,3
2016,3,5,1.4,0,5,2017,4
2017,2,1,1.45,0,5,2017,3
2017,2,2,1.45,0,5,2017,4
2017,2,3,1.45,0,5,2018,1
2017,2,4,1.45,0,5,2018,2
2017,2,5,1.45,0,5,2018,3
2017,2,6,1.45,0,5,2018,4
2017,4,1,1.64705882352941,-0.0588235294117647,5,2018,1
2017,4,2,1.64705882352941,-0.0588235294117647,5,2018,2
2017,4,3,1.64705882352941,-0.0588235294117647,5,2018,3
2017,4,4,1.64705882352941,-0.0588235294117647,5,2018,4
2018,1,1,1.5,0,5,2018,2
2018,1,2,1.5,0,5,2018,3
2018,1,3,1.5,0,5,2018,4
2018,1,4,1.5,0,5,2019,1
2018,1,5,1.5,0,5,2019,2
2018,1,6,1.5,0,5,2019,3
2018,1,7,1.5,0,5,2019,4
2018,4,1,1.57647058823529,-0.0588235294117647,5,2019,1
2018,4,2,1.57647058823529,-0.0588235294117647,5,2019,2
2018,4,3,1.57647058823529,-0.0588235294117647,5,2019,3
2018,4,4,1.57647058823529,-0.0588235294117647,5,2019,4
2019,1,1,1.6,0,5,2019,2
2019,1,2,1.6,0,5,2019,3
2019,1,3,1.6,0,5,2019,4
2019,1,4,1.6,0,5,2020,1
2019,1,5,1.6,0,5,2020,2
2019,1,6,1.6,0,5,2020,3
2019,1,7,1.6,0,5,2020,4
2019,4,1,0.888235294117647,-0.0588235294117647,5,2020,1
2019,4,2,0.888235294117647,-0.0588235294117647,5,2020,2
2019,4,3,0.888235294117647,-0.0588235294117647,5,2020,3
2019,4,4,0.888235294117647,-0.0588235294117647,5,2020,4
2020,1,1,1.5,0,5,2020,2
2020,1,2,1.5,0,5,2020,3
2020,1,3,1.5,0,5,2020,4
2020,1,4,1.5,0,5,2021,1
2020,1,5,1.5,0,5,2021,2
2020,1,6,1.5,0,5,2021,3
2020,1,7,1.5,0,5,2021,4
2020,2,1,2.2,0,5,2020,3
2020,2,2,2.2,0,5,2020,4
2020,2,3,2.2,0,5,2021,1
2020,2,4,2.2,0,5,2021,2
2020,2,5,2.2,0,5,2021,3
2020,2,6,2.2,0,5,2021,4
2020,3,1,3.3,0,5,2020,4
2020,3,2,3.3,0,5,2021,1
2020,3,3,3.3,0,5,2021,2
2020,3,4,3.3,0,5,2021,3
2020,3,5,3.3,0,5,2021,4
2020,4,1,5.78235294117647,-0.0588235294117647,5,2021,1
2020,4,2,5.78235294117647,-0.0588235294117647,5,2021,2
2020,4,3,5.78235294117647,-0.0588235294117647,5,2021,3
2020,4,4,5.78235294117647,-0.0588235294117647,5,2021,4
2021,1,1,3,0,5,2021,2
2021,1,2,3,0,5,2021,3
2021,1,3,3,0,5,2021,4
2021,1,4,3,0,5,2022,1
2021,1,5,3,0,5,2022,2
2021,1,6,3,0,5,2022,3
2021,1,7,3,0,5,2022,4
2021,2,1,3,0,5,2021,3
2021,2,2,3,0,5,2021,4
2021,2,3,3,0,5,2022,1
2021,2,4,3,0,5,2022,2
2021,2,5,3,0,5,2022,3
2021,2,6,3,0,5,2022,4
2021,4,1,3.3,-0.0588235294117647,5,2022,1
2021,4,2,3.3,-0.0588235294117647,5,2022,2
2021,4,3,3.3,-0.0588235294117647,5,2022,3
2021,4,4,3.3,-0.0588235294117647,5,2022,4
2022,1,1,2,0,5,2022,2
2022,1,2,2,0,5,2022,3
2022,1,3,2,0,5,2022,4
2022,1,4,2,0,5,2023,1
2022,1,5,2,0,5,2023,2
2022,1,6,2,0,5,2023,3
2022,1,7,2,0,5,2023,4
2022,2,1,2.2,0,5,2022,3
2022,2,2,2.2,0,5,2022,4
2022,2,3,2.2,0,5,2023,1
2022,2,4,2.2,0,5,2023,2
2022,2,5,2.2,0,5,2023,3
2022,2,6,2.2,0,5,2023,4
2022,3,1,1.2,0,5,2022,4
2022,3,2,1.2,0,5,2023,1
2022,3,3,1.2,0,5,2023,2
2022,3,4,1.2,0,5,2023,3
2022,3,5,1.2,0,5,2023,4
2022,4,1,-0.376470588235294,-0.0588235294117647,5,2023,1
2022,4,2,-0.376470588235294,-0.0588235294117647,5,2023,2
2022,4,3,-0.376470588235294,-0.0588235294117647,5,2023,3
2022,4,4,-0.376470588235294,-0.0588235294117647,5,2023,4
2023,1,1,1,0,5,2023,2
2023,1,2,1,0,5,2023,3
2023,1,3,1,0,5,2023,4
2023,1,4,1,0,5,2024,1
2023,1,5,1,0,5,2024,2
2023,1,6,1,0,5,2024,3
2023,1,7,1,0,5,2024,4
2023,2,1,1,0,5,2023,3
2023,2,2,1,0,5,2023,4
2023,2,3,1,0,5,2024,1
2023,2,4,1,0,5,2024,2
2023,2,5,1,0,5,2024,3
2023,2,6,1,0,5,2024,4
2023,4,1,0.717647058823529,-0.0588235294117647,5,2024,1
2023,4,2,0.717647058823529,-0.0588235294117647,5,2024,2
2023,4,3,0.717647058823529,-0.0588235294117647,5,2024,3
2023,4,4,0.717647058823529,-0.0588235294117647,5,2024,4
2024,1,1,1.2,0,5,2024,2
2024,1,2,1.2,0,5,2024,3
2024,1,3,1.2,0,5,2024,4
2024,1,4,1.2,0,5,2025,1
2024,1,5,1.2,0,5,2025,2
2024,1,6,1.2,0,5,2025,3
2024,1,7,1.2,0,5,2025,4
2024,2,1,1.3,0,5,2024,3
2024,2,2,1.3,0,5,2024,4
2024,2,3,1.3,0,5,2025,1
2024,2,4,1.3,0,5,2025,2
2024,2,5,1.3,0,5,2025,3
2024,2,6,1.3,0,5,2025,4
2024,4,1,1.12352941176471,-0.0588235294117647,5,2025,1
2024,4,2,1.12352941176471,-0.0588235294117647,5,2025,2
2024,4,3,1.12352941176471,-0.0588235294117647,5,2025,3
2024,4,4,1.12352941176471,-0.0588235294117647,5,2025,4
2001,1,1,2.6,0,7,2001,2
2001,1,2,2.6,0,7,2001,3
2001,1,3,2.6,0,7,2001,4
2001,1,4,2.6,0,7,2002,1
2001,1,5,2.6,0,7,2002,2
2001,1,6,2.6,0,7,2002,3
2001,1,7,2.6,0,7,2002,4
2001,2,1,2.6,0,7,2001,3
2001,2,2,2.6,0,7,2001,4
2001,2,3,2.6,0,7,2002,1
2001,2,4,2.6,0,7,2002,2
2001,2,5,2.6,0,7,2002,3
2001,2,6,2.6,0,7,2002,4
2001,3,1,2.1,0,7,2001,4
2001,3,2,2.1,0,7,2002,1
2001,3,3,2.1,0,7,2002,2
2001,3,4,2.1,0,7,2002,3
2001,3,5,2.1,0,7,2002,4
2002,1,1,3,0,7,2002,2
2002,1,2,3,0,7,2002,3
2002,1,3,3,0,7,2002,4
2002,1,4,3,0,7,2003,1
2002,1,5,3,0,7,2003,2
2002,1,6,3,0,7,2003,3
2002,1,7,3,0,7,2003,4
2002,2,1,3.1,0,7,2002,3
2002,2,2,3.1,0,7,2002,4
2002,2,3,3.1,0,7,2003,1
2002,2,4,3.1,0,7,2003,2
2002,2,5,3.1,0,7,2003,3
2002,2,6,3.1,0,7,2003,4
2002,4,1,2.07058823529412,-0.0588235294117647,7,2003,1
2002,4,2,2.07058823529412,-0.0588235294117647,7,2003,2
2002,4,3,2.07058823529412,-0.0588235294117647,7,2003,3
2002,4,4,2.07058823529412,-0.0588235294117647,7,2003,4
2003,1,1,3,0,7,2003,2
2003,1,2,3,0,7,2003,3
2003,1,3,3,0,7,2003,4
2003,1,4,3,0,7,2004,1
2003,1,5,3,0,7,2004,2
2003,1,6,3,0,7,2004,3
2003,1,7,3,0,7,2004,4
2003,2,1,2.75,0,7,2003,3
2003,2,2,2.75,0,7,2003,4
2003,2,3,2.75,0,7,2004,1
2003,2,4,2.75,0,7,2004,2
2003,2,5,2.75,0,7,2004,3
2003,2,6,2.75,0,7,2004,4
2003,3,1,1.7,0,7,2003,4
2003,3,2,1.7,0,7,2004,1
2003,3,3,1.7,0,7,2004,2
2003,3,4,1.7,0,7,2004,3
2003,3,5,1.7,0,7,2004,4
2003,4,1,1.88235294117647,-0.0588235294117647,7,2004,1
2003,4,2,1.88235294117647,-0.0588235294117647,7,2004,2
2003,4,3,1.88235294117647,-0.0588235294117647,7,2004,3
2003,4,4,1.88235294117647,-0.0588235294117647,7,2004,4
2004,1,1,2.2,0,7,2004,2
2004,1,2,2.2,0,7,2004,3
2004,1,3,2.2,0,7,2004,4
2004,1,4,2.2,0,7,2005,1
2004,1,5,2.2,0,7,2005,2
2004,1,6,2.2,0,7,2005,3
2004,1,7,2.2,0,7,2005,4
2004,2,1,2.4,0,7,2004,3
2004,2,2,2.4,0,7,2004,4
2004,2,3,2.4,0,7,2005,1
2004,2,4,2.4,0,7,2005,2
2004,2,5,2.4,0,7,2005,3
2004,2,6,2.4,0,7,2005,4
2004,3,1,2.3,0,7,2004,4
2004,3,2,2.3,0,7,2005,1
2004,3,3,2.3,0,7,2005,2
2004,3,4,2.3,0,7,2005,3
2004,3,5,2.3,0,7,2005,4
2004,4,1,1.68235294117647,-0.0588235294117647,7,2005,1
2004,4,2,1.68235294117647,-0.0588235294117647,7,2005,2
2004,4,3,1.68235294117647,-0.0588235294117647,7,2005,3
2004,4,4,1.68235294117647,-0.0588235294117647,7,2005,4
2005,1,1,2.4,0,7,2005,2
2005,1,2,2.4,0,7,2005,3
2005,1,3,2.4,0,7,2005,4
2005,1,4,2.4,0,7,2006,1
2005,1,5,2.4,0,7,2006,2
2005,1,6,2.4,0,7,2006,3
2005,1,7,2.4,0,7,2006,4
2005,2,1,2.1,0,7,2005,3
2005,2,2,2.1,0,7,2005,4
2005,2,3,2.1,0,7,2006,1
2005,2,4,2.1,0,7,2006,2
2005,2,5,2.1,0,7,2006,3
2005,2,6,2.1,0,7,2006,4
2005,3,1,2.1,0,7,2005,4
2005,3,2,2.1,0,7,2006,1
2005,3,3,2.1,0,7,2006,2
2005,3,4,2.1,0,7,2006,3
2005,3,5,2.1,0,7,2006,4
2005,4,1,2.15294117647059,-0.0588235294117647,7,2006,1
2005,4,2,2.15294117647059,-0.0588235294117647,7,2006,2
2005,4,3,2.15294117647059,-0.0588235294117647,7,2006,3
2005,4,4,2.15294117647059,-0.0588235294117647,7,2006,4
2006,1,1,2.2,0,7,2006,2
2006,1,2,2.2,0,7,2006,3
2006,1,3,2.2,0,7,2006,4
2006,1,4,2.2,0,7,2007,1
2006,1,5,2.2,0,7,2007,2
2006,1,6,2.2,0,7,2007,3
2006,1,7,2.2,0,7,2007,4
2006,2,1,2.2,0,7,2006,3
2006,2,2,2.2,0,7,2006,4
2006,2,3,2.2,0,7,2007,1
2006,2,4,2.2,0,7,2007,2
2006,2,5,2.2,0,7,2007,3
2006,2,6,2.2,0,7,2007,4
2006,3,1,2.1,0,7,2006,4
2006,3,2,2.1,0,7,2007,1
2006,3,3,2.1,0,7,2007,2
2006,3,4,2.1,0,7,2007,3
2006,3,5,2.1,0,7,2007,4
2006,4,1,2.17647058823529,-0.0588235294117647,7,2007,1
2006,4,2,2.17647058823529,-0.0588235294117647,7,2007,2
2006,4,3,2.17647058823529,-0.0588235294117647,7,2007,3
2006,4,4,2.17647058823529,-0.0588235294117647,7,2007,4
2007,1,1,2,0,7,2007,2
2007,1,2,2,0,7,2007,3
2007,1,3,2,0,7,2007,4
2007,1,4,2,0,7,2008,1
2007,1,5,2,0,7,2008,2
2007,1,6,2,0,7,2008,3
2007,1,7,2,0,7,2008,4
2007,2,1,2.3,0,7,2007,3
2007,2,2,2.3,0,7,2007,4
2007,2,3,2.3,0,7,2008,1
2007,2,4,2.3,0,7,2008,2
2007,2,5,2.3,0,7,2008,3
2007,2,6,2.3,0,7,2008,4
2007,3,1,2.4,0,7,2007,4
2007,3,2,2.4,0,7,2008,1
2007,3,3,2.4,0,7,2008,2
2007,3,4,2.4,0,7,2008,3
2007,3,5,2.4,0,7,2008,4
2007,4,1,2.6,-0.0588235294117647,7,2008,1
2007,4,2,2.6,-0.0588235294117647,7,2008,2
2007,4,3,2.6,-0.0588235294117647,7,2008,3
2007,4,4,2.6,-0.0588235294117647,7,2008,4
2008,1,1,1.9,0,7,2008,2
2008,1,2,1.9,0,7,2008,3
2008,1,3,1.9,0,7,2008,4
2008,1,4,1.9,0,7,2009,1
2008,1,5,1.9,0,7,2009,2
2008,1,6,1.9,0,7,2009,3
2008,1,7,1.9,0,7,2009,4
2008,2,1,1.4,0,7,2008,3
2008,2,2,1.4,0,7,2008,4
2008,2,3,1.4,0,7,2009,1
2008,2,4,1.4,0,7,2009,2
2008,2,5,1.4,0,7,2009,3
2008,2,6,1.4,0,7,2009,4
2008,3,1,1.1,0,7,2008,4
2008,3,2,1.1,0,7,2009,1
2008,3,3,1.1,0,7,2009,2
2008,3,4,1.1,0,7,2009,3
2008,3,5,1.1,0,7,2009,4
2008,4,1,-0.494117647058824,-0.0588235294117647,7,2009,1
2008,4,2,-0.494117647058824,-0.0588235294117647,7,2009,2
2008,4,3,-0.494117647058824,-0.0588235294117647,7,2009,3
2008,4,4,-0.494117647058824,-0.0588235294117647,7,2009,4
2009,1,1,0.6,0,7,2009,2
2009,1,2,0.6,0,7,2009,3
2009,1,3,0.6,0,7,2009,4
2009,1,4,0.6,0,7,2010,1
2009,1,5,0.6,0,7,2010,2
2009,1,6,0.6,0,7,2010,3
2009,1,7,0.6,0,7,2010,4
2009,2,1,-0.3,0,7,2009,3
2009,2,2,-0.3,0,7,2009,4
2009,2,3,-0.3,0,7,2010,1
2009,2,4,-0.3,0,7,2010,2
2009,2,5,-0.3,0,7,2010,3
2009,2,6,-0.3,0,7,2010,4
2009,3,1,-0.2,0,7,2009,4
2009,3,2,-0.2,0,7,2010,1
2009,3,3,-0.2,0,7,2010,2
2009,3,4,-0.2,0,7,2010,3
2009,3,5,-0.2,0,7,2010,4
2009,4,1,1.18823529411765,-0.0588235294117647,7,2010,1
2009,4,2,1.18823529411765,-0.0588235294117647,7,2010,2
2009,4,3,1.18823529411765,-0.0588235294117647,7,2010,3
2009,4,4,1.18823529411765,-0.0588235294117647,7,2010,4
2010,1,1,1.7,0,7,2010,2
2010,1,2,1.7,0,7,2010,3
2010,1,3,1.7,0,7,2010,4
2010,1,4,1.7,0,7,2011,1
2010,1,5,1.7,0,7,2011,2
2010,1,6,1.7,0,7,2011,3
2010,1,7,1.7,0,7,2011,4
2010,2,1,1.6,0,7,2010,3
2010,2,2,1.6,0,7,2010,4
2010,2,3,1.6,0,7,2011,1
2010,2,4,1.6,0,7,2011,2
2010,2,5,1.6,0,7,2011,3
2010,2,6,1.6,0,7,2011,4
2010,3,1,1.4,0,7,2010,4
2010,3,2,1.4,0,7,2011,1
2010,3,3,1.4,0,7,2011,2
2010,3,4,1.4,0,7,2011,3
2010,3,5,1.4,0,7,2011,4
2010,4,1,1.38235294117647,-0.0588235294117647,7,2011,1
2010,4,2,1.38235294117647,-0.0588235294117647,7,2011,2
2010,4,3,1.38235294117647,-0.0588235294117647,7,2011,3
2010,4,4,1.38235294117647,-0.0588235294117647,7,2011,4
2011,1,1,1.8,0,7,2011,2
2011,1,2,1.8,0,7,2011,3
2011,1,3,1.8,0,7,2011,4
2011,1,4,1.8,0,7,2012,1
2011,1,5,1.8,0,7,2012,2
2011,1,6,1.8,0,7,2012,3
2011,1,7,1.8,0,7,2012,4
2011,2,1,1.6,0,7,2011,3
2011,2,2,1.6,0,7,2011,4
2011,2,3,1.6,0,7,2012,1
2011,2,4,1.6,0,7,2012,2
2011,2,5,1.6,0,7,2012,3
2011,2,6,1.6,0,7,2012,4
2011,3,1,1.5,0,7,2011,4
2011,3,2,1.5,0,7,2012,1
2011,3,3,1.5,0,7,2012,2
2011,3,4,1.5,0,7,2012,3
2011,3,5,1.5,0,7,2012,4
2011,4,1,0.958823529411765,-0.0588235294117647,7,2012,1
2011,4,2,0.958823529411765,-0.0588235294117647,7,2012,2
2011,4,3,0.958823529411765,-0.0588235294117647,7,2012,3
2011,4,4,0.958823529411765,-0.0588235294117647,7,2012,4
2012,1,1,1,0,7,2012,2
2012,1,2,1,0,7,2012,3
2012,1,3,1,0,7,2012,4
2012,1,4,1,0,7,2013,1
2012,1,5,1,0,7,2013,2
2012,1,6,1,0,7,2013,3
2012,1,7,1,0,7,2013,4
2012,2,1,1.1,0,7,2012,3
2012,2,2,1.1,0,7,2012,4
2012,2,3,1.1,0,7,2013,1
2012,2,4,1.1,0,7,2013,2
2012,2,5,1.1,0,7,2013,3
2012,2,6,1.1,0,7,2013,4
2012,3,1,0.6,0,7,2012,4
2012,3,2,0.6,0,7,2013,1
2012,3,3,0.6,0,7,2013,2
2012,3,4,0.6,0,7,2013,3
2012,3,5,0.6,0,7,2013,4
2012,4,1,0.135294117647059,-0.0588235294117647,7,2013,1
2012,4,2,0.135294117647059,-0.0588235294117647,7,2013,2
2012,4,3,0.135294117647059,-0.0588235294117647,7,2013,3
2012,4,4,0.135294117647059,-0.0588235294117647,7,2013,4
2013,1,1,1.2,0,7,2013,2
2013,1,2,1.2,0,7,2013,3
2013,1,3,1.2,0,7,2013,4
2013,1,4,1.2,0,7,2014,1
2013,1,5,1.2,0,7,2014,2
2013,1,6,1.2,0,7,2014,3
2013,1,7,1.2,0,7,2014,4
2013,2,1,1,0,7,2013,3
2013,2,2,1,0,7,2013,4
2013,2,3,1,0,7,2014,1
2013,2,4,1,0,7,2014,2
2013,2,5,1,0,7,2014,3
2013,2,6,1,0,7,2014,4
2013,3,1,0.8,0,7,2013,4
2013,3,2,0.8,0,7,2014,1
2013,3,3,0.8,0,7,2014,2
2013,3,4,0.8,0,7,2014,3
2013,3,5,0.8,0,7,2014,4
2013,4,1,1.08823529411765,-0.0588235294117647,7,2014,1
2013,4,2,1.08823529411765,-0.0588235294117647,7,2014,2
2013,4,3,1.08823529411765,-0.0588235294117647,7,2014,3
2013,4,4,1.08823529411765,-0.0588235294117647,7,2014,4
2014,3,1,1.7,0,7,2014,4
2014,3,2,1.7,0,7,2015,1
2014,3,3,1.7,0,7,2015,2
2014,3,4,1.7,0,7,2015,3
2014,3,5,1.7,0,7,2015,4
2014,4,1,1.62941176470588,-0.0588235294117647,7,2015,1
2014,4,2,1.62941176470588,-0.0588235294117647,7,2015,2
2014,4,3,1.62941176470588,-0.0588235294117647,7,2015,3
2014,4,4,1.62941176470588,-0.0588235294117647,7,2015,4
2015,1,1,1.7,0,7,2015,2
2015,1,2,1.7,0,7,2015,3
2015,1,3,1.7,0,7,2015,4
2015,1,4,1.7,0,7,2016,1
2015,1,5,1.7,0,7,2016,2
2015,1,6,1.7,0,7,2016,3
2015,1,7,1.7,0,7,2016,4
2015,2,1,1.8,0,7,2015,3
2015,2,2,1.8,0,7,2015,4
2015,2,3,1.8,0,7,2016,1
2015,2,4,1.8,0,7,2016,2
2015,2,5,1.8,0,7,2016,3
2015,2,6,1.8,0,7,2016,4
2015,3,1,2,0,7,2015,4
2015,3,2,2,0,7,2016,1
2015,3,3,2,0,7,2016,2
2015,3,4,2,0,7,2016,3
2015,3,5,2,0,7,2016,4
2015,4,1,1.93529411764706,-0.0588235294117647,7,2016,1
2015,4,2,1.93529411764706,-0.0588235294117647,7,2016,2
2015,4,3,1.93529411764706,-0.0588235294117647,7,2016,3
2015,4,4,1.93529411764706,-0.0588235294117647,7,2016,4
2016,1,1,1.9,0,7,2016,2
2016,1,2,1.9,0,7,2016,3
2016,1,3,1.9,0,7,2016,4
2016,1,4,1.9,0,7,2017,1
2016,1,5,1.9,0,7,2017,2
2016,1,6,1.9,0,7,2017,3
2016,1,7,1.9,0,7,2017,4
2016,2,1,1.7,0,7,2016,3
2016,2,2,1.7,0,7,2016,4
2016,2,3,1.7,0,7,2017,1
2016,2,4,1.7,0,7,2017,2
2016,2,5,1.7,0,7,2017,3
2016,2,6,1.7,0,7,2017,4
2016,3,1,1.7,0,7,2016,4
2016,3,2,1.7,0,7,2017,1
2016,3,3,1.7,0,7,2017,2
2016,3,4,1.7,0,7,2017,3
2016,3,5,1.7,0,7,2017,4
2016,4,1,1.49411764705882,-0.0588235294117647,7,2017,1
2016,4,2,1.49411764705882,-0.0588235294117647,7,2017,2
2016,4,3,1.49411764705882,-0.0588235294117647,7,2017,3
2016,4,4,1.49411764705882,-0.0588235294117647,7,2017,4
2017,1,1,1.6,0,7,2017,2
2017,1,2,1.6,0,7,2017,3
2017,1,3,1.6,0,7,2017,4
2017,1,4,1.6,0,7,2018,1
2017,1,5,1.6,0,7,2018,2
2017,1,6,1.6,0,7,2018,3
2017,1,7,1.6,0,7,2018,4
2017,2,1,1.7,0,7,2017,3
2017,2,2,1.7,0,7,2017,4
2017,2,3,1.7,0,7,2018,1
2017,2,4,1.7,0,7,2018,2
2017,2,5,1.7,0,7,2018,3
2017,2,6,1.7,0,7,2018,4
2017,3,1,1.7,0,7,2017,4
2017,3,2,1.7,0,7,2018,1
2017,3,3,1.7,0,7,2018,2
2017,3,4,1.7,0,7,2018,3
2017,3,5,1.7,0,7,2018,4
2017,4,1,1.78823529411765,-0.0588235294117647,7,2018,1
2017,4,2,1.78823529411765,-0.0588235294117647,7,2018,2
2017,4,3,1.78823529411765,-0.0588235294117647,7,2018,3
2017,4,4,1.78823529411765,-0.0588235294117647,7,2018,4
2018,2,1,2.2,0,7,2018,3
2018,2,2,2.2,0,7,2018,4
2018,2,3,2.2,0,7,2019,1
2018,2,4,2.2,0,7,2019,2
2018,2,5,2.2,0,7,2019,3
2018,2,6,2.2,0,7,2019,4
2018,3,1,2.1,0,7,2018,4
2018,3,2,2.1,0,7,2019,1
2018,3,3,2.1,0,7,2019,2
2018,3,4,2.1,0,7,2019,3
2018,3,5,2.1,0,7,2019,4
2018,4,1,1.88823529411765,-0.0588235294117647,7,2019,1
2018,4,2,1.88823529411765,-0.0588235294117647,7,2019,2
2018,4,3,1.88823529411765,-0.0588235294117647,7,2019,3
2018,4,4,1.88823529411765,-0.0588235294117647,7,2019,4
2019,2,1,1.4432723945,0,7,2019,3
2019,2,2,1.4432723945,0,7,2019,4
2019,2,3,1.4432723945,0,7,2020,1
2019,2,4,1.4432723945,0,7,2020,2
2019,2,5,1.4432723945,0,7,2020,3
2019,2,6,1.4432723945,0,7,2020,4
2019,3,1,1.4019509571,0,7,2019,4
2019,3,2,1.4019509571,0,7,2020,1
2019,3,3,1.4019509571,0,7,2020,2
2019,3,4,1.4019509571,0,7,2020,3
2019,3,5,1.4019509571,0,7,2020,4
2019,4,1,1.17702277192941,-0.0588235294117647,7,2020,1
2019,4,2,1.17702277192941,-0.0588235294117647,7,2020,2
2019,4,3,1.17702277192941,-0.0588235294117647,7,2020,3
2019,4,4,1.17702277192941,-0.0588235294117647,7,2020,4
2020,3,1,7.1,0,7,2020,4
2020,3,2,7.1,0,7,2021,1
2020,3,3,7.1,0,7,2021,2
2020,3,4,7.1,0,7,2021,3
2020,3,5,7.1,0,7,2021,4
2020,4,1,7.373,-0.0588235294117647,7,2021,1
2020,4,2,7.373,-0.0588235294117647,7,2021,2
2020,4,3,7.373,-0.0588235294117647,7,2021,3
2020,4,4,7.373,-0.0588235294117647,7,2021,4
2021,1,1,3.1747963507,0,7,2021,2
2021,1,2,3.1747963507,0,7,2021,3
2021,1,3,3.1747963507,0,7,2021,4
2021,1,4,3.1747963507,0,7,2022,1
2021,1,5,3.1747963507,0,7,2022,2
2021,1,6,3.1747963507,0,7,2022,3
2021,1,7,3.1747963507,0,7,2022,4
2021,2,1,4.0041241372,0,7,2021,3
2021,2,2,4.0041241372,0,7,2021,4
2021,2,3,4.0041241372,0,7,2022,1
2021,2,4,4.0041241372,0,7,2022,2
2021,2,5,4.0041241372,0,7,2022,3
2021,2,6,4.0041241372,0,7,2022,4
2021,3,1,4.3,0,7,2021,4
2021,3,2,4.3,0,7,2022,1
2021,3,3,4.3,0,7,2022,2
2021,3,4,4.3,0,7,2022,3
2021,3,5,4.3,0,7,2022,4
2021,4,1,4.28336588235294,-0.0588235294117647,7,2022,1
2021,4,2,4.28336588235294,-0.0588235294117647,7,2022,2
2021,4,3,4.28336588235294,-0.0588235294117647,7,2022,3
2021,4,4,4.28336588235294,-0.0588235294117647,7,2022,4
2022,1,1,1.6142764755,0,7,2022,2
2022,1,2,1.6142764755,0,7,2022,3
2022,1,3,1.6142764755,0,7,2022,4
2022,1,4,1.6142764755,0,7,2023,1
2022,1,5,1.6142764755,0,7,2023,2
2022,1,6,1.6142764755,0,7,2023,3
2022,1,7,1.6142764755,0,7,2023,4
2022,2,1,2.3925227678,0,7,2022,3
2022,2,2,2.3925227678,0,7,2022,4
2022,2,3,2.3925227678,0,7,2023,1
2022,2,4,2.3925227678,0,7,2023,2
2022,2,5,2.3925227678,0,7,2023,3
2022,2,6,2.3925227678,0,7,2023,4
2022,3,1,2.3925227678,0,7,2022,4
2022,3,2,2.3925227678,0,7,2023,1
2022,3,3,2.3925227678,0,7,2023,2
2022,3,4,2.3925227678,0,7,2023,3
2022,3,5,2.3925227678,0,7,2023,4
2022,4,1,1.18823529411765,-0.0588235294117647,7,2023,1
2022,4,2,1.18823529411765,-0.0588235294117647,7,2023,2
2022,4,3,1.18823529411765,-0.0588235294117647,7,2023,3
2022,4,4,1.18823529411765,-0.0588235294117647,7,2023,4
2023,2,1,0.8,0,7,2023,3
2023,2,2,0.8,0,7,2023,4
2023,2,3,0.8,0,7,2024,1
2023,2,4,0.8,0,7,2024,2
2023,2,5,0.8,0,7,2024,3
2023,2,6,0.8,0,7,2024,4
2023,3,1,1.5,0,7,2023,4
2023,3,2,1.5,0,7,2024,1
2023,3,3,1.5,0,7,2024,2
2023,3,4,1.5,0,7,2024,3
2023,3,5,1.5,0,7,2024,4
2023,4,1,1.34705882352941,-0.0588235294117647,7,2024,1
2023,4,2,1.34705882352941,-0.0588235294117647,7,2024,2
2023,4,3,1.34705882352941,-0.0588235294117647,7,2024,3
2023,4,4,1.34705882352941,-0.0588235294117647,7,2024,4
2024,1,1,1.3,0,7,2024,2
2024,1,2,1.3,0,7,2024,3
2024,1,3,1.3,0,7,2024,4
2024,1,4,1.3,0,7,2025,1
2024,1,5,1.3,0,7,2025,2
2024,1,6,1.3,0,7,2025,3
2024,1,7,1.3,0,7,2025,4
2024,2,1,1.6,0,7,2024,3
2024,2,2,1.6,0,7,2024,4
2024,2,3,1.6,0,7,2025,1
2024,2,4,1.6,0,7,2025,2
2024,2,5,1.6,0,7,2025,3
2024,2,6,1.6,0,7,2025,4
2024,3,1,1.6,0,7,2024,4
2024,3,2,1.6,0,7,2025,1
2024,3,3,1.6,0,7,2025,2
2024,3,4,1.6,0,7,2025,3
2024,3,5,1.6,0,7,2025,4
2024,4,1,1.53529411764706,-0.0588235294117647,7,2025,1
2024,4,2,1.53529411764706,-0.0588235294117647,7,2025,2
2024,4,3,1.53529411764706,-0.0588235294117647,7,2025,3
2024,4,4,1.53529411764706,-0.0588235294117647,7,2025,4
2001,1,1,2.8,0,9,2001,2
2001,1,2,2.8,0,9,2001,3
2001,1,3,2.8,0,9,2001,4
2001,1,4,2.8,0,9,2002,1
2001,1,5,2.8,0,9,2002,2
2001,1,6,2.8,0,9,2002,3
2001,1,7,2.8,0,9,2002,4
2001,2,1,2.8,0,9,2001,3
2001,2,2,2.8,0,9,2001,4
2001,2,3,2.8,0,9,2002,1
2001,2,4,2.8,0,9,2002,2
2001,2,5,2.8,0,9,2002,3
2001,2,6,2.8,0,9,2002,4
2001,4,1,1.61176470588235,-0.0588235294117647,9,2002,1
2001,4,2,1.61176470588235,-0.0588235294117647,9,2002,2
2001,4,3,1.61176470588235,-0.0588235294117647,9,2002,3
2001,4,4,1.61176470588235,-0.0588235294117647,9,2002,4
2002,2,1,2.2,0,9,2002,3
2002,2,2,2.2,0,9,2002,4
2002,2,3,2.2,0,9,2003,1
2002,2,4,2.2,0,9,2003,2
2002,2,5,2.2,0,9,2003,3
2002,2,6,2.2,0,9,2003,4
2002,3,1,2.2,0,9,2002,4
2002,3,2,2.2,0,9,2003,1
2002,3,3,2.2,0,9,2003,2
2002,3,4,2.2,0,9,2003,3
2002,3,5,2.2,0,9,2003,4
2003,2,1,2.2,0,9,2003,3
2003,2,2,2.2,0,9,2003,4
2003,2,3,2.2,0,9,2004,1
2003,2,4,2.2,0,9,2004,2
2003,2,5,2.2,0,9,2004,3
2003,2,6,2.2,0,9,2004,4
2003,3,1,1.8,0,9,2003,4
2003,3,2,1.8,0,9,2004,1
2003,3,3,1.8,0,9,2004,2
2003,3,4,1.8,0,9,2004,3
2003,3,5,1.8,0,9,2004,4
2004,1,1,2.3,0,9,2004,2
2004,1,2,2.3,0,9,2004,3
2004,1,3,2.3,0,9,2004,4
2004,1,4,2.3,0,9,2005,1
2004,1,5,2.3,0,9,2005,2
2004,1,6,2.3,0,9,2005,3
2004,1,7,2.3,0,9,2005,4
2004,2,1,2.1,0,9,2004,3
2004,2,2,2.1,0,9,2004,4
2004,2,3,2.1,0,9,2005,1
2004,2,4,2.1,0,9,2005,2
2004,2,5,2.1,0,9,2005,3
2004,2,6,2.1,0,9,2005,4
2004,3,1,2.2,0,9,2004,4
2004,3,2,2.2,0,9,2005,1
2004,3,3,2.2,0,9,2005,2
2004,3,4,2.2,0,9,2005,3
2004,3,5,2.2,0,9,2005,4
2004,4,1,2.20588235294118,-0.0588235294117647,9,2005,1
2004,4,2,2.20588235294118,-0.0588235294117647,9,2005,2
2004,4,3,2.20588235294118,-0.0588235294117647,9,2005,3
2004,4,4,2.20588235294118,-0.0588235294117647,9,2005,4
2005,1,1,2.2,0,9,2005,2
2005,1,2,2.2,0,9,2005,3
2005,1,3,2.2,0,9,2005,4
2005,1,4,2.2,0,9,2006,1
2005,1,5,2.2,0,9,2006,2
2005,1,6,2.2,0,9,2006,3
2005,1,7,2.2,0,9,2006,4
2005,2,1,2.2,0,9,2005,3
2005,2,2,2.2,0,9,2005,4
2005,2,3,2.2,0,9,2006,1
2005,2,4,2.2,0,9,2006,2
2005,2,5,2.2,0,9,2006,3
2005,2,6,2.2,0,9,2006,4
2005,3,1,2.2,0,9,2005,4
2005,3,2,2.2,0,9,2006,1
2005,3,3,2.2,0,9,2006,2
2005,3,4,2.2,0,9,2006,3
2005,3,5,2.2,0,9,2006,4
2005,4,1,2.02941176470588,-0.0588235294117647,9,2006,1
2005,4,2,2.02941176470588,-0.0588235294117647,9,2006,2
2005,4,3,2.02941176470588,-0.0588235294117647,9,2006,3
2005,4,4,2.02941176470588,-0.0588235294117647,9,2006,4
2006,2,1,2.25,0,9,2006,3
2006,2,2,2.25,0,9,2006,4
2006,2,3,2.25,0,9,2007,1
2006,2,4,2.25,0,9,2007,2
2006,2,5,2.25,0,9,2007,3
2006,2,6,2.25,0,9,2007,4
2006,3,1,1.9,0,9,2006,4
2006,3,2,1.9,0,9,2007,1
2006,3,3,1.9,0,9,2007,2
2006,3,4,1.9,0,9,2007,3
2006,3,5,1.9,0,9,2007,4
2006,4,1,2.23529411764706,-0.0588235294117647,9,2007,1
2006,4,2,2.23529411764706,-0.0588235294117647,9,2007,2
2006,4,3,2.23529411764706,-0.0588235294117647,9,2007,3
2006,4,4,2.23529411764706,-0.0588235294117647,9,2007,4
2007,3,1,2.25,0,9,2007,4
2007,3,2,2.25,0,9,2008,1
2007,3,3,2.25,0,9,2008,2
2007,3,4,2.25,0,9,2008,3
2007,3,5,2.25,0,9,2008,4
2007,4,1,2.22058823529412,-0.0588235294117647,9,2008,1
2007,4,2,2.22058823529412,-0.0588235294117647,9,2008,2
2007,4,3,2.22058823529412,-0.0588235294117647,9,2008,3
2007,4,4,2.22058823529412,-0.0588235294117647,9,2008,4
2001,1,1,3.2,0,10,2001,2
2001,1,2,3.2,0,10,2001,3
2001,1,3,3.2,0,10,2001,4
2001,1,4,3.2,0,10,2002,1
2001,1,5,3.2,0,10,2002,2
2001,1,6,3.2,0,10,2002,3
2001,1,7,3.2,0,10,2002,4
2001,2,1,3,0,10,2001,3
2001,2,2,3,0,10,2001,4
2001,2,3,3,0,10,2002,1
2001,2,4,3,0,10,2002,2
2001,2,5,3,0,10,2002,3
2001,2,6,3,0,10,2002,4
2001,3,1,2.7,0,10,2001,4
2001,3,2,2.7,0,10,2002,1
2001,3,3,2.7,0,10,2002,2
2001,3,4,2.7,0,10,2002,3
2001,3,5,2.7,0,10,2002,4
2001,4,1,1.7,-0.0588235294117647,10,2002,1
2001,4,2,1.7,-0.0588235294117647,10,2002,2
2001,4,3,1.7,-0.0588235294117647,10,2002,3
2001,4,4,1.7,-0.0588235294117647,10,2002,4
2002,1,1,2.5,0,10,2002,2
2002,1,2,2.5,0,10,2002,3
2002,1,3,2.5,0,10,2002,4
2002,1,4,2.5,0,10,2003,1
2002,1,5,2.5,0,10,2003,2
2002,1,6,2.5,0,10,2003,3
2002,1,7,2.5,0,10,2003,4
2002,2,1,2.6,0,10,2002,3
2002,2,2,2.6,0,10,2002,4
2002,2,3,2.6,0,10,2003,1
2002,2,4,2.6,0,10,2003,2
2002,2,5,2.6,0,10,2003,3
2002,2,6,2.6,0,10,2003,4
2002,3,1,2.62929253,0,10,2002,4
2002,3,2,2.62929253,0,10,2003,1
2002,3,3,2.62929253,0,10,2003,2
2002,3,4,2.62929253,0,10,2003,3
2002,3,5,2.62929253,0,10,2003,4
2002,4,1,1.85598543470588,-0.0588235294117647,10,2003,1
2002,4,2,1.85598543470588,-0.0588235294117647,10,2003,2
2002,4,3,1.85598543470588,-0.0588235294117647,10,2003,3
2002,4,4,1.85598543470588,-0.0588235294117647,10,2003,4
2003,1,1,2.27777976,0,10,2003,2
2003,1,2,2.27777976,0,10,2003,3
2003,1,3,2.27777976,0,10,2003,4
2003,1,4,2.27777976,0,10,2004,1
2003,1,5,2.27777976,0,10,2004,2
2003,1,6,2.27777976,0,10,2004,3
2003,1,7,2.27777976,0,10,2004,4
2003,3,1,1.74347999,0,10,2003,4
2003,3,2,1.74347999,0,10,2004,1
2003,3,3,1.74347999,0,10,2004,2
2003,3,4,1.74347999,0,10,2004,3
2003,3,5,1.74347999,0,10,2004,4
2003,4,1,1.77414559705882,-0.0588235294117647,10,2004,1
2003,4,2,1.77414559705882,-0.0588235294117647,10,2004,2
2003,4,3,1.77414559705882,-0.0588235294117647,10,2004,3
2003,4,4,1.77414559705882,-0.0588235294117647,10,2004,4
2004,2,1,2.29374995,0,10,2004,3
2004,2,2,2.29374995,0,10,2004,4
2004,2,3,2.29374995,0,10,2005,1
2004,2,4,2.29374995,0,10,2005,2
2004,2,5,2.29374995,0,10,2005,3
2004,2,6,2.29374995,0,10,2005,4
2004,4,1,2.09299154235294,-0.0588235294117647,10,2005,1
2004,4,2,2.09299154235294,-0.0588235294117647,10,2005,2
2004,4,3,2.09299154235294,-0.0588235294117647,10,2005,3
2004,4,4,2.09299154235294,-0.0588235294117647,10,2005,4
2005,1,1,2.1915406,0,10,2005,2
2005,1,2,2.1915406,0,10,2005,3
2005,1,3,2.1915406,0,10,2005,4
2005,1,4,2.1915406,0,10,2006,1
2005,1,5,2.1915406,0,10,2006,2
2005,1,6,2.1915406,0,10,2006,3
2005,1,7,2.1915406,0,10,2006,4
2006,1,1,1.74434457,0,10,2006,2
2006,1,2,1.74434457,0,10,2006,3
2006,1,3,1.74434457,0,10,2006,4
2006,1,4,1.74434457,0,10,2007,1
2006,1,5,1.74434457,0,10,2007,2
2006,1,6,1.74434457,0,10,2007,3
2006,1,7,1.74434457,0,10,2007,4
2006,2,1,1.95607659283504,0,10,2006,3
2006,2,2,1.95607659283504,0,10,2006,4
2006,2,3,1.95607659283504,0,10,2007,1
2006,2,4,1.95607659283504,0,10,2007,2
2006,2,5,1.95607659283504,0,10,2007,3
2006,2,6,1.95607659283504,0,10,2007,4
2006,3,1,1.93654413601441,0,10,2006,4
2006,3,2,1.93654413601441,0,10,2007,1
2006,3,3,1.93654413601441,0,10,2007,2
2006,3,4,1.93654413601441,0,10,2007,3
2006,3,5,1.93654413601441,0,10,2007,4
2006,4,1,2.11997143214752,-0.0588235294117647,10,2007,1
2006,4,2,2.11997143214752,-0.0588235294117647,10,2007,2
2006,4,3,2.11997143214752,-0.0588235294117647,10,2007,3
2006,4,4,2.11997143214752,-0.0588235294117647,10,2007,4
2007,1,1,2.3,0,10,2007,2
2007,1,2,2.3,0,10,2007,3
2007,1,3,2.3,0,10,2007,4
2007,1,4,2.3,0,10,2008,1
2007,1,5,2.3,0,10,2008,2
2007,1,6,2.3,0,10,2008,3
2007,1,7,2.3,0,10,2008,4
2007,2,1,2.31537388701642,0,10,2007,3
2007,2,2,2.31537388701642,0,10,2007,4
2007,2,3,2.31537388701642,0,10,2008,1
2007,2,4,2.31537388701642,0,10,2008,2
2007,2,5,2.31537388701642,0,10,2008,3
2007,2,6,2.31537388701642,0,10,2008,4
2007,3,1,2.4,0,10,2007,4
2007,3,2,2.4,0,10,2008,1
2007,3,3,2.4,0,10,2008,2
2007,3,4,2.4,0,10,2008,3
2007,3,5,2.4,0,10,2008,4
2007,4,1,2.10326308567688,-0.0588235294117647,10,2008,1
2007,4,2,2.10326308567688,-0.0588235294117647,10,2008,2
2007,4,3,2.10326308567688,-0.0588235294117647,10,2008,3
2007,4,4,2.10326308567688,-0.0588235294117647,10,2008,4
2008,2,1,1.375,0,10,2008,3
2008,2,2,1.375,0,10,2008,4
2008,2,3,1.375,0,10,2009,1
2008,2,4,1.375,0,10,2009,2
2008,2,5,1.375,0,10,2009,3
2008,2,6,1.375,0,10,2009,4
2008,3,1,1.5,0,10,2008,4
2008,3,2,1.5,0,10,2009,1
2008,3,3,1.5,0,10,2009,2
2008,3,4,1.5,0,10,2009,3
2008,3,5,1.5,0,10,2009,4
2008,4,1,0.278391888166682,-0.0588235294117647,10,2009,1
2008,4,2,0.278391888166682,-0.0588235294117647,10,2009,2
2008,4,3,0.278391888166682,-0.0588235294117647,10,2009,3
2008,4,4,0.278391888166682,-0.0588235294117647,10,2009,4
2009,1,1,0.4,0,10,2009,2
2009,1,2,0.4,0,10,2009,3
2009,1,3,0.4,0,10,2009,4
2009,1,4,0.4,0,10,2010,1
2009,1,5,0.4,0,10,2010,2
2009,1,6,0.4,0,10,2010,3
2009,1,7,0.4,0,10,2010,4
2009,2,1,-0.26142654,0,10,2009,3
2009,2,2,-0.26142654,0,10,2009,4
2009,2,3,-0.26142654,0,10,2010,1
2009,2,4,-0.26142654,0,10,2010,2
2009,2,5,-0.26142654,0,10,2010,3
2009,2,6,-0.26142654,0,10,2010,4
2009,4,1,1.83342352941176,-0.0588235294117647,10,2010,1
2009,4,2,1.83342352941176,-0.0588235294117647,10,2010,2
2009,4,3,1.83342352941176,-0.0588235294117647,10,2010,3
2009,4,4,1.83342352941176,-0.0588235294117647,10,2010,4
2010,1,1,1.493,0,10,2010,2
2010,1,2,1.493,0,10,2010,3
2010,1,3,1.493,0,10,2010,4
2010,1,4,1.493,0,10,2011,1
2010,1,5,1.493,0,10,2011,2
2010,1,6,1.493,0,10,2011,3
2010,1,7,1.493,0,10,2011,4
2010,2,1,1.45788,0,10,2010,3
2010,2,2,1.45788,0,10,2010,4
2010,2,3,1.45788,0,10,2011,1
2010,2,4,1.45788,0,10,2011,2
2010,2,5,1.45788,0,10,2011,3
2010,2,6,1.45788,0,10,2011,4
2010,3,1,1.4,0,10,2010,4
2010,3,2,1.4,0,10,2011,1
2010,3,3,1.4,0,10,2011,2
2010,3,4,1.4,0,10,2011,3
2010,3,5,1.4,0,10,2011,4
2016,3,1,1,0,10,2016,4
2016,3,2,1,0,10,2017,1
2016,3,3,1,0,10,2017,2
2016,3,4,1,0,10,2017,3
2016,3,5,1,0,10,2017,4
2017,1,1,1.8,0,10,2017,2
2017,1,2,1.8,0,10,2017,3
2017,1,3,1.8,0,10,2017,4
2017,1,4,1.8,0,10,2018,1
2017,1,5,1.8,0,10,2018,2
2017,1,6,1.8,0,10,2018,3
2017,1,7,1.8,0,10,2018,4
2017,3,1,1.8,0,10,2017,4
2017,3,2,1.8,0,10,2018,1
2017,3,3,1.8,0,10,2018,2
2017,3,4,1.8,0,10,2018,3
2017,3,5,1.8,0,10,2018,4
2018,3,1,2.1,0,10,2018,4
2018,3,2,2.1,0,10,2019,1
2018,3,3,2.1,0,10,2019,2
2018,3,4,2.1,0,10,2019,3
2018,3,5,2.1,0,10,2019,4
2019,1,1,1.3,0,10,2019,2
2019,1,2,1.3,0,10,2019,3
2019,1,3,1.3,0,10,2019,4
2019,1,4,1.3,0,10,2020,1
2019,1,5,1.3,0,10,2020,2
2019,1,6,1.3,0,10,2020,3
2019,1,7,1.3,0,10,2020,4
2019,3,1,0.9,0,10,2019,4
2019,3,2,0.9,0,10,2020,1
2019,3,3,0.9,0,10,2020,2
2019,3,4,0.9,0,10,2020,3
2019,3,5,0.9,0,10,2020,4
2019,4,1,0.582352941176471,-0.0588235294117647,10,2020,1
2019,4,2,0.582352941176471,-0.0588235294117647,10,2020,2
2019,4,3,0.582352941176471,-0.0588235294117647,10,2020,3
2019,4,4,0.582352941176471,-0.0588235294117647,10,2020,4
2020,1,1,1.3,0,10,2020,2
2020,1,2,1.3,0,10,2020,3
2020,1,3,1.3,0,10,2020,4
2020,1,4,1.3,0,10,2021,1
2020,1,5,1.3,0,10,2021,2
2020,1,6,1.3,0,10,2021,3
2020,1,7,1.3,0,10,2021,4
2020,4,1,4.45882352941177,-0.0588235294117647,10,2021,1
2020,4,2,4.45882352941177,-0.0588235294117647,10,2021,2
2020,4,3,4.45882352941177,-0.0588235294117647,10,2021,3
2020,4,4,4.45882352941177,-0.0588235294117647,10,2021,4
2022,2,1,2.2,0,10,2022,3
2022,2,2,2.2,0,10,2022,4
2022,2,3,2.2,0,10,2023,1
2022,2,4,2.2,0,10,2023,2
2022,2,5,2.2,0,10,2023,3
2022,2,6,2.2,0,10,2023,4
2001,1,1,3.3,0,11,2001,2
2001,1,2,3.3,0,11,2001,3
2001,1,3,3.3,0,11,2001,4
2001,1,4,3.3,0,11,2002,1
2001,1,5,3.3,0,11,2002,2
2001,1,6,3.3,0,11,2002,3
2001,1,7,3.3,0,11,2002,4
2001,2,1,3,0,11,2001,3
2001,2,2,3,0,11,2001,4
2001,2,3,3,0,11,2002,1
2001,2,4,3,0,11,2002,2
2001,2,5,3,0,11,2002,3
2001,2,6,3,0,11,2002,4
2001,3,1,2.6,0,11,2001,4
2001,3,2,2.6,0,11,2002,1
2001,3,3,2.6,0,11,2002,2
2001,3,4,2.6,0,11,2002,3
2001,3,5,2.6,0,11,2002,4
2001,4,1,0.876470588235294,-0.0588235294117647,11,2002,1
2001,4,2,0.876470588235294,-0.0588235294117647,11,2002,2
2001,4,3,0.876470588235294,-0.0588235294117647,11,2002,3
2001,4,4,0.876470588235294,-0.0588235294117647,11,2002,4
2002,1,1,2.9,0,11,2002,2
2002,1,2,2.9,0,11,2002,3
2002,1,3,2.9,0,11,2002,4
2002,1,4,2.9,0,11,2003,1
2002,1,5,2.9,0,11,2003,2
2002,1,6,2.9,0,11,2003,3
2002,1,7,2.9,0,11,2003,4
2002,2,1,2.9,0,11,2002,3
2002,2,2,2.9,0,11,2002,4
2002,2,3,2.9,0,11,2003,1
2002,2,4,2.9,0,11,2003,2
2002,2,5,2.9,0,11,2003,3
2002,2,6,2.9,0,11,2003,4
2002,3,1,2.6,0,11,2002,4
2002,3,2,2.6,0,11,2003,1
2002,3,3,2.6,0,11,2003,2
2002,3,4,2.6,0,11,2003,3
2002,3,5,2.6,0,11,2003,4
2002,4,1,0.494117647058824,-0.0588235294117647,11,2003,1
2002,4,2,0.494117647058824,-0.0588235294117647,11,2003,2
2002,4,3,0.494117647058824,-0.0588235294117647,11,2003,3
2002,4,4,0.494117647058824,-0.0588235294117647,11,2003,4
2003,1,1,2.3,0,11,2003,2
2003,1,2,2.3,0,11,2003,3
2003,1,3,2.3,0,11,2003,4
2003,1,4,2.3,0,11,2004,1
2003,1,5,2.3,0,11,2004,2
2003,1,6,2.3,0,11,2004,3
2003,1,7,2.3,0,11,2004,4
2003,2,1,2,0,11,2003,3
2003,2,2,2,0,11,2003,4
2003,2,3,2,0,11,2004,1
2003,2,4,2,0,11,2004,2
2003,2,5,2,0,11,2004,3
2003,2,6,2,0,11,2004,4
2003,3,1,1.4,0,11,2003,4
2003,3,2,1.4,0,11,2004,1
2003,3,3,1.4,0,11,2004,2
2003,3,4,1.4,0,11,2004,3
2003,3,5,1.4,0,11,2004,4
2003,4,1,1.67058823529412,-0.0588235294117647,11,2004,1
2003,4,2,1.67058823529412,-0.0588235294117647,11,2004,2
2003,4,3,1.67058823529412,-0.0588235294117647,11,2004,3
2003,4,4,1.67058823529412,-0.0588235294117647,11,2004,4
2004,1,1,2,0,11,2004,2
2004,1,2,2,0,11,2004,3
2004,1,3,2,0,11,2004,4
2004,1,4,2,0,11,2005,1
2004,1,5,2,0,11,2005,2
2004,1,6,2,0,11,2005,3
2004,1,7,2,0,11,2005,4
2004,2,1,2.1,0,11,2004,3
2004,2,2,2.1,0,11,2004,4
2004,2,3,2.1,0,11,2005,1
2004,2,4,2.1,0,11,2005,2
2004,2,5,2.1,0,11,2005,3
2004,2,6,2.1,0,11,2005,4
2004,3,1,2.1,0,11,2004,4
2004,3,2,2.1,0,11,2005,1
2004,3,3,2.1,0,11,2005,2
2004,3,4,2.1,0,11,2005,3
2004,3,5,2.1,0,11,2005,4
2005,2,1,2.1,0,11,2005,3
2005,2,2,2.1,0,11,2005,4
2005,2,3,2.1,0,11,2006,1
2005,2,4,2.1,0,11,2006,2
2005,2,5,2.1,0,11,2006,3
2005,2,6,2.1,0,11,2006,4
2005,3,1,1.5,0,11,2005,4
2005,3,2,1.5,0,11,2006,1
2005,3,3,1.5,0,11,2006,2
2005,3,4,1.5,0,11,2006,3
2005,3,5,1.5,0,11,2006,4
2005,4,1,1.72352941176471,-0.0588235294117647,11,2006,1
2005,4,2,1.72352941176471,-0.0588235294117647,11,2006,2
2005,4,3,1.72352941176471,-0.0588235294117647,11,2006,3
2005,4,4,1.72352941176471,-0.0588235294117647,11,2006,4
2006,1,1,1.8,0,11,2006,2
2006,1,2,1.8,0,11,2006,3
2006,1,3,1.8,0,11,2006,4
2006,1,4,1.8,0,11,2007,1
2006,1,5,1.8,0,11,2007,2
2006,1,6,1.8,0,11,2007,3
2006,1,7,1.8,0,11,2007,4
2006,2,1,1.7,0,11,2006,3
2006,2,2,1.7,0,11,2006,4
2006,2,3,1.7,0,11,2007,1
2006,2,4,1.7,0,11,2007,2
2006,2,5,1.7,0,11,2007,3
2006,2,6,1.7,0,11,2007,4
2006,3,1,1.7,0,11,2006,4
2006,3,2,1.7,0,11,2007,1
2006,3,3,1.7,0,11,2007,2
2006,3,4,1.7,0,11,2007,3
2006,3,5,1.7,0,11,2007,4
2006,4,1,2.06470588235294,-0.0588235294117647,11,2007,1
2006,4,2,2.06470588235294,-0.0588235294117647,11,2007,2
2006,4,3,2.06470588235294,-0.0588235294117647,11,2007,3
2006,4,4,2.06470588235294,-0.0588235294117647,11,2007,4
2007,1,1,2.2,0,11,2007,2
2007,1,2,2.2,0,11,2007,3
2007,1,3,2.2,0,11,2007,4
2007,1,4,2.2,0,11,2008,1
2007,1,5,2.2,0,11,2008,2
2007,1,6,2.2,0,11,2008,3
2007,1,7,2.2,0,11,2008,4
2007,2,1,2.2,0,11,2007,3
2007,2,2,2.2,0,11,2007,4
2007,2,3,2.2,0,11,2008,1
2007,2,4,2.2,0,11,2008,2
2007,2,5,2.2,0,11,2008,3
2007,2,6,2.2,0,11,2008,4
2007,3,1,2.3,0,11,2007,4
2007,3,2,2.3,0,11,2008,1
2007,3,3,2.3,0,11,2008,2
2007,3,4,2.3,0,11,2008,3
2007,3,5,2.3,0,11,2008,4
2007,4,1,1.75882352941177,-0.0588235294117647,11,2008,1
2007,4,2,1.75882352941177,-0.0588235294117647,11,2008,2
2007,4,3,1.75882352941177,-0.0588235294117647,11,2008,3
2007,4,4,1.75882352941177,-0.0588235294117647,11,2008,4
2009,1,1,0.708,0,11,2009,2
2009,1,2,0.708,0,11,2009,3
2009,1,3,0.708,0,11,2009,4
2009,1,4,0.708,0,11,2010,1
2009,1,5,0.708,0,11,2010,2
2009,1,6,0.708,0,11,2010,3
2009,1,7,0.708,0,11,2010,4
2010,1,1,2,0,11,2010,2
2010,1,2,2,0,11,2010,3
2010,1,3,2,0,11,2010,4
2010,1,4,2,0,11,2011,1
2010,1,5,2,0,11,2011,2
2010,1,6,2,0,11,2011,3
2010,1,7,2,0,11,2011,4
2001,1,1,2.7,0,14,2001,2
2001,1,2,2.7,0,14,2001,3
2001,1,3,2.7,0,14,2001,4
2001,1,4,2.7,0,14,2002,1
2001,1,5,2.7,0,14,2002,2
2001,1,6,2.7,0,14,2002,3
2001,1,7,2.7,0,14,2002,4
2001,2,1,2,0,14,2001,3
2001,2,2,2,0,14,2001,4
2001,2,3,2,0,14,2002,1
2001,2,4,2,0,14,2002,2
2001,2,5,2,0,14,2002,3
2001,2,6,2,0,14,2002,4
2001,3,1,2.1,0,14,2001,4
2001,3,2,2.1,0,14,2002,1
2001,3,3,2.1,0,14,2002,2
2001,3,4,2.1,0,14,2002,3
2001,3,5,2.1,0,14,2002,4
2002,1,1,2.9,0,14,2002,2
2002,1,2,2.9,0,14,2002,3
2002,1,3,2.9,0,14,2002,4
2002,1,4,2.9,0,14,2003,1
2002,1,5,2.9,0,14,2003,2
2002,1,6,2.9,0,14,2003,3
2002,1,7,2.9,0,14,2003,4
2002,2,1,2.9,0,14,2002,3
2002,2,2,2.9,0,14,2002,4
2002,2,3,2.9,0,14,2003,1
2002,2,4,2.9,0,14,2003,2
2002,2,5,2.9,0,14,2003,3
2002,2,6,2.9,0,14,2003,4
2002,3,1,2.8,0,14,2002,4
2002,3,2,2.8,0,14,2003,1
2002,3,3,2.8,0,14,2003,2
2002,3,4,2.8,0,14,2003,3
2002,3,5,2.8,0,14,2003,4
2002,4,1,1.85882352941176,-0.0588235294117647,14,2003,1
2002,4,2,1.85882352941176,-0.0588235294117647,14,2003,2
2002,4,3,1.85882352941176,-0.0588235294117647,14,2003,3
2002,4,4,1.85882352941176,-0.0588235294117647,14,2003,4
2003,1,1,2.2,0,14,2003,2
2003,1,2,2.2,0,14,2003,3
2003,1,3,2.2,0,14,2003,4
2003,1,4,2.2,0,14,2004,1
2003,1,5,2.2,0,14,2004,2
2003,1,6,2.2,0,14,2004,3
2003,1,7,2.2,0,14,2004,4
2003,2,1,1.7,0,14,2003,3
2003,2,2,1.7,0,14,2003,4
2003,2,3,1.7,0,14,2004,1
2003,2,4,1.7,0,14,2004,2
2003,2,5,1.7,0,14,2004,3
2003,2,6,1.7,0,14,2004,4
2003,3,1,1.2,0,14,2003,4
2003,3,2,1.2,0,14,2004,1
2003,3,3,1.2,0,14,2004,2
2003,3,4,1.2,0,14,2004,3
2003,3,5,1.2,0,14,2004,4
2003,4,1,1.56470588235294,-0.0588235294117647,14,2004,1
2003,4,2,1.56470588235294,-0.0588235294117647,14,2004,2
2003,4,3,1.56470588235294,-0.0588235294117647,14,2004,3
2003,4,4,1.56470588235294,-0.0588235294117647,14,2004,4
2004,1,1,2.3,0,14,2004,2
2004,1,2,2.3,0,14,2004,3
2004,1,3,2.3,0,14,2004,4
2004,1,4,2.3,0,14,2005,1
2004,1,5,2.3,0,14,2005,2
2004,1,6,2.3,0,14,2005,3
2004,1,7,2.3,0,14,2005,4
2004,2,1,1.9,0,14,2004,3
2004,2,2,1.9,0,14,2004,4
2004,2,3,1.9,0,14,2005,1
2004,2,4,1.9,0,14,2005,2
2004,2,5,1.9,0,14,2005,3
2004,2,6,1.9,0,14,2005,4
2004,3,1,2.3,0,14,2004,4
2004,3,2,2.3,0,14,2005,1
2004,3,3,2.3,0,14,2005,2
2004,3,4,2.3,0,14,2005,3
2004,3,5,2.3,0,14,2005,4
2004,4,1,2.31764705882353,-0.0588235294117647,14,2005,1
2004,4,2,2.31764705882353,-0.0588235294117647,14,2005,2
2004,4,3,2.31764705882353,-0.0588235294117647,14,2005,3
2004,4,4,2.31764705882353,-0.0588235294117647,14,2005,4
2005,1,1,2.2,0,14,2005,2
2005,1,2,2.2,0,14,2005,3
2005,1,3,2.2,0,14,2005,4
2005,1,4,2.2,0,14,2006,1
2005,1,5,2.2,0,14,2006,2
2005,1,6,2.2,0,14,2006,3
2005,1,7,2.2,0,14,2006,4
2005,2,1,1.9,0,14,2005,3
2005,2,2,1.9,0,14,2005,4
2005,2,3,1.9,0,14,2006,1
2005,2,4,1.9,0,14,2006,2
2005,2,5,1.9,0,14,2006,3
2005,2,6,1.9,0,14,2006,4
2005,3,1,1.5,0,14,2005,4
2005,3,2,1.5,0,14,2006,1
2005,3,3,1.5,0,14,2006,2
2005,3,4,1.5,0,14,2006,3
2005,3,5,1.5,0,14,2006,4
2005,4,1,1.40588235294118,-0.0588235294117647,14,2006,1
2005,4,2,1.40588235294118,-0.0588235294117647,14,2006,2
2005,4,3,1.40588235294118,-0.0588235294117647,14,2006,3
2005,4,4,1.40588235294118,-0.0588235294117647,14,2006,4
2006,1,1,1.9,0,14,2006,2
2006,1,2,1.9,0,14,2006,3
2006,1,3,1.9,0,14,2006,4
2006,1,4,1.9,0,14,2007,1
2006,1,5,1.9,0,14,2007,2
2006,1,6,1.9,0,14,2007,3
2006,1,7,1.9,0,14,2007,4
2006,2,1,1.9,0,14,2006,3
2006,2,2,1.9,0,14,2006,4
2006,2,3,1.9,0,14,2007,1
2006,2,4,1.9,0,14,2007,2
2006,2,5,1.9,0,14,2007,3
2006,2,6,1.9,0,14,2007,4
2006,4,1,2.27058823529412,-0.0588235294117647,14,2007,1
2006,4,2,2.27058823529412,-0.0588235294117647,14,2007,2
2006,4,3,2.27058823529412,-0.0588235294117647,14,2007,3
2006,4,4,2.27058823529412,-0.0588235294117647,14,2007,4
2007,1,1,1.8,0,14,2007,2
2007,1,2,1.8,0,14,2007,3
2007,1,3,1.8,0,14,2007,4
2007,1,4,1.8,0,14,2008,1
2007,1,5,1.8,0,14,2008,2
2007,1,6,1.8,0,14,2008,3
2007,1,7,1.8,0,14,2008,4
2007,2,1,2.1,0,14,2007,3
2007,2,2,2.1,0,14,2007,4
2007,2,3,2.1,0,14,2008,1
2007,2,4,2.1,0,14,2008,2
2007,2,5,2.1,0,14,2008,3
2007,2,6,2.1,0,14,2008,4
2007,3,1,2.1,0,14,2007,4
2007,3,2,2.1,0,14,2008,1
2007,3,3,2.1,0,14,2008,2
2007,3,4,2.1,0,14,2008,3
2007,3,5,2.1,0,14,2008,4
2007,4,1,1.85882352941176,-0.0588235294117647,14,2008,1
2007,4,2,1.85882352941176,-0.0588235294117647,14,2008,2
2007,4,3,1.85882352941176,-0.0588235294117647,14,2008,3
2007,4,4,1.85882352941176,-0.0588235294117647,14,2008,4
2008,1,1,1.8,0,14,2008,2
2008,1,2,1.8,0,14,2008,3
2008,1,3,1.8,0,14,2008,4
2008,1,4,1.8,0,14,2009,1
2008,1,5,1.8,0,14,2009,2
2008,1,6,1.8,0,14,2009,3
2008,1,7,1.8,0,14,2009,4
2008,2,1,1.3,0,14,2008,3
2008,2,2,1.3,0,14,2008,4
2008,2,3,1.3,0,14,2009,1
2008,2,4,1.3,0,14,2009,2
2008,2,5,1.3,0,14,2009,3
2008,2,6,1.3,0,14,2009,4
2008,3,1,1.1,0,14,2008,4
2008,3,2,1.1,0,14,2009,1
2008,3,3,1.1,0,14,2009,2
2008,3,4,1.1,0,14,2009,3
2008,3,5,1.1,0,14,2009,4
2008,4,1,-0.0705882352941176,-0.0588235294117647,14,2009,1
2008,4,2,-0.0705882352941176,-0.0588235294117647,14,2009,2
2008,4,3,-0.0705882352941176,-0.0588235294117647,14,2009,3
2008,4,4,-0.0705882352941176,-0.0588235294117647,14,2009,4
2009,1,1,-0.4,0,14,2009,2
2009,1,2,-0.4,0,14,2009,3
2009,1,3,-0.4,0,14,2009,4
2009,1,4,-0.4,0,14,2010,1
2009,1,5,-0.4,0,14,2010,2
2009,1,6,-0.4,0,14,2010,3
2009,1,7,-0.4,0,14,2010,4
2009,2,1,-0.8,0,14,2009,3
2009,2,2,-0.8,0,14,2009,4
2009,2,3,-0.8,0,14,2010,1
2009,2,4,-0.8,0,14,2010,2
2009,2,5,-0.8,0,14,2010,3
2009,2,6,-0.8,0,14,2010,4
2009,3,1,0.3,0,14,2009,4
2009,3,2,0.3,0,14,2010,1
2009,3,3,0.3,0,14,2010,2
2009,3,4,0.3,0,14,2010,3
2009,3,5,0.3,0,14,2010,4
2009,4,1,1.29411764705882,-0.0588235294117647,14,2010,1
2009,4,2,1.29411764705882,-0.0588235294117647,14,2010,2
2009,4,3,1.29411764705882,-0.0588235294117647,14,2010,3
2009,4,4,1.29411764705882,-0.0588235294117647,14,2010,4
2010,1,1,1.3,0,14,2010,2
2010,1,2,1.3,0,14,2010,3
2010,1,3,1.3,0,14,2010,4
2010,1,4,1.3,0,14,2011,1
2010,1,5,1.3,0,14,2011,2
2010,1,6,1.3,0,14,2011,3
2010,1,7,1.3,0,14,2011,4
2010,2,1,1.1,0,14,2010,3
2010,2,2,1.1,0,14,2010,4
2010,2,3,1.1,0,14,2011,1
2010,2,4,1.1,0,14,2011,2
2010,2,5,1.1,0,14,2011,3
2010,2,6,1.1,0,14,2011,4
2010,3,1,1.1,0,14,2010,4
2010,3,2,1.1,0,14,2011,1
2010,3,3,1.1,0,14,2011,2
2010,3,4,1.1,0,14,2011,3
2010,3,5,1.1,0,14,2011,4
2010,4,1,1.69411764705882,-0.0588235294117647,14,2011,1
2010,4,2,1.69411764705882,-0.0588235294117647,14,2011,2
2010,4,3,1.69411764705882,-0.0588235294117647,14,2011,3
2010,4,4,1.69411764705882,-0.0588235294117647,14,2011,4
2011,1,1,1.4,0,14,2011,2
2011,1,2,1.4,0,14,2011,3
2011,1,3,1.4,0,14,2011,4
2011,1,4,1.4,0,14,2012,1
2011,1,5,1.4,0,14,2012,2
2011,1,6,1.4,0,14,2012,3
2011,1,7,1.4,0,14,2012,4
2011,2,1,1.5,0,14,2011,3
2011,2,2,1.5,0,14,2011,4
2011,2,3,1.5,0,14,2012,1
2011,2,4,1.5,0,14,2012,2
2011,2,5,1.5,0,14,2012,3
2011,2,6,1.5,0,14,2012,4
2011,3,1,1.5,0,14,2011,4
2011,3,2,1.5,0,14,2012,1
2011,3,3,1.5,0,14,2012,2
2011,3,4,1.5,0,14,2012,3
2011,3,5,1.5,0,14,2012,4
2011,4,1,0.435294117647059,-0.0588235294117647,14,2012,1
2011,4,2,0.435294117647059,-0.0588235294117647,14,2012,2
2011,4,3,0.435294117647059,-0.0588235294117647,14,2012,3
2011,4,4,0.435294117647059,-0.0588235294117647,14,2012,4
2012,1,1,1.3,0,14,2012,2
2012,1,2,1.3,0,14,2012,3
2012,1,3,1.3,0,14,2012,4
2012,1,4,1.3,0,14,2013,1
2012,1,5,1.3,0,14,2013,2
2012,1,6,1.3,0,14,2013,3
2012,1,7,1.3,0,14,2013,4
2012,2,1,1.3,0,14,2012,3
2012,2,2,1.3,0,14,2012,4
2012,2,3,1.3,0,14,2013,1
2012,2,4,1.3,0,14,2013,2
2012,2,5,1.3,0,14,2013,3
2012,2,6,1.3,0,14,2013,4
2012,3,1,1.3,0,14,2012,4
2012,3,2,1.3,0,14,2013,1
2012,3,3,1.3,0,14,2013,2
2012,3,4,1.3,0,14,2013,3
2012,3,5,1.3,0,14,2013,4
2012,4,1,1.38823529411765,-0.0588235294117647,14,2013,1
2012,4,2,1.38823529411765,-0.0588235294117647,14,2013,2
2012,4,3,1.38823529411765,-0.0588235294117647,14,2013,3
2012,4,4,1.38823529411765,-0.0588235294117647,14,2013,4
2013,3,1,1.5,0,14,2013,4
2013,3,2,1.5,0,14,2014,1
2013,3,3,1.5,0,14,2014,2
2013,3,4,1.5,0,14,2014,3
2013,3,5,1.5,0,14,2014,4
2013,4,1,1.61176470588235,-0.0588235294117647,14,2014,1
2013,4,2,1.61176470588235,-0.0588235294117647,14,2014,2
2013,4,3,1.61176470588235,-0.0588235294117647,14,2014,3
2013,4,4,1.61176470588235,-0.0588235294117647,14,2014,4
2014,1,1,1.4,0,14,2014,2
2014,1,2,1.4,0,14,2014,3
2014,1,3,1.4,0,14,2014,4
2014,1,4,1.4,0,14,2015,1
2014,1,5,1.4,0,14,2015,2
2014,1,6,1.4,0,14,2015,3
2014,1,7,1.4,0,14,2015,4
2014,2,1,1.4,0,14,2014,3
2014,2,2,1.4,0,14,2014,4
2014,2,3,1.4,0,14,2015,1
2014,2,4,1.4,0,14,2015,2
2014,2,5,1.4,0,14,2015,3
2014,2,6,1.4,0,14,2015,4
2014,3,1,1.4,0,14,2014,4
2014,3,2,1.4,0,14,2015,1
2014,3,3,1.4,0,14,2015,2
2014,3,4,1.4,0,14,2015,3
2014,3,5,1.4,0,14,2015,4
2014,4,1,1.11764705882353,-0.0588235294117647,14,2015,1
2014,4,2,1.11764705882353,-0.0588235294117647,14,2015,2
2014,4,3,1.11764705882353,-0.0588235294117647,14,2015,3
2014,4,4,1.11764705882353,-0.0588235294117647,14,2015,4
2015,1,1,1.1,0,14,2015,2
2015,1,2,1.1,0,14,2015,3
2015,1,3,1.1,0,14,2015,4
2015,1,4,1.1,0,14,2016,1
2015,1,5,1.1,0,14,2016,2
2015,1,6,1.1,0,14,2016,3
2015,1,7,1.1,0,14,2016,4
2015,3,1,1.5,0,14,2015,4
2015,3,2,1.5,0,14,2016,1
2015,3,3,1.5,0,14,2016,2
2015,3,4,1.5,0,14,2016,3
2015,3,5,1.5,0,14,2016,4
2015,4,1,2.44705882352941,-0.0588235294117647,14,2016,1
2015,4,2,2.44705882352941,-0.0588235294117647,14,2016,2
2015,4,3,2.44705882352941,-0.0588235294117647,14,2016,3
2015,4,4,2.44705882352941,-0.0588235294117647,14,2016,4
2016,1,1,2.8,0,14,2016,2
2016,1,2,2.8,0,14,2016,3
2016,1,3,2.8,0,14,2016,4
2016,1,4,2.8,0,14,2017,1
2016,1,5,2.8,0,14,2017,2
2016,1,6,2.8,0,14,2017,3
2016,1,7,2.8,0,14,2017,4
2016,4,1,1.58823529411765,-0.0588235294117647,14,2017,1
2016,4,2,1.58823529411765,-0.0588235294117647,14,2017,2
2016,4,3,1.58823529411765,-0.0588235294117647,14,2017,3
2016,4,4,1.58823529411765,-0.0588235294117647,14,2017,4
2017,1,1,1.4,0,14,2017,2
2017,1,2,1.4,0,14,2017,3
2017,1,3,1.4,0,14,2017,4
2017,1,4,1.4,0,14,2018,1
2017,1,5,1.4,0,14,2018,2
2017,1,6,1.4,0,14,2018,3
2017,1,7,1.4,0,14,2018,4
2017,2,1,1.7,0,14,2017,3
2017,2,2,1.7,0,14,2017,4
2017,2,3,1.7,0,14,2018,1
2017,2,4,1.7,0,14,2018,2
2017,2,5,1.7,0,14,2018,3
2017,2,6,1.7,0,14,2018,4
2017,3,1,1.8,0,14,2017,4
2017,3,2,1.8,0,14,2018,1
2017,3,3,1.8,0,14,2018,2
2017,3,4,1.8,0,14,2018,3
2017,3,5,1.8,0,14,2018,4
2017,4,1,2.93529411764706,-0.0588235294117647,14,2018,1
2017,4,2,2.93529411764706,-0.0588235294117647,14,2018,2
2017,4,3,2.93529411764706,-0.0588235294117647,14,2018,3
2017,4,4,2.93529411764706,-0.0588235294117647,14,2018,4
2018,1,1,2.1,0,14,2018,2
2018,1,2,2.1,0,14,2018,3
2018,1,3,2.1,0,14,2018,4
2018,1,4,2.1,0,14,2019,1
2018,1,5,2.1,0,14,2019,2
2018,1,6,2.1,0,14,2019,3
2018,1,7,2.1,0,14,2019,4
2018,2,1,2.1,0,14,2018,3
2018,2,2,2.1,0,14,2018,4
2018,2,3,2.1,0,14,2019,1
2018,2,4,2.1,0,14,2019,2
2018,2,5,2.1,0,14,2019,3
2018,2,6,2.1,0,14,2019,4
2018,3,1,1.87352746,0,14,2018,4
2018,3,2,1.87352746,0,14,2019,1
2018,3,3,1.87352746,0,14,2019,2
2018,3,4,1.87352746,0,14,2019,3
2018,3,5,1.87352746,0,14,2019,4
2019,1,1,2.5,0,14,2019,2
2019,1,2,2.5,0,14,2019,3
2019,1,3,2.5,0,14,2019,4
2019,1,4,2.5,0,14,2020,1
2019,1,5,2.5,0,14,2020,2
2019,1,6,2.5,0,14,2020,3
2019,1,7,2.5,0,14,2020,4
2019,2,1,2.5,0,14,2019,3
2019,2,2,2.5,0,14,2019,4
2019,2,3,2.5,0,14,2020,1
2019,2,4,2.5,0,14,2020,2
2019,2,5,2.5,0,14,2020,3
2019,2,6,2.5,0,14,2020,4
2019,3,1,2.5,0,14,2019,4
2019,3,2,2.5,0,14,2020,1
2019,3,3,2.5,0,14,2020,2
2019,3,4,2.5,0,14,2020,3
2019,3,5,2.5,0,14,2020,4
2019,4,1,1.92941176470588,-0.0588235294117647,14,2020,1
2019,4,2,1.92941176470588,-0.0588235294117647,14,2020,2
2019,4,3,1.92941176470588,-0.0588235294117647,14,2020,3
2019,4,4,1.92941176470588,-0.0588235294117647,14,2020,4
2020,1,1,2.4,0,14,2020,2
2020,1,2,2.4,0,14,2020,3
2020,1,3,2.4,0,14,2020,4
2020,1,4,2.4,0,14,2021,1
2020,1,5,2.4,0,14,2021,2
2020,1,6,2.4,0,14,2021,3
2020,1,7,2.4,0,14,2021,4
2020,2,1,4.4,0,14,2020,3
2020,2,2,4.4,0,14,2020,4
2020,2,3,4.4,0,14,2021,1
2020,2,4,4.4,0,14,2021,2
2020,2,5,4.4,0,14,2021,3
2020,2,6,4.4,0,14,2021,4
2020,3,1,4.2,0,14,2020,4
2020,3,2,4.2,0,14,2021,1
2020,3,3,4.2,0,14,2021,2
2020,3,4,4.2,0,14,2021,3
2020,3,5,4.2,0,14,2021,4
2020,4,1,6.37647058823529,-0.0588235294117647,14,2021,1
2020,4,2,6.37647058823529,-0.0588235294117647,14,2021,2
2020,4,3,6.37647058823529,-0.0588235294117647,14,2021,3
2020,4,4,6.37647058823529,-0.0588235294117647,14,2021,4
2021,1,1,2.2,0,14,2021,2
2021,1,2,2.2,0,14,2021,3
2021,1,3,2.2,0,14,2021,4
2021,1,4,2.2,0,14,2022,1
2021,1,5,2.2,0,14,2022,2
2021,1,6,2.2,0,14,2022,3
2021,1,7,2.2,0,14,2022,4
2021,2,1,2.9,0,14,2021,3
2021,2,2,2.9,0,14,2021,4
2021,2,3,2.9,0,14,2022,1
2021,2,4,2.9,0,14,2022,2
2021,2,5,2.9,0,14,2022,3
2021,2,6,2.9,0,14,2022,4
2021,3,1,14.5,0,14,2021,4
2021,3,2,14.5,0,14,2022,1
2021,3,3,14.5,0,14,2022,2
2021,3,4,14.5,0,14,2022,3
2021,3,5,14.5,0,14,2022,4
2021,4,1,8.46470588235294,-0.0588235294117647,14,2022,1
2021,4,2,8.46470588235294,-0.0588235294117647,14,2022,2
2021,4,3,8.46470588235294,-0.0588235294117647,14,2022,3
2021,4,4,8.46470588235294,-0.0588235294117647,14,2022,4
2022,1,1,7.4,0,14,2022,2
2022,1,2,7.4,0,14,2022,3
2022,1,3,7.4,0,14,2022,4
2022,1,4,7.4,0,14,2023,1
2022,1,5,7.4,0,14,2023,2
2022,1,6,7.4,0,14,2023,3
2022,1,7,7.4,0,14,2023,4
2022,3,1,2.7,0,14,2022,4
2022,3,2,2.7,0,14,2023,1
2022,3,3,2.7,0,14,2023,2
2022,3,4,2.7,0,14,2023,3
2022,3,5,2.7,0,14,2023,4
2022,4,1,0.841176470588235,-0.0588235294117647,14,2023,1
2022,4,2,0.841176470588235,-0.0588235294117647,14,2023,2
2022,4,3,0.841176470588235,-0.0588235294117647,14,2023,3
2022,4,4,0.841176470588235,-0.0588235294117647,14,2023,4
2023,1,1,1.8,0,14,2023,2
2023,1,2,1.8,0,14,2023,3
2023,1,3,1.8,0,14,2023,4
2023,1,4,1.8,0,14,2024,1
2023,1,5,1.8,0,14,2024,2
2023,1,6,1.8,0,14,2024,3
2023,1,7,1.8,0,14,2024,4
2023,2,1,1.5,0,14,2023,3
2023,2,2,1.5,0,14,2023,4
2023,2,3,1.5,0,14,2024,1
2023,2,4,1.5,0,14,2024,2
2023,2,5,1.5,0,14,2024,3
2023,2,6,1.5,0,14,2024,4
2023,3,1,0.6,0,14,2023,4
2023,3,2,0.6,0,14,2024,1
2023,3,3,0.6,0,14,2024,2
2023,3,4,0.6,0,14,2024,3
2023,3,5,0.6,0,14,2024,4
2023,4,1,0.5,-0.0588235294117647,14,2024,1
2023,4,2,0.5,-0.0588235294117647,14,2024,2
2023,4,3,0.5,-0.0588235294117647,14,2024,3
2023,4,4,0.5,-0.0588235294117647,14,2024,4
2024,1,1,0.8,0,14,2024,2
2024,1,2,0.8,0,14,2024,3
2024,1,3,0.8,0,14,2024,4
2024,1,4,0.8,0,14,2025,1
2024,1,5,0.8,0,14,2025,2
2024,1,6,0.8,0,14,2025,3
2024,1,7,0.8,0,14,2025,4
2024,2,1,0.4,0,14,2024,3
2024,2,2,0.4,0,14,2024,4
2024,2,3,0.4,0,14,2025,1
2024,2,4,0.4,0,14,2025,2
2024,2,5,0.4,0,14,2025,3
2024,2,6,0.4,0,14,2025,4
2024,3,1,0,0,14,2024,4
2024,3,2,0,0,14,2025,1
2024,3,3,0,0,14,2025,2
2024,3,4,0,0,14,2025,3
2024,3,5,0,0,14,2025,4
2024,4,1,0.188235294117647,-0.0588235294117647,14,2025,1
2024,4,2,0.188235294117647,-0.0588235294117647,14,2025,2
2024,4,3,0.188235294117647,-0.0588235294117647,14,2025,3
2024,4,4,0.188235294117647,-0.0588235294117647,14,2025,4
2001,1,1,2.5,0,15,2001,2
2001,1,2,2.5,0,15,2001,3
2001,1,3,2.5,0,15,2001,4
2001,1,4,2.5,0,15,2002,1
2001,1,5,2.5,0,15,2002,2
2001,1,6,2.5,0,15,2002,3
2001,1,7,2.5,0,15,2002,4
2001,2,1,2.5,0,15,2001,3
2001,2,2,2.5,0,15,2001,4
2001,2,3,2.5,0,15,2002,1
2001,2,4,2.5,0,15,2002,2
2001,2,5,2.5,0,15,2002,3
2001,2,6,2.5,0,15,2002,4
2001,3,1,2.5,0,15,2001,4
2001,3,2,2.5,0,15,2002,1
2001,3,3,2.5,0,15,2002,2
2001,3,4,2.5,0,15,2002,3
2001,3,5,2.5,0,15,2002,4
2001,4,1,2.02352941176471,-0.0588235294117647,15,2002,1
2001,4,2,2.02352941176471,-0.0588235294117647,15,2002,2
2001,4,3,2.02352941176471,-0.0588235294117647,15,2002,3
2001,4,4,2.02352941176471,-0.0588235294117647,15,2002,4
2002,1,1,2,0,15,2002,2
2002,1,2,2,0,15,2002,3
2002,1,3,2,0,15,2002,4
2002,1,4,2,0,15,2003,1
2002,1,5,2,0,15,2003,2
2002,1,6,2,0,15,2003,3
2002,1,7,2,0,15,2003,4
2002,2,1,2.5,0,15,2002,3
2002,2,2,2.5,0,15,2002,4
2002,2,3,2.5,0,15,2003,1
2002,2,4,2.5,0,15,2003,2
2002,2,5,2.5,0,15,2003,3
2002,2,6,2.5,0,15,2003,4
2002,3,1,2.5,0,15,2002,4
2002,3,2,2.5,0,15,2003,1
2002,3,3,2.5,0,15,2003,2
2002,3,4,2.5,0,15,2003,3
2002,3,5,2.5,0,15,2003,4
2002,4,1,2.32352941176471,-0.0588235294117647,15,2003,1
2002,4,2,2.32352941176471,-0.0588235294117647,15,2003,2
2002,4,3,2.32352941176471,-0.0588235294117647,15,2003,3
2002,4,4,2.32352941176471,-0.0588235294117647,15,2003,4
2003,1,1,2.5,0,15,2003,2
2003,1,2,2.5,0,15,2003,3
2003,1,3,2.5,0,15,2003,4
2003,1,4,2.5,0,15,2004,1
2003,1,5,2.5,0,15,2004,2
2003,1,6,2.5,0,15,2004,3
2003,1,7,2.5,0,15,2004,4
2003,3,1,2,0,15,2003,4
2003,3,2,2,0,15,2004,1
2003,3,3,2,0,15,2004,2
2003,3,4,2,0,15,2004,3
2003,3,5,2,0,15,2004,4
2003,4,1,2.07352941176471,-0.0588235294117647,15,2004,1
2003,4,2,2.07352941176471,-0.0588235294117647,15,2004,2
2003,4,3,2.07352941176471,-0.0588235294117647,15,2004,3
2003,4,4,2.07352941176471,-0.0588235294117647,15,2004,4
2004,1,1,2.5,0,15,2004,2
2004,1,2,2.5,0,15,2004,3
2004,1,3,2.5,0,15,2004,4
2004,1,4,2.5,0,15,2005,1
2004,1,5,2.5,0,15,2005,2
2004,1,6,2.5,0,15,2005,3
2004,1,7,2.5,0,15,2005,4
2004,2,1,2.5,0,15,2004,3
2004,2,2,2.5,0,15,2004,4
2004,2,3,2.5,0,15,2005,1
2004,2,4,2.5,0,15,2005,2
2004,2,5,2.5,0,15,2005,3
2004,2,6,2.5,0,15,2005,4
2004,3,1,2.5,0,15,2004,4
2004,3,2,2.5,0,15,2005,1
2004,3,3,2.5,0,15,2005,2
2004,3,4,2.5,0,15,2005,3
2004,3,5,2.5,0,15,2005,4
2004,4,1,2.26470588235294,-0.0588235294117647,15,2005,1
2004,4,2,2.26470588235294,-0.0588235294117647,15,2005,2
2004,4,3,2.26470588235294,-0.0588235294117647,15,2005,3
2004,4,4,2.26470588235294,-0.0588235294117647,15,2005,4
2005,1,1,2.25,0,15,2005,2
2005,1,2,2.25,0,15,2005,3
2005,1,3,2.25,0,15,2005,4
2005,1,4,2.25,0,15,2006,1
2005,1,5,2.25,0,15,2006,2
2005,1,6,2.25,0,15,2006,3
2005,1,7,2.25,0,15,2006,4
2005,2,1,2.25,0,15,2005,3
2005,2,2,2.25,0,15,2005,4
2005,2,3,2.25,0,15,2006,1
2005,2,4,2.25,0,15,2006,2
2005,2,5,2.25,0,15,2006,3
2005,2,6,2.25,0,15,2006,4
2005,4,1,1.77941176470588,-0.0588235294117647,15,2006,1
2005,4,2,1.77941176470588,-0.0588235294117647,15,2006,2
2005,4,3,1.77941176470588,-0.0588235294117647,15,2006,3
2005,4,4,1.77941176470588,-0.0588235294117647,15,2006,4
2006,1,1,1.75,0,15,2006,2
2006,1,2,1.75,0,15,2006,3
2006,1,3,1.75,0,15,2006,4
2006,1,4,1.75,0,15,2007,1
2006,1,5,1.75,0,15,2007,2
2006,1,6,1.75,0,15,2007,3
2006,1,7,1.75,0,15,2007,4
2006,2,1,1.75,0,15,2006,3
2006,2,2,1.75,0,15,2006,4
2006,2,3,1.75,0,15,2007,1
2006,2,4,1.75,0,15,2007,2
2006,2,5,1.75,0,15,2007,3
2006,2,6,1.75,0,15,2007,4
2006,3,1,1.75,0,15,2006,4
2006,3,2,1.75,0,15,2007,1
2006,3,3,1.75,0,15,2007,2
2006,3,4,1.75,0,15,2007,3
2006,3,5,1.75,0,15,2007,4
2006,4,1,1.97058823529412,-0.0588235294117647,15,2007,1
2006,4,2,1.97058823529412,-0.0588235294117647,15,2007,2
2006,4,3,1.97058823529412,-0.0588235294117647,15,2007,3
2006,4,4,1.97058823529412,-0.0588235294117647,15,2007,4
2007,1,1,2,0,15,2007,2
2007,1,2,2,0,15,2007,3
2007,1,3,2,0,15,2007,4
2007,1,4,2,0,15,2008,1
2007,1,5,2,0,15,2008,2
2007,1,6,2,0,15,2008,3
2007,1,7,2,0,15,2008,4
2007,2,1,2.25,0,15,2007,3
2007,2,2,2.25,0,15,2007,4
2007,2,3,2.25,0,15,2008,1
2007,2,4,2.25,0,15,2008,2
2007,2,5,2.25,0,15,2008,3
2007,2,6,2.25,0,15,2008,4
2007,3,1,2.4,0,15,2007,4
2007,3,2,2.4,0,15,2008,1
2007,3,3,2.4,0,15,2008,2
2007,3,4,2.4,0,15,2008,3
2007,3,5,2.4,0,15,2008,4
2007,4,1,2.23529411764706,-0.0588235294117647,15,2008,1
2007,4,2,2.23529411764706,-0.0588235294117647,15,2008,2
2007,4,3,2.23529411764706,-0.0588235294117647,15,2008,3
2007,4,4,2.23529411764706,-0.0588235294117647,15,2008,4
2008,1,1,2.25,0,15,2008,2
2008,1,2,2.25,0,15,2008,3
2008,1,3,2.25,0,15,2008,4
2008,1,4,2.25,0,15,2009,1
2008,1,5,2.25,0,15,2009,2
2008,1,6,2.25,0,15,2009,3
2008,1,7,2.25,0,15,2009,4
2008,2,1,2,0,15,2008,3
2008,2,2,2,0,15,2008,4
2008,2,3,2,0,15,2009,1
2008,2,4,2,0,15,2009,2
2008,2,5,2,0,15,2009,3
2008,2,6,2,0,15,2009,4
2008,3,1,1.4,0,15,2008,4
2008,3,2,1.4,0,15,2009,1
2008,3,3,1.4,0,15,2009,2
2008,3,4,1.4,0,15,2009,3
2008,3,5,1.4,0,15,2009,4
2008,4,1,0.970588235294118,-0.0588235294117647,15,2009,1
2008,4,2,0.970588235294118,-0.0588235294117647,15,2009,2
2008,4,3,0.970588235294118,-0.0588235294117647,15,2009,3
2008,4,4,0.970588235294118,-0.0588235294117647,15,2009,4
2009,1,1,1.25,0,15,2009,2
2009,1,2,1.25,0,15,2009,3
2009,1,3,1.25,0,15,2009,4
2009,1,4,1.25,0,15,2010,1
2009,1,5,1.25,0,15,2010,2
2009,1,6,1.25,0,15,2010,3
2009,1,7,1.25,0,15,2010,4
2009,2,1,0.5,0,15,2009,3
2009,2,2,0.5,0,15,2009,4
2009,2,3,0.5,0,15,2010,1
2009,2,4,0.5,0,15,2010,2
2009,2,5,0.5,0,15,2010,3
2009,2,6,0.5,0,15,2010,4
2009,3,1,0.25,0,15,2009,4
2009,3,2,0.25,0,15,2010,1
2009,3,3,0.25,0,15,2010,2
2009,3,4,0.25,0,15,2010,3
2009,3,5,0.25,0,15,2010,4
2009,4,1,1.28823529411765,-0.0588235294117647,15,2010,1
2009,4,2,1.28823529411765,-0.0588235294117647,15,2010,2
2009,4,3,1.28823529411765,-0.0588235294117647,15,2010,3
2009,4,4,1.28823529411765,-0.0588235294117647,15,2010,4
2010,1,1,1.7,0,15,2010,2
2010,1,2,1.7,0,15,2010,3
2010,1,3,1.7,0,15,2010,4
2010,1,4,1.7,0,15,2011,1
2010,1,5,1.7,0,15,2011,2
2010,1,6,1.7,0,15,2011,3
2010,1,7,1.7,0,15,2011,4
2010,2,1,1.5,0,15,2010,3
2010,2,2,1.5,0,15,2010,4
2010,2,3,1.5,0,15,2011,1
2010,2,4,1.5,0,15,2011,2
2010,2,5,1.5,0,15,2011,3
2010,2,6,1.5,0,15,2011,4
2010,3,1,1.6,0,15,2010,4
2010,3,2,1.6,0,15,2011,1
2010,3,3,1.6,0,15,2011,2
2010,3,4,1.6,0,15,2011,3
2010,3,5,1.6,0,15,2011,4
2010,4,1,1.59411764705882,-0.0588235294117647,15,2011,1
2010,4,2,1.59411764705882,-0.0588235294117647,15,2011,2
2010,4,3,1.59411764705882,-0.0588235294117647,15,2011,3
2010,4,4,1.59411764705882,-0.0588235294117647,15,2011,4
2011,1,1,1.9,0,15,2011,2
2011,1,2,1.9,0,15,2011,3
2011,1,3,1.9,0,15,2011,4
2011,1,4,1.9,0,15,2012,1
2011,1,5,1.9,0,15,2012,2
2011,1,6,1.9,0,15,2012,3
2011,1,7,1.9,0,15,2012,4
2011,2,1,1.7,0,15,2011,3
2011,2,2,1.7,0,15,2011,4
2011,2,3,1.7,0,15,2012,1
2011,2,4,1.7,0,15,2012,2
2011,2,5,1.7,0,15,2012,3
2011,2,6,1.7,0,15,2012,4
2011,3,1,1.7,0,15,2011,4
2011,3,2,1.7,0,15,2012,1
2011,3,3,1.7,0,15,2012,2
2011,3,4,1.7,0,15,2012,3
2011,3,5,1.7,0,15,2012,4
2011,4,1,0.964705882352941,-0.0588235294117647,15,2012,1
2011,4,2,0.964705882352941,-0.0588235294117647,15,2012,2
2011,4,3,0.964705882352941,-0.0588235294117647,15,2012,3
2011,4,4,0.964705882352941,-0.0588235294117647,15,2012,4
2012,1,1,1.5,0,15,2012,2
2012,1,2,1.5,0,15,2012,3
2012,1,3,1.5,0,15,2012,4
2012,1,4,1.5,0,15,2013,1
2012,1,5,1.5,0,15,2013,2
2012,1,6,1.5,0,15,2013,3
2012,1,7,1.5,0,15,2013,4
2012,2,1,1.2,0,15,2012,3
2012,2,2,1.2,0,15,2012,4
2012,2,3,1.2,0,15,2013,1
2012,2,4,1.2,0,15,2013,2
2012,2,5,1.2,0,15,2013,3
2012,2,6,1.2,0,15,2013,4
2012,3,1,1,0,15,2012,4
2012,3,2,1,0,15,2013,1
2012,3,3,1,0,15,2013,2
2012,3,4,1,0,15,2013,3
2012,3,5,1,0,15,2013,4
2012,4,1,0.552941176470588,-0.0588235294117647,15,2013,1
2012,4,2,0.552941176470588,-0.0588235294117647,15,2013,2
2012,4,3,0.552941176470588,-0.0588235294117647,15,2013,3
2012,4,4,0.552941176470588,-0.0588235294117647,15,2013,4
2013,1,1,1.4,0,15,2013,2
2013,1,2,1.4,0,15,2013,3
2013,1,3,1.4,0,15,2013,4
2013,1,4,1.4,0,15,2014,1
2013,1,5,1.4,0,15,2014,2
2013,1,6,1.4,0,15,2014,3
2013,1,7,1.4,0,15,2014,4
2013,2,1,1.4,0,15,2013,3
2013,2,2,1.4,0,15,2013,4
2013,2,3,1.4,0,15,2014,1
2013,2,4,1.4,0,15,2014,2
2013,2,5,1.4,0,15,2014,3
2013,2,6,1.4,0,15,2014,4
2013,3,1,1.2,0,15,2013,4
2013,3,2,1.2,0,15,2014,1
2013,3,3,1.2,0,15,2014,2
2013,3,4,1.2,0,15,2014,3
2013,3,5,1.2,0,15,2014,4
2013,4,1,1.3,-0.0588235294117647,15,2014,1
2013,4,2,1.3,-0.0588235294117647,15,2014,2
2013,4,3,1.3,-0.0588235294117647,15,2014,3
2013,4,4,1.3,-0.0588235294117647,15,2014,4
2014,1,1,1.6,0,15,2014,2
2014,1,2,1.6,0,15,2014,3
2014,1,3,1.6,0,15,2014,4
2014,1,4,1.6,0,15,2015,1
2014,1,5,1.6,0,15,2015,2
2014,1,6,1.6,0,15,2015,3
2014,1,7,1.6,0,15,2015,4
2014,2,1,1.6,0,15,2014,3
2014,2,2,1.6,0,15,2014,4
2014,2,3,1.6,0,15,2015,1
2014,2,4,1.6,0,15,2015,2
2014,2,5,1.6,0,15,2015,3
2014,2,6,1.6,0,15,2015,4
2014,3,1,1.7,0,15,2014,4
2014,3,2,1.7,0,15,2015,1
2014,3,3,1.7,0,15,2015,2
2014,3,4,1.7,0,15,2015,3
2014,3,5,1.7,0,15,2015,4
2014,4,1,1.44117647058824,-0.0588235294117647,15,2015,1
2014,4,2,1.44117647058824,-0.0588235294117647,15,2015,2
2014,4,3,1.44117647058824,-0.0588235294117647,15,2015,3
2014,4,4,1.44117647058824,-0.0588235294117647,15,2015,4
2015,1,1,1.5,0,15,2015,2
2015,1,2,1.5,0,15,2015,3
2015,1,3,1.5,0,15,2015,4
2015,1,4,1.5,0,15,2016,1
2015,1,5,1.5,0,15,2016,2
2015,1,6,1.5,0,15,2016,3
2015,1,7,1.5,0,15,2016,4
2015,2,1,1.5,0,15,2015,3
2015,2,2,1.5,0,15,2015,4
2015,2,3,1.5,0,15,2016,1
2015,2,4,1.5,0,15,2016,2
2015,2,5,1.5,0,15,2016,3
2015,2,6,1.5,0,15,2016,4
2015,3,1,1.8,0,15,2015,4
2015,3,2,1.8,0,15,2016,1
2015,3,3,1.8,0,15,2016,2
2015,3,4,1.8,0,15,2016,3
2015,3,5,1.8,0,15,2016,4
2015,4,1,1.71764705882353,-0.0588235294117647,15,2016,1
2015,4,2,1.71764705882353,-0.0588235294117647,15,2016,2
2015,4,3,1.71764705882353,-0.0588235294117647,15,2016,3
2015,4,4,1.71764705882353,-0.0588235294117647,15,2016,4
2016,1,1,1.7,0,15,2016,2
2016,1,2,1.7,0,15,2016,3
2016,1,3,1.7,0,15,2016,4
2016,1,4,1.7,0,15,2017,1
2016,1,5,1.7,0,15,2017,2
2016,1,6,1.7,0,15,2017,3
2016,1,7,1.7,0,15,2017,4
2016,2,1,1.6,0,15,2016,3
2016,2,2,1.6,0,15,2016,4
2016,2,3,1.6,0,15,2017,1
2016,2,4,1.6,0,15,2017,2
2016,2,5,1.6,0,15,2017,3
2016,2,6,1.6,0,15,2017,4
2016,3,1,1.6,0,15,2016,4
2016,3,2,1.6,0,15,2017,1
2016,3,3,1.6,0,15,2017,2
2016,3,4,1.6,0,15,2017,3
2016,3,5,1.6,0,15,2017,4
2016,4,1,1.38823529411765,-0.0588235294117647,15,2017,1
2016,4,2,1.38823529411765,-0.0588235294117647,15,2017,2
2016,4,3,1.38823529411765,-0.0588235294117647,15,2017,3
2016,4,4,1.38823529411765,-0.0588235294117647,15,2017,4
2017,1,1,1.6,0,15,2017,2
2017,1,2,1.6,0,15,2017,3
2017,1,3,1.6,0,15,2017,4
2017,1,4,1.6,0,15,2018,1
2017,1,5,1.6,0,15,2018,2
2017,1,6,1.6,0,15,2018,3
2017,1,7,1.6,0,15,2018,4
2017,2,1,1.6,0,15,2017,3
2017,2,2,1.6,0,15,2017,4
2017,2,3,1.6,0,15,2018,1
2017,2,4,1.6,0,15,2018,2
2017,2,5,1.6,0,15,2018,3
2017,2,6,1.6,0,15,2018,4
2017,3,1,1.8,0,15,2017,4
2017,3,2,1.8,0,15,2018,1
2017,3,3,1.8,0,15,2018,2
2017,3,4,1.8,0,15,2018,3
2017,3,5,1.8,0,15,2018,4
2017,4,1,2.10588235294118,-0.0588235294117647,15,2018,1
2017,4,2,2.10588235294118,-0.0588235294117647,15,2018,2
2017,4,3,2.10588235294118,-0.0588235294117647,15,2018,3
2017,4,4,2.10588235294118,-0.0588235294117647,15,2018,4
2018,1,1,1.9,0,15,2018,2
2018,1,2,1.9,0,15,2018,3
2018,1,3,1.9,0,15,2018,4
2018,1,4,1.9,0,15,2019,1
2018,1,5,1.9,0,15,2019,2
2018,1,6,1.9,0,15,2019,3
2018,1,7,1.9,0,15,2019,4
2018,2,1,1.9,0,15,2018,3
2018,2,2,1.9,0,15,2018,4
2018,2,3,1.9,0,15,2019,1
2018,2,4,1.9,0,15,2019,2
2018,2,5,1.9,0,15,2019,3
2018,2,6,1.9,0,15,2019,4
2018,3,1,1.8,0,15,2018,4
2018,3,2,1.8,0,15,2019,1
2018,3,3,1.8,0,15,2019,2
2018,3,4,1.8,0,15,2019,3
2018,3,5,1.8,0,15,2019,4
2018,4,1,1.78823529411765,-0.0588235294117647,15,2019,1
2018,4,2,1.78823529411765,-0.0588235294117647,15,2019,2
2018,4,3,1.78823529411765,-0.0588235294117647,15,2019,3
2018,4,4,1.78823529411765,-0.0588235294117647,15,2019,4
2019,1,1,1.6,0,15,2019,2
2019,1,2,1.6,0,15,2019,3
2019,1,3,1.6,0,15,2019,4
2019,1,4,1.6,0,15,2020,1
2019,1,5,1.6,0,15,2020,2
2019,1,6,1.6,0,15,2020,3
2019,1,7,1.6,0,15,2020,4
2019,2,1,1.6,0,15,2019,3
2019,2,2,1.6,0,15,2019,4
2019,2,3,1.6,0,15,2020,1
2019,2,4,1.6,0,15,2020,2
2019,2,5,1.6,0,15,2020,3
2019,2,6,1.6,0,15,2020,4
2019,3,1,1.5,0,15,2019,4
2019,3,2,1.5,0,15,2020,1
2019,3,3,1.5,0,15,2020,2
2019,3,4,1.5,0,15,2020,3
2019,3,5,1.5,0,15,2020,4
2019,4,1,1.20588235294118,-0.0588235294117647,15,2020,1
2019,4,2,1.20588235294118,-0.0588235294117647,15,2020,2
2019,4,3,1.20588235294118,-0.0588235294117647,15,2020,3
2019,4,4,1.20588235294118,-0.0588235294117647,15,2020,4
2020,1,1,1.4,0,15,2020,2
2020,1,2,1.4,0,15,2020,3
2020,1,3,1.4,0,15,2020,4
2020,1,4,1.4,0,15,2021,1
2020,1,5,1.4,0,15,2021,2
2020,1,6,1.4,0,15,2021,3
2020,1,7,1.4,0,15,2021,4
2020,2,1,5.6,0,15,2020,3
2020,2,2,5.6,0,15,2020,4
2020,2,3,5.6,0,15,2021,1
2020,2,4,5.6,0,15,2021,2
2020,2,5,5.6,0,15,2021,3
2020,2,6,5.6,0,15,2021,4
2020,3,1,6.3,0,15,2020,4
2020,3,2,6.3,0,15,2021,1
2020,3,3,6.3,0,15,2021,2
2020,3,4,6.3,0,15,2021,3
2020,3,5,6.3,0,15,2021,4
2020,4,1,6.36470588235294,-0.0588235294117647,15,2021,1
2020,4,2,6.36470588235294,-0.0588235294117647,15,2021,2
2020,4,3,6.36470588235294,-0.0588235294117647,15,2021,3
2020,4,4,6.36470588235294,-0.0588235294117647,15,2021,4
2021,1,1,4.4,0,15,2021,2
2021,1,2,4.4,0,15,2021,3
2021,1,3,4.4,0,15,2021,4
2021,1,4,4.4,0,15,2022,1
2021,1,5,4.4,0,15,2022,2
2021,1,6,4.4,0,15,2022,3
2021,1,7,4.4,0,15,2022,4
2021,2,1,3.6,0,15,2021,3
2021,2,2,3.6,0,15,2021,4
2021,2,3,3.6,0,15,2022,1
2021,2,4,3.6,0,15,2022,2
2021,2,5,3.6,0,15,2022,3
2021,2,6,3.6,0,15,2022,4
2021,3,1,4.2,0,15,2021,4
2021,3,2,4.2,0,15,2022,1
2021,3,3,4.2,0,15,2022,2
2021,3,4,4.2,0,15,2022,3
2021,3,5,4.2,0,15,2022,4
2021,4,1,4.48235294117647,-0.0588235294117647,15,2022,1
2021,4,2,4.48235294117647,-0.0588235294117647,15,2022,2
2021,4,3,4.48235294117647,-0.0588235294117647,15,2022,3
2021,4,4,4.48235294117647,-0.0588235294117647,15,2022,4
2022,1,1,2.2,0,15,2022,2
2022,1,2,2.2,0,15,2022,3
2022,1,3,2.2,0,15,2022,4
2022,1,4,2.2,0,15,2023,1
2022,1,5,2.2,0,15,2023,2
2022,1,6,2.2,0,15,2023,3
2022,1,7,2.2,0,15,2023,4
2022,2,1,2.7,0,15,2022,3
2022,2,2,2.7,0,15,2022,4
2022,2,3,2.7,0,15,2023,1
2022,2,4,2.7,0,15,2023,2
2022,2,5,2.7,0,15,2023,3
2022,2,6,2.7,0,15,2023,4
2022,3,1,2,0,15,2022,4
2022,3,2,2,0,15,2023,1
2022,3,3,2,0,15,2023,2
2022,3,4,2,0,15,2023,3
2022,3,5,2,0,15,2023,4
2022,4,1,0.135294117647059,-0.0588235294117647,15,2023,1
2022,4,2,0.135294117647059,-0.0588235294117647,15,2023,2
2022,4,3,0.135294117647059,-0.0588235294117647,15,2023,3
2022,4,4,0.135294117647059,-0.0588235294117647,15,2023,4
2023,1,1,1.4,0,15,2023,2
2023,1,2,1.4,0,15,2023,3
2023,1,3,1.4,0,15,2023,4
2023,1,4,1.4,0,15,2024,1
2023,1,5,1.4,0,15,2024,2
2023,1,6,1.4,0,15,2024,3
2023,1,7,1.4,0,15,2024,4
2023,2,1,1.5,0,15,2023,3
2023,2,2,1.5,0,15,2023,4
2023,2,3,1.5,0,15,2024,1
2023,2,4,1.5,0,15,2024,2
2023,2,5,1.5,0,15,2024,3
2023,2,6,1.5,0,15,2024,4
2023,3,1,1.5,0,15,2023,4
2023,3,2,1.5,0,15,2024,1
2023,3,3,1.5,0,15,2024,2
2023,3,4,1.5,0,15,2024,3
2023,3,5,1.5,0,15,2024,4
2023,4,1,1.35294117647059,-0.0588235294117647,15,2024,1
2023,4,2,1.35294117647059,-0.0588235294117647,15,2024,2
2023,4,3,1.35294117647059,-0.0588235294117647,15,2024,3
2023,4,4,1.35294117647059,-0.0588235294117647,15,2024,4
2024,1,1,1.5,0,15,2024,2
2024,1,2,1.5,0,15,2024,3
2024,1,3,1.5,0,15,2024,4
2024,1,4,1.5,0,15,2025,1
2024,1,5,1.5,0,15,2025,2
2024,1,6,1.5,0,15,2025,3
2024,1,7,1.5,0,15,2025,4
2024,2,1,1.4,0,15,2024,3
2024,2,2,1.4,0,15,2024,4
2024,2,3,1.4,0,15,2025,1
2024,2,4,1.4,0,15,2025,2
2024,2,5,1.4,0,15,2025,3
2024,2,6,1.4,0,15,2025,4
2024,3,1,1.5,0,15,2024,4
2024,3,2,1.5,0,15,2025,1
2024,3,3,1.5,0,15,2025,2
2024,3,4,1.5,0,15,2025,3
2024,3,5,1.5,0,15,2025,4
2024,4,1,1.33529411764706,-0.0588235294117647,15,2025,1
2024,4,2,1.33529411764706,-0.0588235294117647,15,2025,2
2024,4,3,1.33529411764706,-0.0588235294117647,15,2025,3
2024,4,4,1.33529411764706,-0.0588235294117647,15,2025,4
2001,1,1,3,0,16,2001,2
2001,1,2,3,0,16,2001,3
2001,1,3,3,0,16,2001,4
2001,1,4,3,0,16,2002,1
2001,1,5,3,0,16,2002,2
2001,1,6,3,0,16,2002,3
2001,1,7,3,0,16,2002,4
2002,1,1,2,0,16,2002,2
2002,1,2,2,0,16,2002,3
2002,1,3,2,0,16,2002,4
2002,1,4,2,0,16,2003,1
2002,1,5,2,0,16,2003,2
2002,1,6,2,0,16,2003,3
2002,1,7,2,0,16,2003,4
2002,2,1,2.3,0,16,2002,3
2002,2,2,2.3,0,16,2002,4
2002,2,3,2.3,0,16,2003,1
2002,2,4,2.3,0,16,2003,2
2002,2,5,2.3,0,16,2003,3
2002,2,6,2.3,0,16,2003,4
2002,4,1,1.33529411764706,-0.0588235294117647,16,2003,1
2002,4,2,1.33529411764706,-0.0588235294117647,16,2003,2
2002,4,3,1.33529411764706,-0.0588235294117647,16,2003,3
2002,4,4,1.33529411764706,-0.0588235294117647,16,2003,4
2003,1,1,2,0,16,2003,2
2003,1,2,2,0,16,2003,3
2003,1,3,2,0,16,2003,4
2003,1,4,2,0,16,2004,1
2003,1,5,2,0,16,2004,2
2003,1,6,2,0,16,2004,3
2003,1,7,2,0,16,2004,4
2003,2,1,2,0,16,2003,3
2003,2,2,2,0,16,2003,4
2003,2,3,2,0,16,2004,1
2003,2,4,2,0,16,2004,2
2003,2,5,2,0,16,2004,3
2003,2,6,2,0,16,2004,4
2003,3,1,1.2,0,16,2003,4
2003,3,2,1.2,0,16,2004,1
2003,3,3,1.2,0,16,2004,2
2003,3,4,1.2,0,16,2004,3
2003,3,5,1.2,0,16,2004,4
2003,4,1,1.45294117647059,-0.0588235294117647,16,2004,1
2003,4,2,1.45294117647059,-0.0588235294117647,16,2004,2
2003,4,3,1.45294117647059,-0.0588235294117647,16,2004,3
2003,4,4,1.45294117647059,-0.0588235294117647,16,2004,4
2004,1,1,2,0,16,2004,2
2004,1,2,2,0,16,2004,3
2004,1,3,2,0,16,2004,4
2004,1,4,2,0,16,2005,1
2004,1,5,2,0,16,2005,2
2004,1,6,2,0,16,2005,3
2004,1,7,2,0,16,2005,4
2004,2,1,1.6,0,16,2004,3
2004,2,2,1.6,0,16,2004,4
2004,2,3,1.6,0,16,2005,1
2004,2,4,1.6,0,16,2005,2
2004,2,5,1.6,0,16,2005,3
2004,2,6,1.6,0,16,2005,4
2004,3,1,1.5,0,16,2004,4
2004,3,2,1.5,0,16,2005,1
2004,3,3,1.5,0,16,2005,2
2004,3,4,1.5,0,16,2005,3
2004,3,5,1.5,0,16,2005,4
2004,4,1,1.48235294117647,-0.0588235294117647,16,2005,1
2004,4,2,1.48235294117647,-0.0588235294117647,16,2005,2
2004,4,3,1.48235294117647,-0.0588235294117647,16,2005,3
2004,4,4,1.48235294117647,-0.0588235294117647,16,2005,4
2005,1,1,2,0,16,2005,2
2005,1,2,2,0,16,2005,3
2005,1,3,2,0,16,2005,4
2005,1,4,2,0,16,2006,1
2005,1,5,2,0,16,2006,2
2005,1,6,2,0,16,2006,3
2005,1,7,2,0,16,2006,4
2005,2,1,2,0,16,2005,3
2005,2,2,2,0,16,2005,4
2005,2,3,2,0,16,2006,1
2005,2,4,2,0,16,2006,2
2005,2,5,2,0,16,2006,3
2005,2,6,2,0,16,2006,4
2005,3,1,2,0,16,2005,4
2005,3,2,2,0,16,2006,1
2005,3,3,2,0,16,2006,2
2005,3,4,2,0,16,2006,3
2005,3,5,2,0,16,2006,4
2005,4,1,1.29411764705882,-0.0588235294117647,16,2006,1
2005,4,2,1.29411764705882,-0.0588235294117647,16,2006,2
2005,4,3,1.29411764705882,-0.0588235294117647,16,2006,3
2005,4,4,1.29411764705882,-0.0588235294117647,16,2006,4
2006,1,1,1.5,0,16,2006,2
2006,1,2,1.5,0,16,2006,3
2006,1,3,1.5,0,16,2006,4
2006,1,4,1.5,0,16,2007,1
2006,1,5,1.5,0,16,2007,2
2006,1,6,1.5,0,16,2007,3
2006,1,7,1.5,0,16,2007,4
2006,2,1,1.5,0,16,2006,3
2006,2,2,1.5,0,16,2006,4
2006,2,3,1.5,0,16,2007,1
2006,2,4,1.5,0,16,2007,2
2006,2,5,1.5,0,16,2007,3
2006,2,6,1.5,0,16,2007,4
2006,3,1,1.6,0,16,2006,4
2006,3,2,1.6,0,16,2007,1
2006,3,3,1.6,0,16,2007,2
2006,3,4,1.6,0,16,2007,3
2006,3,5,1.6,0,16,2007,4
2006,4,1,1.77058823529412,-0.0588235294117647,16,2007,1
2006,4,2,1.77058823529412,-0.0588235294117647,16,2007,2
2006,4,3,1.77058823529412,-0.0588235294117647,16,2007,3
2006,4,4,1.77058823529412,-0.0588235294117647,16,2007,4
2007,1,1,1.9,0,16,2007,2
2007,1,2,1.9,0,16,2007,3
2007,1,3,1.9,0,16,2007,4
2007,1,4,1.9,0,16,2008,1
2007,1,5,1.9,0,16,2008,2
2007,1,6,1.9,0,16,2008,3
2007,1,7,1.9,0,16,2008,4
2007,2,1,2.1,0,16,2007,3
2007,2,2,2.1,0,16,2007,4
2007,2,3,2.1,0,16,2008,1
2007,2,4,2.1,0,16,2008,2
2007,2,5,2.1,0,16,2008,3
2007,2,6,2.1,0,16,2008,4
2007,3,1,2.3,0,16,2007,4
2007,3,2,2.3,0,16,2008,1
2007,3,3,2.3,0,16,2008,2
2007,3,4,2.3,0,16,2008,3
2007,3,5,2.3,0,16,2008,4
2007,4,1,1.95882352941176,-0.0588235294117647,16,2008,1
2007,4,2,1.95882352941176,-0.0588235294117647,16,2008,2
2007,4,3,1.95882352941176,-0.0588235294117647,16,2008,3
2007,4,4,1.95882352941176,-0.0588235294117647,16,2008,4
2008,1,1,1.7,0,16,2008,2
2008,1,2,1.7,0,16,2008,3
2008,1,3,1.7,0,16,2008,4
2008,1,4,1.7,0,16,2009,1
2008,1,5,1.7,0,16,2009,2
2008,1,6,1.7,0,16,2009,3
2008,1,7,1.7,0,16,2009,4
2008,2,1,1.5,0,16,2008,3
2008,2,2,1.5,0,16,2008,4
2008,2,3,1.5,0,16,2009,1
2008,2,4,1.5,0,16,2009,2
2008,2,5,1.5,0,16,2009,3
2008,2,6,1.5,0,16,2009,4
2008,3,1,1.1,0,16,2008,4
2008,3,2,1.1,0,16,2009,1
2008,3,3,1.1,0,16,2009,2
2008,3,4,1.1,0,16,2009,3
2008,3,5,1.1,0,16,2009,4
2008,4,1,0.135294117647059,-0.0588235294117647,16,2009,1
2008,4,2,0.135294117647059,-0.0588235294117647,16,2009,2
2008,4,3,0.135294117647059,-0.0588235294117647,16,2009,3
2008,4,4,0.135294117647059,-0.0588235294117647,16,2009,4
2009,1,1,0.4,0,16,2009,2
2009,1,2,0.4,0,16,2009,3
2009,1,3,0.4,0,16,2009,4
2009,1,4,0.4,0,16,2010,1
2009,1,5,0.4,0,16,2010,2
2009,1,6,0.4,0,16,2010,3
2009,1,7,0.4,0,16,2010,4
2009,2,1,-0.2,0,16,2009,3
2009,2,2,-0.2,0,16,2009,4
2009,2,3,-0.2,0,16,2010,1
2009,2,4,-0.2,0,16,2010,2
2009,2,5,-0.2,0,16,2010,3
2009,2,6,-0.2,0,16,2010,4
2009,3,1,-0.2,0,16,2009,4
2009,3,2,-0.2,0,16,2010,1
2009,3,3,-0.2,0,16,2010,2
2009,3,4,-0.2,0,16,2010,3
2009,3,5,-0.2,0,16,2010,4
2009,4,1,1.49411764705882,-0.0588235294117647,16,2010,1
2009,4,2,1.49411764705882,-0.0588235294117647,16,2010,2
2009,4,3,1.49411764705882,-0.0588235294117647,16,2010,3
2009,4,4,1.49411764705882,-0.0588235294117647,16,2010,4
2010,1,1,1.4,0,16,2010,2
2010,1,2,1.4,0,16,2010,3
2010,1,3,1.4,0,16,2010,4
2010,1,4,1.4,0,16,2011,1
2010,1,5,1.4,0,16,2011,2
2010,1,6,1.4,0,16,2011,3
2010,1,7,1.4,0,16,2011,4
2010,2,1,1.4,0,16,2010,3
2010,2,2,1.4,0,16,2010,4
2010,2,3,1.4,0,16,2011,1
2010,2,4,1.4,0,16,2011,2
2010,2,5,1.4,0,16,2011,3
2010,2,6,1.4,0,16,2011,4
2010,3,1,1.4,0,16,2010,4
2010,3,2,1.4,0,16,2011,1
2010,3,3,1.4,0,16,2011,2
2010,3,4,1.4,0,16,2011,3
2010,3,5,1.4,0,16,2011,4
2010,4,1,1.81176470588235,-0.0588235294117647,16,2011,1
2010,4,2,1.81176470588235,-0.0588235294117647,16,2011,2
2010,4,3,1.81176470588235,-0.0588235294117647,16,2011,3
2010,4,4,1.81176470588235,-0.0588235294117647,16,2011,4
2011,1,1,1.7,0,16,2011,2
2011,1,2,1.7,0,16,2011,3
2011,1,3,1.7,0,16,2011,4
2011,1,4,1.7,0,16,2012,1
2011,1,5,1.7,0,16,2012,2
2011,1,6,1.7,0,16,2012,3
2011,1,7,1.7,0,16,2012,4
2011,2,1,1.7,0,16,2011,3
2011,2,2,1.7,0,16,2011,4
2011,2,3,1.7,0,16,2012,1
2011,2,4,1.7,0,16,2012,2
2011,2,5,1.7,0,16,2012,3
2011,2,6,1.7,0,16,2012,4
2011,3,1,1.6,0,16,2011,4
2011,3,2,1.6,0,16,2012,1
2011,3,3,1.6,0,16,2012,2
2011,3,4,1.6,0,16,2012,3
2011,3,5,1.6,0,16,2012,4
2011,4,1,1.07647058823529,-0.0588235294117647,16,2012,1
2011,4,2,1.07647058823529,-0.0588235294117647,16,2012,2
2011,4,3,1.07647058823529,-0.0588235294117647,16,2012,3
2011,4,4,1.07647058823529,-0.0588235294117647,16,2012,4
2012,1,1,1.7,0,16,2012,2
2012,1,2,1.7,0,16,2012,3
2012,1,3,1.7,0,16,2012,4
2012,1,4,1.7,0,16,2013,1
2012,1,5,1.7,0,16,2013,2
2012,1,6,1.7,0,16,2013,3
2012,1,7,1.7,0,16,2013,4
2012,2,1,1.5,0,16,2012,3
2012,2,2,1.5,0,16,2012,4
2012,2,3,1.5,0,16,2013,1
2012,2,4,1.5,0,16,2013,2
2012,2,5,1.5,0,16,2013,3
2012,2,6,1.5,0,16,2013,4
2012,3,1,0.9,0,16,2012,4
2012,3,2,0.9,0,16,2013,1
2012,3,3,0.9,0,16,2013,2
2012,3,4,0.9,0,16,2013,3
2012,3,5,0.9,0,16,2013,4
2012,4,1,0.552941176470588,-0.0588235294117647,16,2013,1
2012,4,2,0.552941176470588,-0.0588235294117647,16,2013,2
2012,4,3,0.552941176470588,-0.0588235294117647,16,2013,3
2012,4,4,0.552941176470588,-0.0588235294117647,16,2013,4
2013,1,1,1.2,0,16,2013,2
2013,1,2,1.2,0,16,2013,3
2013,1,3,1.2,0,16,2013,4
2013,1,4,1.2,0,16,2014,1
2013,1,5,1.2,0,16,2014,2
2013,1,6,1.2,0,16,2014,3
2013,1,7,1.2,0,16,2014,4
2013,2,1,1.4,0,16,2013,3
2013,2,2,1.4,0,16,2013,4
2013,2,3,1.4,0,16,2014,1
2013,2,4,1.4,0,16,2014,2
2013,2,5,1.4,0,16,2014,3
2013,2,6,1.4,0,16,2014,4
2013,3,1,0.9,0,16,2013,4
2013,3,2,0.9,0,16,2014,1
2013,3,3,0.9,0,16,2014,2
2013,3,4,0.9,0,16,2014,3
2013,3,5,0.9,0,16,2014,4
2013,4,1,1.17647058823529,-0.0588235294117647,16,2014,1
2013,4,2,1.17647058823529,-0.0588235294117647,16,2014,2
2013,4,3,1.17647058823529,-0.0588235294117647,16,2014,3
2013,4,4,1.17647058823529,-0.0588235294117647,16,2014,4
2014,1,1,1.9,0,16,2014,2
2014,1,2,1.9,0,16,2014,3
2014,1,3,1.9,0,16,2014,4
2014,1,4,1.9,0,16,2015,1
2014,1,5,1.9,0,16,2015,2
2014,1,6,1.9,0,16,2015,3
2014,1,7,1.9,0,16,2015,4
2014,2,1,1.9,0,16,2014,3
2014,2,2,1.9,0,16,2014,4
2014,2,3,1.9,0,16,2015,1
2014,2,4,1.9,0,16,2015,2
2014,2,5,1.9,0,16,2015,3
2014,2,6,1.9,0,16,2015,4
2014,3,1,1.7,0,16,2014,4
2014,3,2,1.7,0,16,2015,1
2014,3,3,1.7,0,16,2015,2
2014,3,4,1.7,0,16,2015,3
2014,3,5,1.7,0,16,2015,4
2014,4,1,1.32941176470588,-0.0588235294117647,16,2015,1
2014,4,2,1.32941176470588,-0.0588235294117647,16,2015,2
2014,4,3,1.32941176470588,-0.0588235294117647,16,2015,3
2014,4,4,1.32941176470588,-0.0588235294117647,16,2015,4
2015,1,1,1.6,0,16,2015,2
2015,1,2,1.6,0,16,2015,3
2015,1,3,1.6,0,16,2015,4
2015,1,4,1.6,0,16,2016,1
2015,1,5,1.6,0,16,2016,2
2015,1,6,1.6,0,16,2016,3
2015,1,7,1.6,0,16,2016,4
2015,2,1,1.7,0,16,2015,3
2015,2,2,1.7,0,16,2015,4
2015,2,3,1.7,0,16,2016,1
2015,2,4,1.7,0,16,2016,2
2015,2,5,1.7,0,16,2016,3
2015,2,6,1.7,0,16,2016,4
2015,3,1,1.7,0,16,2015,4
2015,3,2,1.7,0,16,2016,1
2015,3,3,1.7,0,16,2016,2
2015,3,4,1.7,0,16,2016,3
2015,3,5,1.7,0,16,2016,4
2015,4,1,1.71176470588235,-0.0588235294117647,16,2016,1
2015,4,2,1.71176470588235,-0.0588235294117647,16,2016,2
2015,4,3,1.71176470588235,-0.0588235294117647,16,2016,3
2015,4,4,1.71176470588235,-0.0588235294117647,16,2016,4
2016,1,1,1.6,0,16,2016,2
2016,1,2,1.6,0,16,2016,3
2016,1,3,1.6,0,16,2016,4
2016,1,4,1.6,0,16,2017,1
2016,1,5,1.6,0,16,2017,2
2016,1,6,1.6,0,16,2017,3
2016,1,7,1.6,0,16,2017,4
2016,2,1,1.5,0,16,2016,3
2016,2,2,1.5,0,16,2016,4
2016,2,3,1.5,0,16,2017,1
2016,2,4,1.5,0,16,2017,2
2016,2,5,1.5,0,16,2017,3
2016,2,6,1.5,0,16,2017,4
2016,3,1,1.1,0,16,2016,4
2016,3,2,1.1,0,16,2017,1
2016,3,3,1.1,0,16,2017,2
2016,3,4,1.1,0,16,2017,3
2016,3,5,1.1,0,16,2017,4
2016,4,1,1.17647058823529,-0.0588235294117647,16,2017,1
2016,4,2,1.17647058823529,-0.0588235294117647,16,2017,2
2016,4,3,1.17647058823529,-0.0588235294117647,16,2017,3
2016,4,4,1.17647058823529,-0.0588235294117647,16,2017,4
2017,1,1,1.4,0,16,2017,2
2017,1,2,1.4,0,16,2017,3
2017,1,3,1.4,0,16,2017,4
2017,1,4,1.4,0,16,2018,1
2017,1,5,1.4,0,16,2018,2
2017,1,6,1.4,0,16,2018,3
2017,1,7,1.4,0,16,2018,4
2017,2,1,1.4,0,16,2017,3
2017,2,2,1.4,0,16,2017,4
2017,2,3,1.4,0,16,2018,1
2017,2,4,1.4,0,16,2018,2
2017,2,5,1.4,0,16,2018,3
2017,2,6,1.4,0,16,2018,4
2017,3,1,1.7,0,16,2017,4
2017,3,2,1.7,0,16,2018,1
2017,3,3,1.7,0,16,2018,2
2017,3,4,1.7,0,16,2018,3
2017,3,5,1.7,0,16,2018,4
2017,4,1,1.98823529411765,-0.0588235294117647,16,2018,1
2017,4,2,1.98823529411765,-0.0588235294117647,16,2018,2
2017,4,3,1.98823529411765,-0.0588235294117647,16,2018,3
2017,4,4,1.98823529411765,-0.0588235294117647,16,2018,4
2018,1,1,2.1,0,16,2018,2
2018,1,2,2.1,0,16,2018,3
2018,1,3,2.1,0,16,2018,4
2018,1,4,2.1,0,16,2019,1
2018,1,5,2.1,0,16,2019,2
2018,1,6,2.1,0,16,2019,3
2018,1,7,2.1,0,16,2019,4
2018,2,1,2,0,16,2018,3
2018,2,2,2,0,16,2018,4
2018,2,3,2,0,16,2019,1
2018,2,4,2,0,16,2019,2
2018,2,5,2,0,16,2019,3
2018,2,6,2,0,16,2019,4
2018,3,1,1.8,0,16,2018,4
2018,3,2,1.8,0,16,2019,1
2018,3,3,1.8,0,16,2019,2
2018,3,4,1.8,0,16,2019,3
2018,3,5,1.8,0,16,2019,4
2018,4,1,1.78235294117647,-0.0588235294117647,16,2019,1
2018,4,2,1.78235294117647,-0.0588235294117647,16,2019,2
2018,4,3,1.78235294117647,-0.0588235294117647,16,2019,3
2018,4,4,1.78235294117647,-0.0588235294117647,16,2019,4
2019,1,1,1.5,0,16,2019,2
2019,1,2,1.5,0,16,2019,3
2019,1,3,1.5,0,16,2019,4
2019,1,4,1.5,0,16,2020,1
2019,1,5,1.5,0,16,2020,2
2019,1,6,1.5,0,16,2020,3
2019,1,7,1.5,0,16,2020,4
2019,2,1,1.2,0,16,2019,3
2019,2,2,1.2,0,16,2019,4
2019,2,3,1.2,0,16,2020,1
2019,2,4,1.2,0,16,2020,2
2019,2,5,1.2,0,16,2020,3
2019,2,6,1.2,0,16,2020,4
2019,3,1,1.2,0,16,2019,4
2019,3,2,1.2,0,16,2020,1
2019,3,3,1.2,0,16,2020,2
2019,3,4,1.2,0,16,2020,3
2019,3,5,1.2,0,16,2020,4
2019,4,1,0.776470588235294,-0.0588235294117647,16,2020,1
2019,4,2,0.776470588235294,-0.0588235294117647,16,2020,2
2019,4,3,0.776470588235294,-0.0588235294117647,16,2020,3
2019,4,4,0.776470588235294,-0.0588235294117647,16,2020,4
2020,1,1,1.1,0,16,2020,2
2020,1,2,1.1,0,16,2020,3
2020,1,3,1.1,0,16,2020,4
2020,1,4,1.1,0,16,2021,1
2020,1,5,1.1,0,16,2021,2
2020,1,6,1.1,0,16,2021,3
2020,1,7,1.1,0,16,2021,4
2020,2,1,9,0,16,2020,3
2020,2,2,9,0,16,2020,4
2020,2,3,9,0,16,2021,1
2020,2,4,9,0,16,2021,2
2020,2,5,9,0,16,2021,3
2020,2,6,9,0,16,2021,4
2020,3,1,7,0,16,2020,4
2020,3,2,7,0,16,2021,1
2020,3,3,7,0,16,2021,2
2020,3,4,7,0,16,2021,3
2020,3,5,7,0,16,2021,4
2020,4,1,6.32352941176471,-0.0588235294117647,16,2021,1
2020,4,2,6.32352941176471,-0.0588235294117647,16,2021,2
2020,4,3,6.32352941176471,-0.0588235294117647,16,2021,3
2020,4,4,6.32352941176471,-0.0588235294117647,16,2021,4
2021,1,1,4.8,0,16,2021,2
2021,1,2,4.8,0,16,2021,3
2021,1,3,4.8,0,16,2021,4
2021,1,4,4.8,0,16,2022,1
2021,1,5,4.8,0,16,2022,2
2021,1,6,4.8,0,16,2022,3
2021,1,7,4.8,0,16,2022,4
2021,2,1,4.9,0,16,2021,3
2021,2,2,4.9,0,16,2021,4
2021,2,3,4.9,0,16,2022,1
2021,2,4,4.9,0,16,2022,2
2021,2,5,4.9,0,16,2022,3
2021,2,6,4.9,0,16,2022,4
2021,3,1,4.4,0,16,2021,4
2021,3,2,4.4,0,16,2022,1
2021,3,3,4.4,0,16,2022,2
2021,3,4,4.4,0,16,2022,3
2021,3,5,4.4,0,16,2022,4
2021,4,1,4.67058823529412,-0.0588235294117647,16,2022,1
2021,4,2,4.67058823529412,-0.0588235294117647,16,2022,2
2021,4,3,4.67058823529412,-0.0588235294117647,16,2022,3
2021,4,4,4.67058823529412,-0.0588235294117647,16,2022,4
2022,1,1,2.9,0,16,2022,2
2022,1,2,2.9,0,16,2022,3
2022,1,3,2.9,0,16,2022,4
2022,1,4,2.9,0,16,2023,1
2022,1,5,2.9,0,16,2023,2
2022,1,6,2.9,0,16,2023,3
2022,1,7,2.9,0,16,2023,4
2022,2,1,2,0,16,2022,3
2022,2,2,2,0,16,2022,4
2022,2,3,2,0,16,2023,1
2022,2,4,2,0,16,2023,2
2022,2,5,2,0,16,2023,3
2022,2,6,2,0,16,2023,4
2022,3,1,1.1,0,16,2022,4
2022,3,2,1.1,0,16,2023,1
2022,3,3,1.1,0,16,2023,2
2022,3,4,1.1,0,16,2023,3
2022,3,5,1.1,0,16,2023,4
2022,4,1,0.335294117647059,-0.0588235294117647,16,2023,1
2022,4,2,0.335294117647059,-0.0588235294117647,16,2023,2
2022,4,3,0.335294117647059,-0.0588235294117647,16,2023,3
2022,4,4,0.335294117647059,-0.0588235294117647,16,2023,4
2023,1,1,1.5,0,16,2023,2
2023,1,2,1.5,0,16,2023,3
2023,1,3,1.5,0,16,2023,4
2023,1,4,1.5,0,16,2024,1
2023,1,5,1.5,0,16,2024,2
2023,1,6,1.5,0,16,2024,3
2023,1,7,1.5,0,16,2024,4
2023,2,1,1.6,0,16,2023,3
2023,2,2,1.6,0,16,2023,4
2023,2,3,1.6,0,16,2024,1
2023,2,4,1.6,0,16,2024,2
2023,2,5,1.6,0,16,2024,3
2023,2,6,1.6,0,16,2024,4
2023,4,1,0.611764705882353,-0.0588235294117647,16,2024,1
2023,4,2,0.611764705882353,-0.0588235294117647,16,2024,2
2023,4,3,0.611764705882353,-0.0588235294117647,16,2024,3
2023,4,4,0.611764705882353,-0.0588235294117647,16,2024,4
2024,1,1,1.5,0,16,2024,2
2024,1,2,1.5,0,16,2024,3
2024,1,3,1.5,0,16,2024,4
2024,1,4,1.5,0,16,2025,1
2024,1,5,1.5,0,16,2025,2
2024,1,6,1.5,0,16,2025,3
2024,1,7,1.5,0,16,2025,4
2024,2,1,1.5,0,16,2024,3
2024,2,2,1.5,0,16,2024,4
2024,2,3,1.5,0,16,2025,1
2024,2,4,1.5,0,16,2025,2
2024,2,5,1.5,0,16,2025,3
2024,2,6,1.5,0,16,2025,4
2024,3,1,1.4,0,16,2024,4
2024,3,2,1.4,0,16,2025,1
2024,3,3,1.4,0,16,2025,2
2024,3,4,1.4,0,16,2025,3
2024,3,5,1.4,0,16,2025,4
2024,4,1,1.02352941176471,-0.0588235294117647,16,2025,1
2024,4,2,1.02352941176471,-0.0588235294117647,16,2025,2
2024,4,3,1.02352941176471,-0.0588235294117647,16,2025,3
2024,4,4,1.02352941176471,-0.0588235294117647,16,2025,4
2001,1,1,3.2,0,17,2001,2
2001,1,2,3.2,0,17,2001,3
2001,1,3,3.2,0,17,2001,4
2001,1,4,3.2,0,17,2002,1
2001,1,5,3.2,0,17,2002,2
2001,1,6,3.2,0,17,2002,3
2001,1,7,3.2,0,17,2002,4
2001,2,1,2.6,0,17,2001,3
2001,2,2,2.6,0,17,2001,4
2001,2,3,2.6,0,17,2002,1
2001,2,4,2.6,0,17,2002,2
2001,2,5,2.6,0,17,2002,3
2001,2,6,2.6,0,17,2002,4
2001,4,1,2.01176470588235,-0.0588235294117647,17,2002,1
2001,4,2,2.01176470588235,-0.0588235294117647,17,2002,2
2001,4,3,2.01176470588235,-0.0588235294117647,17,2002,3
2001,4,4,2.01176470588235,-0.0588235294117647,17,2002,4
2002,1,1,2.3,0,17,2002,2
2002,1,2,2.3,0,17,2002,3
2002,1,3,2.3,0,17,2002,4
2002,1,4,2.3,0,17,2003,1
2002,1,5,2.3,0,17,2003,2
2002,1,6,2.3,0,17,2003,3
2002,1,7,2.3,0,17,2003,4
2002,2,1,2.7,0,17,2002,3
2002,2,2,2.7,0,17,2002,4
2002,2,3,2.7,0,17,2003,1
2002,2,4,2.7,0,17,2003,2
2002,2,5,2.7,0,17,2003,3
2002,2,6,2.7,0,17,2003,4
2002,3,1,2.2,0,17,2002,4
2002,3,2,2.2,0,17,2003,1
2002,3,3,2.2,0,17,2003,2
2002,3,4,2.2,0,17,2003,3
2002,3,5,2.2,0,17,2003,4
2002,4,1,2.07647058823529,-0.0588235294117647,17,2003,1
2002,4,2,2.07647058823529,-0.0588235294117647,17,2003,2
2002,4,3,2.07647058823529,-0.0588235294117647,17,2003,3
2002,4,4,2.07647058823529,-0.0588235294117647,17,2003,4
2003,1,1,2.5,0,17,2003,2
2003,1,2,2.5,0,17,2003,3
2003,1,3,2.5,0,17,2003,4
2003,1,4,2.5,0,17,2004,1
2003,1,5,2.5,0,17,2004,2
2003,1,6,2.5,0,17,2004,3
2003,1,7,2.5,0,17,2004,4
2003,2,1,2,0,17,2003,3
2003,2,2,2,0,17,2003,4
2003,2,3,2,0,17,2004,1
2003,2,4,2,0,17,2004,2
2003,2,5,2,0,17,2004,3
2003,2,6,2,0,17,2004,4
2003,3,1,1.5,0,17,2003,4
2003,3,2,1.5,0,17,2004,1
2003,3,3,1.5,0,17,2004,2
2003,3,4,1.5,0,17,2004,3
2003,3,5,1.5,0,17,2004,4
2003,4,1,1.66470588235294,-0.0588235294117647,17,2004,1
2003,4,2,1.66470588235294,-0.0588235294117647,17,2004,2
2003,4,3,1.66470588235294,-0.0588235294117647,17,2004,3
2003,4,4,1.66470588235294,-0.0588235294117647,17,2004,4
2004,1,1,2.4,0,17,2004,2
2004,1,2,2.4,0,17,2004,3
2004,1,3,2.4,0,17,2004,4
2004,1,4,2.4,0,17,2005,1
2004,1,5,2.4,0,17,2005,2
2004,1,6,2.4,0,17,2005,3
2004,1,7,2.4,0,17,2005,4
2004,2,1,2.2,0,17,2004,3
2004,2,2,2.2,0,17,2004,4
2004,2,3,2.2,0,17,2005,1
2004,2,4,2.2,0,17,2005,2
2004,2,5,2.2,0,17,2005,3
2004,2,6,2.2,0,17,2005,4
2004,3,1,2.2,0,17,2004,4
2004,3,2,2.2,0,17,2005,1
2004,3,3,2.2,0,17,2005,2
2004,3,4,2.2,0,17,2005,3
2004,3,5,2.2,0,17,2005,4
2004,4,1,2.01176470588235,-0.0588235294117647,17,2005,1
2004,4,2,2.01176470588235,-0.0588235294117647,17,2005,2
2004,4,3,2.01176470588235,-0.0588235294117647,17,2005,3
2004,4,4,2.01176470588235,-0.0588235294117647,17,2005,4
2005,1,1,2.4,0,17,2005,2
2005,1,2,2.4,0,17,2005,3
2005,1,3,2.4,0,17,2005,4
2005,1,4,2.4,0,17,2006,1
2005,1,5,2.4,0,17,2006,2
2005,1,6,2.4,0,17,2006,3
2005,1,7,2.4,0,17,2006,4
2005,2,1,2,0,17,2005,3
2005,2,2,2,0,17,2005,4
2005,2,3,2,0,17,2006,1
2005,2,4,2,0,17,2006,2
2005,2,5,2,0,17,2006,3
2005,2,6,2,0,17,2006,4
2005,3,1,2,0,17,2005,4
2005,3,2,2,0,17,2006,1
2005,3,3,2,0,17,2006,2
2005,3,4,2,0,17,2006,3
2005,3,5,2,0,17,2006,4
2005,4,1,1.83529411764706,-0.0588235294117647,17,2006,1
2005,4,2,1.83529411764706,-0.0588235294117647,17,2006,2
2005,4,3,1.83529411764706,-0.0588235294117647,17,2006,3
2005,4,4,1.83529411764706,-0.0588235294117647,17,2006,4
2006,1,1,2,0,17,2006,2
2006,1,2,2,0,17,2006,3
2006,1,3,2,0,17,2006,4
2006,1,4,2,0,17,2007,1
2006,1,5,2,0,17,2007,2
2006,1,6,2,0,17,2007,3
2006,1,7,2,0,17,2007,4
2006,2,1,2,0,17,2006,3
2006,2,2,2,0,17,2006,4
2006,2,3,2,0,17,2007,1
2006,2,4,2,0,17,2007,2
2006,2,5,2,0,17,2007,3
2006,2,6,2,0,17,2007,4
2001,1,1,3.3,0,18,2001,2
2001,1,2,3.3,0,18,2001,3
2001,1,3,3.3,0,18,2001,4
2001,1,4,3.3,0,18,2002,1
2001,1,5,3.3,0,18,2002,2
2001,1,6,3.3,0,18,2002,3
2001,1,7,3.3,0,18,2002,4
2001,2,1,2.8,0,18,2001,3
2001,2,2,2.8,0,18,2001,4
2001,2,3,2.8,0,18,2002,1
2001,2,4,2.8,0,18,2002,2
2001,2,5,2.8,0,18,2002,3
2001,2,6,2.8,0,18,2002,4
2004,1,1,1.5,0,18,2004,2
2004,1,2,1.5,0,18,2004,3
2004,1,3,1.5,0,18,2004,4
2004,1,4,1.5,0,18,2005,1
2004,1,5,1.5,0,18,2005,2
2004,1,6,1.5,0,18,2005,3
2004,1,7,1.5,0,18,2005,4
2004,4,1,1.5,-0.0588235294117647,18,2005,1
2004,4,2,1.5,-0.0588235294117647,18,2005,2
2004,4,3,1.5,-0.0588235294117647,18,2005,3
2004,4,4,1.5,-0.0588235294117647,18,2005,4
2005,3,1,2,0,18,2005,4
2005,3,2,2,0,18,2006,1
2005,3,3,2,0,18,2006,2
2005,3,4,2,0,18,2006,3
2005,3,5,2,0,18,2006,4
2006,1,1,1.8,0,18,2006,2
2006,1,2,1.8,0,18,2006,3
2006,1,3,1.8,0,18,2006,4
2006,1,4,1.8,0,18,2007,1
2006,1,5,1.8,0,18,2007,2
2006,1,6,1.8,0,18,2007,3
2006,1,7,1.8,0,18,2007,4
2006,2,1,2,0,18,2006,3
2006,2,2,2,0,18,2006,4
2006,2,3,2,0,18,2007,1
2006,2,4,2,0,18,2007,2
2006,2,5,2,0,18,2007,3
2006,2,6,2,0,18,2007,4
2006,4,1,2.23529411764706,-0.0588235294117647,18,2007,1
2006,4,2,2.23529411764706,-0.0588235294117647,18,2007,2
2006,4,3,2.23529411764706,-0.0588235294117647,18,2007,3
2006,4,4,2.23529411764706,-0.0588235294117647,18,2007,4
2007,1,1,2,0,18,2007,2
2007,1,2,2,0,18,2007,3
2007,1,3,2,0,18,2007,4
2007,1,4,2,0,18,2008,1
2007,1,5,2,0,18,2008,2
2007,1,6,2,0,18,2008,3
2007,1,7,2,0,18,2008,4
2007,3,1,2.5,0,18,2007,4
2007,3,2,2.5,0,18,2008,1
2007,3,3,2.5,0,18,2008,2
2007,3,4,2.5,0,18,2008,3
2007,3,5,2.5,0,18,2008,4
2009,1,1,0.25,0,18,2009,2
2009,1,2,0.25,0,18,2009,3
2009,1,3,0.25,0,18,2009,4
2009,1,4,0.25,0,18,2010,1
2009,1,5,0.25,0,18,2010,2
2009,1,6,0.25,0,18,2010,3
2009,1,7,0.25,0,18,2010,4
2010,1,1,1.8,0,18,2010,2
2010,1,2,1.8,0,18,2010,3
2010,1,3,1.8,0,18,2010,4
2010,1,4,1.8,0,18,2011,1
2010,1,5,1.8,0,18,2011,2
2010,1,6,1.8,0,18,2011,3
2010,1,7,1.8,0,18,2011,4
2001,1,1,3,0,19,2001,2
2001,1,2,3,0,19,2001,3
2001,1,3,3,0,19,2001,4
2001,1,4,3,0,19,2002,1
2001,1,5,3,0,19,2002,2
2001,1,6,3,0,19,2002,3
2001,1,7,3,0,19,2002,4
2001,2,1,2.9,0,19,2001,3
2001,2,2,2.9,0,19,2001,4
2001,2,3,2.9,0,19,2002,1
2001,2,4,2.9,0,19,2002,2
2001,2,5,2.9,0,19,2002,3
2001,2,6,2.9,0,19,2002,4
2001,3,1,2.3,0,19,2001,4
2001,3,2,2.3,0,19,2002,1
2001,3,3,2.3,0,19,2002,2
2001,3,4,2.3,0,19,2002,3
2001,3,5,2.3,0,19,2002,4
2001,4,1,1.71176470588235,-0.0588235294117647,19,2002,1
2001,4,2,1.71176470588235,-0.0588235294117647,19,2002,2
2001,4,3,1.71176470588235,-0.0588235294117647,19,2002,3
2001,4,4,1.71176470588235,-0.0588235294117647,19,2002,4
2002,2,1,2.6,0,19,2002,3
2002,2,2,2.6,0,19,2002,4
2002,2,3,2.6,0,19,2003,1
2002,2,4,2.6,0,19,2003,2
2002,2,5,2.6,0,19,2003,3
2002,2,6,2.6,0,19,2003,4
2002,3,1,2.5,0,19,2002,4
2002,3,2,2.5,0,19,2003,1
2002,3,3,2.5,0,19,2003,2
2002,3,4,2.5,0,19,2003,3
2002,3,5,2.5,0,19,2003,4
2002,4,1,2.59411764705882,-0.0588235294117647,19,2003,1
2002,4,2,2.59411764705882,-0.0588235294117647,19,2003,2
2002,4,3,2.59411764705882,-0.0588235294117647,19,2003,3
2002,4,4,2.59411764705882,-0.0588235294117647,19,2003,4
2003,1,1,2.5,0,19,2003,2
2003,1,2,2.5,0,19,2003,3
2003,1,3,2.5,0,19,2003,4
2003,1,4,2.5,0,19,2004,1
2003,1,5,2.5,0,19,2004,2
2003,1,6,2.5,0,19,2004,3
2003,1,7,2.5,0,19,2004,4
2003,3,1,1.5,0,19,2003,4
2003,3,2,1.5,0,19,2004,1
2003,3,3,1.5,0,19,2004,2
2003,3,4,1.5,0,19,2004,3
2003,3,5,1.5,0,19,2004,4
2003,4,1,1.55882352941177,-0.0588235294117647,19,2004,1
2003,4,2,1.55882352941177,-0.0588235294117647,19,2004,2
2003,4,3,1.55882352941177,-0.0588235294117647,19,2004,3
2003,4,4,1.55882352941177,-0.0588235294117647,19,2004,4
2004,3,1,2.2,0,19,2004,4
2004,3,2,2.2,0,19,2005,1
2004,3,3,2.2,0,19,2005,2
2004,3,4,2.2,0,19,2005,3
2004,3,5,2.2,0,19,2005,4
2004,4,1,2.00588235294118,-0.0588235294117647,19,2005,1
2004,4,2,2.00588235294118,-0.0588235294117647,19,2005,2
2004,4,3,2.00588235294118,-0.0588235294117647,19,2005,3
2004,4,4,2.00588235294118,-0.0588235294117647,19,2005,4
2005,1,1,2,0,19,2005,2
2005,1,2,2,0,19,2005,3
2005,1,3,2,0,19,2005,4
2005,1,4,2,0,19,2006,1
2005,1,5,2,0,19,2006,2
2005,1,6,2,0,19,2006,3
2005,1,7,2,0,19,2006,4
2005,2,1,2,0,19,2005,3
2005,2,2,2,0,19,2005,4
2005,2,3,2,0,19,2006,1
2005,2,4,2,0,19,2006,2
2005,2,5,2,0,19,2006,3
2005,2,6,2,0,19,2006,4
2005,3,1,2,0,19,2005,4
2005,3,2,2,0,19,2006,1
2005,3,3,2,0,19,2006,2
2005,3,4,2,0,19,2006,3
2005,3,5,2,0,19,2006,4
2005,4,1,1.83529411764706,-0.0588235294117647,19,2006,1
2005,4,2,1.83529411764706,-0.0588235294117647,19,2006,2
2005,4,3,1.83529411764706,-0.0588235294117647,19,2006,3
2005,4,4,1.83529411764706,-0.0588235294117647,19,2006,4
2006,1,1,1.8,0,19,2006,2
2006,1,2,1.8,0,19,2006,3
2006,1,3,1.8,0,19,2006,4
2006,1,4,1.8,0,19,2007,1
2006,1,5,1.8,0,19,2007,2
2006,1,6,1.8,0,19,2007,3
2006,1,7,1.8,0,19,2007,4
2006,4,1,1.64705882352941,-0.0588235294117647,19,2007,1
2006,4,2,1.64705882352941,-0.0588235294117647,19,2007,2
2006,4,3,1.64705882352941,-0.0588235294117647,19,2007,3
2006,4,4,1.64705882352941,-0.0588235294117647,19,2007,4
2007,1,1,2.1,0,19,2007,2
2007,1,2,2.1,0,19,2007,3
2007,1,3,2.1,0,19,2007,4
2007,1,4,2.1,0,19,2008,1
2007,1,5,2.1,0,19,2008,2
2007,1,6,2.1,0,19,2008,3
2007,1,7,2.1,0,19,2008,4
2007,2,1,2.1,0,19,2007,3
2007,2,2,2.1,0,19,2007,4
2007,2,3,2.1,0,19,2008,1
2007,2,4,2.1,0,19,2008,2
2007,2,5,2.1,0,19,2008,3
2007,2,6,2.1,0,19,2008,4
2007,3,1,2.4,0,19,2007,4
2007,3,2,2.4,0,19,2008,1
2007,3,3,2.4,0,19,2008,2
2007,3,4,2.4,0,19,2008,3
2007,3,5,2.4,0,19,2008,4
2007,4,1,1.86470588235294,-0.0588235294117647,19,2008,1
2007,4,2,1.86470588235294,-0.0588235294117647,19,2008,2
2007,4,3,1.86470588235294,-0.0588235294117647,19,2008,3
2007,4,4,1.86470588235294,-0.0588235294117647,19,2008,4
2008,3,1,1.5,0,19,2008,4
2008,3,2,1.5,0,19,2009,1
2008,3,3,1.5,0,19,2009,2
2008,3,4,1.5,0,19,2009,3
2008,3,5,1.5,0,19,2009,4
2008,4,1,0.247058823529412,-0.0588235294117647,19,2009,1
2008,4,2,0.247058823529412,-0.0588235294117647,19,2009,2
2008,4,3,0.247058823529412,-0.0588235294117647,19,2009,3
2008,4,4,0.247058823529412,-0.0588235294117647,19,2009,4
2009,2,1,0.6,0,19,2009,3
2009,2,2,0.6,0,19,2009,4
2009,2,3,0.6,0,19,2010,1
2009,2,4,0.6,0,19,2010,2
2009,2,5,0.6,0,19,2010,3
2009,2,6,0.6,0,19,2010,4
2009,3,1,-0.1,0,19,2009,4
2009,3,2,-0.1,0,19,2010,1
2009,3,3,-0.1,0,19,2010,2
2009,3,4,-0.1,0,19,2010,3
2009,3,5,-0.1,0,19,2010,4
2011,1,1,1.9,0,19,2011,2
2011,1,2,1.9,0,19,2011,3
2011,1,3,1.9,0,19,2011,4
2011,1,4,1.9,0,19,2012,1
2011,1,5,1.9,0,19,2012,2
2011,1,6,1.9,0,19,2012,3
2011,1,7,1.9,0,19,2012,4
2011,4,1,0.752941176470588,-0.0588235294117647,19,2012,1
2011,4,2,0.752941176470588,-0.0588235294117647,19,2012,2
2011,4,3,0.752941176470588,-0.0588235294117647,19,2012,3
2011,4,4,0.752941176470588,-0.0588235294117647,19,2012,4
2001,1,1,3,0,20,2001,2
2001,1,2,3,0,20,2001,3
2001,1,3,3,0,20,2001,4
2001,1,4,3,0,20,2002,1
2001,1,5,3,0,20,2002,2
2001,1,6,3,0,20,2002,3
2001,1,7,3,0,20,2002,4
2002,1,1,2.4,0,20,2002,2
2002,1,2,2.4,0,20,2002,3
2002,1,3,2.4,0,20,2002,4
2002,1,4,2.4,0,20,2003,1
2002,1,5,2.4,0,20,2003,2
2002,1,6,2.4,0,20,2003,3
2002,1,7,2.4,0,20,2003,4
2002,4,1,1.75294117647059,-0.0588235294117647,20,2003,1
2002,4,2,1.75294117647059,-0.0588235294117647,20,2003,2
2002,4,3,1.75294117647059,-0.0588235294117647,20,2003,3
2002,4,4,1.75294117647059,-0.0588235294117647,20,2003,4
2003,1,1,2.5,0,20,2003,2
2003,1,2,2.5,0,20,2003,3
2003,1,3,2.5,0,20,2003,4
2003,1,4,2.5,0,20,2004,1
2003,1,5,2.5,0,20,2004,2
2003,1,6,2.5,0,20,2004,3
2003,1,7,2.5,0,20,2004,4
2003,2,1,2.3,0,20,2003,3
2003,2,2,2.3,0,20,2003,4
2003,2,3,2.3,0,20,2004,1
2003,2,4,2.3,0,20,2004,2
2003,2,5,2.3,0,20,2004,3
2003,2,6,2.3,0,20,2004,4
2003,3,1,2,0,20,2003,4
2003,3,2,2,0,20,2004,1
2003,3,3,2,0,20,2004,2
2003,3,4,2,0,20,2004,3
2003,3,5,2,0,20,2004,4
2003,4,1,1.55882352941177,-0.0588235294117647,20,2004,1
2003,4,2,1.55882352941177,-0.0588235294117647,20,2004,2
2003,4,3,1.55882352941177,-0.0588235294117647,20,2004,3
2003,4,4,1.55882352941177,-0.0588235294117647,20,2004,4
2004,1,1,2.3,0,20,2004,2
2004,1,2,2.3,0,20,2004,3
2004,1,3,2.3,0,20,2004,4
2004,1,4,2.3,0,20,2005,1
2004,1,5,2.3,0,20,2005,2
2004,1,6,2.3,0,20,2005,3
2004,1,7,2.3,0,20,2005,4
2004,2,1,2.3,0,20,2004,3
2004,2,2,2.3,0,20,2004,4
2004,2,3,2.3,0,20,2005,1
2004,2,4,2.3,0,20,2005,2
2004,2,5,2.3,0,20,2005,3
2004,2,6,2.3,0,20,2005,4
2004,3,1,2.5,0,20,2004,4
2004,3,2,2.5,0,20,2005,1
2004,3,3,2.5,0,20,2005,2
2004,3,4,2.5,0,20,2005,3
2004,3,5,2.5,0,20,2005,4
2004,4,1,1.90588235294118,-0.0588235294117647,20,2005,1
2004,4,2,1.90588235294118,-0.0588235294117647,20,2005,2
2004,4,3,1.90588235294118,-0.0588235294117647,20,2005,3
2004,4,4,1.90588235294118,-0.0588235294117647,20,2005,4
2005,1,1,2.2,0,20,2005,2
2005,1,2,2.2,0,20,2005,3
2005,1,3,2.2,0,20,2005,4
2005,1,4,2.2,0,20,2006,1
2005,1,5,2.2,0,20,2006,2
2005,1,6,2.2,0,20,2006,3
2005,1,7,2.2,0,20,2006,4
2005,2,1,1.8,0,20,2005,3
2005,2,2,1.8,0,20,2005,4
2005,2,3,1.8,0,20,2006,1
2005,2,4,1.8,0,20,2006,2
2005,2,5,1.8,0,20,2006,3
2005,2,6,1.8,0,20,2006,4
2005,3,1,1.8,0,20,2005,4
2005,3,2,1.8,0,20,2006,1
2005,3,3,1.8,0,20,2006,2
2005,3,4,1.8,0,20,2006,3
2005,3,5,1.8,0,20,2006,4
2005,4,1,1.82941176470588,-0.0588235294117647,20,2006,1
2005,4,2,1.82941176470588,-0.0588235294117647,20,2006,2
2005,4,3,1.82941176470588,-0.0588235294117647,20,2006,3
2005,4,4,1.82941176470588,-0.0588235294117647,20,2006,4
2006,1,1,2.2,0,20,2006,2
2006,1,2,2.2,0,20,2006,3
2006,1,3,2.2,0,20,2006,4
2006,1,4,2.2,0,20,2007,1
2006,1,5,2.2,0,20,2007,2
2006,1,6,2.2,0,20,2007,3
2006,1,7,2.2,0,20,2007,4
2006,2,1,2.2,0,20,2006,3
2006,2,2,2.2,0,20,2006,4
2006,2,3,2.2,0,20,2007,1
2006,2,4,2.2,0,20,2007,2
2006,2,5,2.2,0,20,2007,3
2006,2,6,2.2,0,20,2007,4
2006,3,1,1.9,0,20,2006,4
2006,3,2,1.9,0,20,2007,1
2006,3,3,1.9,0,20,2007,2
2006,3,4,1.9,0,20,2007,3
2006,3,5,1.9,0,20,2007,4
2006,4,1,1.95882352941176,-0.0588235294117647,20,2007,1
2006,4,2,1.95882352941176,-0.0588235294117647,20,2007,2
2006,4,3,1.95882352941176,-0.0588235294117647,20,2007,3
2006,4,4,1.95882352941176,-0.0588235294117647,20,2007,4
2007,1,1,2.4,0,20,2007,2
2007,1,2,2.4,0,20,2007,3
2007,1,3,2.4,0,20,2007,4
2007,1,4,2.4,0,20,2008,1
2007,1,5,2.4,0,20,2008,2
2007,1,6,2.4,0,20,2008,3
2007,1,7,2.4,0,20,2008,4
2007,2,1,2.6,0,20,2007,3
2007,2,2,2.6,0,20,2007,4
2007,2,3,2.6,0,20,2008,1
2007,2,4,2.6,0,20,2008,2
2007,2,5,2.6,0,20,2008,3
2007,2,6,2.6,0,20,2008,4
2007,3,1,2.5,0,20,2007,4
2007,3,2,2.5,0,20,2008,1
2007,3,3,2.5,0,20,2008,2
2007,3,4,2.5,0,20,2008,3
2007,3,5,2.5,0,20,2008,4
2007,4,1,2.17647058823529,-0.0588235294117647,20,2008,1
2007,4,2,2.17647058823529,-0.0588235294117647,20,2008,2
2007,4,3,2.17647058823529,-0.0588235294117647,20,2008,3
2007,4,4,2.17647058823529,-0.0588235294117647,20,2008,4
2008,1,1,2,0,20,2008,2
2008,1,2,2,0,20,2008,3
2008,1,3,2,0,20,2008,4
2008,1,4,2,0,20,2009,1
2008,1,5,2,0,20,2009,2
2008,1,6,2,0,20,2009,3
2008,1,7,2,0,20,2009,4
2008,3,1,1,0,20,2008,4
2008,3,2,1,0,20,2009,1
2008,3,3,1,0,20,2009,2
2008,3,4,1,0,20,2009,3
2008,3,5,1,0,20,2009,4
2008,4,1,-0.0764705882352941,-0.0588235294117647,20,2009,1
2008,4,2,-0.0764705882352941,-0.0588235294117647,20,2009,2
2008,4,3,-0.0764705882352941,-0.0588235294117647,20,2009,3
2008,4,4,-0.0764705882352941,-0.0588235294117647,20,2009,4
2009,1,1,0.7,0,20,2009,2
2009,1,2,0.7,0,20,2009,3
2009,1,3,0.7,0,20,2009,4
2009,1,4,0.7,0,20,2010,1
2009,1,5,0.7,0,20,2010,2
2009,1,6,0.7,0,20,2010,3
2009,1,7,0.7,0,20,2010,4
2009,2,1,0,0,20,2009,3
2009,2,2,0,0,20,2009,4
2009,2,3,0,0,20,2010,1
2009,2,4,0,0,20,2010,2
2009,2,5,0,0,20,2010,3
2009,2,6,0,0,20,2010,4
2009,3,1,0.3,0,20,2009,4
2009,3,2,0.3,0,20,2010,1
2009,3,3,0.3,0,20,2010,2
2009,3,4,0.3,0,20,2010,3
2009,3,5,0.3,0,20,2010,4
2009,4,1,1.29411764705882,-0.0588235294117647,20,2010,1
2009,4,2,1.29411764705882,-0.0588235294117647,20,2010,2
2009,4,3,1.29411764705882,-0.0588235294117647,20,2010,3
2009,4,4,1.29411764705882,-0.0588235294117647,20,2010,4
2010,1,1,1.5,0,20,2010,2
2010,1,2,1.5,0,20,2010,3
2010,1,3,1.5,0,20,2010,4
2010,1,4,1.5,0,20,2011,1
2010,1,5,1.5,0,20,2011,2
2010,1,6,1.5,0,20,2011,3
2010,1,7,1.5,0,20,2011,4
2010,3,1,1.7,0,20,2010,4
2010,3,2,1.7,0,20,2011,1
2010,3,3,1.7,0,20,2011,2
2010,3,4,1.7,0,20,2011,3
2010,3,5,1.7,0,20,2011,4
2010,4,1,2.01764705882353,-0.0588235294117647,20,2011,1
2010,4,2,2.01764705882353,-0.0588235294117647,20,2011,2
2010,4,3,2.01764705882353,-0.0588235294117647,20,2011,3
2010,4,4,2.01764705882353,-0.0588235294117647,20,2011,4
2011,1,1,2.2,0,20,2011,2
2011,1,2,2.2,0,20,2011,3
2011,1,3,2.2,0,20,2011,4
2011,1,4,2.2,0,20,2012,1
2011,1,5,2.2,0,20,2012,2
2011,1,6,2.2,0,20,2012,3
2011,1,7,2.2,0,20,2012,4
2011,2,1,2,0,20,2011,3
2011,2,2,2,0,20,2011,4
2011,2,3,2,0,20,2012,1
2011,2,4,2,0,20,2012,2
2011,2,5,2,0,20,2012,3
2011,2,6,2,0,20,2012,4
2011,3,1,1.8,0,20,2011,4
2011,3,2,1.8,0,20,2012,1
2011,3,3,1.8,0,20,2012,2
2011,3,4,1.8,0,20,2012,3
2011,3,5,1.8,0,20,2012,4
2011,4,1,0.958823529411765,-0.0588235294117647,20,2012,1
2011,4,2,0.958823529411765,-0.0588235294117647,20,2012,2
2011,4,3,0.958823529411765,-0.0588235294117647,20,2012,3
2011,4,4,0.958823529411765,-0.0588235294117647,20,2012,4
2012,1,1,1.2,0,20,2012,2
2012,1,2,1.2,0,20,2012,3
2012,1,3,1.2,0,20,2012,4
2012,1,4,1.2,0,20,2013,1
2012,1,5,1.2,0,20,2013,2
2012,1,6,1.2,0,20,2013,3
2012,1,7,1.2,0,20,2013,4
2012,2,1,1,0,20,2012,3
2012,2,2,1,0,20,2012,4
2012,2,3,1,0,20,2013,1
2012,2,4,1,0,20,2013,2
2012,2,5,1,0,20,2013,3
2012,2,6,1,0,20,2013,4
2012,3,1,0.7,0,20,2012,4
2012,3,2,0.7,0,20,2013,1
2012,3,3,0.7,0,20,2013,2
2012,3,4,0.7,0,20,2013,3
2012,3,5,0.7,0,20,2013,4
2012,4,1,0.552941176470588,-0.0588235294117647,20,2013,1
2012,4,2,0.552941176470588,-0.0588235294117647,20,2013,2
2012,4,3,0.552941176470588,-0.0588235294117647,20,2013,3
2012,4,4,0.552941176470588,-0.0588235294117647,20,2013,4
2013,1,1,1.2,0,20,2013,2
2013,1,2,1.2,0,20,2013,3
2013,1,3,1.2,0,20,2013,4
2013,1,4,1.2,0,20,2014,1
2013,1,5,1.2,0,20,2014,2
2013,1,6,1.2,0,20,2014,3
2013,1,7,1.2,0,20,2014,4
2013,2,1,1,0,20,2013,3
2013,2,2,1,0,20,2013,4
2013,2,3,1,0,20,2014,1
2013,2,4,1,0,20,2014,2
2013,2,5,1,0,20,2014,3
2013,2,6,1,0,20,2014,4
2013,4,1,1.29411764705882,-0.0588235294117647,20,2014,1
2013,4,2,1.29411764705882,-0.0588235294117647,20,2014,2
2013,4,3,1.29411764705882,-0.0588235294117647,20,2014,3
2013,4,4,1.29411764705882,-0.0588235294117647,20,2014,4
2014,1,1,1.5,0,20,2014,2
2014,1,2,1.5,0,20,2014,3
2014,1,3,1.5,0,20,2014,4
2014,1,4,1.5,0,20,2015,1
2014,1,5,1.5,0,20,2015,2
2014,1,6,1.5,0,20,2015,3
2014,1,7,1.5,0,20,2015,4
2014,2,1,1.5,0,20,2014,3
2014,2,2,1.5,0,20,2014,4
2014,2,3,1.5,0,20,2015,1
2014,2,4,1.5,0,20,2015,2
2014,2,5,1.5,0,20,2015,3
2014,2,6,1.5,0,20,2015,4
2014,3,1,1.4,0,20,2014,4
2014,3,2,1.4,0,20,2015,1
2014,3,3,1.4,0,20,2015,2
2014,3,4,1.4,0,20,2015,3
2014,3,5,1.4,0,20,2015,4
2014,4,1,1.01764705882353,-0.0588235294117647,20,2015,1
2014,4,2,1.01764705882353,-0.0588235294117647,20,2015,2
2014,4,3,1.01764705882353,-0.0588235294117647,20,2015,3
2014,4,4,1.01764705882353,-0.0588235294117647,20,2015,4
2015,1,1,1.5,0,20,2015,2
2015,1,2,1.5,0,20,2015,3
2015,1,3,1.5,0,20,2015,4
2015,1,4,1.5,0,20,2016,1
2015,1,5,1.5,0,20,2016,2
2015,1,6,1.5,0,20,2016,3
2015,1,7,1.5,0,20,2016,4
2015,2,1,1.6,0,20,2015,3
2015,2,2,1.6,0,20,2015,4
2015,2,3,1.6,0,20,2016,1
2015,2,4,1.6,0,20,2016,2
2015,2,5,1.6,0,20,2016,3
2015,2,6,1.6,0,20,2016,4
2015,3,1,1.8,0,20,2015,4
2015,3,2,1.8,0,20,2016,1
2015,3,3,1.8,0,20,2016,2
2015,3,4,1.8,0,20,2016,3
2015,3,5,1.8,0,20,2016,4
2015,4,1,1.81176470588235,-0.0588235294117647,20,2016,1
2015,4,2,1.81176470588235,-0.0588235294117647,20,2016,2
2015,4,3,1.81176470588235,-0.0588235294117647,20,2016,3
2015,4,4,1.81176470588235,-0.0588235294117647,20,2016,4
2016,1,1,1.9,0,20,2016,2
2016,1,2,1.9,0,20,2016,3
2016,1,3,1.9,0,20,2016,4
2016,1,4,1.9,0,20,2017,1
2016,1,5,1.9,0,20,2017,2
2016,1,6,1.9,0,20,2017,3
2016,1,7,1.9,0,20,2017,4
2016,2,1,1.8,0,20,2016,3
2016,2,2,1.8,0,20,2016,4
2016,2,3,1.8,0,20,2017,1
2016,2,4,1.8,0,20,2017,2
2016,2,5,1.8,0,20,2017,3
2016,2,6,1.8,0,20,2017,4
2016,3,1,1.2,0,20,2016,4
2016,3,2,1.2,0,20,2017,1
2016,3,3,1.2,0,20,2017,2
2016,3,4,1.2,0,20,2017,3
2016,3,5,1.2,0,20,2017,4
2016,4,1,1.6,-0.0588235294117647,20,2017,1
2016,4,2,1.6,-0.0588235294117647,20,2017,2
2016,4,3,1.6,-0.0588235294117647,20,2017,3
2016,4,4,1.6,-0.0588235294117647,20,2017,4
2017,1,1,1.7,0,20,2017,2
2017,1,2,1.7,0,20,2017,3
2017,1,3,1.7,0,20,2017,4
2017,1,4,1.7,0,20,2018,1
2017,1,5,1.7,0,20,2018,2
2017,1,6,1.7,0,20,2018,3
2017,1,7,1.7,0,20,2018,4
2017,2,1,1.7,0,20,2017,3
2017,2,2,1.7,0,20,2017,4
2017,2,3,1.7,0,20,2018,1
2017,2,4,1.7,0,20,2018,2
2017,2,5,1.7,0,20,2018,3
2017,2,6,1.7,0,20,2018,4
2017,3,1,1.9,0,20,2017,4
2017,3,2,1.9,0,20,2018,1
2017,3,3,1.9,0,20,2018,2
2017,3,4,1.9,0,20,2018,3
2017,3,5,1.9,0,20,2018,4
2017,4,1,2.08823529411765,-0.0588235294117647,20,2018,1
2017,4,2,2.08823529411765,-0.0588235294117647,20,2018,2
2017,4,3,2.08823529411765,-0.0588235294117647,20,2018,3
2017,4,4,2.08823529411765,-0.0588235294117647,20,2018,4
2018,1,1,1.9,0,20,2018,2
2018,1,2,1.9,0,20,2018,3
2018,1,3,1.9,0,20,2018,4
2018,1,4,1.9,0,20,2019,1
2018,1,5,1.9,0,20,2019,2
2018,1,6,1.9,0,20,2019,3
2018,1,7,1.9,0,20,2019,4
2018,2,1,2,0,20,2018,3
2018,2,2,2,0,20,2018,4
2018,2,3,2,0,20,2019,1
2018,2,4,2,0,20,2019,2
2018,2,5,2,0,20,2019,3
2018,2,6,2,0,20,2019,4
2018,3,1,1.8,0,20,2018,4
2018,3,2,1.8,0,20,2019,1
2018,3,3,1.8,0,20,2019,2
2018,3,4,1.8,0,20,2019,3
2018,3,5,1.8,0,20,2019,4
2018,4,1,1.68235294117647,-0.0588235294117647,20,2019,1
2018,4,2,1.68235294117647,-0.0588235294117647,20,2019,2
2018,4,3,1.68235294117647,-0.0588235294117647,20,2019,3
2018,4,4,1.68235294117647,-0.0588235294117647,20,2019,4
2019,1,1,1.5,0,20,2019,2
2019,1,2,1.5,0,20,2019,3
2019,1,3,1.5,0,20,2019,4
2019,1,4,1.5,0,20,2020,1
2019,1,5,1.5,0,20,2020,2
2019,1,6,1.5,0,20,2020,3
2019,1,7,1.5,0,20,2020,4
2019,2,1,1.5,0,20,2019,3
2019,2,2,1.5,0,20,2019,4
2019,2,3,1.5,0,20,2020,1
2019,2,4,1.5,0,20,2020,2
2019,2,5,1.5,0,20,2020,3
2019,2,6,1.5,0,20,2020,4
2019,3,1,1.3,0,20,2019,4
2019,3,2,1.3,0,20,2020,1
2019,3,3,1.3,0,20,2020,2
2019,3,4,1.3,0,20,2020,3
2019,3,5,1.3,0,20,2020,4
2019,4,1,0.676470588235294,-0.0588235294117647,20,2020,1
2019,4,2,0.676470588235294,-0.0588235294117647,20,2020,2
2019,4,3,0.676470588235294,-0.0588235294117647,20,2020,3
2019,4,4,0.676470588235294,-0.0588235294117647,20,2020,4
2020,1,1,1.3,0,20,2020,2
2020,1,2,1.3,0,20,2020,3
2020,1,3,1.3,0,20,2020,4
2020,1,4,1.3,0,20,2021,1
2020,1,5,1.3,0,20,2021,2
2020,1,6,1.3,0,20,2021,3
2020,1,7,1.3,0,20,2021,4
2020,2,1,4.5,0,20,2020,3
2020,2,2,4.5,0,20,2020,4
2020,2,3,4.5,0,20,2021,1
2020,2,4,4.5,0,20,2021,2
2020,2,5,4.5,0,20,2021,3
2020,2,6,4.5,0,20,2021,4
2020,3,1,4.7,0,20,2020,4
2020,3,2,4.7,0,20,2021,1
2020,3,3,4.7,0,20,2021,2
2020,3,4,4.7,0,20,2021,3
2020,3,5,4.7,0,20,2021,4
2020,4,1,5.76470588235294,-0.0588235294117647,20,2021,1
2020,4,2,5.76470588235294,-0.0588235294117647,20,2021,2
2020,4,3,5.76470588235294,-0.0588235294117647,20,2021,3
2020,4,4,5.76470588235294,-0.0588235294117647,20,2021,4
2021,1,1,6,0,20,2021,2
2021,1,2,6,0,20,2021,3
2021,1,3,6,0,20,2021,4
2021,1,4,6,0,20,2022,1
2021,1,5,6,0,20,2022,2
2021,1,6,6,0,20,2022,3
2021,1,7,6,0,20,2022,4
2021,2,1,4.5,0,20,2021,3
2021,2,2,4.5,0,20,2021,4
2021,2,3,4.5,0,20,2022,1
2021,2,4,4.5,0,20,2022,2
2021,2,5,4.5,0,20,2022,3
2021,2,6,4.5,0,20,2022,4
2021,3,1,4.5,0,20,2021,4
2021,3,2,4.5,0,20,2022,1
2021,3,3,4.5,0,20,2022,2
2021,3,4,4.5,0,20,2022,3
2021,3,5,4.5,0,20,2022,4
2021,4,1,4.57647058823529,-0.0588235294117647,20,2022,1
2021,4,2,4.57647058823529,-0.0588235294117647,20,2022,2
2021,4,3,4.57647058823529,-0.0588235294117647,20,2022,3
2021,4,4,4.57647058823529,-0.0588235294117647,20,2022,4
2022,1,1,2,0,20,2022,2
2022,1,2,2,0,20,2022,3
2022,1,3,2,0,20,2022,4
2022,1,4,2,0,20,2023,1
2022,1,5,2,0,20,2023,2
2022,1,6,2,0,20,2023,3
2022,1,7,2,0,20,2023,4
2022,2,1,2,0,20,2022,3
2022,2,2,2,0,20,2022,4
2022,2,3,2,0,20,2023,1
2022,2,4,2,0,20,2023,2
2022,2,5,2,0,20,2023,3
2022,2,6,2,0,20,2023,4
2022,3,1,1.2,0,20,2022,4
2022,3,2,1.2,0,20,2023,1
2022,3,3,1.2,0,20,2023,2
2022,3,4,1.2,0,20,2023,3
2022,3,5,1.2,0,20,2023,4
2023,1,1,1.2,0,20,2023,2
2023,1,2,1.2,0,20,2023,3
2023,1,3,1.2,0,20,2023,4
2023,1,4,1.2,0,20,2024,1
2023,1,5,1.2,0,20,2024,2
2023,1,6,1.2,0,20,2024,3
2023,1,7,1.2,0,20,2024,4
2023,2,1,1.2,0,20,2023,3
2023,2,2,1.2,0,20,2023,4
2023,2,3,1.2,0,20,2024,1
2023,2,4,1.2,0,20,2024,2
2023,2,5,1.2,0,20,2024,3
2023,2,6,1.2,0,20,2024,4
2023,3,1,1,0,20,2023,4
2023,3,2,1,0,20,2024,1
2023,3,3,1,0,20,2024,2
2023,3,4,1,0,20,2024,3
2023,3,5,1,0,20,2024,4
2023,4,1,1.01764705882353,-0.0588235294117647,20,2024,1
2023,4,2,1.01764705882353,-0.0588235294117647,20,2024,2
2023,4,3,1.01764705882353,-0.0588235294117647,20,2024,3
2023,4,4,1.01764705882353,-0.0588235294117647,20,2024,4
2024,1,1,1.3,0,20,2024,2
2024,1,2,1.3,0,20,2024,3
2024,1,3,1.3,0,20,2024,4
2024,1,4,1.3,0,20,2025,1
2024,1,5,1.3,0,20,2025,2
2024,1,6,1.3,0,20,2025,3
2024,1,7,1.3,0,20,2025,4
2024,2,1,1.3,0,20,2024,3
2024,2,2,1.3,0,20,2024,4
2024,2,3,1.3,0,20,2025,1
2024,2,4,1.3,0,20,2025,2
2024,2,5,1.3,0,20,2025,3
2024,2,6,1.3,0,20,2025,4
2024,3,1,1.5,0,20,2024,4
2024,3,2,1.5,0,20,2025,1
2024,3,3,1.5,0,20,2025,2
2024,3,4,1.5,0,20,2025,3
2024,3,5,1.5,0,20,2025,4
2024,4,1,1.54117647058824,-0.0588235294117647,20,2025,1
2024,4,2,1.54117647058824,-0.0588235294117647,20,2025,2
2024,4,3,1.54117647058824,-0.0588235294117647,20,2025,3
2024,4,4,1.54117647058824,-0.0588235294117647,20,2025,4
2001,1,1,2.6,0,22,2001,2
2001,1,2,2.6,0,22,2001,3
2001,1,3,2.6,0,22,2001,4
2001,1,4,2.6,0,22,2002,1
2001,1,5,2.6,0,22,2002,2
2001,1,6,2.6,0,22,2002,3
2001,1,7,2.6,0,22,2002,4
2001,2,1,2.2,0,22,2001,3
2001,2,2,2.2,0,22,2001,4
2001,2,3,2.2,0,22,2002,1
2001,2,4,2.2,0,22,2002,2
2001,2,5,2.2,0,22,2002,3
2001,2,6,2.2,0,22,2002,4
2001,3,1,1.8,0,22,2001,4
2001,3,2,1.8,0,22,2002,1
2001,3,3,1.8,0,22,2002,2
2001,3,4,1.8,0,22,2002,3
2001,3,5,1.8,0,22,2002,4
2001,4,1,0.970588235294118,-0.0588235294117647,22,2002,1
2001,4,2,0.970588235294118,-0.0588235294117647,22,2002,2
2001,4,3,0.970588235294118,-0.0588235294117647,22,2002,3
2001,4,4,0.970588235294118,-0.0588235294117647,22,2002,4
2002,1,1,2,0,22,2002,2
2002,1,2,2,0,22,2002,3
2002,1,3,2,0,22,2002,4
2002,1,4,2,0,22,2003,1
2002,1,5,2,0,22,2003,2
2002,1,6,2,0,22,2003,3
2002,1,7,2,0,22,2003,4
2002,2,1,2,0,22,2002,3
2002,2,2,2,0,22,2002,4
2002,2,3,2,0,22,2003,1
2002,2,4,2,0,22,2003,2
2002,2,5,2,0,22,2003,3
2002,2,6,2,0,22,2003,4
2002,3,1,1.7,0,22,2002,4
2002,3,2,1.7,0,22,2003,1
2002,3,3,1.7,0,22,2003,2
2002,3,4,1.7,0,22,2003,3
2002,3,5,1.7,0,22,2003,4
2002,4,1,1.44117647058824,-0.0588235294117647,22,2003,1
2002,4,2,1.44117647058824,-0.0588235294117647,22,2003,2
2002,4,3,1.44117647058824,-0.0588235294117647,22,2003,3
2002,4,4,1.44117647058824,-0.0588235294117647,22,2003,4
2003,1,1,2,0,22,2003,2
2003,1,2,2,0,22,2003,3
2003,1,3,2,0,22,2003,4
2003,1,4,2,0,22,2004,1
2003,1,5,2,0,22,2004,2
2003,1,6,2,0,22,2004,3
2003,1,7,2,0,22,2004,4
2003,2,1,1.5,0,22,2003,3
2003,2,2,1.5,0,22,2003,4
2003,2,3,1.5,0,22,2004,1
2003,2,4,1.5,0,22,2004,2
2003,2,5,1.5,0,22,2004,3
2003,2,6,1.5,0,22,2004,4
2003,4,1,1.67058823529412,-0.0588235294117647,22,2004,1
2003,4,2,1.67058823529412,-0.0588235294117647,22,2004,2
2003,4,3,1.67058823529412,-0.0588235294117647,22,2004,3
2003,4,4,1.67058823529412,-0.0588235294117647,22,2004,4
2004,1,1,1.9,0,22,2004,2
2004,1,2,1.9,0,22,2004,3
2004,1,3,1.9,0,22,2004,4
2004,1,4,1.9,0,22,2005,1
2004,1,5,1.9,0,22,2005,2
2004,1,6,1.9,0,22,2005,3
2004,1,7,1.9,0,22,2005,4
2004,2,1,1.9,0,22,2004,3
2004,2,2,1.9,0,22,2004,4
2004,2,3,1.9,0,22,2005,1
2004,2,4,1.9,0,22,2005,2
2004,2,5,1.9,0,22,2005,3
2004,2,6,1.9,0,22,2005,4
2004,3,1,2,0,22,2004,4
2004,3,2,2,0,22,2005,1
2004,3,3,2,0,22,2005,2
2004,3,4,2,0,22,2005,3
2004,3,5,2,0,22,2005,4
2004,4,1,2.00588235294118,-0.0588235294117647,22,2005,1
2004,4,2,2.00588235294118,-0.0588235294117647,22,2005,2
2004,4,3,2.00588235294118,-0.0588235294117647,22,2005,3
2004,4,4,2.00588235294118,-0.0588235294117647,22,2005,4
2005,1,1,2.2,0,22,2005,2
2005,1,2,2.2,0,22,2005,3
2005,1,3,2.2,0,22,2005,4
2005,1,4,2.2,0,22,2006,1
2005,1,5,2.2,0,22,2006,2
2005,1,6,2.2,0,22,2006,3
2005,1,7,2.2,0,22,2006,4
2005,2,1,2.1,0,22,2005,3
2005,2,2,2.1,0,22,2005,4
2005,2,3,2.1,0,22,2006,1
2005,2,4,2.1,0,22,2006,2
2005,2,5,2.1,0,22,2006,3
2005,2,6,2.1,0,22,2006,4
2005,4,1,1.72352941176471,-0.0588235294117647,22,2006,1
2005,4,2,1.72352941176471,-0.0588235294117647,22,2006,2
2005,4,3,1.72352941176471,-0.0588235294117647,22,2006,3
2005,4,4,1.72352941176471,-0.0588235294117647,22,2006,4
2006,1,1,1.8,0,22,2006,2
2006,1,2,1.8,0,22,2006,3
2006,1,3,1.8,0,22,2006,4
2006,1,4,1.8,0,22,2007,1
2006,1,5,1.8,0,22,2007,2
2006,1,6,1.8,0,22,2007,3
2006,1,7,1.8,0,22,2007,4
2006,2,1,2,0,22,2006,3
2006,2,2,2,0,22,2006,4
2006,2,3,2,0,22,2007,1
2006,2,4,2,0,22,2007,2
2006,2,5,2,0,22,2007,3
2006,2,6,2,0,22,2007,4
2006,3,1,1.8,0,22,2006,4
2006,3,2,1.8,0,22,2007,1
2006,3,3,1.8,0,22,2007,2
2006,3,4,1.8,0,22,2007,3
2006,3,5,1.8,0,22,2007,4
2006,4,1,1.85882352941176,-0.0588235294117647,22,2007,1
2006,4,2,1.85882352941176,-0.0588235294117647,22,2007,2
2006,4,3,1.85882352941176,-0.0588235294117647,22,2007,3
2006,4,4,1.85882352941176,-0.0588235294117647,22,2007,4
2007,1,1,1.9,0,22,2007,2
2007,1,2,1.9,0,22,2007,3
2007,1,3,1.9,0,22,2007,4
2007,1,4,1.9,0,22,2008,1
2007,1,5,1.9,0,22,2008,2
2007,1,6,1.9,0,22,2008,3
2007,1,7,1.9,0,22,2008,4
2007,2,1,2.2,0,22,2007,3
2007,2,2,2.2,0,22,2007,4
2007,2,3,2.2,0,22,2008,1
2007,2,4,2.2,0,22,2008,2
2007,2,5,2.2,0,22,2008,3
2007,2,6,2.2,0,22,2008,4
2007,3,1,2,0,22,2007,4
2007,3,2,2,0,22,2008,1
2007,3,3,2,0,22,2008,2
2007,3,4,2,0,22,2008,3
2007,3,5,2,0,22,2008,4
2007,4,1,1.75294117647059,-0.0588235294117647,22,2008,1
2007,4,2,1.75294117647059,-0.0588235294117647,22,2008,2
2007,4,3,1.75294117647059,-0.0588235294117647,22,2008,3
2007,4,4,1.75294117647059,-0.0588235294117647,22,2008,4
2008,1,1,1.8,0,22,2008,2
2008,1,2,1.8,0,22,2008,3
2008,1,3,1.8,0,22,2008,4
2008,1,4,1.8,0,22,2009,1
2008,1,5,1.8,0,22,2009,2
2008,1,6,1.8,0,22,2009,3
2008,1,7,1.8,0,22,2009,4
2008,2,1,1.4,0,22,2008,3
2008,2,2,1.4,0,22,2008,4
2008,2,3,1.4,0,22,2009,1
2008,2,4,1.4,0,22,2009,2
2008,2,5,1.4,0,22,2009,3
2008,2,6,1.4,0,22,2009,4
2008,4,1,-0.0705882352941176,-0.0588235294117647,22,2009,1
2008,4,2,-0.0705882352941176,-0.0588235294117647,22,2009,2
2008,4,3,-0.0705882352941176,-0.0588235294117647,22,2009,3
2008,4,4,-0.0705882352941176,-0.0588235294117647,22,2009,4
2009,1,1,0.5,0,22,2009,2
2009,1,2,0.5,0,22,2009,3
2009,1,3,0.5,0,22,2009,4
2009,1,4,0.5,0,22,2010,1
2009,1,5,0.5,0,22,2010,2
2009,1,6,0.5,0,22,2010,3
2009,1,7,0.5,0,22,2010,4
2009,2,1,0.8,0,22,2009,3
2009,2,2,0.8,0,22,2009,4
2009,2,3,0.8,0,22,2010,1
2009,2,4,0.8,0,22,2010,2
2009,2,5,0.8,0,22,2010,3
2009,2,6,0.8,0,22,2010,4
2009,3,1,0.3,0,22,2009,4
2009,3,2,0.3,0,22,2010,1
2009,3,3,0.3,0,22,2010,2
2009,3,4,0.3,0,22,2010,3
2009,3,5,0.3,0,22,2010,4
2009,4,1,1.29411764705882,-0.0588235294117647,22,2010,1
2009,4,2,1.29411764705882,-0.0588235294117647,22,2010,2
2009,4,3,1.29411764705882,-0.0588235294117647,22,2010,3
2009,4,4,1.29411764705882,-0.0588235294117647,22,2010,4
2010,1,1,1.6,0,22,2010,2
2010,1,2,1.6,0,22,2010,3
2010,1,3,1.6,0,22,2010,4
2010,1,4,1.6,0,22,2011,1
2010,1,5,1.6,0,22,2011,2
2010,1,6,1.6,0,22,2011,3
2010,1,7,1.6,0,22,2011,4
2010,2,1,1.4,0,22,2010,3
2010,2,2,1.4,0,22,2010,4
2010,2,3,1.4,0,22,2011,1
2010,2,4,1.4,0,22,2011,2
2010,2,5,1.4,0,22,2011,3
2010,2,6,1.4,0,22,2011,4
2010,3,1,1.4,0,22,2010,4
2010,3,2,1.4,0,22,2011,1
2010,3,3,1.4,0,22,2011,2
2010,3,4,1.4,0,22,2011,3
2010,3,5,1.4,0,22,2011,4
2010,4,1,1.28235294117647,-0.0588235294117647,22,2011,1
2010,4,2,1.28235294117647,-0.0588235294117647,22,2011,2
2010,4,3,1.28235294117647,-0.0588235294117647,22,2011,3
2010,4,4,1.28235294117647,-0.0588235294117647,22,2011,4
2011,1,1,1.6,0,22,2011,2
2011,1,2,1.6,0,22,2011,3
2011,1,3,1.6,0,22,2011,4
2011,1,4,1.6,0,22,2012,1
2011,1,5,1.6,0,22,2012,2
2011,1,6,1.6,0,22,2012,3
2011,1,7,1.6,0,22,2012,4
2011,2,1,1.7,0,22,2011,3
2011,2,2,1.7,0,22,2011,4
2011,2,3,1.7,0,22,2012,1
2011,2,4,1.7,0,22,2012,2
2011,2,5,1.7,0,22,2012,3
2011,2,6,1.7,0,22,2012,4
2011,4,1,0.964705882352941,-0.0588235294117647,22,2012,1
2011,4,2,0.964705882352941,-0.0588235294117647,22,2012,2
2011,4,3,0.964705882352941,-0.0588235294117647,22,2012,3
2011,4,4,0.964705882352941,-0.0588235294117647,22,2012,4
2012,1,1,1,0,22,2012,2
2012,1,2,1,0,22,2012,3
2012,1,3,1,0,22,2012,4
2012,1,4,1,0,22,2013,1
2012,1,5,1,0,22,2013,2
2012,1,6,1,0,22,2013,3
2012,1,7,1,0,22,2013,4
2012,2,1,0.8,0,22,2012,3
2012,2,2,0.8,0,22,2012,4
2012,2,3,0.8,0,22,2013,1
2012,2,4,0.8,0,22,2013,2
2012,2,5,0.8,0,22,2013,3
2012,2,6,0.8,0,22,2013,4
2012,3,1,0.7,0,22,2012,4
2012,3,2,0.7,0,22,2013,1
2012,3,3,0.7,0,22,2013,2
2012,3,4,0.7,0,22,2013,3
2012,3,5,0.7,0,22,2013,4
2012,4,1,0.135294117647059,-0.0588235294117647,22,2013,1
2012,4,2,0.135294117647059,-0.0588235294117647,22,2013,2
2012,4,3,0.135294117647059,-0.0588235294117647,22,2013,3
2012,4,4,0.135294117647059,-0.0588235294117647,22,2013,4
2013,1,1,1,0,22,2013,2
2013,1,2,1,0,22,2013,3
2013,1,3,1,0,22,2013,4
2013,1,4,1,0,22,2014,1
2013,1,5,1,0,22,2014,2
2013,1,6,1,0,22,2014,3
2013,1,7,1,0,22,2014,4
2013,2,1,1,0,22,2013,3
2013,2,2,1,0,22,2013,4
2013,2,3,1,0,22,2014,1
2013,2,4,1,0,22,2014,2
2013,2,5,1,0,22,2014,3
2013,2,6,1,0,22,2014,4
2013,3,1,1,0,22,2013,4
2013,3,2,1,0,22,2014,1
2013,3,3,1,0,22,2014,2
2013,3,4,1,0,22,2014,3
2013,3,5,1,0,22,2014,4
2013,4,1,1.07647058823529,-0.0588235294117647,22,2014,1
2013,4,2,1.07647058823529,-0.0588235294117647,22,2014,2
2013,4,3,1.07647058823529,-0.0588235294117647,22,2014,3
2013,4,4,1.07647058823529,-0.0588235294117647,22,2014,4
2014,1,1,1.3,0,22,2014,2
2014,1,2,1.3,0,22,2014,3
2014,1,3,1.3,0,22,2014,4
2014,1,4,1.3,0,22,2015,1
2014,1,5,1.3,0,22,2015,2
2014,1,6,1.3,0,22,2015,3
2014,1,7,1.3,0,22,2015,4
2014,2,1,1.5,0,22,2014,3
2014,2,2,1.5,0,22,2014,4
2014,2,3,1.5,0,22,2015,1
2014,2,4,1.5,0,22,2015,2
2014,2,5,1.5,0,22,2015,3
2014,2,6,1.5,0,22,2015,4
2014,3,1,1.4,0,22,2014,4
2014,3,2,1.4,0,22,2015,1
2014,3,3,1.4,0,22,2015,2
2014,3,4,1.4,0,22,2015,3
2014,3,5,1.4,0,22,2015,4
2015,1,1,1.4,0,22,2015,2
2015,1,2,1.4,0,22,2015,3
2015,1,3,1.4,0,22,2015,4
2015,1,4,1.4,0,22,2016,1
2015,1,5,1.4,0,22,2016,2
2015,1,6,1.4,0,22,2016,3
2015,1,7,1.4,0,22,2016,4
2015,3,1,1.7,0,22,2015,4
2015,3,2,1.7,0,22,2016,1
2015,3,3,1.7,0,22,2016,2
2015,3,4,1.7,0,22,2016,3
2015,3,5,1.7,0,22,2016,4
2015,4,1,1.61176470588235,-0.0588235294117647,22,2016,1
2015,4,2,1.61176470588235,-0.0588235294117647,22,2016,2
2015,4,3,1.61176470588235,-0.0588235294117647,22,2016,3
2015,4,4,1.61176470588235,-0.0588235294117647,22,2016,4
2016,1,1,1.8,0,22,2016,2
2016,1,2,1.8,0,22,2016,3
2016,1,3,1.8,0,22,2016,4
2016,1,4,1.8,0,22,2017,1
2016,1,5,1.8,0,22,2017,2
2016,1,6,1.8,0,22,2017,3
2016,1,7,1.8,0,22,2017,4
2016,3,1,1.4,0,22,2016,4
2016,3,2,1.4,0,22,2017,1
2016,3,3,1.4,0,22,2017,2
2016,3,4,1.4,0,22,2017,3
2016,3,5,1.4,0,22,2017,4
2016,4,1,1.49411764705882,-0.0588235294117647,22,2017,1
2016,4,2,1.49411764705882,-0.0588235294117647,22,2017,2
2016,4,3,1.49411764705882,-0.0588235294117647,22,2017,3
2016,4,4,1.49411764705882,-0.0588235294117647,22,2017,4
2017,1,1,1.6,0,22,2017,2
2017,1,2,1.6,0,22,2017,3
2017,1,3,1.6,0,22,2017,4
2017,1,4,1.6,0,22,2018,1
2017,1,5,1.6,0,22,2018,2
2017,1,6,1.6,0,22,2018,3
2017,1,7,1.6,0,22,2018,4
2017,2,1,1.7,0,22,2017,3
2017,2,2,1.7,0,22,2017,4
2017,2,3,1.7,0,22,2018,1
2017,2,4,1.7,0,22,2018,2
2017,2,5,1.7,0,22,2018,3
2017,2,6,1.7,0,22,2018,4
2017,3,1,1.9,0,22,2017,4
2017,3,2,1.9,0,22,2018,1
2017,3,3,1.9,0,22,2018,2
2017,3,4,1.9,0,22,2018,3
2017,3,5,1.9,0,22,2018,4
2017,4,1,1.98823529411765,-0.0588235294117647,22,2018,1
2017,4,2,1.98823529411765,-0.0588235294117647,22,2018,2
2017,4,3,1.98823529411765,-0.0588235294117647,22,2018,3
2017,4,4,1.98823529411765,-0.0588235294117647,22,2018,4
2018,1,1,2.2,0,22,2018,2
2018,1,2,2.2,0,22,2018,3
2018,1,3,2.2,0,22,2018,4
2018,1,4,2.2,0,22,2019,1
2018,1,5,2.2,0,22,2019,2
2018,1,6,2.2,0,22,2019,3
2018,1,7,2.2,0,22,2019,4
2018,2,1,2.1,0,22,2018,3
2018,2,2,2.1,0,22,2018,4
2018,2,3,2.1,0,22,2019,1
2018,2,4,2.1,0,22,2019,2
2018,2,5,2.1,0,22,2019,3
2018,2,6,2.1,0,22,2019,4
2018,3,1,1.9,0,22,2018,4
2018,3,2,1.9,0,22,2019,1
2018,3,3,1.9,0,22,2019,2
2018,3,4,1.9,0,22,2019,3
2018,3,5,1.9,0,22,2019,4
2018,4,1,1.78823529411765,-0.0588235294117647,22,2019,1
2018,4,2,1.78823529411765,-0.0588235294117647,22,2019,2
2018,4,3,1.78823529411765,-0.0588235294117647,22,2019,3
2018,4,4,1.78823529411765,-0.0588235294117647,22,2019,4
2019,1,1,1.7,0,22,2019,2
2019,1,2,1.7,0,22,2019,3
2019,1,3,1.7,0,22,2019,4
2019,1,4,1.7,0,22,2020,1
2019,1,5,1.7,0,22,2020,2
2019,1,6,1.7,0,22,2020,3
2019,1,7,1.7,0,22,2020,4
2019,2,1,1.6,0,22,2019,3
2019,2,2,1.6,0,22,2019,4
2019,2,3,1.6,0,22,2020,1
2019,2,4,1.6,0,22,2020,2
2019,2,5,1.6,0,22,2020,3
2019,2,6,1.6,0,22,2020,4
2019,3,1,1.2,0,22,2019,4
2019,3,2,1.2,0,22,2020,1
2019,3,3,1.2,0,22,2020,2
2019,3,4,1.2,0,22,2020,3
2019,3,5,1.2,0,22,2020,4
2019,4,1,1.1,-0.0588235294117647,22,2020,1
2019,4,2,1.1,-0.0588235294117647,22,2020,2
2019,4,3,1.1,-0.0588235294117647,22,2020,3
2019,4,4,1.1,-0.0588235294117647,22,2020,4
2020,1,1,1.2,0,22,2020,2
2020,1,2,1.2,0,22,2020,3
2020,1,3,1.2,0,22,2020,4
2020,1,4,1.2,0,22,2021,1
2020,1,5,1.2,0,22,2021,2
2020,1,6,1.2,0,22,2021,3
2020,1,7,1.2,0,22,2021,4
2020,2,1,6,0,22,2020,3
2020,2,2,6,0,22,2020,4
2020,2,3,6,0,22,2021,1
2020,2,4,6,0,22,2021,2
2020,2,5,6,0,22,2021,3
2020,2,6,6,0,22,2021,4
2020,3,1,5,0,22,2020,4
2020,3,2,5,0,22,2021,1
2020,3,3,5,0,22,2021,2
2020,3,4,5,0,22,2021,3
2020,3,5,5,0,22,2021,4
2020,4,1,5.70588235294118,-0.0588235294117647,22,2021,1
2020,4,2,5.70588235294118,-0.0588235294117647,22,2021,2
2020,4,3,5.70588235294118,-0.0588235294117647,22,2021,3
2020,4,4,5.70588235294118,-0.0588235294117647,22,2021,4
2021,1,1,4,0,22,2021,2
2021,1,2,4,0,22,2021,3
2021,1,3,4,0,22,2021,4
2021,1,4,4,0,22,2022,1
2021,1,5,4,0,22,2022,2
2021,1,6,4,0,22,2022,3
2021,1,7,4,0,22,2022,4
2021,2,1,4.2,0,22,2021,3
2021,2,2,4.2,0,22,2021,4
2021,2,3,4.2,0,22,2022,1
2021,2,4,4.2,0,22,2022,2
2021,2,5,4.2,0,22,2022,3
2021,2,6,4.2,0,22,2022,4
2021,3,1,4.7,0,22,2021,4
2021,3,2,4.7,0,22,2022,1
2021,3,3,4.7,0,22,2022,2
2021,3,4,4.7,0,22,2022,3
2021,3,5,4.7,0,22,2022,4
2021,4,1,4.48235294117647,-0.0588235294117647,22,2022,1
2021,4,2,4.48235294117647,-0.0588235294117647,22,2022,2
2021,4,3,4.48235294117647,-0.0588235294117647,22,2022,3
2021,4,4,4.48235294117647,-0.0588235294117647,22,2022,4
2022,1,1,2.6,0,22,2022,2
2022,1,2,2.6,0,22,2022,3
2022,1,3,2.6,0,22,2022,4
2022,1,4,2.6,0,22,2023,1
2022,1,5,2.6,0,22,2023,2
2022,1,6,2.6,0,22,2023,3
2022,1,7,2.6,0,22,2023,4
2022,2,1,2.1,0,22,2022,3
2022,2,2,2.1,0,22,2022,4
2022,2,3,2.1,0,22,2023,1
2022,2,4,2.1,0,22,2023,2
2022,2,5,2.1,0,22,2023,3
2022,2,6,2.1,0,22,2023,4
2001,1,1,2.5,0,23,2001,2
2001,1,2,2.5,0,23,2001,3
2001,1,3,2.5,0,23,2001,4
2001,1,4,2.5,0,23,2002,1
2001,1,5,2.5,0,23,2002,2
2001,1,6,2.5,0,23,2002,3
2001,1,7,2.5,0,23,2002,4
2001,2,1,2.5,0,23,2001,3
2001,2,2,2.5,0,23,2001,4
2001,2,3,2.5,0,23,2002,1
2001,2,4,2.5,0,23,2002,2
2001,2,5,2.5,0,23,2002,3
2001,2,6,2.5,0,23,2002,4
2001,3,1,2.5,0,23,2001,4
2001,3,2,2.5,0,23,2002,1
2001,3,3,2.5,0,23,2002,2
2001,3,4,2.5,0,23,2002,3
2001,3,5,2.5,0,23,2002,4
2003,1,1,2.3,0,23,2003,2
2003,1,2,2.3,0,23,2003,3
2003,1,3,2.3,0,23,2003,4
2003,1,4,2.3,0,23,2004,1
2003,1,5,2.3,0,23,2004,2
2003,1,6,2.3,0,23,2004,3
2003,1,7,2.3,0,23,2004,4
2003,2,1,2.2,0,23,2003,3
2003,2,2,2.2,0,23,2003,4
2003,2,3,2.2,0,23,2004,1
2003,2,4,2.2,0,23,2004,2
2003,2,5,2.2,0,23,2004,3
2003,2,6,2.2,0,23,2004,4
2003,3,1,1.6,0,23,2003,4
2003,3,2,1.6,0,23,2004,1
2003,3,3,1.6,0,23,2004,2
2003,3,4,1.6,0,23,2004,3
2003,3,5,1.6,0,23,2004,4
2003,4,1,2.08823529411765,-0.0588235294117647,23,2004,1
2003,4,2,2.08823529411765,-0.0588235294117647,23,2004,2
2003,4,3,2.08823529411765,-0.0588235294117647,23,2004,3
2003,4,4,2.08823529411765,-0.0588235294117647,23,2004,4
2004,1,1,2.3,0,23,2004,2
2004,1,2,2.3,0,23,2004,3
2004,1,3,2.3,0,23,2004,4
2004,1,4,2.3,0,23,2005,1
2004,1,5,2.3,0,23,2005,2
2004,1,6,2.3,0,23,2005,3
2004,1,7,2.3,0,23,2005,4
2004,2,1,2.3,0,23,2004,3
2004,2,2,2.3,0,23,2004,4
2004,2,3,2.3,0,23,2005,1
2004,2,4,2.3,0,23,2005,2
2004,2,5,2.3,0,23,2005,3
2004,2,6,2.3,0,23,2005,4
2004,3,1,2.3,0,23,2004,4
2004,3,2,2.3,0,23,2005,1
2004,3,3,2.3,0,23,2005,2
2004,3,4,2.3,0,23,2005,3
2004,3,5,2.3,0,23,2005,4
2004,4,1,1.68235294117647,-0.0588235294117647,23,2005,1
2004,4,2,1.68235294117647,-0.0588235294117647,23,2005,2
2004,4,3,1.68235294117647,-0.0588235294117647,23,2005,3
2004,4,4,1.68235294117647,-0.0588235294117647,23,2005,4
2005,1,1,1.8,0,23,2005,2
2005,1,2,1.8,0,23,2005,3
2005,1,3,1.8,0,23,2005,4
2005,1,4,1.8,0,23,2006,1
2005,1,5,1.8,0,23,2006,2
2005,1,6,1.8,0,23,2006,3
2005,1,7,1.8,0,23,2006,4
2005,2,1,1.8,0,23,2005,3
2005,2,2,1.8,0,23,2005,4
2005,2,3,1.8,0,23,2006,1
2005,2,4,1.8,0,23,2006,2
2005,2,5,1.8,0,23,2006,3
2005,2,6,1.8,0,23,2006,4
2005,3,1,1.5,0,23,2005,4
2005,3,2,1.5,0,23,2006,1
2005,3,3,1.5,0,23,2006,2
2005,3,4,1.5,0,23,2006,3
2005,3,5,1.5,0,23,2006,4
2006,1,1,1.8,0,23,2006,2
2006,1,2,1.8,0,23,2006,3
2006,1,3,1.8,0,23,2006,4
2006,1,4,1.8,0,23,2007,1
2006,1,5,1.8,0,23,2007,2
2006,1,6,1.8,0,23,2007,3
2006,1,7,1.8,0,23,2007,4
2006,2,1,1.8,0,23,2006,3
2006,2,2,1.8,0,23,2006,4
2006,2,3,1.8,0,23,2007,1
2006,2,4,1.8,0,23,2007,2
2006,2,5,1.8,0,23,2007,3
2006,2,6,1.8,0,23,2007,4
2006,3,1,1.9,0,23,2006,4
2006,3,2,1.9,0,23,2007,1
2006,3,3,1.9,0,23,2007,2
2006,3,4,1.9,0,23,2007,3
2006,3,5,1.9,0,23,2007,4
2006,4,1,1.85882352941176,-0.0588235294117647,23,2007,1
2006,4,2,1.85882352941176,-0.0588235294117647,23,2007,2
2006,4,3,1.85882352941176,-0.0588235294117647,23,2007,3
2006,4,4,1.85882352941176,-0.0588235294117647,23,2007,4
2007,1,1,1.8,0,23,2007,2
2007,1,2,1.8,0,23,2007,3
2007,1,3,1.8,0,23,2007,4
2007,1,4,1.8,0,23,2008,1
2007,1,5,1.8,0,23,2008,2
2007,1,6,1.8,0,23,2008,3
2007,1,7,1.8,0,23,2008,4
2007,2,1,1.8,0,23,2007,3
2007,2,2,1.8,0,23,2007,4
2007,2,3,1.8,0,23,2008,1
2007,2,4,1.8,0,23,2008,2
2007,2,5,1.8,0,23,2008,3
2007,2,6,1.8,0,23,2008,4
2007,3,1,2,0,23,2007,4
2007,3,2,2,0,23,2008,1
2007,3,3,2,0,23,2008,2
2007,3,4,2,0,23,2008,3
2007,3,5,2,0,23,2008,4
2007,4,1,1.75294117647059,-0.0588235294117647,23,2008,1
2007,4,2,1.75294117647059,-0.0588235294117647,23,2008,2
2007,4,3,1.75294117647059,-0.0588235294117647,23,2008,3
2007,4,4,1.75294117647059,-0.0588235294117647,23,2008,4
2008,1,1,1.7,0,23,2008,2
2008,1,2,1.7,0,23,2008,3
2008,1,3,1.7,0,23,2008,4
2008,1,4,1.7,0,23,2009,1
2008,1,5,1.7,0,23,2009,2
2008,1,6,1.7,0,23,2009,3
2008,1,7,1.7,0,23,2009,4
2008,2,1,1.4,0,23,2008,3
2008,2,2,1.4,0,23,2008,4
2008,2,3,1.4,0,23,2009,1
2008,2,4,1.4,0,23,2009,2
2008,2,5,1.4,0,23,2009,3
2008,2,6,1.4,0,23,2009,4
2008,3,1,1.1,0,23,2008,4
2008,3,2,1.1,0,23,2009,1
2008,3,3,1.1,0,23,2009,2
2008,3,4,1.1,0,23,2009,3
2008,3,5,1.1,0,23,2009,4
2008,4,1,-0.0647058823529412,-0.0588235294117647,23,2009,1
2008,4,2,-0.0647058823529412,-0.0588235294117647,23,2009,2
2008,4,3,-0.0647058823529412,-0.0588235294117647,23,2009,3
2008,4,4,-0.0647058823529412,-0.0588235294117647,23,2009,4
2009,1,1,0.8,0,23,2009,2
2009,1,2,0.8,0,23,2009,3
2009,1,3,0.8,0,23,2009,4
2009,1,4,0.8,0,23,2010,1
2009,1,5,0.8,0,23,2010,2
2009,1,6,0.8,0,23,2010,3
2009,1,7,0.8,0,23,2010,4
2009,2,1,0,0,23,2009,3
2009,2,2,0,0,23,2009,4
2009,2,3,0,0,23,2010,1
2009,2,4,0,0,23,2010,2
2009,2,5,0,0,23,2010,3
2009,2,6,0,0,23,2010,4
2009,3,1,0.7,0,23,2009,4
2009,3,2,0.7,0,23,2010,1
2009,3,3,0.7,0,23,2010,2
2009,3,4,0.7,0,23,2010,3
2009,3,5,0.7,0,23,2010,4
2009,4,1,1.81176470588235,-0.0588235294117647,23,2010,1
2009,4,2,1.81176470588235,-0.0588235294117647,23,2010,2
2009,4,3,1.81176470588235,-0.0588235294117647,23,2010,3
2009,4,4,1.81176470588235,-0.0588235294117647,23,2010,4
2010,1,1,1.7,0,23,2010,2
2010,1,2,1.7,0,23,2010,3
2010,1,3,1.7,0,23,2010,4
2010,1,4,1.7,0,23,2011,1
2010,1,5,1.7,0,23,2011,2
2010,1,6,1.7,0,23,2011,3
2010,1,7,1.7,0,23,2011,4
2010,3,1,1.4,0,23,2010,4
2010,3,2,1.4,0,23,2011,1
2010,3,3,1.4,0,23,2011,2
2010,3,4,1.4,0,23,2011,3
2010,3,5,1.4,0,23,2011,4
2010,4,1,1.49411764705882,-0.0588235294117647,23,2011,1
2010,4,2,1.49411764705882,-0.0588235294117647,23,2011,2
2010,4,3,1.49411764705882,-0.0588235294117647,23,2011,3
2010,4,4,1.49411764705882,-0.0588235294117647,23,2011,4
2011,1,1,1.8,0,23,2011,2
2011,1,2,1.8,0,23,2011,3
2011,1,3,1.8,0,23,2011,4
2011,1,4,1.8,0,23,2012,1
2011,1,5,1.8,0,23,2012,2
2011,1,6,1.8,0,23,2012,3
2011,1,7,1.8,0,23,2012,4
2011,2,1,1.8,0,23,2011,3
2011,2,2,1.8,0,23,2011,4
2011,2,3,1.8,0,23,2012,1
2011,2,4,1.8,0,23,2012,2
2011,2,5,1.8,0,23,2012,3
2011,2,6,1.8,0,23,2012,4
2011,3,1,1.8,0,23,2011,4
2011,3,2,1.8,0,23,2012,1
2011,3,3,1.8,0,23,2012,2
2011,3,4,1.8,0,23,2012,3
2011,3,5,1.8,0,23,2012,4
2011,4,1,-0.0941176470588235,-0.0588235294117647,23,2012,1
2011,4,2,-0.0941176470588235,-0.0588235294117647,23,2012,2
2011,4,3,-0.0941176470588235,-0.0588235294117647,23,2012,3
2011,4,4,-0.0941176470588235,-0.0588235294117647,23,2012,4
2012,1,1,0.8,0,23,2012,2
2012,1,2,0.8,0,23,2012,3
2012,1,3,0.8,0,23,2012,4
2012,1,4,0.8,0,23,2013,1
2012,1,5,0.8,0,23,2013,2
2012,1,6,0.8,0,23,2013,3
2012,1,7,0.8,0,23,2013,4
2012,2,1,0.8,0,23,2012,3
2012,2,2,0.8,0,23,2012,4
2012,2,3,0.8,0,23,2013,1
2012,2,4,0.8,0,23,2013,2
2012,2,5,0.8,0,23,2013,3
2012,2,6,0.8,0,23,2013,4
2012,3,1,0.5,0,23,2012,4
2012,3,2,0.5,0,23,2013,1
2012,3,3,0.5,0,23,2013,2
2012,3,4,0.5,0,23,2013,3
2012,3,5,0.5,0,23,2013,4
2012,4,1,0.0235294117647059,-0.0588235294117647,23,2013,1
2012,4,2,0.0235294117647059,-0.0588235294117647,23,2013,2
2012,4,3,0.0235294117647059,-0.0588235294117647,23,2013,3
2012,4,4,0.0235294117647059,-0.0588235294117647,23,2013,4
2013,1,1,1.5,0,23,2013,2
2013,1,2,1.5,0,23,2013,3
2013,1,3,1.5,0,23,2013,4
2013,1,4,1.5,0,23,2014,1
2013,1,5,1.5,0,23,2014,2
2013,1,6,1.5,0,23,2014,3
2013,1,7,1.5,0,23,2014,4
2013,2,1,1,0,23,2013,3
2013,2,2,1,0,23,2013,4
2013,2,3,1,0,23,2014,1
2013,2,4,1,0,23,2014,2
2013,2,5,1,0,23,2014,3
2013,2,6,1,0,23,2014,4
2013,3,1,0.7,0,23,2013,4
2013,3,2,0.7,0,23,2014,1
2013,3,3,0.7,0,23,2014,2
2013,3,4,0.7,0,23,2014,3
2013,3,5,0.7,0,23,2014,4
2013,4,1,0.764705882352941,-0.0588235294117647,23,2014,1
2013,4,2,0.764705882352941,-0.0588235294117647,23,2014,2
2013,4,3,0.764705882352941,-0.0588235294117647,23,2014,3
2013,4,4,0.764705882352941,-0.0588235294117647,23,2014,4
2014,1,1,1,0,23,2014,2
2014,1,2,1,0,23,2014,3
2014,1,3,1,0,23,2014,4
2014,1,4,1,0,23,2015,1
2014,1,5,1,0,23,2015,2
2014,1,6,1,0,23,2015,3
2014,1,7,1,0,23,2015,4
2014,2,1,1,0,23,2014,3
2014,2,2,1,0,23,2014,4
2014,2,3,1,0,23,2015,1
2014,2,4,1,0,23,2015,2
2014,2,5,1,0,23,2015,3
2014,2,6,1,0,23,2015,4
2014,3,1,1.2,0,23,2014,4
2014,3,2,1.2,0,23,2015,1
2014,3,3,1.2,0,23,2015,2
2014,3,4,1.2,0,23,2015,3
2014,3,5,1.2,0,23,2015,4
2014,4,1,0.805882352941177,-0.0588235294117647,23,2015,1
2014,4,2,0.805882352941177,-0.0588235294117647,23,2015,2
2014,4,3,0.805882352941177,-0.0588235294117647,23,2015,3
2014,4,4,0.805882352941177,-0.0588235294117647,23,2015,4
2015,1,1,1,0,23,2015,2
2015,1,2,1,0,23,2015,3
2015,1,3,1,0,23,2015,4
2015,1,4,1,0,23,2016,1
2015,1,5,1,0,23,2016,2
2015,1,6,1,0,23,2016,3
2015,1,7,1,0,23,2016,4
2015,2,1,1.3,0,23,2015,3
2015,2,2,1.3,0,23,2015,4
2015,2,3,1.3,0,23,2016,1
2015,2,4,1.3,0,23,2016,2
2015,2,5,1.3,0,23,2016,3
2015,2,6,1.3,0,23,2016,4
2015,3,1,1.3,0,23,2015,4
2015,3,2,1.3,0,23,2016,1
2015,3,3,1.3,0,23,2016,2
2015,3,4,1.3,0,23,2016,3
2015,3,5,1.3,0,23,2016,4
2015,4,1,1.28823529411765,-0.0588235294117647,23,2016,1
2015,4,2,1.28823529411765,-0.0588235294117647,23,2016,2
2015,4,3,1.28823529411765,-0.0588235294117647,23,2016,3
2015,4,4,1.28823529411765,-0.0588235294117647,23,2016,4
2016,1,1,1.5,0,23,2016,2
2016,1,2,1.5,0,23,2016,3
2016,1,3,1.5,0,23,2016,4
2016,1,4,1.5,0,23,2017,1
2016,1,5,1.5,0,23,2017,2
2016,1,6,1.5,0,23,2017,3
2016,1,7,1.5,0,23,2017,4
2016,2,1,1.5,0,23,2016,3
2016,2,2,1.5,0,23,2016,4
2016,2,3,1.5,0,23,2017,1
2016,2,4,1.5,0,23,2017,2
2016,2,5,1.5,0,23,2017,3
2016,2,6,1.5,0,23,2017,4
2016,3,1,1.5,0,23,2016,4
2016,3,2,1.5,0,23,2017,1
2016,3,3,1.5,0,23,2017,2
2016,3,4,1.5,0,23,2017,3
2016,3,5,1.5,0,23,2017,4
2016,4,1,1.5,-0.0588235294117647,23,2017,1
2016,4,2,1.5,-0.0588235294117647,23,2017,2
2016,4,3,1.5,-0.0588235294117647,23,2017,3
2016,4,4,1.5,-0.0588235294117647,23,2017,4
2017,1,1,1.4,0,23,2017,2
2017,1,2,1.4,0,23,2017,3
2017,1,3,1.4,0,23,2017,4
2017,1,4,1.4,0,23,2018,1
2017,1,5,1.4,0,23,2018,2
2017,1,6,1.4,0,23,2018,3
2017,1,7,1.4,0,23,2018,4
2017,2,1,1.6,0,23,2017,3
2017,2,2,1.6,0,23,2017,4
2017,2,3,1.6,0,23,2018,1
2017,2,4,1.6,0,23,2018,2
2017,2,5,1.6,0,23,2018,3
2017,2,6,1.6,0,23,2018,4
2017,3,1,1.8,0,23,2017,4
2017,3,2,1.8,0,23,2018,1
2017,3,3,1.8,0,23,2018,2
2017,3,4,1.8,0,23,2018,3
2017,3,5,1.8,0,23,2018,4
2017,4,1,1.77647058823529,-0.0588235294117647,23,2018,1
2017,4,2,1.77647058823529,-0.0588235294117647,23,2018,2
2017,4,3,1.77647058823529,-0.0588235294117647,23,2018,3
2017,4,4,1.77647058823529,-0.0588235294117647,23,2018,4
2018,1,1,2.3,0,23,2018,2
2018,1,2,2.3,0,23,2018,3
2018,1,3,2.3,0,23,2018,4
2018,1,4,2.3,0,23,2019,1
2018,1,5,2.3,0,23,2019,2
2018,1,6,2.3,0,23,2019,3
2018,1,7,2.3,0,23,2019,4
2018,2,1,2,0,23,2018,3
2018,2,2,2,0,23,2018,4
2018,2,3,2,0,23,2019,1
2018,2,4,2,0,23,2019,2
2018,2,5,2,0,23,2019,3
2018,2,6,2,0,23,2019,4
2018,3,1,1.8,0,23,2018,4
2018,3,2,1.8,0,23,2019,1
2018,3,3,1.8,0,23,2019,2
2018,3,4,1.8,0,23,2019,3
2018,3,5,1.8,0,23,2019,4
2018,4,1,1.78823529411765,-0.0588235294117647,23,2019,1
2018,4,2,1.78823529411765,-0.0588235294117647,23,2019,2
2018,4,3,1.78823529411765,-0.0588235294117647,23,2019,3
2018,4,4,1.78823529411765,-0.0588235294117647,23,2019,4
2019,1,1,1.6,0,23,2019,2
2019,1,2,1.6,0,23,2019,3
2019,1,3,1.6,0,23,2019,4
2019,1,4,1.6,0,23,2020,1
2019,1,5,1.6,0,23,2020,2
2019,1,6,1.6,0,23,2020,3
2019,1,7,1.6,0,23,2020,4
2019,2,1,1.4,0,23,2019,3
2019,2,2,1.4,0,23,2019,4
2019,2,3,1.4,0,23,2020,1
2019,2,4,1.4,0,23,2020,2
2019,2,5,1.4,0,23,2020,3
2019,2,6,1.4,0,23,2020,4
2019,3,1,1.1,0,23,2019,4
2019,3,2,1.1,0,23,2020,1
2019,3,3,1.1,0,23,2020,2
2019,3,4,1.1,0,23,2020,3
2019,3,5,1.1,0,23,2020,4
2019,4,1,0.682352941176471,-0.0588235294117647,23,2020,1
2019,4,2,0.682352941176471,-0.0588235294117647,23,2020,2
2019,4,3,0.682352941176471,-0.0588235294117647,23,2020,3
2019,4,4,0.682352941176471,-0.0588235294117647,23,2020,4
2020,1,1,1.1,0,23,2020,2
2020,1,2,1.1,0,23,2020,3
2020,1,3,1.1,0,23,2020,4
2020,1,4,1.1,0,23,2021,1
2020,1,5,1.1,0,23,2021,2
2020,1,6,1.1,0,23,2021,3
2020,1,7,1.1,0,23,2021,4
2020,2,1,4.5,0,23,2020,3
2020,2,2,4.5,0,23,2020,4
2020,2,3,4.5,0,23,2021,1
2020,2,4,4.5,0,23,2021,2
2020,2,5,4.5,0,23,2021,3
2020,2,6,4.5,0,23,2021,4
2020,3,1,5,0,23,2020,4
2020,3,2,5,0,23,2021,1
2020,3,3,5,0,23,2021,2
2020,3,4,5,0,23,2021,3
2020,3,5,5,0,23,2021,4
2020,4,1,6.20588235294118,-0.0588235294117647,23,2021,1
2020,4,2,6.20588235294118,-0.0588235294117647,23,2021,2
2020,4,3,6.20588235294118,-0.0588235294117647,23,2021,3
2020,4,4,6.20588235294118,-0.0588235294117647,23,2021,4
2021,1,1,5,0,23,2021,2
2021,1,2,5,0,23,2021,3
2021,1,3,5,0,23,2021,4
2021,1,4,5,0,23,2022,1
2021,1,5,5,0,23,2022,2
2021,1,6,5,0,23,2022,3
2021,1,7,5,0,23,2022,4
2021,2,1,5,0,23,2021,3
2021,2,2,5,0,23,2021,4
2021,2,3,5,0,23,2022,1
2021,2,4,5,0,23,2022,2
2021,2,5,5,0,23,2022,3
2021,2,6,5,0,23,2022,4
2021,3,1,5,0,23,2021,4
2021,3,2,5,0,23,2022,1
2021,3,3,5,0,23,2022,2
2021,3,4,5,0,23,2022,3
2021,3,5,5,0,23,2022,4
2021,4,1,4.5,-0.0588235294117647,23,2022,1
2021,4,2,4.5,-0.0588235294117647,23,2022,2
2021,4,3,4.5,-0.0588235294117647,23,2022,3
2021,4,4,4.5,-0.0588235294117647,23,2022,4
2022,1,1,2.5,0,23,2022,2
2022,1,2,2.5,0,23,2022,3
2022,1,3,2.5,0,23,2022,4
2022,1,4,2.5,0,23,2023,1
2022,1,5,2.5,0,23,2023,2
2022,1,6,2.5,0,23,2023,3
2022,1,7,2.5,0,23,2023,4
2022,2,1,2.5,0,23,2022,3
2022,2,2,2.5,0,23,2022,4
2022,2,3,2.5,0,23,2023,1
2022,2,4,2.5,0,23,2023,2
2022,2,5,2.5,0,23,2023,3
2022,2,6,2.5,0,23,2023,4
2022,3,1,0.8,0,23,2022,4
2022,3,2,0.8,0,23,2023,1
2022,3,3,0.8,0,23,2023,2
2022,3,4,0.8,0,23,2023,3
2022,3,5,0.8,0,23,2023,4
2022,4,1,-0.917647058823529,-0.0588235294117647,23,2023,1
2022,4,2,-0.917647058823529,-0.0588235294117647,23,2023,2
2022,4,3,-0.917647058823529,-0.0588235294117647,23,2023,3
2022,4,4,-0.917647058823529,-0.0588235294117647,23,2023,4
2023,1,1,0.7,0,23,2023,2
2023,1,2,0.7,0,23,2023,3
2023,1,3,0.7,0,23,2023,4
2023,1,4,0.7,0,23,2024,1
2023,1,5,0.7,0,23,2024,2
2023,1,6,0.7,0,23,2024,3
2023,1,7,0.7,0,23,2024,4
2023,2,1,0.7,0,23,2023,3
2023,2,2,0.7,0,23,2023,4
2023,2,3,0.7,0,23,2024,1
2023,2,4,0.7,0,23,2024,2
2023,2,5,0.7,0,23,2024,3
2023,2,6,0.7,0,23,2024,4
2023,3,1,0.5,0,23,2023,4
2023,3,2,0.5,0,23,2024,1
2023,3,3,0.5,0,23,2024,2
2023,3,4,0.5,0,23,2024,3
2023,3,5,0.5,0,23,2024,4
2023,4,1,0.0823529411764706,-0.0588235294117647,23,2024,1
2023,4,2,0.0823529411764706,-0.0588235294117647,23,2024,2
2023,4,3,0.0823529411764706,-0.0588235294117647,23,2024,3
2023,4,4,0.0823529411764706,-0.0588235294117647,23,2024,4
2024,1,1,0.9,0,23,2024,2
2024,1,2,0.9,0,23,2024,3
2024,1,3,0.9,0,23,2024,4
2024,1,4,0.9,0,23,2025,1
2024,1,5,0.9,0,23,2025,2
2024,1,6,0.9,0,23,2025,3
2024,1,7,0.9,0,23,2025,4
2024,2,1,0.9,0,23,2024,3
2024,2,2,0.9,0,23,2024,4
2024,2,3,0.9,0,23,2025,1
2024,2,4,0.9,0,23,2025,2
2024,2,5,0.9,0,23,2025,3
2024,2,6,0.9,0,23,2025,4
2024,3,1,1,0,23,2024,4
2024,3,2,1,0,23,2025,1
2024,3,3,1,0,23,2025,2
2024,3,4,1,0,23,2025,3
2024,3,5,1,0,23,2025,4
2024,4,1,1.12352941176471,-0.0588235294117647,23,2025,1
2024,4,2,1.12352941176471,-0.0588235294117647,23,2025,2
2024,4,3,1.12352941176471,-0.0588235294117647,23,2025,3
2024,4,4,1.12352941176471,-0.0588235294117647,23,2025,4
2001,1,1,3,0,24,2001,2
2001,1,2,3,0,24,2001,3
2001,1,3,3,0,24,2001,4
2001,1,4,3,0,24,2002,1
2001,1,5,3,0,24,2002,2
2001,1,6,3,0,24,2002,3
2001,1,7,3,0,24,2002,4
2001,2,1,2.8,0,24,2001,3
2001,2,2,2.8,0,24,2001,4
2001,2,3,2.8,0,24,2002,1
2001,2,4,2.8,0,24,2002,2
2001,2,5,2.8,0,24,2002,3
2001,2,6,2.8,0,24,2002,4
2001,3,1,2.3,0,24,2001,4
2001,3,2,2.3,0,24,2002,1
2001,3,3,2.3,0,24,2002,2
2001,3,4,2.3,0,24,2002,3
2001,3,5,2.3,0,24,2002,4
2001,4,1,0.764705882352941,-0.0588235294117647,24,2002,1
2001,4,2,0.764705882352941,-0.0588235294117647,24,2002,2
2001,4,3,0.764705882352941,-0.0588235294117647,24,2002,3
2001,4,4,0.764705882352941,-0.0588235294117647,24,2002,4
2002,2,1,2.6,0,24,2002,3
2002,2,2,2.6,0,24,2002,4
2002,2,3,2.6,0,24,2003,1
2002,2,4,2.6,0,24,2003,2
2002,2,5,2.6,0,24,2003,3
2002,2,6,2.6,0,24,2003,4
2002,3,1,2.2,0,24,2002,4
2002,3,2,2.2,0,24,2003,1
2002,3,3,2.2,0,24,2003,2
2002,3,4,2.2,0,24,2003,3
2002,3,5,2.2,0,24,2003,4
2002,4,1,1.54117647058824,-0.0588235294117647,24,2003,1
2002,4,2,1.54117647058824,-0.0588235294117647,24,2003,2
2002,4,3,1.54117647058824,-0.0588235294117647,24,2003,3
2002,4,4,1.54117647058824,-0.0588235294117647,24,2003,4
2003,1,1,2.5,0,24,2003,2
2003,1,2,2.5,0,24,2003,3
2003,1,3,2.5,0,24,2003,4
2003,1,4,2.5,0,24,2004,1
2003,1,5,2.5,0,24,2004,2
2003,1,6,2.5,0,24,2004,3
2003,1,7,2.5,0,24,2004,4
2003,2,1,2.5,0,24,2003,3
2003,2,2,2.5,0,24,2003,4
2003,2,3,2.5,0,24,2004,1
2003,2,4,2.5,0,24,2004,2
2003,2,5,2.5,0,24,2004,3
2003,2,6,2.5,0,24,2004,4
2003,3,1,1.7,0,24,2003,4
2003,3,2,1.7,0,24,2004,1
2003,3,3,1.7,0,24,2004,2
2003,3,4,1.7,0,24,2004,3
2003,3,5,1.7,0,24,2004,4
2003,4,1,1.77058823529412,-0.0588235294117647,24,2004,1
2003,4,2,1.77058823529412,-0.0588235294117647,24,2004,2
2003,4,3,1.77058823529412,-0.0588235294117647,24,2004,3
2003,4,4,1.77058823529412,-0.0588235294117647,24,2004,4
2004,1,1,2.5,0,24,2004,2
2004,1,2,2.5,0,24,2004,3
2004,1,3,2.5,0,24,2004,4
2004,1,4,2.5,0,24,2005,1
2004,1,5,2.5,0,24,2005,2
2004,1,6,2.5,0,24,2005,3
2004,1,7,2.5,0,24,2005,4
2004,2,1,2,0,24,2004,3
2004,2,2,2,0,24,2004,4
2004,2,3,2,0,24,2005,1
2004,2,4,2,0,24,2005,2
2004,2,5,2,0,24,2005,3
2004,2,6,2,0,24,2005,4
2004,3,1,2.3,0,24,2004,4
2004,3,2,2.3,0,24,2005,1
2004,3,3,2.3,0,24,2005,2
2004,3,4,2.3,0,24,2005,3
2004,3,5,2.3,0,24,2005,4
2004,4,1,1.99411764705882,-0.0588235294117647,24,2005,1
2004,4,2,1.99411764705882,-0.0588235294117647,24,2005,2
2004,4,3,1.99411764705882,-0.0588235294117647,24,2005,3
2004,4,4,1.99411764705882,-0.0588235294117647,24,2005,4
2005,1,1,1.8,0,24,2005,2
2005,1,2,1.8,0,24,2005,3
2005,1,3,1.8,0,24,2005,4
2005,1,4,1.8,0,24,2006,1
2005,1,5,1.8,0,24,2006,2
2005,1,6,1.8,0,24,2006,3
2005,1,7,1.8,0,24,2006,4
2005,2,1,1.8,0,24,2005,3
2005,2,2,1.8,0,24,2005,4
2005,2,3,1.8,0,24,2006,1
2005,2,4,1.8,0,24,2006,2
2005,2,5,1.8,0,24,2006,3
2005,2,6,1.8,0,24,2006,4
2005,3,1,1.6,0,24,2005,4
2005,3,2,1.6,0,24,2006,1
2005,3,3,1.6,0,24,2006,2
2005,3,4,1.6,0,24,2006,3
2005,3,5,1.6,0,24,2006,4
2005,4,1,1.51176470588235,-0.0588235294117647,24,2006,1
2005,4,2,1.51176470588235,-0.0588235294117647,24,2006,2
2005,4,3,1.51176470588235,-0.0588235294117647,24,2006,3
2005,4,4,1.51176470588235,-0.0588235294117647,24,2006,4
2006,1,1,1.3,0,24,2006,2
2006,1,2,1.3,0,24,2006,3
2006,1,3,1.3,0,24,2006,4
2006,1,4,1.3,0,24,2007,1
2006,1,5,1.3,0,24,2007,2
2006,1,6,1.3,0,24,2007,3
2006,1,7,1.3,0,24,2007,4
2006,2,1,1.5,0,24,2006,3
2006,2,2,1.5,0,24,2006,4
2006,2,3,1.5,0,24,2007,1
2006,2,4,1.5,0,24,2007,2
2006,2,5,1.5,0,24,2007,3
2006,2,6,1.5,0,24,2007,4
2006,3,1,1.47635766716457,0,24,2006,4
2006,3,2,1.47635766716457,0,24,2007,1
2006,3,3,1.47635766716457,0,24,2007,2
2006,3,4,1.47635766716457,0,24,2007,3
2006,3,5,1.47635766716457,0,24,2007,4
2006,4,1,1.42202576523307,-0.0588235294117647,24,2007,1
2006,4,2,1.42202576523307,-0.0588235294117647,24,2007,2
2006,4,3,1.42202576523307,-0.0588235294117647,24,2007,3
2006,4,4,1.42202576523307,-0.0588235294117647,24,2007,4
2007,1,1,1.77950986411769,0,24,2007,2
2007,1,2,1.77950986411769,0,24,2007,3
2007,1,3,1.77950986411769,0,24,2007,4
2007,1,4,1.77950986411769,0,24,2008,1
2007,1,5,1.77950986411769,0,24,2008,2
2007,1,6,1.77950986411769,0,24,2008,3
2007,1,7,1.77950986411769,0,24,2008,4
2007,2,1,1.9,0,24,2007,3
2007,2,2,1.9,0,24,2007,4
2007,2,3,1.9,0,24,2008,1
2007,2,4,1.9,0,24,2008,2
2007,2,5,1.9,0,24,2008,3
2007,2,6,1.9,0,24,2008,4
2007,3,1,1.9,0,24,2007,4
2007,3,2,1.9,0,24,2008,1
2007,3,3,1.9,0,24,2008,2
2007,3,4,1.9,0,24,2008,3
2007,3,5,1.9,0,24,2008,4
2007,4,1,1.75882352941177,-0.0588235294117647,24,2008,1
2007,4,2,1.75882352941177,-0.0588235294117647,24,2008,2
2007,4,3,1.75882352941177,-0.0588235294117647,24,2008,3
2007,4,4,1.75882352941177,-0.0588235294117647,24,2008,4
2008,2,1,1.7,0,24,2008,3
2008,2,2,1.7,0,24,2008,4
2008,2,3,1.7,0,24,2009,1
2008,2,4,1.7,0,24,2009,2
2008,2,5,1.7,0,24,2009,3
2008,2,6,1.7,0,24,2009,4
2008,3,1,1.1,0,24,2008,4
2008,3,2,1.1,0,24,2009,1
2008,3,3,1.1,0,24,2009,2
2008,3,4,1.1,0,24,2009,3
2008,3,5,1.1,0,24,2009,4
2008,4,1,0.147058823529412,-0.0588235294117647,24,2009,1
2008,4,2,0.147058823529412,-0.0588235294117647,24,2009,2
2008,4,3,0.147058823529412,-0.0588235294117647,24,2009,3
2008,4,4,0.147058823529412,-0.0588235294117647,24,2009,4
2009,1,1,1,0,24,2009,2
2009,1,2,1,0,24,2009,3
2009,1,3,1,0,24,2009,4
2009,1,4,1,0,24,2010,1
2009,1,5,1,0,24,2010,2
2009,1,6,1,0,24,2010,3
2009,1,7,1,0,24,2010,4
2009,2,1,0.3,0,24,2009,3
2009,2,2,0.3,0,24,2009,4
2009,2,3,0.3,0,24,2010,1
2009,2,4,0.3,0,24,2010,2
2009,2,5,0.3,0,24,2010,3
2009,2,6,0.3,0,24,2010,4
2009,3,1,0.409087345365977,0,24,2009,4
2009,3,2,0.409087345365977,0,24,2010,1
2009,3,3,0.409087345365977,0,24,2010,2
2009,3,4,0.409087345365977,0,24,2010,3
2009,3,5,0.409087345365977,0,24,2010,4
2010,1,1,1.2,0,24,2010,2
2010,1,2,1.2,0,24,2010,3
2010,1,3,1.2,0,24,2010,4
2010,1,4,1.2,0,24,2011,1
2010,1,5,1.2,0,24,2011,2
2010,1,6,1.2,0,24,2011,3
2010,1,7,1.2,0,24,2011,4
2010,2,1,1.2,0,24,2010,3
2010,2,2,1.2,0,24,2010,4
2010,2,3,1.2,0,24,2011,1
2010,2,4,1.2,0,24,2011,2
2010,2,5,1.2,0,24,2011,3
2010,2,6,1.2,0,24,2011,4
2010,3,1,1,0,24,2010,4
2010,3,2,1,0,24,2011,1
2010,3,3,1,0,24,2011,2
2010,3,4,1,0,24,2011,3
2010,3,5,1,0,24,2011,4
2010,4,1,0.970588235294118,-0.0588235294117647,24,2011,1
2010,4,2,0.970588235294118,-0.0588235294117647,24,2011,2
2010,4,3,0.970588235294118,-0.0588235294117647,24,2011,3
2010,4,4,0.970588235294118,-0.0588235294117647,24,2011,4
2011,1,1,1.4,0,24,2011,2
2011,1,2,1.4,0,24,2011,3
2011,1,3,1.4,0,24,2011,4
2011,1,4,1.4,0,24,2012,1
2011,1,5,1.4,0,24,2012,2
2011,1,6,1.4,0,24,2012,3
2011,1,7,1.4,0,24,2012,4
2011,2,1,1.5,0,24,2011,3
2011,2,2,1.5,0,24,2011,4
2011,2,3,1.5,0,24,2012,1
2011,2,4,1.5,0,24,2012,2
2011,2,5,1.5,0,24,2012,3
2011,2,6,1.5,0,24,2012,4
2011,3,1,1.5,0,24,2011,4
2011,3,2,1.5,0,24,2012,1
2011,3,3,1.5,0,24,2012,2
2011,3,4,1.5,0,24,2012,3
2011,3,5,1.5,0,24,2012,4
2011,4,1,0.335294117647059,-0.0588235294117647,24,2012,1
2011,4,2,0.335294117647059,-0.0588235294117647,24,2012,2
2011,4,3,0.335294117647059,-0.0588235294117647,24,2012,3
2011,4,4,0.335294117647059,-0.0588235294117647,24,2012,4
2012,1,1,1,0,24,2012,2
2012,1,2,1,0,24,2012,3
2012,1,3,1,0,24,2012,4
2012,1,4,1,0,24,2013,1
2012,1,5,1,0,24,2013,2
2012,1,6,1,0,24,2013,3
2012,1,7,1,0,24,2013,4
2012,2,1,0.8,0,24,2012,3
2012,2,2,0.8,0,24,2012,4
2012,2,3,0.8,0,24,2013,1
2012,2,4,0.8,0,24,2013,2
2012,2,5,0.8,0,24,2013,3
2012,2,6,0.8,0,24,2013,4
2012,3,1,0.3,0,24,2012,4
2012,3,2,0.3,0,24,2013,1
2012,3,3,0.3,0,24,2013,2
2012,3,4,0.3,0,24,2013,3
2012,3,5,0.3,0,24,2013,4
2012,4,1,0.0294117647058824,-0.0588235294117647,24,2013,1
2012,4,2,0.0294117647058824,-0.0588235294117647,24,2013,2
2012,4,3,0.0294117647058824,-0.0588235294117647,24,2013,3
2012,4,4,0.0294117647058824,-0.0588235294117647,24,2013,4
2013,1,1,1.1,0,24,2013,2
2013,1,2,1.1,0,24,2013,3
2013,1,3,1.1,0,24,2013,4
2013,1,4,1.1,0,24,2014,1
2013,1,5,1.1,0,24,2014,2
2013,1,6,1.1,0,24,2014,3
2013,1,7,1.1,0,24,2014,4
2013,2,1,1,0,24,2013,3
2013,2,2,1,0,24,2013,4
2013,2,3,1,0,24,2014,1
2013,2,4,1,0,24,2014,2
2013,2,5,1,0,24,2014,3
2013,2,6,1,0,24,2014,4
2013,3,1,1,0,24,2013,4
2013,3,2,1,0,24,2014,1
2013,3,3,1,0,24,2014,2
2013,3,4,1,0,24,2014,3
2013,3,5,1,0,24,2014,4
2013,4,1,1.23795486845882,-0.0588235294117647,24,2014,1
2013,4,2,1.23795486845882,-0.0588235294117647,24,2014,2
2013,4,3,1.23795486845882,-0.0588235294117647,24,2014,3
2013,4,4,1.23795486845882,-0.0588235294117647,24,2014,4
2014,1,1,1.4207432129,0,24,2014,2
2014,1,2,1.4207432129,0,24,2014,3
2014,1,3,1.4207432129,0,24,2014,4
2014,1,4,1.4207432129,0,24,2015,1
2014,1,5,1.4207432129,0,24,2015,2
2014,1,6,1.4207432129,0,24,2015,3
2014,1,7,1.4207432129,0,24,2015,4
2014,2,1,1.5,0,24,2014,3
2014,2,2,1.5,0,24,2014,4
2014,2,3,1.5,0,24,2015,1
2014,2,4,1.5,0,24,2015,2
2014,2,5,1.5,0,24,2015,3
2014,2,6,1.5,0,24,2015,4
2014,3,1,1.5,0,24,2014,4
2014,3,2,1.5,0,24,2015,1
2014,3,3,1.5,0,24,2015,2
2014,3,4,1.5,0,24,2015,3
2014,3,5,1.5,0,24,2015,4
2014,4,1,1.05803579100588,-0.0588235294117647,24,2015,1
2014,4,2,1.05803579100588,-0.0588235294117647,24,2015,2
2014,4,3,1.05803579100588,-0.0588235294117647,24,2015,3
2014,4,4,1.05803579100588,-0.0588235294117647,24,2015,4
2015,1,1,1.3279409356,0,24,2015,2
2015,1,2,1.3279409356,0,24,2015,3
2015,1,3,1.3279409356,0,24,2015,4
2015,1,4,1.3279409356,0,24,2016,1
2015,1,5,1.3279409356,0,24,2016,2
2015,1,6,1.3279409356,0,24,2016,3
2015,1,7,1.3279409356,0,24,2016,4
2015,2,1,1.6163084677,0,24,2015,3
2015,2,2,1.6163084677,0,24,2015,4
2015,2,3,1.6163084677,0,24,2016,1
2015,2,4,1.6163084677,0,24,2016,2
2015,2,5,1.6163084677,0,24,2016,3
2015,2,6,1.6163084677,0,24,2016,4
2015,3,1,1.6153757003,0,24,2015,4
2015,3,2,1.6153757003,0,24,2016,1
2015,3,3,1.6153757003,0,24,2016,2
2015,3,4,1.6153757003,0,24,2016,3
2015,3,5,1.6153757003,0,24,2016,4
2015,4,1,1.65002941176471,-0.0588235294117647,24,2016,1
2015,4,2,1.65002941176471,-0.0588235294117647,24,2016,2
2015,4,3,1.65002941176471,-0.0588235294117647,24,2016,3
2015,4,4,1.65002941176471,-0.0588235294117647,24,2016,4
2016,1,1,1.54,0,24,2016,2
2016,1,2,1.54,0,24,2016,3
2016,1,3,1.54,0,24,2016,4
2016,1,4,1.54,0,24,2017,1
2016,1,5,1.54,0,24,2017,2
2016,1,6,1.54,0,24,2017,3
2016,1,7,1.54,0,24,2017,4
2016,2,1,1.542,0,24,2016,3
2016,2,2,1.542,0,24,2016,4
2016,2,3,1.542,0,24,2017,1
2016,2,4,1.542,0,24,2017,2
2016,2,5,1.542,0,24,2017,3
2016,2,6,1.542,0,24,2017,4
2016,3,1,1.1491199715,0,24,2016,4
2016,3,2,1.1491199715,0,24,2017,1
2016,3,3,1.1491199715,0,24,2017,2
2016,3,4,1.1491199715,0,24,2017,3
2016,3,5,1.1491199715,0,24,2017,4
2016,4,1,1.09781403004706,-0.0588235294117647,24,2017,1
2016,4,2,1.09781403004706,-0.0588235294117647,24,2017,2
2016,4,3,1.09781403004706,-0.0588235294117647,24,2017,3
2016,4,4,1.09781403004706,-0.0588235294117647,24,2017,4
2017,1,1,1.460972745,0,24,2017,2
2017,1,2,1.460972745,0,24,2017,3
2017,1,3,1.460972745,0,24,2017,4
2017,1,4,1.460972745,0,24,2018,1
2017,1,5,1.460972745,0,24,2018,2
2017,1,6,1.460972745,0,24,2018,3
2017,1,7,1.460972745,0,24,2018,4
2017,2,1,1.460972745,0,24,2017,3
2017,2,2,1.460972745,0,24,2017,4
2017,2,3,1.460972745,0,24,2018,1
2017,2,4,1.460972745,0,24,2018,2
2017,2,5,1.460972745,0,24,2018,3
2017,2,6,1.460972745,0,24,2018,4
2017,3,1,1.6,0,24,2017,4
2017,3,2,1.6,0,24,2018,1
2017,3,3,1.6,0,24,2018,2
2017,3,4,1.6,0,24,2018,3
2017,3,5,1.6,0,24,2018,4
2017,4,1,1.98823529411765,-0.0588235294117647,24,2018,1
2017,4,2,1.98823529411765,-0.0588235294117647,24,2018,2
2017,4,3,1.98823529411765,-0.0588235294117647,24,2018,3
2017,4,4,1.98823529411765,-0.0588235294117647,24,2018,4
2018,1,1,1.7,0,24,2018,2
2018,1,2,1.7,0,24,2018,3
2018,1,3,1.7,0,24,2018,4
2018,1,4,1.7,0,24,2019,1
2018,1,5,1.7,0,24,2019,2
2018,1,6,1.7,0,24,2019,3
2018,1,7,1.7,0,24,2019,4
2018,2,1,1.7,0,24,2018,3
2018,2,2,1.7,0,24,2018,4
2018,2,3,1.7,0,24,2019,1
2018,2,4,1.7,0,24,2019,2
2018,2,5,1.7,0,24,2019,3
2018,2,6,1.7,0,24,2019,4
2018,3,1,1.7178186606,0,24,2018,4
2018,3,2,1.7178186606,0,24,2019,1
2018,3,3,1.7178186606,0,24,2019,2
2018,3,4,1.7178186606,0,24,2019,3
2018,3,5,1.7178186606,0,24,2019,4
2018,4,1,1.65304451095294,-0.0588235294117647,24,2019,1
2018,4,2,1.65304451095294,-0.0588235294117647,24,2019,2
2018,4,3,1.65304451095294,-0.0588235294117647,24,2019,3
2018,4,4,1.65304451095294,-0.0588235294117647,24,2019,4
2019,1,1,1.3,0,24,2019,2
2019,1,2,1.3,0,24,2019,3
2019,1,3,1.3,0,24,2019,4
2019,1,4,1.3,0,24,2020,1
2019,1,5,1.3,0,24,2020,2
2019,1,6,1.3,0,24,2020,3
2019,1,7,1.3,0,24,2020,4
2019,2,1,1.2640077051,0,24,2019,3
2019,2,2,1.2640077051,0,24,2019,4
2019,2,3,1.2640077051,0,24,2020,1
2019,2,4,1.2640077051,0,24,2020,2
2019,2,5,1.2640077051,0,24,2020,3
2019,2,6,1.2640077051,0,24,2020,4
2019,3,1,1,0,24,2019,4
2019,3,2,1,0,24,2020,1
2019,3,3,1,0,24,2020,2
2019,3,4,1,0,24,2020,3
2019,3,5,1,0,24,2020,4
2019,4,1,0.739133750988235,-0.0588235294117647,24,2020,1
2019,4,2,0.739133750988235,-0.0588235294117647,24,2020,2
2019,4,3,0.739133750988235,-0.0588235294117647,24,2020,3
2019,4,4,0.739133750988235,-0.0588235294117647,24,2020,4
2020,1,1,1.205,0,24,2020,2
2020,1,2,1.205,0,24,2020,3
2020,1,3,1.205,0,24,2020,4
2020,1,4,1.205,0,24,2021,1
2020,1,5,1.205,0,24,2021,2
2020,1,6,1.205,0,24,2021,3
2020,1,7,1.205,0,24,2021,4
2020,2,1,4.7532,0,24,2020,3
2020,2,2,4.7532,0,24,2020,4
2020,2,3,4.7532,0,24,2021,1
2020,2,4,4.7532,0,24,2021,2
2020,2,5,4.7532,0,24,2021,3
2020,2,6,4.7532,0,24,2021,4
2020,3,1,5.0105933341,0,24,2020,4
2020,3,2,5.0105933341,0,24,2021,1
2020,3,3,5.0105933341,0,24,2021,2
2020,3,4,5.0105933341,0,24,2021,3
2020,3,5,5.0105933341,0,24,2021,4
2020,4,1,6.18823529411765,-0.0588235294117647,24,2021,1
2020,4,2,6.18823529411765,-0.0588235294117647,24,2021,2
2020,4,3,6.18823529411765,-0.0588235294117647,24,2021,3
2020,4,4,6.18823529411765,-0.0588235294117647,24,2021,4
2021,1,1,4.3717460548,0,24,2021,2
2021,1,2,4.3717460548,0,24,2021,3
2021,1,3,4.3717460548,0,24,2021,4
2021,1,4,4.3717460548,0,24,2022,1
2021,1,5,4.3717460548,0,24,2022,2
2021,1,6,4.3717460548,0,24,2022,3
2021,1,7,4.3717460548,0,24,2022,4
2021,2,1,4.8,0,24,2021,3
2021,2,2,4.8,0,24,2021,4
2021,2,3,4.8,0,24,2022,1
2021,2,4,4.8,0,24,2022,2
2021,2,5,4.8,0,24,2022,3
2021,2,6,4.8,0,24,2022,4
2021,3,1,4.8,0,24,2021,4
2021,3,2,4.8,0,24,2022,1
2021,3,3,4.8,0,24,2022,2
2021,3,4,4.8,0,24,2022,3
2021,3,5,4.8,0,24,2022,4
2021,4,1,4.44739282352941,-0.0588235294117647,24,2022,1
2021,4,2,4.44739282352941,-0.0588235294117647,24,2022,2
2021,4,3,4.44739282352941,-0.0588235294117647,24,2022,3
2021,4,4,4.44739282352941,-0.0588235294117647,24,2022,4
2022,1,1,2.8,0,24,2022,2
2022,1,2,2.8,0,24,2022,3
2022,1,3,2.8,0,24,2022,4
2022,1,4,2.8,0,24,2023,1
2022,1,5,2.8,0,24,2023,2
2022,1,6,2.8,0,24,2023,3
2022,1,7,2.8,0,24,2023,4
2022,2,1,2.3,0,24,2022,3
2022,2,2,2.3,0,24,2022,4
2022,2,3,2.3,0,24,2023,1
2022,2,4,2.3,0,24,2023,2
2022,2,5,2.3,0,24,2023,3
2022,2,6,2.3,0,24,2023,4
2022,3,1,2.3,0,24,2022,4
2022,3,2,2.3,0,24,2023,1
2022,3,3,2.3,0,24,2023,2
2022,3,4,2.3,0,24,2023,3
2022,3,5,2.3,0,24,2023,4
2022,4,1,-1.44210219411765,-0.0588235294117647,24,2023,1
2022,4,2,-1.44210219411765,-0.0588235294117647,24,2023,2
2022,4,3,-1.44210219411765,-0.0588235294117647,24,2023,3
2022,4,4,-1.44210219411765,-0.0588235294117647,24,2023,4
2023,1,1,1,0,24,2023,2
2023,1,2,1,0,24,2023,3
2023,1,3,1,0,24,2023,4
2023,1,4,1,0,24,2024,1
2023,1,5,1,0,24,2024,2
2023,1,6,1,0,24,2024,3
2023,1,7,1,0,24,2024,4
2023,2,1,1.00375446,0,24,2023,3
2023,2,2,1.00375446,0,24,2023,4
2023,2,3,1.00375446,0,24,2024,1
2023,2,4,1.00375446,0,24,2024,2
2023,2,5,1.00375446,0,24,2024,3
2023,2,6,1.00375446,0,24,2024,4
2023,3,1,0.4501018,0,24,2023,4
2023,3,2,0.4501018,0,24,2024,1
2023,3,3,0.4501018,0,24,2024,2
2023,3,4,0.4501018,0,24,2024,3
2023,3,5,0.4501018,0,24,2024,4
2023,4,1,0.460595564705882,-0.0588235294117647,24,2024,1
2023,4,2,0.460595564705882,-0.0588235294117647,24,2024,2
2023,4,3,0.460595564705882,-0.0588235294117647,24,2024,3
2023,4,4,0.460595564705882,-0.0588235294117647,24,2024,4
2024,1,1,1.51511236,0,24,2024,2
2024,1,2,1.51511236,0,24,2024,3
2024,1,3,1.51511236,0,24,2024,4
2024,1,4,1.51511236,0,24,2025,1
2024,1,5,1.51511236,0,24,2025,2
2024,1,6,1.51511236,0,24,2025,3
2024,1,7,1.51511236,0,24,2025,4
2024,2,1,1.54747191,0,24,2024,3
2024,2,2,1.54747191,0,24,2024,4
2024,2,3,1.54747191,0,24,2025,1
2024,2,4,1.54747191,0,24,2025,2
2024,2,5,1.54747191,0,24,2025,3
2024,2,6,1.54747191,0,24,2025,4
2024,3,1,1.5,0,24,2024,4
2024,3,2,1.5,0,24,2025,1
2024,3,3,1.5,0,24,2025,2
2024,3,4,1.5,0,24,2025,3
2024,3,5,1.5,0,24,2025,4
2001,1,1,2.9,0,26,2001,2
2001,1,2,2.9,0,26,2001,3
2001,1,3,2.9,0,26,2001,4
2001,1,4,2.9,0,26,2002,1
2001,1,5,2.9,0,26,2002,2
2001,1,6,2.9,0,26,2002,3
2001,1,7,2.9,0,26,2002,4
2001,2,1,2.8,0,26,2001,3
2001,2,2,2.8,0,26,2001,4
2001,2,3,2.8,0,26,2002,1
2001,2,4,2.8,0,26,2002,2
2001,2,5,2.8,0,26,2002,3
2001,2,6,2.8,0,26,2002,4
2001,3,1,2.2,0,26,2001,4
2001,3,2,2.2,0,26,2002,1
2001,3,3,2.2,0,26,2002,2
2001,3,4,2.2,0,26,2002,3
2001,3,5,2.2,0,26,2002,4
2001,4,1,1.28823529411765,-0.0588235294117647,26,2002,1
2001,4,2,1.28823529411765,-0.0588235294117647,26,2002,2
2001,4,3,1.28823529411765,-0.0588235294117647,26,2002,3
2001,4,4,1.28823529411765,-0.0588235294117647,26,2002,4
2002,1,1,2,0,26,2002,2
2002,1,2,2,0,26,2002,3
2002,1,3,2,0,26,2002,4
2002,1,4,2,0,26,2003,1
2002,1,5,2,0,26,2003,2
2002,1,6,2,0,26,2003,3
2002,1,7,2,0,26,2003,4
2002,2,1,2.8,0,26,2002,3
2002,2,2,2.8,0,26,2002,4
2002,2,3,2.8,0,26,2003,1
2002,2,4,2.8,0,26,2003,2
2002,2,5,2.8,0,26,2003,3
2002,2,6,2.8,0,26,2003,4
2002,3,1,2.6,0,26,2002,4
2002,3,2,2.6,0,26,2003,1
2002,3,3,2.6,0,26,2003,2
2002,3,4,2.6,0,26,2003,3
2002,3,5,2.6,0,26,2003,4
2002,4,1,0.494117647058824,-0.0588235294117647,26,2003,1
2002,4,2,0.494117647058824,-0.0588235294117647,26,2003,2
2002,4,3,0.494117647058824,-0.0588235294117647,26,2003,3
2002,4,4,0.494117647058824,-0.0588235294117647,26,2003,4
2003,1,1,2.3,0,26,2003,2
2003,1,2,2.3,0,26,2003,3
2003,1,3,2.3,0,26,2003,4
2003,1,4,2.3,0,26,2004,1
2003,1,5,2.3,0,26,2004,2
2003,1,6,2.3,0,26,2004,3
2003,1,7,2.3,0,26,2004,4
2003,2,1,2,0,26,2003,3
2003,2,2,2,0,26,2003,4
2003,2,3,2,0,26,2004,1
2003,2,4,2,0,26,2004,2
2003,2,5,2,0,26,2004,3
2003,2,6,2,0,26,2004,4
2003,3,1,1.4,0,26,2003,4
2003,3,2,1.4,0,26,2004,1
2003,3,3,1.4,0,26,2004,2
2003,3,4,1.4,0,26,2004,3
2003,3,5,1.4,0,26,2004,4
2003,4,1,1.67058823529412,-0.0588235294117647,26,2004,1
2003,4,2,1.67058823529412,-0.0588235294117647,26,2004,2
2003,4,3,1.67058823529412,-0.0588235294117647,26,2004,3
2003,4,4,1.67058823529412,-0.0588235294117647,26,2004,4
2004,1,1,2,0,26,2004,2
2004,1,2,2,0,26,2004,3
2004,1,3,2,0,26,2004,4
2004,1,4,2,0,26,2005,1
2004,1,5,2,0,26,2005,2
2004,1,6,2,0,26,2005,3
2004,1,7,2,0,26,2005,4
2004,2,1,2.1,0,26,2004,3
2004,2,2,2.1,0,26,2004,4
2004,2,3,2.1,0,26,2005,1
2004,2,4,2.1,0,26,2005,2
2004,2,5,2.1,0,26,2005,3
2004,2,6,2.1,0,26,2005,4
2004,3,1,2.1,0,26,2004,4
2004,3,2,2.1,0,26,2005,1
2004,3,3,2.1,0,26,2005,2
2004,3,4,2.1,0,26,2005,3
2004,3,5,2.1,0,26,2005,4
2004,4,1,2.21176470588235,-0.0588235294117647,26,2005,1
2004,4,2,2.21176470588235,-0.0588235294117647,26,2005,2
2004,4,3,2.21176470588235,-0.0588235294117647,26,2005,3
2004,4,4,2.21176470588235,-0.0588235294117647,26,2005,4
2005,1,1,2.2,0,26,2005,2
2005,1,2,2.2,0,26,2005,3
2005,1,3,2.2,0,26,2005,4
2005,1,4,2.2,0,26,2006,1
2005,1,5,2.2,0,26,2006,2
2005,1,6,2.2,0,26,2006,3
2005,1,7,2.2,0,26,2006,4
2005,2,1,2.2,0,26,2005,3
2005,2,2,2.2,0,26,2005,4
2005,2,3,2.2,0,26,2006,1
2005,2,4,2.2,0,26,2006,2
2005,2,5,2.2,0,26,2006,3
2005,2,6,2.2,0,26,2006,4
2005,3,1,2.1,0,26,2005,4
2005,3,2,2.1,0,26,2006,1
2005,3,3,2.1,0,26,2006,2
2005,3,4,2.1,0,26,2006,3
2005,3,5,2.1,0,26,2006,4
2005,4,1,1.92941176470588,-0.0588235294117647,26,2006,1
2005,4,2,1.92941176470588,-0.0588235294117647,26,2006,2
2005,4,3,1.92941176470588,-0.0588235294117647,26,2006,3
2005,4,4,1.92941176470588,-0.0588235294117647,26,2006,4
2006,1,1,2.2,0,26,2006,2
2006,1,2,2.2,0,26,2006,3
2006,1,3,2.2,0,26,2006,4
2006,1,4,2.2,0,26,2007,1
2006,1,5,2.2,0,26,2007,2
2006,1,6,2.2,0,26,2007,3
2006,1,7,2.2,0,26,2007,4
2006,2,1,2.2,0,26,2006,3
2006,2,2,2.2,0,26,2006,4
2006,2,3,2.2,0,26,2007,1
2006,2,4,2.2,0,26,2007,2
2006,2,5,2.2,0,26,2007,3
2006,2,6,2.2,0,26,2007,4
2006,3,1,2.1,0,26,2006,4
2006,3,2,2.1,0,26,2007,1
2006,3,3,2.1,0,26,2007,2
2006,3,4,2.1,0,26,2007,3
2006,3,5,2.1,0,26,2007,4
2006,4,1,2.28235294117647,-0.0588235294117647,26,2007,1
2006,4,2,2.28235294117647,-0.0588235294117647,26,2007,2
2006,4,3,2.28235294117647,-0.0588235294117647,26,2007,3
2006,4,4,2.28235294117647,-0.0588235294117647,26,2007,4
2007,1,1,2.3,0,26,2007,2
2007,1,2,2.3,0,26,2007,3
2007,1,3,2.3,0,26,2007,4
2007,1,4,2.3,0,26,2008,1
2007,1,5,2.3,0,26,2008,2
2007,1,6,2.3,0,26,2008,3
2007,1,7,2.3,0,26,2008,4
2007,2,1,2.2,0,26,2007,3
2007,2,2,2.2,0,26,2007,4
2007,2,3,2.2,0,26,2008,1
2007,2,4,2.2,0,26,2008,2
2007,2,5,2.2,0,26,2008,3
2007,2,6,2.2,0,26,2008,4
2007,3,1,2.1,0,26,2007,4
2007,3,2,2.1,0,26,2008,1
2007,3,3,2.1,0,26,2008,2
2007,3,4,2.1,0,26,2008,3
2007,3,5,2.1,0,26,2008,4
2007,4,1,0.923529411764706,-0.0588235294117647,26,2008,1
2007,4,2,0.923529411764706,-0.0588235294117647,26,2008,2
2007,4,3,0.923529411764706,-0.0588235294117647,26,2008,3
2007,4,4,0.923529411764706,-0.0588235294117647,26,2008,4
2008,1,1,2.1,0,26,2008,2
2008,1,2,2.1,0,26,2008,3
2008,1,3,2.1,0,26,2008,4
2008,1,4,2.1,0,26,2009,1
2008,1,5,2.1,0,26,2009,2
2008,1,6,2.1,0,26,2009,3
2008,1,7,2.1,0,26,2009,4
2008,2,1,0.8,0,26,2008,3
2008,2,2,0.8,0,26,2008,4
2008,2,3,0.8,0,26,2009,1
2008,2,4,0.8,0,26,2009,2
2008,2,5,0.8,0,26,2009,3
2008,2,6,0.8,0,26,2009,4
2008,3,1,0.8,0,26,2008,4
2008,3,2,0.8,0,26,2009,1
2008,3,3,0.8,0,26,2009,2
2008,3,4,0.8,0,26,2009,3
2008,3,5,0.8,0,26,2009,4
2008,4,1,0.458823529411765,-0.0588235294117647,26,2009,1
2008,4,2,0.458823529411765,-0.0588235294117647,26,2009,2
2008,4,3,0.458823529411765,-0.0588235294117647,26,2009,3
2008,4,4,0.458823529411765,-0.0588235294117647,26,2009,4
2009,1,1,-1,0,26,2009,2
2009,1,2,-1,0,26,2009,3
2009,1,3,-1,0,26,2009,4
2009,1,4,-1,0,26,2010,1
2009,1,5,-1,0,26,2010,2
2009,1,6,-1,0,26,2010,3
2009,1,7,-1,0,26,2010,4
2009,2,1,-1.8,0,26,2009,3
2009,2,2,-1.8,0,26,2009,4
2009,2,3,-1.8,0,26,2010,1
2009,2,4,-1.8,0,26,2010,2
2009,2,5,-1.8,0,26,2010,3
2009,2,6,-1.8,0,26,2010,4
2010,1,1,0.8,0,26,2010,2
2010,1,2,0.8,0,26,2010,3
2010,1,3,0.8,0,26,2010,4
2010,1,4,0.8,0,26,2011,1
2010,1,5,0.8,0,26,2011,2
2010,1,6,0.8,0,26,2011,3
2010,1,7,0.8,0,26,2011,4
2010,4,1,2.22352941176471,-0.0588235294117647,26,2011,1
2010,4,2,2.22352941176471,-0.0588235294117647,26,2011,2
2010,4,3,2.22352941176471,-0.0588235294117647,26,2011,3
2010,4,4,2.22352941176471,-0.0588235294117647,26,2011,4
2011,1,1,2.2,0,26,2011,2
2011,1,2,2.2,0,26,2011,3
2011,1,3,2.2,0,26,2011,4
2011,1,4,2.2,0,26,2012,1
2011,1,5,2.2,0,26,2012,2
2011,1,6,2.2,0,26,2012,3
2011,1,7,2.2,0,26,2012,4
2011,2,1,1.7,0,26,2011,3
2011,2,2,1.7,0,26,2011,4
2011,2,3,1.7,0,26,2012,1
2011,2,4,1.7,0,26,2012,2
2011,2,5,1.7,0,26,2012,3
2011,2,6,1.7,0,26,2012,4
2011,3,1,1.7,0,26,2011,4
2011,3,2,1.7,0,26,2012,1
2011,3,3,1.7,0,26,2012,2
2011,3,4,1.7,0,26,2012,3
2011,3,5,1.7,0,26,2012,4
2011,4,1,0.441176470588235,-0.0588235294117647,26,2012,1
2011,4,2,0.441176470588235,-0.0588235294117647,26,2012,2
2011,4,3,0.441176470588235,-0.0588235294117647,26,2012,3
2011,4,4,0.441176470588235,-0.0588235294117647,26,2012,4
2012,2,1,0.8,0,26,2012,3
2012,2,2,0.8,0,26,2012,4
2012,2,3,0.8,0,26,2013,1
2012,2,4,0.8,0,26,2013,2
2012,2,5,0.8,0,26,2013,3
2012,2,6,0.8,0,26,2013,4
2012,3,1,0.8,0,26,2012,4
2012,3,2,0.8,0,26,2013,1
2012,3,3,0.8,0,26,2013,2
2012,3,4,0.8,0,26,2013,3
2012,3,5,0.8,0,26,2013,4
2012,4,1,0.864705882352941,-0.0588235294117647,26,2013,1
2012,4,2,0.864705882352941,-0.0588235294117647,26,2013,2
2012,4,3,0.864705882352941,-0.0588235294117647,26,2013,3
2012,4,4,0.864705882352941,-0.0588235294117647,26,2013,4
2013,1,1,1,0,26,2013,2
2013,1,2,1,0,26,2013,3
2013,1,3,1,0,26,2013,4
2013,1,4,1,0,26,2014,1
2013,1,5,1,0,26,2014,2
2013,1,6,1,0,26,2014,3
2013,1,7,1,0,26,2014,4
2013,2,1,1,0,26,2013,3
2013,2,2,1,0,26,2013,4
2013,2,3,1,0,26,2014,1
2013,2,4,1,0,26,2014,2
2013,2,5,1,0,26,2014,3
2013,2,6,1,0,26,2014,4
2013,3,1,1,0,26,2013,4
2013,3,2,1,0,26,2014,1
2013,3,3,1,0,26,2014,2
2013,3,4,1,0,26,2014,3
2013,3,5,1,0,26,2014,4
2013,4,1,1.08235294117647,-0.0588235294117647,26,2014,1
2013,4,2,1.08235294117647,-0.0588235294117647,26,2014,2
2013,4,3,1.08235294117647,-0.0588235294117647,26,2014,3
2013,4,4,1.08235294117647,-0.0588235294117647,26,2014,4
2014,1,1,1.3,0,26,2014,2
2014,1,2,1.3,0,26,2014,3
2014,1,3,1.3,0,26,2014,4
2014,1,4,1.3,0,26,2015,1
2014,1,5,1.3,0,26,2015,2
2014,1,6,1.3,0,26,2015,3
2014,1,7,1.3,0,26,2015,4
2014,2,1,1.3,0,26,2014,3
2014,2,2,1.3,0,26,2014,4
2014,2,3,1.3,0,26,2015,1
2014,2,4,1.3,0,26,2015,2
2014,2,5,1.3,0,26,2015,3
2014,2,6,1.3,0,26,2015,4
2014,3,1,1.3,0,26,2014,4
2014,3,2,1.3,0,26,2015,1
2014,3,3,1.3,0,26,2015,2
2014,3,4,1.3,0,26,2015,3
2014,3,5,1.3,0,26,2015,4
2014,4,1,0.6,-0.0588235294117647,26,2015,1
2014,4,2,0.6,-0.0588235294117647,26,2015,2
2014,4,3,0.6,-0.0588235294117647,26,2015,3
2014,4,4,0.6,-0.0588235294117647,26,2015,4
2015,2,1,1.5,0,26,2015,3
2015,2,2,1.5,0,26,2015,4
2015,2,3,1.5,0,26,2016,1
2015,2,4,1.5,0,26,2016,2
2015,2,5,1.5,0,26,2016,3
2015,2,6,1.5,0,26,2016,4
2016,1,1,1.5,0,26,2016,2
2016,1,2,1.5,0,26,2016,3
2016,1,3,1.5,0,26,2016,4
2016,1,4,1.5,0,26,2017,1
2016,1,5,1.5,0,26,2017,2
2016,1,6,1.5,0,26,2017,3
2016,1,7,1.5,0,26,2017,4
2016,2,1,1.5,0,26,2016,3
2016,2,2,1.5,0,26,2016,4
2016,2,3,1.5,0,26,2017,1
2016,2,4,1.5,0,26,2017,2
2016,2,5,1.5,0,26,2017,3
2016,2,6,1.5,0,26,2017,4
2016,3,1,1.5,0,26,2016,4
2016,3,2,1.5,0,26,2017,1
2016,3,3,1.5,0,26,2017,2
2016,3,4,1.5,0,26,2017,3
2016,3,5,1.5,0,26,2017,4
2017,1,1,1.5,0,26,2017,2
2017,1,2,1.5,0,26,2017,3
2017,1,3,1.5,0,26,2017,4
2017,1,4,1.5,0,26,2018,1
2017,1,5,1.5,0,26,2018,2
2017,1,6,1.5,0,26,2018,3
2017,1,7,1.5,0,26,2018,4
2017,4,1,2.41176470588235,-0.0588235294117647,26,2018,1
2017,4,2,2.41176470588235,-0.0588235294117647,26,2018,2
2017,4,3,2.41176470588235,-0.0588235294117647,26,2018,3
2017,4,4,2.41176470588235,-0.0588235294117647,26,2018,4
2018,1,1,2.2,0,26,2018,2
2018,1,2,2.2,0,26,2018,3
2018,1,3,2.2,0,26,2018,4
2018,1,4,2.2,0,26,2019,1
2018,1,5,2.2,0,26,2019,2
2018,1,6,2.2,0,26,2019,3
2018,1,7,2.2,0,26,2019,4
2018,2,1,2.2,0,26,2018,3
2018,2,2,2.2,0,26,2018,4
2018,2,3,2.2,0,26,2019,1
2018,2,4,2.2,0,26,2019,2
2018,2,5,2.2,0,26,2019,3
2018,2,6,2.2,0,26,2019,4
2018,3,1,1.8,0,26,2018,4
2018,3,2,1.8,0,26,2019,1
2018,3,3,1.8,0,26,2019,2
2018,3,4,1.8,0,26,2019,3
2018,3,5,1.8,0,26,2019,4
2018,4,1,1.78823529411765,-0.0588235294117647,26,2019,1
2018,4,2,1.78823529411765,-0.0588235294117647,26,2019,2
2018,4,3,1.78823529411765,-0.0588235294117647,26,2019,3
2018,4,4,1.78823529411765,-0.0588235294117647,26,2019,4
2019,1,1,1.8,0,26,2019,2
2019,1,2,1.8,0,26,2019,3
2019,1,3,1.8,0,26,2019,4
2019,1,4,1.8,0,26,2020,1
2019,1,5,1.8,0,26,2020,2
2019,1,6,1.8,0,26,2020,3
2019,1,7,1.8,0,26,2020,4
2019,2,1,1.8,0,26,2019,3
2019,2,2,1.8,0,26,2019,4
2019,2,3,1.8,0,26,2020,1
2019,2,4,1.8,0,26,2020,2
2019,2,5,1.8,0,26,2020,3
2019,2,6,1.8,0,26,2020,4
2019,3,1,1.7,0,26,2019,4
2019,3,2,1.7,0,26,2020,1
2019,3,3,1.7,0,26,2020,2
2019,3,4,1.7,0,26,2020,3
2019,3,5,1.7,0,26,2020,4
2019,4,1,1.51764705882353,-0.0588235294117647,26,2020,1
2019,4,2,1.51764705882353,-0.0588235294117647,26,2020,2
2019,4,3,1.51764705882353,-0.0588235294117647,26,2020,3
2019,4,4,1.51764705882353,-0.0588235294117647,26,2020,4
2020,1,1,1.9,0,26,2020,2
2020,1,2,1.9,0,26,2020,3
2020,1,3,1.9,0,26,2020,4
2020,1,4,1.9,0,26,2021,1
2020,1,5,1.9,0,26,2021,2
2020,1,6,1.9,0,26,2021,3
2020,1,7,1.9,0,26,2021,4
2020,2,1,6.4,0,26,2020,3
2020,2,2,6.4,0,26,2020,4
2020,2,3,6.4,0,26,2021,1
2020,2,4,6.4,0,26,2021,2
2020,2,5,6.4,0,26,2021,3
2020,2,6,6.4,0,26,2021,4
2020,3,1,7.4,0,26,2020,4
2020,3,2,7.4,0,26,2021,1
2020,3,3,7.4,0,26,2021,2
2020,3,4,7.4,0,26,2021,3
2020,3,5,7.4,0,26,2021,4
2020,4,1,6.74705882352941,-0.0588235294117647,26,2021,1
2020,4,2,6.74705882352941,-0.0588235294117647,26,2021,2
2020,4,3,6.74705882352941,-0.0588235294117647,26,2021,3
2020,4,4,6.74705882352941,-0.0588235294117647,26,2021,4
2021,1,1,2.7,0,26,2021,2
2021,1,2,2.7,0,26,2021,3
2021,1,3,2.7,0,26,2021,4
2021,1,4,2.7,0,26,2022,1
2021,1,5,2.7,0,26,2022,2
2021,1,6,2.7,0,26,2022,3
2021,1,7,2.7,0,26,2022,4
2021,2,1,4.5,0,26,2021,3
2021,2,2,4.5,0,26,2021,4
2021,2,3,4.5,0,26,2022,1
2021,2,4,4.5,0,26,2022,2
2021,2,5,4.5,0,26,2022,3
2021,2,6,4.5,0,26,2022,4
2021,3,1,5,0,26,2021,4
2021,3,2,5,0,26,2022,1
2021,3,3,5,0,26,2022,2
2021,3,4,5,0,26,2022,3
2021,3,5,5,0,26,2022,4
2021,4,1,5.38823529411765,-0.0588235294117647,26,2022,1
2021,4,2,5.38823529411765,-0.0588235294117647,26,2022,2
2021,4,3,5.38823529411765,-0.0588235294117647,26,2022,3
2021,4,4,5.38823529411765,-0.0588235294117647,26,2022,4
2022,1,1,3,0,26,2022,2
2022,1,2,3,0,26,2022,3
2022,1,3,3,0,26,2022,4
2022,1,4,3,0,26,2023,1
2022,1,5,3,0,26,2023,2
2022,1,6,3,0,26,2023,3
2022,1,7,3,0,26,2023,4
2022,2,1,1.6,0,26,2022,3
2022,2,2,1.6,0,26,2022,4
2022,2,3,1.6,0,26,2023,1
2022,2,4,1.6,0,26,2023,2
2022,2,5,1.6,0,26,2023,3
2022,2,6,1.6,0,26,2023,4
2022,3,1,1.5,0,26,2022,4
2022,3,2,1.5,0,26,2023,1
2022,3,3,1.5,0,26,2023,2
2022,3,4,1.5,0,26,2023,3
2022,3,5,1.5,0,26,2023,4
2022,4,1,-0.605882352941177,-0.0588235294117647,26,2023,1
2022,4,2,-0.605882352941177,-0.0588235294117647,26,2023,2
2022,4,3,-0.605882352941177,-0.0588235294117647,26,2023,3
2022,4,4,-0.605882352941177,-0.0588235294117647,26,2023,4
2023,1,1,1.5,0,26,2023,2
2023,1,2,1.5,0,26,2023,3
2023,1,3,1.5,0,26,2023,4
2023,1,4,1.5,0,26,2024,1
2023,1,5,1.5,0,26,2024,2
2023,1,6,1.5,0,26,2024,3
2023,1,7,1.5,0,26,2024,4
2023,2,1,0.8,0,26,2023,3
2023,2,2,0.8,0,26,2023,4
2023,2,3,0.8,0,26,2024,1
2023,2,4,0.8,0,26,2024,2
2023,2,5,0.8,0,26,2024,3
2023,2,6,0.8,0,26,2024,4
2023,3,1,0.7,0,26,2023,4
2023,3,2,0.7,0,26,2024,1
2023,3,3,0.7,0,26,2024,2
2023,3,4,0.7,0,26,2024,3
2023,3,5,0.7,0,26,2024,4
2023,4,1,0.294117647058823,-0.0588235294117647,26,2024,1
2023,4,2,0.294117647058823,-0.0588235294117647,26,2024,2
2023,4,3,0.294117647058823,-0.0588235294117647,26,2024,3
2023,4,4,0.294117647058823,-0.0588235294117647,26,2024,4
2024,1,1,1.2,0,26,2024,2
2024,1,2,1.2,0,26,2024,3
2024,1,3,1.2,0,26,2024,4
2024,1,4,1.2,0,26,2025,1
2024,1,5,1.2,0,26,2025,2
2024,1,6,1.2,0,26,2025,3
2024,1,7,1.2,0,26,2025,4
2024,2,1,1.4,0,26,2024,3
2024,2,2,1.4,0,26,2024,4
2024,2,3,1.4,0,26,2025,1
2024,2,4,1.4,0,26,2025,2
2024,2,5,1.4,0,26,2025,3
2024,2,6,1.4,0,26,2025,4
2024,3,1,1.2,0,26,2024,4
2024,3,2,1.2,0,26,2025,1
2024,3,3,1.2,0,26,2025,2
2024,3,4,1.2,0,26,2025,3
2024,3,5,1.2,0,26,2025,4
2024,4,1,0.911764705882353,-0.0588235294117647,26,2025,1
2024,4,2,0.911764705882353,-0.0588235294117647,26,2025,2
2024,4,3,0.911764705882353,-0.0588235294117647,26,2025,3
2024,4,4,0.911764705882353,-0.0588235294117647,26,2025,4
2001,1,1,2.7,0,29,2001,2
2001,1,2,2.7,0,29,2001,3
2001,1,3,2.7,0,29,2001,4
2001,1,4,2.7,0,29,2002,1
2001,1,5,2.7,0,29,2002,2
2001,1,6,2.7,0,29,2002,3
2001,1,7,2.7,0,29,2002,4
2001,2,1,2.5,0,29,2001,3
2001,2,2,2.5,0,29,2001,4
2001,2,3,2.5,0,29,2002,1
2001,2,4,2.5,0,29,2002,2
2001,2,5,2.5,0,29,2002,3
2001,2,6,2.5,0,29,2002,4
2001,3,1,2.5,0,29,2001,4
2001,3,2,2.5,0,29,2002,1
2001,3,3,2.5,0,29,2002,2
2001,3,4,2.5,0,29,2002,3
2001,3,5,2.5,0,29,2002,4
2001,4,1,1.81764705882353,-0.0588235294117647,29,2002,1
2001,4,2,1.81764705882353,-0.0588235294117647,29,2002,2
2001,4,3,1.81764705882353,-0.0588235294117647,29,2002,3
2001,4,4,1.81764705882353,-0.0588235294117647,29,2002,4
2002,1,1,2.5,0,29,2002,2
2002,1,2,2.5,0,29,2002,3
2002,1,3,2.5,0,29,2002,4
2002,1,4,2.5,0,29,2003,1
2002,1,5,2.5,0,29,2003,2
2002,1,6,2.5,0,29,2003,3
2002,1,7,2.5,0,29,2003,4
2002,2,1,2.9,0,29,2002,3
2002,2,2,2.9,0,29,2002,4
2002,2,3,2.9,0,29,2003,1
2002,2,4,2.9,0,29,2003,2
2002,2,5,2.9,0,29,2003,3
2002,2,6,2.9,0,29,2003,4
2002,3,1,2.6,0,29,2002,4
2002,3,2,2.6,0,29,2003,1
2002,3,3,2.6,0,29,2003,2
2002,3,4,2.6,0,29,2003,3
2002,3,5,2.6,0,29,2003,4
2002,4,1,1.32941176470588,-0.0588235294117647,29,2003,1
2002,4,2,1.32941176470588,-0.0588235294117647,29,2003,2
2002,4,3,1.32941176470588,-0.0588235294117647,29,2003,3
2002,4,4,1.32941176470588,-0.0588235294117647,29,2003,4
2003,2,1,2.3,0,29,2003,3
2003,2,2,2.3,0,29,2003,4
2003,2,3,2.3,0,29,2004,1
2003,2,4,2.3,0,29,2004,2
2003,2,5,2.3,0,29,2004,3
2003,2,6,2.3,0,29,2004,4
2003,3,1,1.5,0,29,2003,4
2003,3,2,1.5,0,29,2004,1
2003,3,3,1.5,0,29,2004,2
2003,3,4,1.5,0,29,2004,3
2003,3,5,1.5,0,29,2004,4
2003,4,1,1.77647058823529,-0.0588235294117647,29,2004,1
2003,4,2,1.77647058823529,-0.0588235294117647,29,2004,2
2003,4,3,1.77647058823529,-0.0588235294117647,29,2004,3
2003,4,4,1.77647058823529,-0.0588235294117647,29,2004,4
2004,1,1,2.1,0,29,2004,2
2004,1,2,2.1,0,29,2004,3
2004,1,3,2.1,0,29,2004,4
2004,1,4,2.1,0,29,2005,1
2004,1,5,2.1,0,29,2005,2
2004,1,6,2.1,0,29,2005,3
2004,1,7,2.1,0,29,2005,4
2004,2,1,2.1,0,29,2004,3
2004,2,2,2.1,0,29,2004,4
2004,2,3,2.1,0,29,2005,1
2004,2,4,2.1,0,29,2005,2
2004,2,5,2.1,0,29,2005,3
2004,2,6,2.1,0,29,2005,4
2004,3,1,2.5,0,29,2004,4
2004,3,2,2.5,0,29,2005,1
2004,3,3,2.5,0,29,2005,2
2004,3,4,2.5,0,29,2005,3
2004,3,5,2.5,0,29,2005,4
2004,4,1,2.52941176470588,-0.0588235294117647,29,2005,1
2004,4,2,2.52941176470588,-0.0588235294117647,29,2005,2
2004,4,3,2.52941176470588,-0.0588235294117647,29,2005,3
2004,4,4,2.52941176470588,-0.0588235294117647,29,2005,4
2005,1,1,2.4,0,29,2005,2
2005,1,2,2.4,0,29,2005,3
2005,1,3,2.4,0,29,2005,4
2005,1,4,2.4,0,29,2006,1
2005,1,5,2.4,0,29,2006,2
2005,1,6,2.4,0,29,2006,3
2005,1,7,2.4,0,29,2006,4
2006,1,1,1.9,0,29,2006,2
2006,1,2,1.9,0,29,2006,3
2006,1,3,1.9,0,29,2006,4
2006,1,4,1.9,0,29,2007,1
2006,1,5,1.9,0,29,2007,2
2006,1,6,1.9,0,29,2007,3
2006,1,7,1.9,0,29,2007,4
2006,2,1,1.9,0,29,2006,3
2006,2,2,1.9,0,29,2006,4
2006,2,3,1.9,0,29,2007,1
2006,2,4,1.9,0,29,2007,2
2006,2,5,1.9,0,29,2007,3
2006,2,6,1.9,0,29,2007,4
2006,3,1,2,0,29,2006,4
2006,3,2,2,0,29,2007,1
2006,3,3,2,0,29,2007,2
2006,3,4,2,0,29,2007,3
2006,3,5,2,0,29,2007,4
2007,2,1,2.4,0,29,2007,3
2007,2,2,2.4,0,29,2007,4
2007,2,3,2.4,0,29,2008,1
2007,2,4,2.4,0,29,2008,2
2007,2,5,2.4,0,29,2008,3
2007,2,6,2.4,0,29,2008,4
2007,4,1,2.28235294117647,-0.0588235294117647,29,2008,1
2007,4,2,2.28235294117647,-0.0588235294117647,29,2008,2
2007,4,3,2.28235294117647,-0.0588235294117647,29,2008,3
2007,4,4,2.28235294117647,-0.0588235294117647,29,2008,4
2008,1,1,2.1,0,29,2008,2
2008,1,2,2.1,0,29,2008,3
2008,1,3,2.1,0,29,2008,4
2008,1,4,2.1,0,29,2009,1
2008,1,5,2.1,0,29,2009,2
2008,1,6,2.1,0,29,2009,3
2008,1,7,2.1,0,29,2009,4
2008,2,1,1.9,0,29,2008,3
2008,2,2,1.9,0,29,2008,4
2008,2,3,1.9,0,29,2009,1
2008,2,4,1.9,0,29,2009,2
2008,2,5,1.9,0,29,2009,3
2008,2,6,1.9,0,29,2009,4
2008,3,1,1.5,0,29,2008,4
2008,3,2,1.5,0,29,2009,1
2008,3,3,1.5,0,29,2009,2
2008,3,4,1.5,0,29,2009,3
2008,3,5,1.5,0,29,2009,4
2008,4,1,0.776470588235294,-0.0588235294117647,29,2009,1
2008,4,2,0.776470588235294,-0.0588235294117647,29,2009,2
2008,4,3,0.776470588235294,-0.0588235294117647,29,2009,3
2008,4,4,0.776470588235294,-0.0588235294117647,29,2009,4
2009,1,1,0.5,0,29,2009,2
2009,1,2,0.5,0,29,2009,3
2009,1,3,0.5,0,29,2009,4
2009,1,4,0.5,0,29,2010,1
2009,1,5,0.5,0,29,2010,2
2009,1,6,0.5,0,29,2010,3
2009,1,7,0.5,0,29,2010,4
2009,2,1,0.3,0,29,2009,3
2009,2,2,0.3,0,29,2009,4
2009,2,3,0.3,0,29,2010,1
2009,2,4,0.3,0,29,2010,2
2009,2,5,0.3,0,29,2010,3
2009,2,6,0.3,0,29,2010,4
2009,3,1,0.3,0,29,2009,4
2009,3,2,0.3,0,29,2010,1
2009,3,3,0.3,0,29,2010,2
2009,3,4,0.3,0,29,2010,3
2009,3,5,0.3,0,29,2010,4
2009,4,1,1.07647058823529,-0.0588235294117647,29,2010,1
2009,4,2,1.07647058823529,-0.0588235294117647,29,2010,2
2009,4,3,1.07647058823529,-0.0588235294117647,29,2010,3
2009,4,4,1.07647058823529,-0.0588235294117647,29,2010,4
2010,1,1,1.7,0,29,2010,2
2010,1,2,1.7,0,29,2010,3
2010,1,3,1.7,0,29,2010,4
2010,1,4,1.7,0,29,2011,1
2010,1,5,1.7,0,29,2011,2
2010,1,6,1.7,0,29,2011,3
2010,1,7,1.7,0,29,2011,4
2010,2,1,1.5,0,29,2010,3
2010,2,2,1.5,0,29,2010,4
2010,2,3,1.5,0,29,2011,1
2010,2,4,1.5,0,29,2011,2
2010,2,5,1.5,0,29,2011,3
2010,2,6,1.5,0,29,2011,4
2010,3,1,1.5,0,29,2010,4
2010,3,2,1.5,0,29,2011,1
2010,3,3,1.5,0,29,2011,2
2010,3,4,1.5,0,29,2011,3
2010,3,5,1.5,0,29,2011,4
2010,4,1,1.38235294117647,-0.0588235294117647,29,2011,1
2010,4,2,1.38235294117647,-0.0588235294117647,29,2011,2
2010,4,3,1.38235294117647,-0.0588235294117647,29,2011,3
2010,4,4,1.38235294117647,-0.0588235294117647,29,2011,4
2011,1,1,1.6,0,29,2011,2
2011,1,2,1.6,0,29,2011,3
2011,1,3,1.6,0,29,2011,4
2011,1,4,1.6,0,29,2012,1
2011,1,5,1.6,0,29,2012,2
2011,1,6,1.6,0,29,2012,3
2011,1,7,1.6,0,29,2012,4
2011,2,1,1.7,0,29,2011,3
2011,2,2,1.7,0,29,2011,4
2011,2,3,1.7,0,29,2012,1
2011,2,4,1.7,0,29,2012,2
2011,2,5,1.7,0,29,2012,3
2011,2,6,1.7,0,29,2012,4
2011,3,1,1.7,0,29,2011,4
2011,3,2,1.7,0,29,2012,1
2011,3,3,1.7,0,29,2012,2
2011,3,4,1.7,0,29,2012,3
2011,3,5,1.7,0,29,2012,4
2011,4,1,0.747058823529412,-0.0588235294117647,29,2012,1
2011,4,2,0.747058823529412,-0.0588235294117647,29,2012,2
2011,4,3,0.747058823529412,-0.0588235294117647,29,2012,3
2011,4,4,0.747058823529412,-0.0588235294117647,29,2012,4
2012,1,1,1.2,0,29,2012,2
2012,1,2,1.2,0,29,2012,3
2012,1,3,1.2,0,29,2012,4
2012,1,4,1.2,0,29,2013,1
2012,1,5,1.2,0,29,2013,2
2012,1,6,1.2,0,29,2013,3
2012,1,7,1.2,0,29,2013,4
2012,2,1,0.9,0,29,2012,3
2012,2,2,0.9,0,29,2012,4
2012,2,3,0.9,0,29,2013,1
2012,2,4,0.9,0,29,2013,2
2012,2,5,0.9,0,29,2013,3
2012,2,6,0.9,0,29,2013,4
2012,3,1,0.6,0,29,2012,4
2012,3,2,0.6,0,29,2013,1
2012,3,3,0.6,0,29,2013,2
2012,3,4,0.6,0,29,2013,3
2012,3,5,0.6,0,29,2013,4
2012,4,1,0.0235294117647059,-0.0588235294117647,29,2013,1
2012,4,2,0.0235294117647059,-0.0588235294117647,29,2013,2
2012,4,3,0.0235294117647059,-0.0588235294117647,29,2013,3
2012,4,4,0.0235294117647059,-0.0588235294117647,29,2013,4
2013,2,1,0.1,0,29,2013,3
2013,2,2,0.1,0,29,2013,4
2013,2,3,0.1,0,29,2014,1
2013,2,4,0.1,0,29,2014,2
2013,2,5,0.1,0,29,2014,3
2013,2,6,0.1,0,29,2014,4
2013,3,1,0.5,0,29,2013,4
2013,3,2,0.5,0,29,2014,1
2013,3,3,0.5,0,29,2014,2
2013,3,4,0.5,0,29,2014,3
2013,3,5,0.5,0,29,2014,4
2013,4,1,0.764705882352941,-0.0588235294117647,29,2014,1
2013,4,2,0.764705882352941,-0.0588235294117647,29,2014,2
2013,4,3,0.764705882352941,-0.0588235294117647,29,2014,3
2013,4,4,0.764705882352941,-0.0588235294117647,29,2014,4
2014,3,1,1.2,0,29,2014,4
2014,3,2,1.2,0,29,2015,1
2014,3,3,1.2,0,29,2015,2
2014,3,4,1.2,0,29,2015,3
2014,3,5,1.2,0,29,2015,4
2014,4,1,0.811764705882353,-0.0588235294117647,29,2015,1
2014,4,2,0.811764705882353,-0.0588235294117647,29,2015,2
2014,4,3,0.811764705882353,-0.0588235294117647,29,2015,3
2014,4,4,0.811764705882353,-0.0588235294117647,29,2015,4
2015,1,1,1.3,0,29,2015,2
2015,1,2,1.3,0,29,2015,3
2015,1,3,1.3,0,29,2015,4
2015,1,4,1.3,0,29,2016,1
2015,1,5,1.3,0,29,2016,2
2015,1,6,1.3,0,29,2016,3
2015,1,7,1.3,0,29,2016,4
2015,3,1,1.3,0,29,2015,4
2015,3,2,1.3,0,29,2016,1
2015,3,3,1.3,0,29,2016,2
2015,3,4,1.3,0,29,2016,3
2015,3,5,1.3,0,29,2016,4
2015,4,1,1.31176470588235,-0.0588235294117647,29,2016,1
2015,4,2,1.31176470588235,-0.0588235294117647,29,2016,2
2015,4,3,1.31176470588235,-0.0588235294117647,29,2016,3
2015,4,4,1.31176470588235,-0.0588235294117647,29,2016,4
2016,1,1,1.4,0,29,2016,2
2016,1,2,1.4,0,29,2016,3
2016,1,3,1.4,0,29,2016,4
2016,1,4,1.4,0,29,2017,1
2016,1,5,1.4,0,29,2017,2
2016,1,6,1.4,0,29,2017,3
2016,1,7,1.4,0,29,2017,4
2016,2,1,1.4,0,29,2016,3
2016,2,2,1.4,0,29,2016,4
2016,2,3,1.4,0,29,2017,1
2016,2,4,1.4,0,29,2017,2
2016,2,5,1.4,0,29,2017,3
2016,2,6,1.4,0,29,2017,4
2016,3,1,1.2,0,29,2016,4
2016,3,2,1.2,0,29,2017,1
2016,3,3,1.2,0,29,2017,2
2016,3,4,1.2,0,29,2017,3
2016,3,5,1.2,0,29,2017,4
2016,4,1,1.29411764705882,-0.0588235294117647,29,2017,1
2016,4,2,1.29411764705882,-0.0588235294117647,29,2017,2
2016,4,3,1.29411764705882,-0.0588235294117647,29,2017,3
2016,4,4,1.29411764705882,-0.0588235294117647,29,2017,4
2017,1,1,1.3,0,29,2017,2
2017,1,2,1.3,0,29,2017,3
2017,1,3,1.3,0,29,2017,4
2017,1,4,1.3,0,29,2018,1
2017,1,5,1.3,0,29,2018,2
2017,1,6,1.3,0,29,2018,3
2017,1,7,1.3,0,29,2018,4
2017,2,1,1.4,0,29,2017,3
2017,2,2,1.4,0,29,2017,4
2017,2,3,1.4,0,29,2018,1
2017,2,4,1.4,0,29,2018,2
2017,2,5,1.4,0,29,2018,3
2017,2,6,1.4,0,29,2018,4
2017,3,1,1.5,0,29,2017,4
2017,3,2,1.5,0,29,2018,1
2017,3,3,1.5,0,29,2018,2
2017,3,4,1.5,0,29,2018,3
2017,3,5,1.5,0,29,2018,4
2017,4,1,1.88823529411765,-0.0588235294117647,29,2018,1
2017,4,2,1.88823529411765,-0.0588235294117647,29,2018,2
2017,4,3,1.88823529411765,-0.0588235294117647,29,2018,3
2017,4,4,1.88823529411765,-0.0588235294117647,29,2018,4
2018,1,1,1.9,0,29,2018,2
2018,1,2,1.9,0,29,2018,3
2018,1,3,1.9,0,29,2018,4
2018,1,4,1.9,0,29,2019,1
2018,1,5,1.9,0,29,2019,2
2018,1,6,1.9,0,29,2019,3
2018,1,7,1.9,0,29,2019,4
2018,2,1,2,0,29,2018,3
2018,2,2,2,0,29,2018,4
2018,2,3,2,0,29,2019,1
2018,2,4,2,0,29,2019,2
2018,2,5,2,0,29,2019,3
2018,2,6,2,0,29,2019,4
2018,3,1,1.8,0,29,2018,4
2018,3,2,1.8,0,29,2019,1
2018,3,3,1.8,0,29,2019,2
2018,3,4,1.8,0,29,2019,3
2018,3,5,1.8,0,29,2019,4
2018,4,1,1.77647058823529,-0.0588235294117647,29,2019,1
2018,4,2,1.77647058823529,-0.0588235294117647,29,2019,2
2018,4,3,1.77647058823529,-0.0588235294117647,29,2019,3
2018,4,4,1.77647058823529,-0.0588235294117647,29,2019,4
2020,4,1,6.36470588235294,-0.0588235294117647,29,2021,1
2020,4,2,6.36470588235294,-0.0588235294117647,29,2021,2
2020,4,3,6.36470588235294,-0.0588235294117647,29,2021,3
2020,4,4,6.36470588235294,-0.0588235294117647,29,2021,4
2021,1,1,2.5,0,29,2021,2
2021,1,2,2.5,0,29,2021,3
2021,1,3,2.5,0,29,2021,4
2021,1,4,2.5,0,29,2022,1
2021,1,5,2.5,0,29,2022,2
2021,1,6,2.5,0,29,2022,3
2021,1,7,2.5,0,29,2022,4
2021,2,1,4.2,0,29,2021,3
2021,2,2,4.2,0,29,2021,4
2021,2,3,4.2,0,29,2022,1
2021,2,4,4.2,0,29,2022,2
2021,2,5,4.2,0,29,2022,3
2021,2,6,4.2,0,29,2022,4
2021,3,1,4.5,0,29,2021,4
2021,3,2,4.5,0,29,2022,1
2021,3,3,4.5,0,29,2022,2
2021,3,4,4.5,0,29,2022,3
2021,3,5,4.5,0,29,2022,4
2021,4,1,4.57647058823529,-0.0588235294117647,29,2022,1
2021,4,2,4.57647058823529,-0.0588235294117647,29,2022,2
2021,4,3,4.57647058823529,-0.0588235294117647,29,2022,3
2021,4,4,4.57647058823529,-0.0588235294117647,29,2022,4
2022,1,1,2.3,0,29,2022,2
2022,1,2,2.3,0,29,2022,3
2022,1,3,2.3,0,29,2022,4
2022,1,4,2.3,0,29,2023,1
2022,1,5,2.3,0,29,2023,2
2022,1,6,2.3,0,29,2023,3
2022,1,7,2.3,0,29,2023,4
2022,2,1,2.7,0,29,2022,3
2022,2,2,2.7,0,29,2022,4
2022,2,3,2.7,0,29,2023,1
2022,2,4,2.7,0,29,2023,2
2022,2,5,2.7,0,29,2023,3
2022,2,6,2.7,0,29,2023,4
2022,3,1,1.4,0,29,2022,4
2022,3,2,1.4,0,29,2023,1
2022,3,3,1.4,0,29,2023,2
2022,3,4,1.4,0,29,2023,3
2022,3,5,1.4,0,29,2023,4
2022,4,1,-0.0588235294117647,-0.0588235294117647,29,2023,1
2022,4,2,-0.0588235294117647,-0.0588235294117647,29,2023,2
2022,4,3,-0.0588235294117647,-0.0588235294117647,29,2023,3
2022,4,4,-0.0588235294117647,-0.0588235294117647,29,2023,4
2023,1,1,1.8,0,29,2023,2
2023,1,2,1.8,0,29,2023,3
2023,1,3,1.8,0,29,2023,4
2023,1,4,1.8,0,29,2024,1
2023,1,5,1.8,0,29,2024,2
2023,1,6,1.8,0,29,2024,3
2023,1,7,1.8,0,29,2024,4
2023,2,1,1.3,0,29,2023,3
2023,2,2,1.3,0,29,2023,4
2023,2,3,1.3,0,29,2024,1
2023,2,4,1.3,0,29,2024,2
2023,2,5,1.3,0,29,2024,3
2023,2,6,1.3,0,29,2024,4
2023,3,1,1.3,0,29,2023,4
2023,3,2,1.3,0,29,2024,1
2023,3,3,1.3,0,29,2024,2
2023,3,4,1.3,0,29,2024,3
2023,3,5,1.3,0,29,2024,4
2023,4,1,1.33529411764706,-0.0588235294117647,29,2024,1
2023,4,2,1.33529411764706,-0.0588235294117647,29,2024,2
2023,4,3,1.33529411764706,-0.0588235294117647,29,2024,3
2023,4,4,1.33529411764706,-0.0588235294117647,29,2024,4
2024,1,1,1.38,0,29,2024,2
2024,1,2,1.38,0,29,2024,3
2024,1,3,1.38,0,29,2024,4
2024,1,4,1.38,0,29,2025,1
2024,1,5,1.38,0,29,2025,2
2024,1,6,1.38,0,29,2025,3
2024,1,7,1.38,0,29,2025,4
2024,2,1,1.46,0,29,2024,3
2024,2,2,1.46,0,29,2024,4
2024,2,3,1.46,0,29,2025,1
2024,2,4,1.46,0,29,2025,2
2024,2,5,1.46,0,29,2025,3
2024,2,6,1.46,0,29,2025,4
2024,3,1,1.5,0,29,2024,4
2024,3,2,1.5,0,29,2025,1
2024,3,3,1.5,0,29,2025,2
2024,3,4,1.5,0,29,2025,3
2024,3,5,1.5,0,29,2025,4
2001,1,1,2.8,0,30,2001,2
2001,1,2,2.8,0,30,2001,3
2001,1,3,2.8,0,30,2001,4
2001,1,4,2.8,0,30,2002,1
2001,1,5,2.8,0,30,2002,2
2001,1,6,2.8,0,30,2002,3
2001,1,7,2.8,0,30,2002,4
2001,2,1,2.6,0,30,2001,3
2001,2,2,2.6,0,30,2001,4
2001,2,3,2.6,0,30,2002,1
2001,2,4,2.6,0,30,2002,2
2001,2,5,2.6,0,30,2002,3
2001,2,6,2.6,0,30,2002,4
2001,3,1,2.4,0,30,2001,4
2001,3,2,2.4,0,30,2002,1
2001,3,3,2.4,0,30,2002,2
2001,3,4,2.4,0,30,2002,3
2001,3,5,2.4,0,30,2002,4
2001,4,1,1.71764705882353,-0.0588235294117647,30,2002,1
2001,4,2,1.71764705882353,-0.0588235294117647,30,2002,2
2001,4,3,1.71764705882353,-0.0588235294117647,30,2002,3
2001,4,4,1.71764705882353,-0.0588235294117647,30,2002,4
2002,1,1,2.7,0,30,2002,2
2002,1,2,2.7,0,30,2002,3
2002,1,3,2.7,0,30,2002,4
2002,1,4,2.7,0,30,2003,1
2002,1,5,2.7,0,30,2003,2
2002,1,6,2.7,0,30,2003,3
2002,1,7,2.7,0,30,2003,4
2002,3,1,2.5,0,30,2002,4
2002,3,2,2.5,0,30,2003,1
2002,3,3,2.5,0,30,2003,2
2002,3,4,2.5,0,30,2003,3
2002,3,5,2.5,0,30,2003,4
2003,1,1,2.4,0,30,2003,2
2003,1,2,2.4,0,30,2003,3
2003,1,3,2.4,0,30,2003,4
2003,1,4,2.4,0,30,2004,1
2003,1,5,2.4,0,30,2004,2
2003,1,6,2.4,0,30,2004,3
2003,1,7,2.4,0,30,2004,4
2003,2,1,2.3,0,30,2003,3
2003,2,2,2.3,0,30,2003,4
2003,2,3,2.3,0,30,2004,1
2003,2,4,2.3,0,30,2004,2
2003,2,5,2.3,0,30,2004,3
2003,2,6,2.3,0,30,2004,4
2003,3,1,1.9,0,30,2003,4
2003,3,2,1.9,0,30,2004,1
2003,3,3,1.9,0,30,2004,2
2003,3,4,1.9,0,30,2004,3
2003,3,5,1.9,0,30,2004,4
2003,4,1,1.77647058823529,-0.0588235294117647,30,2004,1
2003,4,2,1.77647058823529,-0.0588235294117647,30,2004,2
2003,4,3,1.77647058823529,-0.0588235294117647,30,2004,3
2003,4,4,1.77647058823529,-0.0588235294117647,30,2004,4
2004,1,1,2.4,0,30,2004,2
2004,1,2,2.4,0,30,2004,3
2004,1,3,2.4,0,30,2004,4
2004,1,4,2.4,0,30,2005,1
2004,1,5,2.4,0,30,2005,2
2004,1,6,2.4,0,30,2005,3
2004,1,7,2.4,0,30,2005,4
2004,2,1,2,0,30,2004,3
2004,2,2,2,0,30,2004,4
2004,2,3,2,0,30,2005,1
2004,2,4,2,0,30,2005,2
2004,2,5,2,0,30,2005,3
2004,2,6,2,0,30,2005,4
2004,3,1,2.1,0,30,2004,4
2004,3,2,2.1,0,30,2005,1
2004,3,3,2.1,0,30,2005,2
2004,3,4,2.1,0,30,2005,3
2004,3,5,2.1,0,30,2005,4
2004,4,1,1.9,-0.0588235294117647,30,2005,1
2004,4,2,1.9,-0.0588235294117647,30,2005,2
2004,4,3,1.9,-0.0588235294117647,30,2005,3
2004,4,4,1.9,-0.0588235294117647,30,2005,4
2005,1,1,2.5,0,30,2005,2
2005,1,2,2.5,0,30,2005,3
2005,1,3,2.5,0,30,2005,4
2005,1,4,2.5,0,30,2006,1
2005,1,5,2.5,0,30,2006,2
2005,1,6,2.5,0,30,2006,3
2005,1,7,2.5,0,30,2006,4
2005,2,1,2,0,30,2005,3
2005,2,2,2,0,30,2005,4
2005,2,3,2,0,30,2006,1
2005,2,4,2,0,30,2006,2
2005,2,5,2,0,30,2006,3
2005,2,6,2,0,30,2006,4
2005,3,1,1.7,0,30,2005,4
2005,3,2,1.7,0,30,2006,1
2005,3,3,1.7,0,30,2006,2
2005,3,4,1.7,0,30,2006,3
2005,3,5,1.7,0,30,2006,4
2005,4,1,1.82941176470588,-0.0588235294117647,30,2006,1
2005,4,2,1.82941176470588,-0.0588235294117647,30,2006,2
2005,4,3,1.82941176470588,-0.0588235294117647,30,2006,3
2005,4,4,1.82941176470588,-0.0588235294117647,30,2006,4
2006,3,1,2.1,0,30,2006,4
2006,3,2,2.1,0,30,2007,1
2006,3,3,2.1,0,30,2007,2
2006,3,4,2.1,0,30,2007,3
2006,3,5,2.1,0,30,2007,4
2006,4,1,2.07058823529412,-0.0588235294117647,30,2007,1
2006,4,2,2.07058823529412,-0.0588235294117647,30,2007,2
2006,4,3,2.07058823529412,-0.0588235294117647,30,2007,3
2006,4,4,2.07058823529412,-0.0588235294117647,30,2007,4
2007,1,1,2.4,0,30,2007,2
2007,1,2,2.4,0,30,2007,3
2007,1,3,2.4,0,30,2007,4
2007,1,4,2.4,0,30,2008,1
2007,1,5,2.4,0,30,2008,2
2007,1,6,2.4,0,30,2008,3
2007,1,7,2.4,0,30,2008,4
2007,2,1,2.4,0,30,2007,3
2007,2,2,2.4,0,30,2007,4
2007,2,3,2.4,0,30,2008,1
2007,2,4,2.4,0,30,2008,2
2007,2,5,2.4,0,30,2008,3
2007,2,6,2.4,0,30,2008,4
2007,3,1,2.6,0,30,2007,4
2007,3,2,2.6,0,30,2008,1
2007,3,3,2.6,0,30,2008,2
2007,3,4,2.6,0,30,2008,3
2007,3,5,2.6,0,30,2008,4
2008,1,1,2.1,0,30,2008,2
2008,1,2,2.1,0,30,2008,3
2008,1,3,2.1,0,30,2008,4
2008,1,4,2.1,0,30,2009,1
2008,1,5,2.1,0,30,2009,2
2008,1,6,2.1,0,30,2009,3
2008,1,7,2.1,0,30,2009,4
2008,2,1,1.6,0,30,2008,3
2008,2,2,1.6,0,30,2008,4
2008,2,3,1.6,0,30,2009,1
2008,2,4,1.6,0,30,2009,2
2008,2,5,1.6,0,30,2009,3
2008,2,6,1.6,0,30,2009,4
2008,3,1,1.5,0,30,2008,4
2008,3,2,1.5,0,30,2009,1
2008,3,3,1.5,0,30,2009,2
2008,3,4,1.5,0,30,2009,3
2008,3,5,1.5,0,30,2009,4
2008,4,1,0.147058823529412,-0.0588235294117647,30,2009,1
2008,4,2,0.147058823529412,-0.0588235294117647,30,2009,2
2008,4,3,0.147058823529412,-0.0588235294117647,30,2009,3
2008,4,4,0.147058823529412,-0.0588235294117647,30,2009,4
2009,3,1,-0.3,0,30,2009,4
2009,3,2,-0.3,0,30,2010,1
2009,3,3,-0.3,0,30,2010,2
2009,3,4,-0.3,0,30,2010,3
2009,3,5,-0.3,0,30,2010,4
2010,1,1,0.9,0,30,2010,2
2010,1,2,0.9,0,30,2010,3
2010,1,3,0.9,0,30,2010,4
2010,1,4,0.9,0,30,2011,1
2010,1,5,0.9,0,30,2011,2
2010,1,6,0.9,0,30,2011,3
2010,1,7,0.9,0,30,2011,4
2010,2,1,1.3,0,30,2010,3
2010,2,2,1.3,0,30,2010,4
2010,2,3,1.3,0,30,2011,1
2010,2,4,1.3,0,30,2011,2
2010,2,5,1.3,0,30,2011,3
2010,2,6,1.3,0,30,2011,4
2010,3,1,1,0,30,2010,4
2010,3,2,1,0,30,2011,1
2010,3,3,1,0,30,2011,2
2010,3,4,1,0,30,2011,3
2010,3,5,1,0,30,2011,4
2010,4,1,1.28235294117647,-0.0588235294117647,30,2011,1
2010,4,2,1.28235294117647,-0.0588235294117647,30,2011,2
2010,4,3,1.28235294117647,-0.0588235294117647,30,2011,3
2010,4,4,1.28235294117647,-0.0588235294117647,30,2011,4
2011,3,1,1.8,0,30,2011,4
2011,3,2,1.8,0,30,2012,1
2011,3,3,1.8,0,30,2012,2
2011,3,4,1.8,0,30,2012,3
2011,3,5,1.8,0,30,2012,4
2011,4,1,0.335294117647059,-0.0588235294117647,30,2012,1
2011,4,2,0.335294117647059,-0.0588235294117647,30,2012,2
2011,4,3,0.335294117647059,-0.0588235294117647,30,2012,3
2011,4,4,0.335294117647059,-0.0588235294117647,30,2012,4
2012,2,1,1.1,0,30,2012,3
2012,2,2,1.1,0,30,2012,4
2012,2,3,1.1,0,30,2013,1
2012,2,4,1.1,0,30,2013,2
2012,2,5,1.1,0,30,2013,3
2012,2,6,1.1,0,30,2013,4
2012,3,1,0,0,30,2012,4
2012,3,2,0,0,30,2013,1
2012,3,3,0,0,30,2013,2
2012,3,4,0,0,30,2013,3
2012,3,5,0,0,30,2013,4
2012,4,1,0.135294117647059,-0.0588235294117647,30,2013,1
2012,4,2,0.135294117647059,-0.0588235294117647,30,2013,2
2012,4,3,0.135294117647059,-0.0588235294117647,30,2013,3
2012,4,4,0.135294117647059,-0.0588235294117647,30,2013,4
2013,2,1,0.9,0,30,2013,3
2013,2,2,0.9,0,30,2013,4
2013,2,3,0.9,0,30,2014,1
2013,2,4,0.9,0,30,2014,2
2013,2,5,0.9,0,30,2014,3
2013,2,6,0.9,0,30,2014,4
2013,3,1,0.7,0,30,2013,4
2013,3,2,0.7,0,30,2014,1
2013,3,3,0.7,0,30,2014,2
2013,3,4,0.7,0,30,2014,3
2013,3,5,0.7,0,30,2014,4
2014,2,1,1.5,0,30,2014,3
2014,2,2,1.5,0,30,2014,4
2014,2,3,1.5,0,30,2015,1
2014,2,4,1.5,0,30,2015,2
2014,2,5,1.5,0,30,2015,3
2014,2,6,1.5,0,30,2015,4
2014,3,1,1.2,0,30,2014,4
2014,3,2,1.2,0,30,2015,1
2014,3,3,1.2,0,30,2015,2
2014,3,4,1.2,0,30,2015,3
2014,3,5,1.2,0,30,2015,4
2014,4,1,1.11764705882353,-0.0588235294117647,30,2015,1
2014,4,2,1.11764705882353,-0.0588235294117647,30,2015,2
2014,4,3,1.11764705882353,-0.0588235294117647,30,2015,3
2014,4,4,1.11764705882353,-0.0588235294117647,30,2015,4
2015,2,1,1.5,0,30,2015,3
2015,2,2,1.5,0,30,2015,4
2015,2,3,1.5,0,30,2016,1
2015,2,4,1.5,0,30,2016,2
2015,2,5,1.5,0,30,2016,3
2015,2,6,1.5,0,30,2016,4
2015,3,1,1.5,0,30,2015,4
2015,3,2,1.5,0,30,2016,1
2015,3,3,1.5,0,30,2016,2
2015,3,4,1.5,0,30,2016,3
2015,3,5,1.5,0,30,2016,4
2016,3,1,1.7,0,30,2016,4
2016,3,2,1.7,0,30,2017,1
2016,3,3,1.7,0,30,2017,2
2016,3,4,1.7,0,30,2017,3
2016,3,5,1.7,0,30,2017,4
2016,4,1,1.58823529411765,-0.0588235294117647,30,2017,1
2016,4,2,1.58823529411765,-0.0588235294117647,30,2017,2
2016,4,3,1.58823529411765,-0.0588235294117647,30,2017,3
2016,4,4,1.58823529411765,-0.0588235294117647,30,2017,4
2017,1,1,1.6,0,30,2017,2
2017,1,2,1.6,0,30,2017,3
2017,1,3,1.6,0,30,2017,4
2017,1,4,1.6,0,30,2018,1
2017,1,5,1.6,0,30,2018,2
2017,1,6,1.6,0,30,2018,3
2017,1,7,1.6,0,30,2018,4
2017,4,1,1.98823529411765,-0.0588235294117647,30,2018,1
2017,4,2,1.98823529411765,-0.0588235294117647,30,2018,2
2017,4,3,1.98823529411765,-0.0588235294117647,30,2018,3
2017,4,4,1.98823529411765,-0.0588235294117647,30,2018,4
2018,1,1,2,0,30,2018,2
2018,1,2,2,0,30,2018,3
2018,1,3,2,0,30,2018,4
2018,1,4,2,0,30,2019,1
2018,1,5,2,0,30,2019,2
2018,1,6,2,0,30,2019,3
2018,1,7,2,0,30,2019,4
2018,2,1,1.9,0,30,2018,3
2018,2,2,1.9,0,30,2018,4
2018,2,3,1.9,0,30,2019,1
2018,2,4,1.9,0,30,2019,2
2018,2,5,1.9,0,30,2019,3
2018,2,6,1.9,0,30,2019,4
2018,3,1,2,0,30,2018,4
2018,3,2,2,0,30,2019,1
2018,3,3,2,0,30,2019,2
2018,3,4,2,0,30,2019,3
2018,3,5,2,0,30,2019,4
2018,4,1,2,-0.0588235294117647,30,2019,1
2018,4,2,2,-0.0588235294117647,30,2019,2
2018,4,3,2,-0.0588235294117647,30,2019,3
2018,4,4,2,-0.0588235294117647,30,2019,4
2020,1,1,1.3,0,30,2020,2
2020,1,2,1.3,0,30,2020,3
2020,1,3,1.3,0,30,2020,4
2020,1,4,1.3,0,30,2021,1
2020,1,5,1.3,0,30,2021,2
2020,1,6,1.3,0,30,2021,3
2020,1,7,1.3,0,30,2021,4
2020,2,1,5.8,0,30,2020,3
2020,2,2,5.8,0,30,2020,4
2020,2,3,5.8,0,30,2021,1
2020,2,4,5.8,0,30,2021,2
2020,2,5,5.8,0,30,2021,3
2020,2,6,5.8,0,30,2021,4
2020,3,1,6.08,0,30,2020,4
2020,3,2,6.08,0,30,2021,1
2020,3,3,6.08,0,30,2021,2
2020,3,4,6.08,0,30,2021,3
2020,3,5,6.08,0,30,2021,4
2020,4,1,6.71823529411765,-0.0588235294117647,30,2021,1
2020,4,2,6.71823529411765,-0.0588235294117647,30,2021,2
2020,4,3,6.71823529411765,-0.0588235294117647,30,2021,3
2020,4,4,6.71823529411765,-0.0588235294117647,30,2021,4
2021,1,1,4.14,0,30,2021,2
2021,1,2,4.14,0,30,2021,3
2021,1,3,4.14,0,30,2021,4
2021,1,4,4.14,0,30,2022,1
2021,1,5,4.14,0,30,2022,2
2021,1,6,4.14,0,30,2022,3
2021,1,7,4.14,0,30,2022,4
2021,2,1,3.89,0,30,2021,3
2021,2,2,3.89,0,30,2021,4
2021,2,3,3.89,0,30,2022,1
2021,2,4,3.89,0,30,2022,2
2021,2,5,3.89,0,30,2022,3
2021,2,6,3.89,0,30,2022,4
2021,3,1,4.28,0,30,2021,4
2021,3,2,4.28,0,30,2022,1
2021,3,3,4.28,0,30,2022,2
2021,3,4,4.28,0,30,2022,3
2021,3,5,4.28,0,30,2022,4
2021,4,1,4.57647058823529,-0.0588235294117647,30,2022,1
2021,4,2,4.57647058823529,-0.0588235294117647,30,2022,2
2021,4,3,4.57647058823529,-0.0588235294117647,30,2022,3
2021,4,4,4.57647058823529,-0.0588235294117647,30,2022,4
2022,1,1,3,0,30,2022,2
2022,1,2,3,0,30,2022,3
2022,1,3,3,0,30,2022,4
2022,1,4,3,0,30,2023,1
2022,1,5,3,0,30,2023,2
2022,1,6,3,0,30,2023,3
2022,1,7,3,0,30,2023,4
2022,2,1,2.7,0,30,2022,3
2022,2,2,2.7,0,30,2022,4
2022,2,3,2.7,0,30,2023,1
2022,2,4,2.7,0,30,2023,2
2022,2,5,2.7,0,30,2023,3
2022,2,6,2.7,0,30,2023,4
2022,3,1,2.8,0,30,2022,4
2022,3,2,2.8,0,30,2023,1
2022,3,3,2.8,0,30,2023,2
2022,3,4,2.8,0,30,2023,3
2022,3,5,2.8,0,30,2023,4
2022,4,1,0.141176470588235,-0.0588235294117647,30,2023,1
2022,4,2,0.141176470588235,-0.0588235294117647,30,2023,2
2022,4,3,0.141176470588235,-0.0588235294117647,30,2023,3
2022,4,4,0.141176470588235,-0.0588235294117647,30,2023,4
2023,1,1,1.7,0,30,2023,2
2023,1,2,1.7,0,30,2023,3
2023,1,3,1.7,0,30,2023,4
2023,1,4,1.7,0,30,2024,1
2023,1,5,1.7,0,30,2024,2
2023,1,6,1.7,0,30,2024,3
2023,1,7,1.7,0,30,2024,4
2023,2,1,1.6,0,30,2023,3
2023,2,2,1.6,0,30,2023,4
2023,2,3,1.6,0,30,2024,1
2023,2,4,1.6,0,30,2024,2
2023,2,5,1.6,0,30,2024,3
2023,2,6,1.6,0,30,2024,4
2023,3,1,1.29,0,30,2023,4
2023,3,2,1.29,0,30,2024,1
2023,3,3,1.29,0,30,2024,2
2023,3,4,1.29,0,30,2024,3
2023,3,5,1.29,0,30,2024,4
2023,4,1,1.23832375,-0.0588235294117647,30,2024,1
2023,4,2,1.23832375,-0.0588235294117647,30,2024,2
2023,4,3,1.23832375,-0.0588235294117647,30,2024,3
2023,4,4,1.23832375,-0.0588235294117647,30,2024,4
2024,1,1,1.47,0,30,2024,2
2024,1,2,1.47,0,30,2024,3
2024,1,3,1.47,0,30,2024,4
2024,1,4,1.47,0,30,2025,1
2024,1,5,1.47,0,30,2025,2
2024,1,6,1.47,0,30,2025,3
2024,1,7,1.47,0,30,2025,4
2024,2,1,1.77,0,30,2024,3
2024,2,2,1.77,0,30,2024,4
2024,2,3,1.77,0,30,2025,1
2024,2,4,1.77,0,30,2025,2
2024,2,5,1.77,0,30,2025,3
2024,2,6,1.77,0,30,2025,4
2024,3,1,1.84,0,30,2024,4
2024,3,2,1.84,0,30,2025,1
2024,3,3,1.84,0,30,2025,2
2024,3,4,1.84,0,30,2025,3
2024,3,5,1.84,0,30,2025,4
2001,1,1,2.6,0,31,2001,2
2001,1,2,2.6,0,31,2001,3
2001,1,3,2.6,0,31,2001,4
2001,1,4,2.6,0,31,2002,1
2001,1,5,2.6,0,31,2002,2
2001,1,6,2.6,0,31,2002,3
2001,1,7,2.6,0,31,2002,4
2001,2,1,2.4,0,31,2001,3
2001,2,2,2.4,0,31,2001,4
2001,2,3,2.4,0,31,2002,1
2001,2,4,2.4,0,31,2002,2
2001,2,5,2.4,0,31,2002,3
2001,2,6,2.4,0,31,2002,4
2001,3,1,2.4,0,31,2001,4
2001,3,2,2.4,0,31,2002,1
2001,3,3,2.4,0,31,2002,2
2001,3,4,2.4,0,31,2002,3
2001,3,5,2.4,0,31,2002,4
2001,4,1,1.61764705882353,-0.0588235294117647,31,2002,1
2001,4,2,1.61764705882353,-0.0588235294117647,31,2002,2
2001,4,3,1.61764705882353,-0.0588235294117647,31,2002,3
2001,4,4,1.61764705882353,-0.0588235294117647,31,2002,4
2002,1,1,3,0,31,2002,2
2002,1,2,3,0,31,2002,3
2002,1,3,3,0,31,2002,4
2002,1,4,3,0,31,2003,1
2002,1,5,3,0,31,2003,2
2002,1,6,3,0,31,2003,3
2002,1,7,3,0,31,2003,4
2002,2,1,3.1,0,31,2002,3
2002,2,2,3.1,0,31,2002,4
2002,2,3,3.1,0,31,2003,1
2002,2,4,3.1,0,31,2003,2
2002,2,5,3.1,0,31,2003,3
2002,2,6,3.1,0,31,2003,4
2002,3,1,2.7,0,31,2002,4
2002,3,2,2.7,0,31,2003,1
2002,3,3,2.7,0,31,2003,2
2002,3,4,2.7,0,31,2003,3
2002,3,5,2.7,0,31,2003,4
2002,4,1,1.75882352941176,-0.0588235294117647,31,2003,1
2002,4,2,1.75882352941176,-0.0588235294117647,31,2003,2
2002,4,3,1.75882352941176,-0.0588235294117647,31,2003,3
2002,4,4,1.75882352941176,-0.0588235294117647,31,2003,4
2003,1,1,2.4,0,31,2003,2
2003,1,2,2.4,0,31,2003,3
2003,1,3,2.4,0,31,2003,4
2003,1,4,2.4,0,31,2004,1
2003,1,5,2.4,0,31,2004,2
2003,1,6,2.4,0,31,2004,3
2003,1,7,2.4,0,31,2004,4
2003,2,1,1.9,0,31,2003,3
2003,2,2,1.9,0,31,2003,4
2003,2,3,1.9,0,31,2004,1
2003,2,4,1.9,0,31,2004,2
2003,2,5,1.9,0,31,2004,3
2003,2,6,1.9,0,31,2004,4
2003,4,1,1.77647058823529,-0.0588235294117647,31,2004,1
2003,4,2,1.77647058823529,-0.0588235294117647,31,2004,2
2003,4,3,1.77647058823529,-0.0588235294117647,31,2004,3
2003,4,4,1.77647058823529,-0.0588235294117647,31,2004,4
2004,1,1,2.4,0,31,2004,2
2004,1,2,2.4,0,31,2004,3
2004,1,3,2.4,0,31,2004,4
2004,1,4,2.4,0,31,2005,1
2004,1,5,2.4,0,31,2005,2
2004,1,6,2.4,0,31,2005,3
2004,1,7,2.4,0,31,2005,4
2004,2,1,1.8,0,31,2004,3
2004,2,2,1.8,0,31,2004,4
2004,2,3,1.8,0,31,2005,1
2004,2,4,1.8,0,31,2005,2
2004,2,5,1.8,0,31,2005,3
2004,2,6,1.8,0,31,2005,4
2004,3,1,1.9,0,31,2004,4
2004,3,2,1.9,0,31,2005,1
2004,3,3,1.9,0,31,2005,2
2004,3,4,1.9,0,31,2005,3
2004,3,5,1.9,0,31,2005,4
2004,4,1,1.9,-0.0588235294117647,31,2005,1
2004,4,2,1.9,-0.0588235294117647,31,2005,2
2004,4,3,1.9,-0.0588235294117647,31,2005,3
2004,4,4,1.9,-0.0588235294117647,31,2005,4
2005,1,1,2.1,0,31,2005,2
2005,1,2,2.1,0,31,2005,3
2005,1,3,2.1,0,31,2005,4
2005,1,4,2.1,0,31,2006,1
2005,1,5,2.1,0,31,2006,2
2005,1,6,2.1,0,31,2006,3
2005,1,7,2.1,0,31,2006,4
2005,2,1,1.9,0,31,2005,3
2005,2,2,1.9,0,31,2005,4
2005,2,3,1.9,0,31,2006,1
2005,2,4,1.9,0,31,2006,2
2005,2,5,1.9,0,31,2006,3
2005,2,6,1.9,0,31,2006,4
2005,3,1,1.7,0,31,2005,4
2005,3,2,1.7,0,31,2006,1
2005,3,3,1.7,0,31,2006,2
2005,3,4,1.7,0,31,2006,3
2005,3,5,1.7,0,31,2006,4
2005,4,1,1.51764705882353,-0.0588235294117647,31,2006,1
2005,4,2,1.51764705882353,-0.0588235294117647,31,2006,2
2005,4,3,1.51764705882353,-0.0588235294117647,31,2006,3
2005,4,4,1.51764705882353,-0.0588235294117647,31,2006,4
2006,1,1,1.9,0,31,2006,2
2006,1,2,1.9,0,31,2006,3
2006,1,3,1.9,0,31,2006,4
2006,1,4,1.9,0,31,2007,1
2006,1,5,1.9,0,31,2007,2
2006,1,6,1.9,0,31,2007,3
2006,1,7,1.9,0,31,2007,4
2006,2,1,1.8,0,31,2006,3
2006,2,2,1.8,0,31,2006,4
2006,2,3,1.8,0,31,2007,1
2006,2,4,1.8,0,31,2007,2
2006,2,5,1.8,0,31,2007,3
2006,2,6,1.8,0,31,2007,4
2006,3,1,1.8,0,31,2006,4
2006,3,2,1.8,0,31,2007,1
2006,3,3,1.8,0,31,2007,2
2006,3,4,1.8,0,31,2007,3
2006,3,5,1.8,0,31,2007,4
2007,1,1,2.3,0,31,2007,2
2007,1,2,2.3,0,31,2007,3
2007,1,3,2.3,0,31,2007,4
2007,1,4,2.3,0,31,2008,1
2007,1,5,2.3,0,31,2008,2
2007,1,6,2.3,0,31,2008,3
2007,1,7,2.3,0,31,2008,4
2007,2,1,2.4,0,31,2007,3
2007,2,2,2.4,0,31,2007,4
2007,2,3,2.4,0,31,2008,1
2007,2,4,2.4,0,31,2008,2
2007,2,5,2.4,0,31,2008,3
2007,2,6,2.4,0,31,2008,4
2007,4,1,2.18823529411765,-0.0588235294117647,31,2008,1
2007,4,2,2.18823529411765,-0.0588235294117647,31,2008,2
2007,4,3,2.18823529411765,-0.0588235294117647,31,2008,3
2007,4,4,2.18823529411765,-0.0588235294117647,31,2008,4
2008,1,1,2,0,31,2008,2
2008,1,2,2,0,31,2008,3
2008,1,3,2,0,31,2008,4
2008,1,4,2,0,31,2009,1
2008,1,5,2,0,31,2009,2
2008,1,6,2,0,31,2009,3
2008,1,7,2,0,31,2009,4
2008,3,1,1.2,0,31,2008,4
2008,3,2,1.2,0,31,2009,1
2008,3,3,1.2,0,31,2009,2
2008,3,4,1.2,0,31,2009,3
2008,3,5,1.2,0,31,2009,4
2008,4,1,0.111764705882353,-0.0588235294117647,31,2009,1
2008,4,2,0.111764705882353,-0.0588235294117647,31,2009,2
2008,4,3,0.111764705882353,-0.0588235294117647,31,2009,3
2008,4,4,0.111764705882353,-0.0588235294117647,31,2009,4
2009,2,1,0.5,0,31,2009,3
2009,2,2,0.5,0,31,2009,4
2009,2,3,0.5,0,31,2010,1
2009,2,4,0.5,0,31,2010,2
2009,2,5,0.5,0,31,2010,3
2009,2,6,0.5,0,31,2010,4
2009,3,1,1,0,31,2009,4
2009,3,2,1,0,31,2010,1
2009,3,3,1,0,31,2010,2
2009,3,4,1,0,31,2010,3
2009,3,5,1,0,31,2010,4
2009,4,1,1.29411764705882,-0.0588235294117647,31,2010,1
2009,4,2,1.29411764705882,-0.0588235294117647,31,2010,2
2009,4,3,1.29411764705882,-0.0588235294117647,31,2010,3
2009,4,4,1.29411764705882,-0.0588235294117647,31,2010,4
2010,1,1,1.8,0,31,2010,2
2010,1,2,1.8,0,31,2010,3
2010,1,3,1.8,0,31,2010,4
2010,1,4,1.8,0,31,2011,1
2010,1,5,1.8,0,31,2011,2
2010,1,6,1.8,0,31,2011,3
2010,1,7,1.8,0,31,2011,4
2010,2,1,2,0,31,2010,3
2010,2,2,2,0,31,2010,4
2010,2,3,2,0,31,2011,1
2010,2,4,2,0,31,2011,2
2010,2,5,2,0,31,2011,3
2010,2,6,2,0,31,2011,4
2010,3,1,1.4,0,31,2010,4
2010,3,2,1.4,0,31,2011,1
2010,3,3,1.4,0,31,2011,2
2010,3,4,1.4,0,31,2011,3
2010,3,5,1.4,0,31,2011,4
2010,4,1,1.17647058823529,-0.0588235294117647,31,2011,1
2010,4,2,1.17647058823529,-0.0588235294117647,31,2011,2
2010,4,3,1.17647058823529,-0.0588235294117647,31,2011,3
2010,4,4,1.17647058823529,-0.0588235294117647,31,2011,4
2011,1,1,1.7,0,31,2011,2
2011,1,2,1.7,0,31,2011,3
2011,1,3,1.7,0,31,2011,4
2011,1,4,1.7,0,31,2012,1
2011,1,5,1.7,0,31,2012,2
2011,1,6,1.7,0,31,2012,3
2011,1,7,1.7,0,31,2012,4
2011,2,1,1.6,0,31,2011,3
2011,2,2,1.6,0,31,2011,4
2011,2,3,1.6,0,31,2012,1
2011,2,4,1.6,0,31,2012,2
2011,2,5,1.6,0,31,2012,3
2011,2,6,1.6,0,31,2012,4
2011,3,1,1.4,0,31,2011,4
2011,3,2,1.4,0,31,2012,1
2011,3,3,1.4,0,31,2012,2
2011,3,4,1.4,0,31,2012,3
2011,3,5,1.4,0,31,2012,4
2011,4,1,0.964705882352941,-0.0588235294117647,31,2012,1
2011,4,2,0.964705882352941,-0.0588235294117647,31,2012,2
2011,4,3,0.964705882352941,-0.0588235294117647,31,2012,3
2011,4,4,0.964705882352941,-0.0588235294117647,31,2012,4
2012,1,1,1,0,31,2012,2
2012,1,2,1,0,31,2012,3
2012,1,3,1,0,31,2012,4
2012,1,4,1,0,31,2013,1
2012,1,5,1,0,31,2013,2
2012,1,6,1,0,31,2013,3
2012,1,7,1,0,31,2013,4
2012,2,1,1,0,31,2012,3
2012,2,2,1,0,31,2012,4
2012,2,3,1,0,31,2013,1
2012,2,4,1,0,31,2013,2
2012,2,5,1,0,31,2013,3
2012,2,6,1,0,31,2013,4
2012,4,1,0.347058823529412,-0.0588235294117647,31,2013,1
2012,4,2,0.347058823529412,-0.0588235294117647,31,2013,2
2012,4,3,0.347058823529412,-0.0588235294117647,31,2013,3
2012,4,4,0.347058823529412,-0.0588235294117647,31,2013,4
2013,1,1,1.8,0,31,2013,2
2013,1,2,1.8,0,31,2013,3
2013,1,3,1.8,0,31,2013,4
2013,1,4,1.8,0,31,2014,1
2013,1,5,1.8,0,31,2014,2
2013,1,6,1.8,0,31,2014,3
2013,1,7,1.8,0,31,2014,4
2013,2,1,0.6,0,31,2013,3
2013,2,2,0.6,0,31,2013,4
2013,2,3,0.6,0,31,2014,1
2013,2,4,0.6,0,31,2014,2
2013,2,5,0.6,0,31,2014,3
2013,2,6,0.6,0,31,2014,4
2013,4,1,0.864705882352941,-0.0588235294117647,31,2014,1
2013,4,2,0.864705882352941,-0.0588235294117647,31,2014,2
2013,4,3,0.864705882352941,-0.0588235294117647,31,2014,3
2013,4,4,0.864705882352941,-0.0588235294117647,31,2014,4
2014,1,1,1.5,0,31,2014,2
2014,1,2,1.5,0,31,2014,3
2014,1,3,1.5,0,31,2014,4
2014,1,4,1.5,0,31,2015,1
2014,1,5,1.5,0,31,2015,2
2014,1,6,1.5,0,31,2015,3
2014,1,7,1.5,0,31,2015,4
2014,2,1,1.5,0,31,2014,3
2014,2,2,1.5,0,31,2014,4
2014,2,3,1.5,0,31,2015,1
2014,2,4,1.5,0,31,2015,2
2014,2,5,1.5,0,31,2015,3
2014,2,6,1.5,0,31,2015,4
2014,4,1,1.32941176470588,-0.0588235294117647,31,2015,1
2014,4,2,1.32941176470588,-0.0588235294117647,31,2015,2
2014,4,3,1.32941176470588,-0.0588235294117647,31,2015,3
2014,4,4,1.32941176470588,-0.0588235294117647,31,2015,4
2015,1,1,1.6,0,31,2015,2
2015,1,2,1.6,0,31,2015,3
2015,1,3,1.6,0,31,2015,4
2015,1,4,1.6,0,31,2016,1
2015,1,5,1.6,0,31,2016,2
2015,1,6,1.6,0,31,2016,3
2015,1,7,1.6,0,31,2016,4
2015,2,1,1.5,0,31,2015,3
2015,2,2,1.5,0,31,2015,4
2015,2,3,1.5,0,31,2016,1
2015,2,4,1.5,0,31,2016,2
2015,2,5,1.5,0,31,2016,3
2015,2,6,1.5,0,31,2016,4
2015,3,1,1.6,0,31,2015,4
2015,3,2,1.6,0,31,2016,1
2015,3,3,1.6,0,31,2016,2
2015,3,4,1.6,0,31,2016,3
2015,3,5,1.6,0,31,2016,4
2015,4,1,1.71176470588235,-0.0588235294117647,31,2016,1
2015,4,2,1.71176470588235,-0.0588235294117647,31,2016,2
2015,4,3,1.71176470588235,-0.0588235294117647,31,2016,3
2015,4,4,1.71176470588235,-0.0588235294117647,31,2016,4
2016,1,1,1.7,0,31,2016,2
2016,1,2,1.7,0,31,2016,3
2016,1,3,1.7,0,31,2016,4
2016,1,4,1.7,0,31,2017,1
2016,1,5,1.7,0,31,2017,2
2016,1,6,1.7,0,31,2017,3
2016,1,7,1.7,0,31,2017,4
2016,2,1,1.7,0,31,2016,3
2016,2,2,1.7,0,31,2016,4
2016,2,3,1.7,0,31,2017,1
2016,2,4,1.7,0,31,2017,2
2016,2,5,1.7,0,31,2017,3
2016,2,6,1.7,0,31,2017,4
2016,3,1,1.9,0,31,2016,4
2016,3,2,1.9,0,31,2017,1
2016,3,3,1.9,0,31,2017,2
2016,3,4,1.9,0,31,2017,3
2016,3,5,1.9,0,31,2017,4
2016,4,1,1.80588235294118,-0.0588235294117647,31,2017,1
2016,4,2,1.80588235294118,-0.0588235294117647,31,2017,2
2016,4,3,1.80588235294118,-0.0588235294117647,31,2017,3
2016,4,4,1.80588235294118,-0.0588235294117647,31,2017,4
2017,1,1,1.8,0,31,2017,2
2017,1,2,1.8,0,31,2017,3
2017,1,3,1.8,0,31,2017,4
2017,1,4,1.8,0,31,2018,1
2017,1,5,1.8,0,31,2018,2
2017,1,6,1.8,0,31,2018,3
2017,1,7,1.8,0,31,2018,4
2017,2,1,1.8,0,31,2017,3
2017,2,2,1.8,0,31,2017,4
2017,2,3,1.8,0,31,2018,1
2017,2,4,1.8,0,31,2018,2
2017,2,5,1.8,0,31,2018,3
2017,2,6,1.8,0,31,2018,4
2017,3,1,2,0,31,2017,4
2017,3,2,2,0,31,2018,1
2017,3,3,2,0,31,2018,2
2017,3,4,2,0,31,2018,3
2017,3,5,2,0,31,2018,4
2018,1,1,1.8,0,31,2018,2
2018,1,2,1.8,0,31,2018,3
2018,1,3,1.8,0,31,2018,4
2018,1,4,1.8,0,31,2019,1
2018,1,5,1.8,0,31,2019,2
2018,1,6,1.8,0,31,2019,3
2018,1,7,1.8,0,31,2019,4
2020,1,1,1.3,0,31,2020,2
2020,1,2,1.3,0,31,2020,3
2020,1,3,1.3,0,31,2020,4
2020,1,4,1.3,0,31,2021,1
2020,1,5,1.3,0,31,2021,2
2020,1,6,1.3,0,31,2021,3
2020,1,7,1.3,0,31,2021,4
2020,2,1,3.5,0,31,2020,3
2020,2,2,3.5,0,31,2020,4
2020,2,3,3.5,0,31,2021,1
2020,2,4,3.5,0,31,2021,2
2020,2,5,3.5,0,31,2021,3
2020,2,6,3.5,0,31,2021,4
2001,1,1,2.5,0,32,2001,2
2001,1,2,2.5,0,32,2001,3
2001,1,3,2.5,0,32,2001,4
2001,1,4,2.5,0,32,2002,1
2001,1,5,2.5,0,32,2002,2
2001,1,6,2.5,0,32,2002,3
2001,1,7,2.5,0,32,2002,4
2001,2,1,2.4,0,32,2001,3
2001,2,2,2.4,0,32,2001,4
2001,2,3,2.4,0,32,2002,1
2001,2,4,2.4,0,32,2002,2
2001,2,5,2.4,0,32,2002,3
2001,2,6,2.4,0,32,2002,4
2001,3,1,2.5,0,32,2001,4
2001,3,2,2.5,0,32,2002,1
2001,3,3,2.5,0,32,2002,2
2001,3,4,2.5,0,32,2002,3
2001,3,5,2.5,0,32,2002,4
2001,4,1,2.13529411764706,-0.0588235294117647,32,2002,1
2001,4,2,2.13529411764706,-0.0588235294117647,32,2002,2
2001,4,3,2.13529411764706,-0.0588235294117647,32,2002,3
2001,4,4,2.13529411764706,-0.0588235294117647,32,2002,4
2002,2,1,3,0,32,2002,3
2002,2,2,3,0,32,2002,4
2002,2,3,3,0,32,2003,1
2002,2,4,3,0,32,2003,2
2002,2,5,3,0,32,2003,3
2002,2,6,3,0,32,2003,4
2002,3,1,3,0,32,2002,4
2002,3,2,3,0,32,2003,1
2002,3,3,3,0,32,2003,2
2002,3,4,3,0,32,2003,3
2002,3,5,3,0,32,2003,4
2002,4,1,2.28235294117647,-0.0588235294117647,32,2003,1
2002,4,2,2.28235294117647,-0.0588235294117647,32,2003,2
2002,4,3,2.28235294117647,-0.0588235294117647,32,2003,3
2002,4,4,2.28235294117647,-0.0588235294117647,32,2003,4
2003,1,1,2.3,0,32,2003,2
2003,1,2,2.3,0,32,2003,3
2003,1,3,2.3,0,32,2003,4
2003,1,4,2.3,0,32,2004,1
2003,1,5,2.3,0,32,2004,2
2003,1,6,2.3,0,32,2004,3
2003,1,7,2.3,0,32,2004,4
2003,2,1,2.6,0,32,2003,3
2003,2,2,2.6,0,32,2003,4
2003,2,3,2.6,0,32,2004,1
2003,2,4,2.6,0,32,2004,2
2003,2,5,2.6,0,32,2004,3
2003,2,6,2.6,0,32,2004,4
2003,3,1,2,0,32,2003,4
2003,3,2,2,0,32,2004,1
2003,3,3,2,0,32,2004,2
2003,3,4,2,0,32,2004,3
2003,3,5,2,0,32,2004,4
2003,4,1,1.98235294117647,-0.0588235294117647,32,2004,1
2003,4,2,1.98235294117647,-0.0588235294117647,32,2004,2
2003,4,3,1.98235294117647,-0.0588235294117647,32,2004,3
2003,4,4,1.98235294117647,-0.0588235294117647,32,2004,4
2004,1,1,2.3,0,32,2004,2
2004,1,2,2.3,0,32,2004,3
2004,1,3,2.3,0,32,2004,4
2004,1,4,2.3,0,32,2005,1
2004,1,5,2.3,0,32,2005,2
2004,1,6,2.3,0,32,2005,3
2004,1,7,2.3,0,32,2005,4
2004,2,1,2,0,32,2004,3
2004,2,2,2,0,32,2004,4
2004,2,3,2,0,32,2005,1
2004,2,4,2,0,32,2005,2
2004,2,5,2,0,32,2005,3
2004,2,6,2,0,32,2005,4
2004,3,1,2,0,32,2004,4
2004,3,2,2,0,32,2005,1
2004,3,3,2,0,32,2005,2
2004,3,4,2,0,32,2005,3
2004,3,5,2,0,32,2005,4
2004,4,1,1.9,-0.0588235294117647,32,2005,1
2004,4,2,1.9,-0.0588235294117647,32,2005,2
2004,4,3,1.9,-0.0588235294117647,32,2005,3
2004,4,4,1.9,-0.0588235294117647,32,2005,4
2005,1,1,2,0,32,2005,2
2005,1,2,2,0,32,2005,3
2005,1,3,2,0,32,2005,4
2005,1,4,2,0,32,2006,1
2005,1,5,2,0,32,2006,2
2005,1,6,2,0,32,2006,3
2005,1,7,2,0,32,2006,4
2005,2,1,1.9,0,32,2005,3
2005,2,2,1.9,0,32,2005,4
2005,2,3,1.9,0,32,2006,1
2005,2,4,1.9,0,32,2006,2
2005,2,5,1.9,0,32,2006,3
2005,2,6,1.9,0,32,2006,4
2005,3,1,1.7,0,32,2005,4
2005,3,2,1.7,0,32,2006,1
2005,3,3,1.7,0,32,2006,2
2005,3,4,1.7,0,32,2006,3
2005,3,5,1.7,0,32,2006,4
2006,1,1,1.8,0,32,2006,2
2006,1,2,1.8,0,32,2006,3
2006,1,3,1.8,0,32,2006,4
2006,1,4,1.8,0,32,2007,1
2006,1,5,1.8,0,32,2007,2
2006,1,6,1.8,0,32,2007,3
2006,1,7,1.8,0,32,2007,4
2006,4,1,1.95882352941176,-0.0588235294117647,32,2007,1
2006,4,2,1.95882352941176,-0.0588235294117647,32,2007,2
2006,4,3,1.95882352941176,-0.0588235294117647,32,2007,3
2006,4,4,1.95882352941176,-0.0588235294117647,32,2007,4
2007,1,1,2.1,0,32,2007,2
2007,1,2,2.1,0,32,2007,3
2007,1,3,2.1,0,32,2007,4
2007,1,4,2.1,0,32,2008,1
2007,1,5,2.1,0,32,2008,2
2007,1,6,2.1,0,32,2008,3
2007,1,7,2.1,0,32,2008,4
2007,4,1,2.07058823529412,-0.0588235294117647,32,2008,1
2007,4,2,2.07058823529412,-0.0588235294117647,32,2008,2
2007,4,3,2.07058823529412,-0.0588235294117647,32,2008,3
2007,4,4,2.07058823529412,-0.0588235294117647,32,2008,4
2008,1,1,1.9,0,32,2008,2
2008,1,2,1.9,0,32,2008,3
2008,1,3,1.9,0,32,2008,4
2008,1,4,1.9,0,32,2009,1
2008,1,5,1.9,0,32,2009,2
2008,1,6,1.9,0,32,2009,3
2008,1,7,1.9,0,32,2009,4
2008,2,1,1.5,0,32,2008,3
2008,2,2,1.5,0,32,2008,4
2008,2,3,1.5,0,32,2009,1
2008,2,4,1.5,0,32,2009,2
2008,2,5,1.5,0,32,2009,3
2008,2,6,1.5,0,32,2009,4
2008,3,1,1.3,0,32,2008,4
2008,3,2,1.3,0,32,2009,1
2008,3,3,1.3,0,32,2009,2
2008,3,4,1.3,0,32,2009,3
2008,3,5,1.3,0,32,2009,4
2008,4,1,-0.0705882352941176,-0.0588235294117647,32,2009,1
2008,4,2,-0.0705882352941176,-0.0588235294117647,32,2009,2
2008,4,3,-0.0705882352941176,-0.0588235294117647,32,2009,3
2008,4,4,-0.0705882352941176,-0.0588235294117647,32,2009,4
2009,1,1,0.1,0,32,2009,2
2009,1,2,0.1,0,32,2009,3
2009,1,3,0.1,0,32,2009,4
2009,1,4,0.1,0,32,2010,1
2009,1,5,0.1,0,32,2010,2
2009,1,6,0.1,0,32,2010,3
2009,1,7,0.1,0,32,2010,4
2009,2,1,-0.2,0,32,2009,3
2009,2,2,-0.2,0,32,2009,4
2009,2,3,-0.2,0,32,2010,1
2009,2,4,-0.2,0,32,2010,2
2009,2,5,-0.2,0,32,2010,3
2009,2,6,-0.2,0,32,2010,4
2009,3,1,0.4,0,32,2009,4
2009,3,2,0.4,0,32,2010,1
2009,3,3,0.4,0,32,2010,2
2009,3,4,0.4,0,32,2010,3
2009,3,5,0.4,0,32,2010,4
2010,1,1,1.6,0,32,2010,2
2010,1,2,1.6,0,32,2010,3
2010,1,3,1.6,0,32,2010,4
2010,1,4,1.6,0,32,2011,1
2010,1,5,1.6,0,32,2011,2
2010,1,6,1.6,0,32,2011,3
2010,1,7,1.6,0,32,2011,4
2010,2,1,1.5,0,32,2010,3
2010,2,2,1.5,0,32,2010,4
2010,2,3,1.5,0,32,2011,1
2010,2,4,1.5,0,32,2011,2
2010,2,5,1.5,0,32,2011,3
2010,2,6,1.5,0,32,2011,4
2010,3,1,1,0,32,2010,4
2010,3,2,1,0,32,2011,1
2010,3,3,1,0,32,2011,2
2010,3,4,1,0,32,2011,3
2010,3,5,1,0,32,2011,4
2010,4,1,1.17647058823529,-0.0588235294117647,32,2011,1
2010,4,2,1.17647058823529,-0.0588235294117647,32,2011,2
2010,4,3,1.17647058823529,-0.0588235294117647,32,2011,3
2010,4,4,1.17647058823529,-0.0588235294117647,32,2011,4
2011,1,1,1.3,0,32,2011,2
2011,1,2,1.3,0,32,2011,3
2011,1,3,1.3,0,32,2011,4
2011,1,4,1.3,0,32,2012,1
2011,1,5,1.3,0,32,2012,2
2011,1,6,1.3,0,32,2012,3
2011,1,7,1.3,0,32,2012,4
2011,2,1,1.5,0,32,2011,3
2011,2,2,1.5,0,32,2011,4
2011,2,3,1.5,0,32,2012,1
2011,2,4,1.5,0,32,2012,2
2011,2,5,1.5,0,32,2012,3
2011,2,6,1.5,0,32,2012,4
2011,3,1,1.4,0,32,2011,4
2011,3,2,1.4,0,32,2012,1
2011,3,3,1.4,0,32,2012,2
2011,3,4,1.4,0,32,2012,3
2011,3,5,1.4,0,32,2012,4
2011,4,1,0.552941176470588,-0.0588235294117647,32,2012,1
2011,4,2,0.552941176470588,-0.0588235294117647,32,2012,2
2011,4,3,0.552941176470588,-0.0588235294117647,32,2012,3
2011,4,4,0.552941176470588,-0.0588235294117647,32,2012,4
2012,1,1,1.2,0,32,2012,2
2012,1,2,1.2,0,32,2012,3
2012,1,3,1.2,0,32,2012,4
2012,1,4,1.2,0,32,2013,1
2012,1,5,1.2,0,32,2013,2
2012,1,6,1.2,0,32,2013,3
2012,1,7,1.2,0,32,2013,4
2012,3,1,0.9,0,32,2012,4
2012,3,2,0.9,0,32,2013,1
2012,3,3,0.9,0,32,2013,2
2012,3,4,0.9,0,32,2013,3
2012,3,5,0.9,0,32,2013,4
2012,4,1,0.341176470588235,-0.0588235294117647,32,2013,1
2012,4,2,0.341176470588235,-0.0588235294117647,32,2013,2
2012,4,3,0.341176470588235,-0.0588235294117647,32,2013,3
2012,4,4,0.341176470588235,-0.0588235294117647,32,2013,4
2013,1,1,0.9,0,32,2013,2
2013,1,2,0.9,0,32,2013,3
2013,1,3,0.9,0,32,2013,4
2013,1,4,0.9,0,32,2014,1
2013,1,5,0.9,0,32,2014,2
2013,1,6,0.9,0,32,2014,3
2013,1,7,0.9,0,32,2014,4
2013,2,1,1,0,32,2013,3
2013,2,2,1,0,32,2013,4
2013,2,3,1,0,32,2014,1
2013,2,4,1,0,32,2014,2
2013,2,5,1,0,32,2014,3
2013,2,6,1,0,32,2014,4
2013,3,1,0.8,0,32,2013,4
2013,3,2,0.8,0,32,2014,1
2013,3,3,0.8,0,32,2014,2
2013,3,4,0.8,0,32,2014,3
2013,3,5,0.8,0,32,2014,4
2013,4,1,1.18823529411765,-0.0588235294117647,32,2014,1
2013,4,2,1.18823529411765,-0.0588235294117647,32,2014,2
2013,4,3,1.18823529411765,-0.0588235294117647,32,2014,3
2013,4,4,1.18823529411765,-0.0588235294117647,32,2014,4
2014,1,1,1.6,0,32,2014,2
2014,1,2,1.6,0,32,2014,3
2014,1,3,1.6,0,32,2014,4
2014,1,4,1.6,0,32,2015,1
2014,1,5,1.6,0,32,2015,2
2014,1,6,1.6,0,32,2015,3
2014,1,7,1.6,0,32,2015,4
2014,2,1,1.7,0,32,2014,3
2014,2,2,1.7,0,32,2014,4
2014,2,3,1.7,0,32,2015,1
2014,2,4,1.7,0,32,2015,2
2014,2,5,1.7,0,32,2015,3
2014,2,6,1.7,0,32,2015,4
2014,3,1,1.7,0,32,2014,4
2014,3,2,1.7,0,32,2015,1
2014,3,3,1.7,0,32,2015,2
2014,3,4,1.7,0,32,2015,3
2014,3,5,1.7,0,32,2015,4
2014,4,1,1.33529411764706,-0.0588235294117647,32,2015,1
2014,4,2,1.33529411764706,-0.0588235294117647,32,2015,2
2014,4,3,1.33529411764706,-0.0588235294117647,32,2015,3
2014,4,4,1.33529411764706,-0.0588235294117647,32,2015,4
2015,1,1,1.5,0,32,2015,2
2015,1,2,1.5,0,32,2015,3
2015,1,3,1.5,0,32,2015,4
2015,1,4,1.5,0,32,2016,1
2015,1,5,1.5,0,32,2016,2
2015,1,6,1.5,0,32,2016,3
2015,1,7,1.5,0,32,2016,4
2015,2,1,1.7,0,32,2015,3
2015,2,2,1.7,0,32,2015,4
2015,2,3,1.7,0,32,2016,1
2015,2,4,1.7,0,32,2016,2
2015,2,5,1.7,0,32,2016,3
2015,2,6,1.7,0,32,2016,4
2015,3,1,1.8,0,32,2015,4
2015,3,2,1.8,0,32,2016,1
2015,3,3,1.8,0,32,2016,2
2015,3,4,1.8,0,32,2016,3
2015,3,5,1.8,0,32,2016,4
2015,4,1,1.71176470588235,-0.0588235294117647,32,2016,1
2015,4,2,1.71176470588235,-0.0588235294117647,32,2016,2
2015,4,3,1.71176470588235,-0.0588235294117647,32,2016,3
2015,4,4,1.71176470588235,-0.0588235294117647,32,2016,4
2016,1,1,2,0,32,2016,2
2016,1,2,2,0,32,2016,3
2016,1,3,2,0,32,2016,4
2016,1,4,2,0,32,2017,1
2016,1,5,2,0,32,2017,2
2016,1,6,2,0,32,2017,3
2016,1,7,2,0,32,2017,4
2016,2,1,1.9,0,32,2016,3
2016,2,2,1.9,0,32,2016,4
2016,2,3,1.9,0,32,2017,1
2016,2,4,1.9,0,32,2017,2
2016,2,5,1.9,0,32,2017,3
2016,2,6,1.9,0,32,2017,4
2016,3,1,1.6,0,32,2016,4
2016,3,2,1.6,0,32,2017,1
2016,3,3,1.6,0,32,2017,2
2016,3,4,1.6,0,32,2017,3
2016,3,5,1.6,0,32,2017,4
2016,4,1,1.70588235294118,-0.0588235294117647,32,2017,1
2016,4,2,1.70588235294118,-0.0588235294117647,32,2017,2
2016,4,3,1.70588235294118,-0.0588235294117647,32,2017,3
2016,4,4,1.70588235294118,-0.0588235294117647,32,2017,4
2017,1,1,1.7,0,32,2017,2
2017,1,2,1.7,0,32,2017,3
2017,1,3,1.7,0,32,2017,4
2017,1,4,1.7,0,32,2018,1
2017,1,5,1.7,0,32,2018,2
2017,1,6,1.7,0,32,2018,3
2017,1,7,1.7,0,32,2018,4
2017,2,1,1.7,0,32,2017,3
2017,2,2,1.7,0,32,2017,4
2017,2,3,1.7,0,32,2018,1
2017,2,4,1.7,0,32,2018,2
2017,2,5,1.7,0,32,2018,3
2017,2,6,1.7,0,32,2018,4
2017,3,1,1.9,0,32,2017,4
2017,3,2,1.9,0,32,2018,1
2017,3,3,1.9,0,32,2018,2
2017,3,4,1.9,0,32,2018,3
2017,3,5,1.9,0,32,2018,4
2017,4,1,2.08823529411765,-0.0588235294117647,32,2018,1
2017,4,2,2.08823529411765,-0.0588235294117647,32,2018,2
2017,4,3,2.08823529411765,-0.0588235294117647,32,2018,3
2017,4,4,2.08823529411765,-0.0588235294117647,32,2018,4
2018,1,1,2,0,32,2018,2
2018,1,2,2,0,32,2018,3
2018,1,3,2,0,32,2018,4
2018,1,4,2,0,32,2019,1
2018,1,5,2,0,32,2019,2
2018,1,6,2,0,32,2019,3
2018,1,7,2,0,32,2019,4
2018,2,1,2.1,0,32,2018,3
2018,2,2,2.1,0,32,2018,4
2018,2,3,2.1,0,32,2019,1
2018,2,4,2.1,0,32,2019,2
2018,2,5,2.1,0,32,2019,3
2018,2,6,2.1,0,32,2019,4
2018,3,1,2,0,32,2018,4
2018,3,2,2,0,32,2019,1
2018,3,3,2,0,32,2019,2
2018,3,4,2,0,32,2019,3
2018,3,5,2,0,32,2019,4
2018,4,1,1.88823529411765,-0.0588235294117647,32,2019,1
2018,4,2,1.88823529411765,-0.0588235294117647,32,2019,2
2018,4,3,1.88823529411765,-0.0588235294117647,32,2019,3
2018,4,4,1.88823529411765,-0.0588235294117647,32,2019,4
2019,1,1,1.5,0,32,2019,2
2019,1,2,1.5,0,32,2019,3
2019,1,3,1.5,0,32,2019,4
2019,1,4,1.5,0,32,2020,1
2019,1,5,1.5,0,32,2020,2
2019,1,6,1.5,0,32,2020,3
2019,1,7,1.5,0,32,2020,4
2019,2,1,1.5,0,32,2019,3
2019,2,2,1.5,0,32,2019,4
2019,2,3,1.5,0,32,2020,1
2019,2,4,1.5,0,32,2020,2
2019,2,5,1.5,0,32,2020,3
2019,2,6,1.5,0,32,2020,4
2019,3,1,1.4,0,32,2019,4
2019,3,2,1.4,0,32,2020,1
2019,3,3,1.4,0,32,2020,2
2019,3,4,1.4,0,32,2020,3
2019,3,5,1.4,0,32,2020,4
2019,4,1,1.2,-0.0588235294117647,32,2020,1
2019,4,2,1.2,-0.0588235294117647,32,2020,2
2019,4,3,1.2,-0.0588235294117647,32,2020,3
2019,4,4,1.2,-0.0588235294117647,32,2020,4
2020,1,1,1.5,0,32,2020,2
2020,1,2,1.5,0,32,2020,3
2020,1,3,1.5,0,32,2020,4
2020,1,4,1.5,0,32,2021,1
2020,1,5,1.5,0,32,2021,2
2020,1,6,1.5,0,32,2021,3
2020,1,7,1.5,0,32,2021,4
2020,2,1,4.9,0,32,2020,3
2020,2,2,4.9,0,32,2020,4
2020,2,3,4.9,0,32,2021,1
2020,2,4,4.9,0,32,2021,2
2020,2,5,4.9,0,32,2021,3
2020,2,6,4.9,0,32,2021,4
2020,3,1,6.6,0,32,2020,4
2020,3,2,6.6,0,32,2021,1
2020,3,3,6.6,0,32,2021,2
2020,3,4,6.6,0,32,2021,3
2020,3,5,6.6,0,32,2021,4
2020,4,1,6.02941176470588,-0.0588235294117647,32,2021,1
2020,4,2,6.02941176470588,-0.0588235294117647,32,2021,2
2020,4,3,6.02941176470588,-0.0588235294117647,32,2021,3
2020,4,4,6.02941176470588,-0.0588235294117647,32,2021,4
2021,1,1,4,0,32,2021,2
2021,1,2,4,0,32,2021,3
2021,1,3,4,0,32,2021,4
2021,1,4,4,0,32,2022,1
2021,1,5,4,0,32,2022,2
2021,1,6,4,0,32,2022,3
2021,1,7,4,0,32,2022,4
2021,2,1,4.3,0,32,2021,3
2021,2,2,4.3,0,32,2021,4
2021,2,3,4.3,0,32,2022,1
2021,2,4,4.3,0,32,2022,2
2021,2,5,4.3,0,32,2022,3
2021,2,6,4.3,0,32,2022,4
2021,3,1,4.4,0,32,2021,4
2021,3,2,4.4,0,32,2022,1
2021,3,3,4.4,0,32,2022,2
2021,3,4,4.4,0,32,2022,3
2021,3,5,4.4,0,32,2022,4
2021,4,1,4.35882352941177,-0.0588235294117647,32,2022,1
2021,4,2,4.35882352941177,-0.0588235294117647,32,2022,2
2021,4,3,4.35882352941177,-0.0588235294117647,32,2022,3
2021,4,4,4.35882352941177,-0.0588235294117647,32,2022,4
2022,1,1,3.11,0,32,2022,2
2022,1,2,3.11,0,32,2022,3
2022,1,3,3.11,0,32,2022,4
2022,1,4,3.11,0,32,2023,1
2022,1,5,3.11,0,32,2023,2
2022,1,6,3.11,0,32,2023,3
2022,1,7,3.11,0,32,2023,4
2022,2,1,3.1,0,32,2022,3
2022,2,2,3.1,0,32,2022,4
2022,2,3,3.1,0,32,2023,1
2022,2,4,3.1,0,32,2023,2
2022,2,5,3.1,0,32,2023,3
2022,2,6,3.1,0,32,2023,4
2022,3,1,2.5,0,32,2022,4
2022,3,2,2.5,0,32,2023,1
2022,3,3,2.5,0,32,2023,2
2022,3,4,2.5,0,32,2023,3
2022,3,5,2.5,0,32,2023,4
2022,4,1,-0.282352941176471,-0.0588235294117647,32,2023,1
2022,4,2,-0.282352941176471,-0.0588235294117647,32,2023,2
2022,4,3,-0.282352941176471,-0.0588235294117647,32,2023,3
2022,4,4,-0.282352941176471,-0.0588235294117647,32,2023,4
2023,1,1,1.5,0,32,2023,2
2023,1,2,1.5,0,32,2023,3
2023,1,3,1.5,0,32,2023,4
2023,1,4,1.5,0,32,2024,1
2023,1,5,1.5,0,32,2024,2
2023,1,6,1.5,0,32,2024,3
2023,1,7,1.5,0,32,2024,4
2023,2,1,1.6,0,32,2023,3
2023,2,2,1.6,0,32,2023,4
2023,2,3,1.6,0,32,2024,1
2023,2,4,1.6,0,32,2024,2
2023,2,5,1.6,0,32,2024,3
2023,2,6,1.6,0,32,2024,4
2023,3,1,1.7,0,32,2023,4
2023,3,2,1.7,0,32,2024,1
2023,3,3,1.7,0,32,2024,2
2023,3,4,1.7,0,32,2024,3
2023,3,5,1.7,0,32,2024,4
2023,4,1,1.44705882352941,-0.0588235294117647,32,2024,1
2023,4,2,1.44705882352941,-0.0588235294117647,32,2024,2
2023,4,3,1.44705882352941,-0.0588235294117647,32,2024,3
2023,4,4,1.44705882352941,-0.0588235294117647,32,2024,4
2024,1,1,1.5,0,32,2024,2
2024,1,2,1.5,0,32,2024,3
2024,1,3,1.5,0,32,2024,4
2024,1,4,1.5,0,32,2025,1
2024,1,5,1.5,0,32,2025,2
2024,1,6,1.5,0,32,2025,3
2024,1,7,1.5,0,32,2025,4
2024,2,1,1.5,0,32,2024,3
2024,2,2,1.5,0,32,2024,4
2024,2,3,1.5,0,32,2025,1
2024,2,4,1.5,0,32,2025,2
2024,2,5,1.5,0,32,2025,3
2024,2,6,1.5,0,32,2025,4
2024,3,1,1.5,0,32,2024,4
2024,3,2,1.5,0,32,2025,1
2024,3,3,1.5,0,32,2025,2
2024,3,4,1.5,0,32,2025,3
2024,3,5,1.5,0,32,2025,4
2024,4,1,1.21060068117647,-0.0588235294117647,32,2025,1
2024,4,2,1.21060068117647,-0.0588235294117647,32,2025,2
2024,4,3,1.21060068117647,-0.0588235294117647,32,2025,3
2024,4,4,1.21060068117647,-0.0588235294117647,32,2025,4
2001,1,1,2.8,0,33,2001,2
2001,1,2,2.8,0,33,2001,3
2001,1,3,2.8,0,33,2001,4
2001,1,4,2.8,0,33,2002,1
2001,1,5,2.8,0,33,2002,2
2001,1,6,2.8,0,33,2002,3
2001,1,7,2.8,0,33,2002,4
2001,2,1,2.6,0,33,2001,3
2001,2,2,2.6,0,33,2001,4
2001,2,3,2.6,0,33,2002,1
2001,2,4,2.6,0,33,2002,2
2001,2,5,2.6,0,33,2002,3
2001,2,6,2.6,0,33,2002,4
2001,3,1,2.5,0,33,2001,4
2001,3,2,2.5,0,33,2002,1
2001,3,3,2.5,0,33,2002,2
2001,3,4,2.5,0,33,2002,3
2001,3,5,2.5,0,33,2002,4
2001,4,1,1.81764705882353,-0.0588235294117647,33,2002,1
2001,4,2,1.81764705882353,-0.0588235294117647,33,2002,2
2001,4,3,1.81764705882353,-0.0588235294117647,33,2002,3
2001,4,4,1.81764705882353,-0.0588235294117647,33,2002,4
2002,1,1,2.5,0,33,2002,2
2002,1,2,2.5,0,33,2002,3
2002,1,3,2.5,0,33,2002,4
2002,1,4,2.5,0,33,2003,1
2002,1,5,2.5,0,33,2003,2
2002,1,6,2.5,0,33,2003,3
2002,1,7,2.5,0,33,2003,4
2002,2,1,2.5,0,33,2002,3
2002,2,2,2.5,0,33,2002,4
2002,2,3,2.5,0,33,2003,1
2002,2,4,2.5,0,33,2003,2
2002,2,5,2.5,0,33,2003,3
2002,2,6,2.5,0,33,2003,4
2002,3,1,1.6,0,33,2002,4
2002,3,2,1.6,0,33,2003,1
2002,3,3,1.6,0,33,2003,2
2002,3,4,1.6,0,33,2003,3
2002,3,5,1.6,0,33,2003,4
2002,4,1,1.85882352941176,-0.0588235294117647,33,2003,1
2002,4,2,1.85882352941176,-0.0588235294117647,33,2003,2
2002,4,3,1.85882352941176,-0.0588235294117647,33,2003,3
2002,4,4,1.85882352941176,-0.0588235294117647,33,2003,4
2003,1,1,2,0,33,2003,2
2003,1,2,2,0,33,2003,3
2003,1,3,2,0,33,2003,4
2003,1,4,2,0,33,2004,1
2003,1,5,2,0,33,2004,2
2003,1,6,2,0,33,2004,3
2003,1,7,2,0,33,2004,4
2003,2,1,2,0,33,2003,3
2003,2,2,2,0,33,2003,4
2003,2,3,2,0,33,2004,1
2003,2,4,2,0,33,2004,2
2003,2,5,2,0,33,2004,3
2003,2,6,2,0,33,2004,4
2003,3,1,1.5,0,33,2003,4
2003,3,2,1.5,0,33,2004,1
2003,3,3,1.5,0,33,2004,2
2003,3,4,1.5,0,33,2004,3
2003,3,5,1.5,0,33,2004,4
2003,4,1,1.98235294117647,-0.0588235294117647,33,2004,1
2003,4,2,1.98235294117647,-0.0588235294117647,33,2004,2
2003,4,3,1.98235294117647,-0.0588235294117647,33,2004,3
2003,4,4,1.98235294117647,-0.0588235294117647,33,2004,4
2004,2,1,2,0,33,2004,3
2004,2,2,2,0,33,2004,4
2004,2,3,2,0,33,2005,1
2004,2,4,2,0,33,2005,2
2004,2,5,2,0,33,2005,3
2004,2,6,2,0,33,2005,4
2004,3,1,2,0,33,2004,4
2004,3,2,2,0,33,2005,1
2004,3,3,2,0,33,2005,2
2004,3,4,2,0,33,2005,3
2004,3,5,2,0,33,2005,4
2004,4,1,2.00588235294118,-0.0588235294117647,33,2005,1
2004,4,2,2.00588235294118,-0.0588235294117647,33,2005,2
2004,4,3,2.00588235294118,-0.0588235294117647,33,2005,3
2004,4,4,2.00588235294118,-0.0588235294117647,33,2005,4
2005,1,1,2,0,33,2005,2
2005,1,2,2,0,33,2005,3
2005,1,3,2,0,33,2005,4
2005,1,4,2,0,33,2006,1
2005,1,5,2,0,33,2006,2
2005,1,6,2,0,33,2006,3
2005,1,7,2,0,33,2006,4
2005,2,1,2,0,33,2005,3
2005,2,2,2,0,33,2005,4
2005,2,3,2,0,33,2006,1
2005,2,4,2,0,33,2006,2
2005,2,5,2,0,33,2006,3
2005,2,6,2,0,33,2006,4
2005,3,1,1.7,0,33,2005,4
2005,3,2,1.7,0,33,2006,1
2005,3,3,1.7,0,33,2006,2
2005,3,4,1.7,0,33,2006,3
2005,3,5,1.7,0,33,2006,4
2005,4,1,2.04705882352941,-0.0588235294117647,33,2006,1
2005,4,2,2.04705882352941,-0.0588235294117647,33,2006,2
2005,4,3,2.04705882352941,-0.0588235294117647,33,2006,3
2005,4,4,2.04705882352941,-0.0588235294117647,33,2006,4
2006,1,1,2,0,33,2006,2
2006,1,2,2,0,33,2006,3
2006,1,3,2,0,33,2006,4
2006,1,4,2,0,33,2007,1
2006,1,5,2,0,33,2007,2
2006,1,6,2,0,33,2007,3
2006,1,7,2,0,33,2007,4
2006,2,1,2,0,33,2006,3
2006,2,2,2,0,33,2006,4
2006,2,3,2,0,33,2007,1
2006,2,4,2,0,33,2007,2
2006,2,5,2,0,33,2007,3
2006,2,6,2,0,33,2007,4
2006,3,1,1.8,0,33,2006,4
2006,3,2,1.8,0,33,2007,1
2006,3,3,1.8,0,33,2007,2
2006,3,4,1.8,0,33,2007,3
2006,3,5,1.8,0,33,2007,4
2006,4,1,2.48235294117647,-0.0588235294117647,33,2007,1
2006,4,2,2.48235294117647,-0.0588235294117647,33,2007,2
2006,4,3,2.48235294117647,-0.0588235294117647,33,2007,3
2006,4,4,2.48235294117647,-0.0588235294117647,33,2007,4
2007,1,1,2.1,0,33,2007,2
2007,1,2,2.1,0,33,2007,3
2007,1,3,2.1,0,33,2007,4
2007,1,4,2.1,0,33,2008,1
2007,1,5,2.1,0,33,2008,2
2007,1,6,2.1,0,33,2008,3
2007,1,7,2.1,0,33,2008,4
2007,2,1,2.5,0,33,2007,3
2007,2,2,2.5,0,33,2007,4
2007,2,3,2.5,0,33,2008,1
2007,2,4,2.5,0,33,2008,2
2007,2,5,2.5,0,33,2008,3
2007,2,6,2.5,0,33,2008,4
2008,1,1,2,0,33,2008,2
2008,1,2,2,0,33,2008,3
2008,1,3,2,0,33,2008,4
2008,1,4,2,0,33,2009,1
2008,1,5,2,0,33,2009,2
2008,1,6,2,0,33,2009,3
2008,1,7,2,0,33,2009,4
2008,2,1,1.8,0,33,2008,3
2008,2,2,1.8,0,33,2008,4
2008,2,3,1.8,0,33,2009,1
2008,2,4,1.8,0,33,2009,2
2008,2,5,1.8,0,33,2009,3
2008,2,6,1.8,0,33,2009,4
2008,3,1,1.5,0,33,2008,4
2008,3,2,1.5,0,33,2009,1
2008,3,3,1.5,0,33,2009,2
2008,3,4,1.5,0,33,2009,3
2008,3,5,1.5,0,33,2009,4
2009,1,1,0.5,0,33,2009,2
2009,1,2,0.5,0,33,2009,3
2009,1,3,0.5,0,33,2009,4
2009,1,4,0.5,0,33,2010,1
2009,1,5,0.5,0,33,2010,2
2009,1,6,0.5,0,33,2010,3
2009,1,7,0.5,0,33,2010,4
2009,2,1,0.5,0,33,2009,3
2009,2,2,0.5,0,33,2009,4
2009,2,3,0.5,0,33,2010,1
2009,2,4,0.5,0,33,2010,2
2009,2,5,0.5,0,33,2010,3
2009,2,6,0.5,0,33,2010,4
2009,3,1,0,0,33,2009,4
2009,3,2,0,0,33,2010,1
2009,3,3,0,0,33,2010,2
2009,3,4,0,0,33,2010,3
2009,3,5,0,0,33,2010,4
2009,4,1,1.29411764705882,-0.0588235294117647,33,2010,1
2009,4,2,1.29411764705882,-0.0588235294117647,33,2010,2
2009,4,3,1.29411764705882,-0.0588235294117647,33,2010,3
2009,4,4,1.29411764705882,-0.0588235294117647,33,2010,4
2010,1,1,1,0,33,2010,2
2010,1,2,1,0,33,2010,3
2010,1,3,1,0,33,2010,4
2010,1,4,1,0,33,2011,1
2010,1,5,1,0,33,2011,2
2010,1,6,1,0,33,2011,3
2010,1,7,1,0,33,2011,4
2010,3,1,1.2,0,33,2010,4
2010,3,2,1.2,0,33,2011,1
2010,3,3,1.2,0,33,2011,2
2010,3,4,1.2,0,33,2011,3
2010,3,5,1.2,0,33,2011,4
2010,4,1,1.28823529411765,-0.0588235294117647,33,2011,1
2010,4,2,1.28823529411765,-0.0588235294117647,33,2011,2
2010,4,3,1.28823529411765,-0.0588235294117647,33,2011,3
2010,4,4,1.28823529411765,-0.0588235294117647,33,2011,4
2011,1,1,2.2,0,33,2011,2
2011,1,2,2.2,0,33,2011,3
2011,1,3,2.2,0,33,2011,4
2011,1,4,2.2,0,33,2012,1
2011,1,5,2.2,0,33,2012,2
2011,1,6,2.2,0,33,2012,3
2011,1,7,2.2,0,33,2012,4
2011,2,1,1.6,0,33,2011,3
2011,2,2,1.6,0,33,2011,4
2011,2,3,1.6,0,33,2012,1
2011,2,4,1.6,0,33,2012,2
2011,2,5,1.6,0,33,2012,3
2011,2,6,1.6,0,33,2012,4
2011,3,1,1.8,0,33,2011,4
2011,3,2,1.8,0,33,2012,1
2011,3,3,1.8,0,33,2012,2
2011,3,4,1.8,0,33,2012,3
2011,3,5,1.8,0,33,2012,4
2011,4,1,0.441176470588235,-0.0588235294117647,33,2012,1
2011,4,2,0.441176470588235,-0.0588235294117647,33,2012,2
2011,4,3,0.441176470588235,-0.0588235294117647,33,2012,3
2011,4,4,0.441176470588235,-0.0588235294117647,33,2012,4
2012,1,1,1,0,33,2012,2
2012,1,2,1,0,33,2012,3
2012,1,3,1,0,33,2012,4
2012,1,4,1,0,33,2013,1
2012,1,5,1,0,33,2013,2
2012,1,6,1,0,33,2013,3
2012,1,7,1,0,33,2013,4
2012,2,1,1,0,33,2012,3
2012,2,2,1,0,33,2012,4
2012,2,3,1,0,33,2013,1
2012,2,4,1,0,33,2013,2
2012,2,5,1,0,33,2013,3
2012,2,6,1,0,33,2013,4
2012,3,1,0.5,0,33,2012,4
2012,3,2,0.5,0,33,2013,1
2012,3,3,0.5,0,33,2013,2
2012,3,4,0.5,0,33,2013,3
2012,3,5,0.5,0,33,2013,4
2012,4,1,0.0470588235294118,-0.0588235294117647,33,2013,1
2012,4,2,0.0470588235294118,-0.0588235294117647,33,2013,2
2012,4,3,0.0470588235294118,-0.0588235294117647,33,2013,3
2012,4,4,0.0470588235294118,-0.0588235294117647,33,2013,4
2013,1,1,1,0,33,2013,2
2013,1,2,1,0,33,2013,3
2013,1,3,1,0,33,2013,4
2013,1,4,1,0,33,2014,1
2013,1,5,1,0,33,2014,2
2013,1,6,1,0,33,2014,3
2013,1,7,1,0,33,2014,4
2017,3,1,1.8,0,33,2017,4
2017,3,2,1.8,0,33,2018,1
2017,3,3,1.8,0,33,2018,2
2017,3,4,1.8,0,33,2018,3
2017,3,5,1.8,0,33,2018,4
2017,4,1,1.77647058823529,-0.0588235294117647,33,2018,1
2017,4,2,1.77647058823529,-0.0588235294117647,33,2018,2
2017,4,3,1.77647058823529,-0.0588235294117647,33,2018,3
2017,4,4,1.77647058823529,-0.0588235294117647,33,2018,4
2018,1,1,2,0,33,2018,2
2018,1,2,2,0,33,2018,3
2018,1,3,2,0,33,2018,4
2018,1,4,2,0,33,2019,1
2018,1,5,2,0,33,2019,2
2018,1,6,2,0,33,2019,3
2018,1,7,2,0,33,2019,4
2018,2,1,1.8,0,33,2018,3
2018,2,2,1.8,0,33,2018,4
2018,2,3,1.8,0,33,2019,1
2018,2,4,1.8,0,33,2019,2
2018,2,5,1.8,0,33,2019,3
2018,2,6,1.8,0,33,2019,4
2018,3,1,1.6,0,33,2018,4
2018,3,2,1.6,0,33,2019,1
2018,3,3,1.6,0,33,2019,2
2018,3,4,1.6,0,33,2019,3
2018,3,5,1.6,0,33,2019,4
2018,4,1,1.78823529411765,-0.0588235294117647,33,2019,1
2018,4,2,1.78823529411765,-0.0588235294117647,33,2019,2
2018,4,3,1.78823529411765,-0.0588235294117647,33,2019,3
2018,4,4,1.78823529411765,-0.0588235294117647,33,2019,4
2019,1,1,1.67,0,33,2019,2
2019,1,2,1.67,0,33,2019,3
2019,1,3,1.67,0,33,2019,4
2019,1,4,1.67,0,33,2020,1
2019,1,5,1.67,0,33,2020,2
2019,1,6,1.67,0,33,2020,3
2019,1,7,1.67,0,33,2020,4
2019,2,1,1.5,0,33,2019,3
2019,2,2,1.5,0,33,2019,4
2019,2,3,1.5,0,33,2020,1
2019,2,4,1.5,0,33,2020,2
2019,2,5,1.5,0,33,2020,3
2019,2,6,1.5,0,33,2020,4
2019,3,1,1.3,0,33,2019,4
2019,3,2,1.3,0,33,2020,1
2019,3,3,1.3,0,33,2020,2
2019,3,4,1.3,0,33,2020,3
2019,3,5,1.3,0,33,2020,4
2019,4,1,0.782352941176471,-0.0588235294117647,33,2020,1
2019,4,2,0.782352941176471,-0.0588235294117647,33,2020,2
2019,4,3,0.782352941176471,-0.0588235294117647,33,2020,3
2019,4,4,0.782352941176471,-0.0588235294117647,33,2020,4
2020,1,1,1.4,0,33,2020,2
2020,1,2,1.4,0,33,2020,3
2020,1,3,1.4,0,33,2020,4
2020,1,4,1.4,0,33,2021,1
2020,1,5,1.4,0,33,2021,2
2020,1,6,1.4,0,33,2021,3
2020,1,7,1.4,0,33,2021,4
2020,2,1,4,0,33,2020,3
2020,2,2,4,0,33,2020,4
2020,2,3,4,0,33,2021,1
2020,2,4,4,0,33,2021,2
2020,2,5,4,0,33,2021,3
2020,2,6,4,0,33,2021,4
2020,3,1,4.64,0,33,2020,4
2020,3,2,4.64,0,33,2021,1
2020,3,3,4.64,0,33,2021,2
2020,3,4,4.64,0,33,2021,3
2020,3,5,4.64,0,33,2021,4
2020,4,1,5.65294117647059,-0.0588235294117647,33,2021,1
2020,4,2,5.65294117647059,-0.0588235294117647,33,2021,2
2020,4,3,5.65294117647059,-0.0588235294117647,33,2021,3
2020,4,4,5.65294117647059,-0.0588235294117647,33,2021,4
2021,1,1,2.1,0,33,2021,2
2021,1,2,2.1,0,33,2021,3
2021,1,3,2.1,0,33,2021,4
2021,1,4,2.1,0,33,2022,1
2021,1,5,2.1,0,33,2022,2
2021,1,6,2.1,0,33,2022,3
2021,1,7,2.1,0,33,2022,4
2021,2,1,2.39,0,33,2021,3
2021,2,2,2.39,0,33,2021,4
2021,2,3,2.39,0,33,2022,1
2021,2,4,2.39,0,33,2022,2
2021,2,5,2.39,0,33,2022,3
2021,2,6,2.39,0,33,2022,4
2022,2,1,1.76,0,33,2022,3
2022,2,2,1.76,0,33,2022,4
2022,2,3,1.76,0,33,2023,1
2022,2,4,1.76,0,33,2023,2
2022,2,5,1.76,0,33,2023,3
2022,2,6,1.76,0,33,2023,4
2022,3,1,1.8,0,33,2022,4
2022,3,2,1.8,0,33,2023,1
2022,3,3,1.8,0,33,2023,2
2022,3,4,1.8,0,33,2023,3
2022,3,5,1.8,0,33,2023,4
2022,4,1,0.0623529411764706,-0.0588235294117647,33,2023,1
2022,4,2,0.0623529411764706,-0.0588235294117647,33,2023,2
2022,4,3,0.0623529411764706,-0.0588235294117647,33,2023,3
2022,4,4,0.0623529411764706,-0.0588235294117647,33,2023,4
2023,2,1,0.9,0,33,2023,3
2023,2,2,0.9,0,33,2023,4
2023,2,3,0.9,0,33,2024,1
2023,2,4,0.9,0,33,2024,2
2023,2,5,0.9,0,33,2024,3
2023,2,6,0.9,0,33,2024,4
2023,4,1,1.12941176470588,-0.0588235294117647,33,2024,1
2023,4,2,1.12941176470588,-0.0588235294117647,33,2024,2
2023,4,3,1.12941176470588,-0.0588235294117647,33,2024,3
2023,4,4,1.12941176470588,-0.0588235294117647,33,2024,4
2024,1,1,1.5,0,33,2024,2
2024,1,2,1.5,0,33,2024,3
2024,1,3,1.5,0,33,2024,4
2024,1,4,1.5,0,33,2025,1
2024,1,5,1.5,0,33,2025,2
2024,1,6,1.5,0,33,2025,3
2024,1,7,1.5,0,33,2025,4
2024,2,1,1.4,0,33,2024,3
2024,2,2,1.4,0,33,2024,4
2024,2,3,1.4,0,33,2025,1
2024,2,4,1.4,0,33,2025,2
2024,2,5,1.4,0,33,2025,3
2024,2,6,1.4,0,33,2025,4
2024,3,1,1.3,0,33,2024,4
2024,3,2,1.3,0,33,2025,1
2024,3,3,1.3,0,33,2025,2
2024,3,4,1.3,0,33,2025,3
2024,3,5,1.3,0,33,2025,4
2024,4,1,1.43529411764706,-0.0588235294117647,33,2025,1
2024,4,2,1.43529411764706,-0.0588235294117647,33,2025,2
2024,4,3,1.43529411764706,-0.0588235294117647,33,2025,3
2024,4,4,1.43529411764706,-0.0588235294117647,33,2025,4
2001,1,1,2.7,0,34,2001,2
2001,1,2,2.7,0,34,2001,3
2001,1,3,2.7,0,34,2001,4
2001,1,4,2.7,0,34,2002,1
2001,1,5,2.7,0,34,2002,2
2001,1,6,2.7,0,34,2002,3
2001,1,7,2.7,0,34,2002,4
2001,1,1,2.8,0,36,2001,2
2001,1,2,2.8,0,36,2001,3
2001,1,3,2.8,0,36,2001,4
2001,1,4,2.8,0,36,2002,1
2001,1,5,2.8,0,36,2002,2
2001,1,6,2.8,0,36,2002,3
2001,1,7,2.8,0,36,2002,4
2001,2,1,2.8,0,36,2001,3
2001,2,2,2.8,0,36,2001,4
2001,2,3,2.8,0,36,2002,1
2001,2,4,2.8,0,36,2002,2
2001,2,5,2.8,0,36,2002,3
2001,2,6,2.8,0,36,2002,4
2001,3,1,2.5,0,36,2001,4
2001,3,2,2.5,0,36,2002,1
2001,3,3,2.5,0,36,2002,2
2001,3,4,2.5,0,36,2002,3
2001,3,5,2.5,0,36,2002,4
2001,4,1,1.91764705882353,-0.0588235294117647,36,2002,1
2001,4,2,1.91764705882353,-0.0588235294117647,36,2002,2
2001,4,3,1.91764705882353,-0.0588235294117647,36,2002,3
2001,4,4,1.91764705882353,-0.0588235294117647,36,2002,4
2002,1,1,2.6,0,36,2002,2
2002,1,2,2.6,0,36,2002,3
2002,1,3,2.6,0,36,2002,4
2002,1,4,2.6,0,36,2003,1
2002,1,5,2.6,0,36,2003,2
2002,1,6,2.6,0,36,2003,3
2002,1,7,2.6,0,36,2003,4
2002,2,1,2.6,0,36,2002,3
2002,2,2,2.6,0,36,2002,4
2002,2,3,2.6,0,36,2003,1
2002,2,4,2.6,0,36,2003,2
2002,2,5,2.6,0,36,2003,3
2002,2,6,2.6,0,36,2003,4
2002,3,1,2.3,0,36,2002,4
2002,3,2,2.3,0,36,2003,1
2002,3,3,2.3,0,36,2003,2
2002,3,4,2.3,0,36,2003,3
2002,3,5,2.3,0,36,2003,4
2002,4,1,1.84705882352941,-0.0588235294117647,36,2003,1
2002,4,2,1.84705882352941,-0.0588235294117647,36,2003,2
2002,4,3,1.84705882352941,-0.0588235294117647,36,2003,3
2002,4,4,1.84705882352941,-0.0588235294117647,36,2003,4
2003,1,1,2.2,0,36,2003,2
2003,1,2,2.2,0,36,2003,3
2003,1,3,2.2,0,36,2003,4
2003,1,4,2.2,0,36,2004,1
2003,1,5,2.2,0,36,2004,2
2003,1,6,2.2,0,36,2004,3
2003,1,7,2.2,0,36,2004,4
2003,3,1,1.8,0,36,2003,4
2003,3,2,1.8,0,36,2004,1
2003,3,3,1.8,0,36,2004,2
2003,3,4,1.8,0,36,2004,3
2003,3,5,1.8,0,36,2004,4
2003,4,1,1.87647058823529,-0.0588235294117647,36,2004,1
2003,4,2,1.87647058823529,-0.0588235294117647,36,2004,2
2003,4,3,1.87647058823529,-0.0588235294117647,36,2004,3
2003,4,4,1.87647058823529,-0.0588235294117647,36,2004,4
2004,2,1,2.4,0,36,2004,3
2004,2,2,2.4,0,36,2004,4
2004,2,3,2.4,0,36,2005,1
2004,2,4,2.4,0,36,2005,2
2004,2,5,2.4,0,36,2005,3
2004,2,6,2.4,0,36,2005,4
2004,3,1,2.2,0,36,2004,4
2004,3,2,2.2,0,36,2005,1
2004,3,3,2.2,0,36,2005,2
2004,3,4,2.2,0,36,2005,3
2004,3,5,2.2,0,36,2005,4
2005,1,1,2.4,0,36,2005,2
2005,1,2,2.4,0,36,2005,3
2005,1,3,2.4,0,36,2005,4
2005,1,4,2.4,0,36,2006,1
2005,1,5,2.4,0,36,2006,2
2005,1,6,2.4,0,36,2006,3
2005,1,7,2.4,0,36,2006,4
2005,2,1,2.4,0,36,2005,3
2005,2,2,2.4,0,36,2005,4
2005,2,3,2.4,0,36,2006,1
2005,2,4,2.4,0,36,2006,2
2005,2,5,2.4,0,36,2006,3
2005,2,6,2.4,0,36,2006,4
2005,4,1,2.23529411764706,-0.0588235294117647,36,2006,1
2005,4,2,2.23529411764706,-0.0588235294117647,36,2006,2
2005,4,3,2.23529411764706,-0.0588235294117647,36,2006,3
2005,4,4,2.23529411764706,-0.0588235294117647,36,2006,4
2006,1,1,2.4,0,36,2006,2
2006,1,2,2.4,0,36,2006,3
2006,1,3,2.4,0,36,2006,4
2006,1,4,2.4,0,36,2007,1
2006,1,5,2.4,0,36,2007,2
2006,1,6,2.4,0,36,2007,3
2006,1,7,2.4,0,36,2007,4
2006,2,1,2.4,0,36,2006,3
2006,2,2,2.4,0,36,2006,4
2006,2,3,2.4,0,36,2007,1
2006,2,4,2.4,0,36,2007,2
2006,2,5,2.4,0,36,2007,3
2006,2,6,2.4,0,36,2007,4
2006,4,1,2.71176470588235,-0.0588235294117647,36,2007,1
2006,4,2,2.71176470588235,-0.0588235294117647,36,2007,2
2006,4,3,2.71176470588235,-0.0588235294117647,36,2007,3
2006,4,4,2.71176470588235,-0.0588235294117647,36,2007,4
2007,1,1,2.5,0,36,2007,2
2007,1,2,2.5,0,36,2007,3
2007,1,3,2.5,0,36,2007,4
2007,1,4,2.5,0,36,2008,1
2007,1,5,2.5,0,36,2008,2
2007,1,6,2.5,0,36,2008,3
2007,1,7,2.5,0,36,2008,4
2007,2,1,2.5,0,36,2007,3
2007,2,2,2.5,0,36,2007,4
2007,2,3,2.5,0,36,2008,1
2007,2,4,2.5,0,36,2008,2
2007,2,5,2.5,0,36,2008,3
2007,2,6,2.5,0,36,2008,4
2007,3,1,2.7,0,36,2007,4
2007,3,2,2.7,0,36,2008,1
2007,3,3,2.7,0,36,2008,2
2007,3,4,2.7,0,36,2008,3
2007,3,5,2.7,0,36,2008,4
2008,1,1,2,0,36,2008,2
2008,1,2,2,0,36,2008,3
2008,1,3,2,0,36,2008,4
2008,1,4,2,0,36,2009,1
2008,1,5,2,0,36,2009,2
2008,1,6,2,0,36,2009,3
2008,1,7,2,0,36,2009,4
2008,4,1,0.429411764705882,-0.0588235294117647,36,2009,1
2008,4,2,0.429411764705882,-0.0588235294117647,36,2009,2
2008,4,3,0.429411764705882,-0.0588235294117647,36,2009,3
2008,4,4,0.429411764705882,-0.0588235294117647,36,2009,4
2009,1,1,0,0,36,2009,2
2009,1,2,0,0,36,2009,3
2009,1,3,0,0,36,2009,4
2009,1,4,0,0,36,2010,1
2009,1,5,0,0,36,2010,2
2009,1,6,0,0,36,2010,3
2009,1,7,0,0,36,2010,4
2010,1,1,1.5,0,36,2010,2
2010,1,2,1.5,0,36,2010,3
2010,1,3,1.5,0,36,2010,4
2010,1,4,1.5,0,36,2011,1
2010,1,5,1.5,0,36,2011,2
2010,1,6,1.5,0,36,2011,3
2010,1,7,1.5,0,36,2011,4
2010,2,1,1.8,0,36,2010,3
2010,2,2,1.8,0,36,2010,4
2010,2,3,1.8,0,36,2011,1
2010,2,4,1.8,0,36,2011,2
2010,2,5,1.8,0,36,2011,3
2010,2,6,1.8,0,36,2011,4
2010,3,1,1.4,0,36,2010,4
2010,3,2,1.4,0,36,2011,1
2010,3,3,1.4,0,36,2011,2
2010,3,4,1.4,0,36,2011,3
2010,3,5,1.4,0,36,2011,4
2011,1,1,2.3,0,36,2011,2
2011,1,2,2.3,0,36,2011,3
2011,1,3,2.3,0,36,2011,4
2011,1,4,2.3,0,36,2012,1
2011,1,5,2.3,0,36,2012,2
2011,1,6,2.3,0,36,2012,3
2011,1,7,2.3,0,36,2012,4
2011,4,1,0.858823529411765,-0.0588235294117647,36,2012,1
2011,4,2,0.858823529411765,-0.0588235294117647,36,2012,2
2011,4,3,0.858823529411765,-0.0588235294117647,36,2012,3
2011,4,4,0.858823529411765,-0.0588235294117647,36,2012,4
2012,1,1,1.8,0,36,2012,2
2012,1,2,1.8,0,36,2012,3
2012,1,3,1.8,0,36,2012,4
2012,1,4,1.8,0,36,2013,1
2012,1,5,1.8,0,36,2013,2
2012,1,6,1.8,0,36,2013,3
2012,1,7,1.8,0,36,2013,4
2012,3,1,1.4,0,36,2012,4
2012,3,2,1.4,0,36,2013,1
2012,3,3,1.4,0,36,2013,2
2012,3,4,1.4,0,36,2013,3
2012,3,5,1.4,0,36,2013,4
2013,1,1,1.2,0,36,2013,2
2013,1,2,1.2,0,36,2013,3
2013,1,3,1.2,0,36,2013,4
2013,1,4,1.2,0,36,2014,1
2013,1,5,1.2,0,36,2014,2
2013,1,6,1.2,0,36,2014,3
2013,1,7,1.2,0,36,2014,4
2013,3,1,1.2,0,36,2013,4
2013,3,2,1.2,0,36,2014,1
2013,3,3,1.2,0,36,2014,2
2013,3,4,1.2,0,36,2014,3
2013,3,5,1.2,0,36,2014,4
2014,3,1,1.4,0,36,2014,4
2014,3,2,1.4,0,36,2015,1
2014,3,3,1.4,0,36,2015,2
2014,3,4,1.4,0,36,2015,3
2014,3,5,1.4,0,36,2015,4
2014,4,1,0.811764705882353,-0.0588235294117647,36,2015,1
2014,4,2,0.811764705882353,-0.0588235294117647,36,2015,2
2014,4,3,0.811764705882353,-0.0588235294117647,36,2015,3
2014,4,4,0.811764705882353,-0.0588235294117647,36,2015,4
2015,1,1,1.5,0,36,2015,2
2015,1,2,1.5,0,36,2015,3
2015,1,3,1.5,0,36,2015,4
2015,1,4,1.5,0,36,2016,1
2015,1,5,1.5,0,36,2016,2
2015,1,6,1.5,0,36,2016,3
2015,1,7,1.5,0,36,2016,4
2015,2,1,1.5,0,36,2015,3
2015,2,2,1.5,0,36,2015,4
2015,2,3,1.5,0,36,2016,1
2015,2,4,1.5,0,36,2016,2
2015,2,5,1.5,0,36,2016,3
2015,2,6,1.5,0,36,2016,4
2015,4,1,1.42941176470588,-0.0588235294117647,36,2016,1
2015,4,2,1.42941176470588,-0.0588235294117647,36,2016,2
2015,4,3,1.42941176470588,-0.0588235294117647,36,2016,3
2015,4,4,1.42941176470588,-0.0588235294117647,36,2016,4
2017,3,1,1.7,0,36,2017,4
2017,3,2,1.7,0,36,2018,1
2017,3,3,1.7,0,36,2018,2
2017,3,4,1.7,0,36,2018,3
2017,3,5,1.7,0,36,2018,4
2017,4,1,1.99411764705882,-0.0588235294117647,36,2018,1
2017,4,2,1.99411764705882,-0.0588235294117647,36,2018,2
2017,4,3,1.99411764705882,-0.0588235294117647,36,2018,3
2017,4,4,1.99411764705882,-0.0588235294117647,36,2018,4
2018,1,1,2.2,0,36,2018,2
2018,1,2,2.2,0,36,2018,3
2018,1,3,2.2,0,36,2018,4
2018,1,4,2.2,0,36,2019,1
2018,1,5,2.2,0,36,2019,2
2018,1,6,2.2,0,36,2019,3
2018,1,7,2.2,0,36,2019,4
2018,2,1,2,0,36,2018,3
2018,2,2,2,0,36,2018,4
2018,2,3,2,0,36,2019,1
2018,2,4,2,0,36,2019,2
2018,2,5,2,0,36,2019,3
2018,2,6,2,0,36,2019,4
2018,4,1,2.01176470588235,-0.0588235294117647,36,2019,1
2018,4,2,2.01176470588235,-0.0588235294117647,36,2019,2
2018,4,3,2.01176470588235,-0.0588235294117647,36,2019,3
2018,4,4,2.01176470588235,-0.0588235294117647,36,2019,4
2019,1,1,1.8,0,36,2019,2
2019,1,2,1.8,0,36,2019,3
2019,1,3,1.8,0,36,2019,4
2019,1,4,1.8,0,36,2020,1
2019,1,5,1.8,0,36,2020,2
2019,1,6,1.8,0,36,2020,3
2019,1,7,1.8,0,36,2020,4
2019,2,1,1.5,0,36,2019,3
2019,2,2,1.5,0,36,2019,4
2019,2,3,1.5,0,36,2020,1
2019,2,4,1.5,0,36,2020,2
2019,2,5,1.5,0,36,2020,3
2019,2,6,1.5,0,36,2020,4
2020,2,1,0,0,36,2020,3
2020,2,2,0,0,36,2020,4
2020,2,3,0,0,36,2021,1
2020,2,4,0,0,36,2021,2
2020,2,5,0,0,36,2021,3
2020,2,6,0,0,36,2021,4
2020,3,1,5,0,36,2020,4
2020,3,2,5,0,36,2021,1
2020,3,3,5,0,36,2021,2
2020,3,4,5,0,36,2021,3
2020,3,5,5,0,36,2021,4
2020,4,1,5.76470588235294,-0.0588235294117647,36,2021,1
2020,4,2,5.76470588235294,-0.0588235294117647,36,2021,2
2020,4,3,5.76470588235294,-0.0588235294117647,36,2021,3
2020,4,4,5.76470588235294,-0.0588235294117647,36,2021,4
2021,4,1,5.05882352941176,-0.0588235294117647,36,2022,1
2021,4,2,5.05882352941176,-0.0588235294117647,36,2022,2
2021,4,3,5.05882352941176,-0.0588235294117647,36,2022,3
2021,4,4,5.05882352941176,-0.0588235294117647,36,2022,4
2022,4,1,-0.147058823529412,-0.0588235294117647,36,2023,1
2022,4,2,-0.147058823529412,-0.0588235294117647,36,2023,2
2022,4,3,-0.147058823529412,-0.0588235294117647,36,2023,3
2022,4,4,-0.147058823529412,-0.0588235294117647,36,2023,4
2001,1,1,3,0,37,2001,2
2001,1,2,3,0,37,2001,3
2001,1,3,3,0,37,2001,4
2001,1,4,3,0,37,2002,1
2001,1,5,3,0,37,2002,2
2001,1,6,3,0,37,2002,3
2001,1,7,3,0,37,2002,4
2001,2,1,2.9,0,37,2001,3
2001,2,2,2.9,0,37,2001,4
2001,2,3,2.9,0,37,2002,1
2001,2,4,2.9,0,37,2002,2
2001,2,5,2.9,0,37,2002,3
2001,2,6,2.9,0,37,2002,4
2001,3,1,2.4,0,37,2001,4
2001,3,2,2.4,0,37,2002,1
2001,3,3,2.4,0,37,2002,2
2001,3,4,2.4,0,37,2002,3
2001,3,5,2.4,0,37,2002,4
2001,4,1,1.71176470588235,-0.0588235294117647,37,2002,1
2001,4,2,1.71176470588235,-0.0588235294117647,37,2002,2
2001,4,3,1.71176470588235,-0.0588235294117647,37,2002,3
2001,4,4,1.71176470588235,-0.0588235294117647,37,2002,4
2002,1,1,2.2,0,37,2002,2
2002,1,2,2.2,0,37,2002,3
2002,1,3,2.2,0,37,2002,4
2002,1,4,2.2,0,37,2003,1
2002,1,5,2.2,0,37,2003,2
2002,1,6,2.2,0,37,2003,3
2002,1,7,2.2,0,37,2003,4
2002,2,1,2.7,0,37,2002,3
2002,2,2,2.7,0,37,2002,4
2002,2,3,2.7,0,37,2003,1
2002,2,4,2.7,0,37,2003,2
2002,2,5,2.7,0,37,2003,3
2002,2,6,2.7,0,37,2003,4
2002,3,1,2.6,0,37,2002,4
2002,3,2,2.6,0,37,2003,1
2002,3,3,2.6,0,37,2003,2
2002,3,4,2.6,0,37,2003,3
2002,3,5,2.6,0,37,2003,4
2002,4,1,1.54117647058824,-0.0588235294117647,37,2003,1
2002,4,2,1.54117647058824,-0.0588235294117647,37,2003,2
2002,4,3,1.54117647058824,-0.0588235294117647,37,2003,3
2002,4,4,1.54117647058824,-0.0588235294117647,37,2003,4
2003,1,1,2.5,0,37,2003,2
2003,1,2,2.5,0,37,2003,3
2003,1,3,2.5,0,37,2003,4
2003,1,4,2.5,0,37,2004,1
2003,1,5,2.5,0,37,2004,2
2003,1,6,2.5,0,37,2004,3
2003,1,7,2.5,0,37,2004,4
2003,2,1,2.2,0,37,2003,3
2003,2,2,2.2,0,37,2003,4
2003,2,3,2.2,0,37,2004,1
2003,2,4,2.2,0,37,2004,2
2003,2,5,2.2,0,37,2004,3
2003,2,6,2.2,0,37,2004,4
2003,3,1,1.8,0,37,2003,4
2003,3,2,1.8,0,37,2004,1
2003,3,3,1.8,0,37,2004,2
2003,3,4,1.8,0,37,2004,3
2003,3,5,1.8,0,37,2004,4
2003,4,1,1.87647058823529,-0.0588235294117647,37,2004,1
2003,4,2,1.87647058823529,-0.0588235294117647,37,2004,2
2003,4,3,1.87647058823529,-0.0588235294117647,37,2004,3
2003,4,4,1.87647058823529,-0.0588235294117647,37,2004,4
2004,2,1,2,0,37,2004,3
2004,2,2,2,0,37,2004,4
2004,2,3,2,0,37,2005,1
2004,2,4,2,0,37,2005,2
2004,2,5,2,0,37,2005,3
2004,2,6,2,0,37,2005,4
2004,3,1,2.2,0,37,2004,4
2004,3,2,2.2,0,37,2005,1
2004,3,3,2.2,0,37,2005,2
2004,3,4,2.2,0,37,2005,3
2004,3,5,2.2,0,37,2005,4
2004,4,1,1.91176470588235,-0.0588235294117647,37,2005,1
2004,4,2,1.91176470588235,-0.0588235294117647,37,2005,2
2004,4,3,1.91176470588235,-0.0588235294117647,37,2005,3
2004,4,4,1.91176470588235,-0.0588235294117647,37,2005,4
2005,1,1,2.3,0,37,2005,2
2005,1,2,2.3,0,37,2005,3
2005,1,3,2.3,0,37,2005,4
2005,1,4,2.3,0,37,2006,1
2005,1,5,2.3,0,37,2006,2
2005,1,6,2.3,0,37,2006,3
2005,1,7,2.3,0,37,2006,4
2005,2,1,2.2,0,37,2005,3
2005,2,2,2.2,0,37,2005,4
2005,2,3,2.2,0,37,2006,1
2005,2,4,2.2,0,37,2006,2
2005,2,5,2.2,0,37,2006,3
2005,2,6,2.2,0,37,2006,4
2005,3,1,2.1,0,37,2005,4
2005,3,2,2.1,0,37,2006,1
2005,3,3,2.1,0,37,2006,2
2005,3,4,2.1,0,37,2006,3
2005,3,5,2.1,0,37,2006,4
2005,4,1,1.61764705882353,-0.0588235294117647,37,2006,1
2005,4,2,1.61764705882353,-0.0588235294117647,37,2006,2
2005,4,3,1.61764705882353,-0.0588235294117647,37,2006,3
2005,4,4,1.61764705882353,-0.0588235294117647,37,2006,4
2006,1,1,2,0,37,2006,2
2006,1,2,2,0,37,2006,3
2006,1,3,2,0,37,2006,4
2006,1,4,2,0,37,2007,1
2006,1,5,2,0,37,2007,2
2006,1,6,2,0,37,2007,3
2006,1,7,2,0,37,2007,4
2006,2,1,1.7,0,37,2006,3
2006,2,2,1.7,0,37,2006,4
2006,2,3,1.7,0,37,2007,1
2006,2,4,1.7,0,37,2007,2
2006,2,5,1.7,0,37,2007,3
2006,2,6,1.7,0,37,2007,4
2006,3,1,2.1,0,37,2006,4
2006,3,2,2.1,0,37,2007,1
2006,3,3,2.1,0,37,2007,2
2006,3,4,2.1,0,37,2007,3
2006,3,5,2.1,0,37,2007,4
2006,4,1,2.17647058823529,-0.0588235294117647,37,2007,1
2006,4,2,2.17647058823529,-0.0588235294117647,37,2007,2
2006,4,3,2.17647058823529,-0.0588235294117647,37,2007,3
2006,4,4,2.17647058823529,-0.0588235294117647,37,2007,4
2007,1,1,2.3,0,37,2007,2
2007,1,2,2.3,0,37,2007,3
2007,1,3,2.3,0,37,2007,4
2007,1,4,2.3,0,37,2008,1
2007,1,5,2.3,0,37,2008,2
2007,1,6,2.3,0,37,2008,3
2007,1,7,2.3,0,37,2008,4
2007,2,1,2.3,0,37,2007,3
2007,2,2,2.3,0,37,2007,4
2007,2,3,2.3,0,37,2008,1
2007,2,4,2.3,0,37,2008,2
2007,2,5,2.3,0,37,2008,3
2007,2,6,2.3,0,37,2008,4
2007,3,1,2.3,0,37,2007,4
2007,3,2,2.3,0,37,2008,1
2007,3,3,2.3,0,37,2008,2
2007,3,4,2.3,0,37,2008,3
2007,3,5,2.3,0,37,2008,4
2007,4,1,2.18823529411765,-0.0588235294117647,37,2008,1
2007,4,2,2.18823529411765,-0.0588235294117647,37,2008,2
2007,4,3,2.18823529411765,-0.0588235294117647,37,2008,3
2007,4,4,2.18823529411765,-0.0588235294117647,37,2008,4
2008,2,1,1.5,0,37,2008,3
2008,2,2,1.5,0,37,2008,4
2008,2,3,1.5,0,37,2009,1
2008,2,4,1.5,0,37,2009,2
2008,2,5,1.5,0,37,2009,3
2008,2,6,1.5,0,37,2009,4
2008,3,1,1.2,0,37,2008,4
2008,3,2,1.2,0,37,2009,1
2008,3,3,1.2,0,37,2009,2
2008,3,4,1.2,0,37,2009,3
2008,3,5,1.2,0,37,2009,4
2009,1,1,0.5,0,37,2009,2
2009,1,2,0.5,0,37,2009,3
2009,1,3,0.5,0,37,2009,4
2009,1,4,0.5,0,37,2010,1
2009,1,5,0.5,0,37,2010,2
2009,1,6,0.5,0,37,2010,3
2009,1,7,0.5,0,37,2010,4
2009,2,1,0.5,0,37,2009,3
2009,2,2,0.5,0,37,2009,4
2009,2,3,0.5,0,37,2010,1
2009,2,4,0.5,0,37,2010,2
2009,2,5,0.5,0,37,2010,3
2009,2,6,0.5,0,37,2010,4
2009,3,1,0.7,0,37,2009,4
2009,3,2,0.7,0,37,2010,1
2009,3,3,0.7,0,37,2010,2
2009,3,4,0.7,0,37,2010,3
2009,3,5,0.7,0,37,2010,4
2009,4,1,1.5,-0.0588235294117647,37,2010,1
2009,4,2,1.5,-0.0588235294117647,37,2010,2
2009,4,3,1.5,-0.0588235294117647,37,2010,3
2009,4,4,1.5,-0.0588235294117647,37,2010,4
2010,1,1,1,0,37,2010,2
2010,1,2,1,0,37,2010,3
2010,1,3,1,0,37,2010,4
2010,1,4,1,0,37,2011,1
2010,1,5,1,0,37,2011,2
2010,1,6,1,0,37,2011,3
2010,1,7,1,0,37,2011,4
2010,2,1,1.3,0,37,2010,3
2010,2,2,1.3,0,37,2010,4
2010,2,3,1.3,0,37,2011,1
2010,2,4,1.3,0,37,2011,2
2010,2,5,1.3,0,37,2011,3
2010,2,6,1.3,0,37,2011,4
2010,3,1,1.1,0,37,2010,4
2010,3,2,1.1,0,37,2011,1
2010,3,3,1.1,0,37,2011,2
2010,3,4,1.1,0,37,2011,3
2010,3,5,1.1,0,37,2011,4
2010,4,1,1.38823529411765,-0.0588235294117647,37,2011,1
2010,4,2,1.38823529411765,-0.0588235294117647,37,2011,2
2010,4,3,1.38823529411765,-0.0588235294117647,37,2011,3
2010,4,4,1.38823529411765,-0.0588235294117647,37,2011,4
2011,1,1,1.6,0,37,2011,2
2011,1,2,1.6,0,37,2011,3
2011,1,3,1.6,0,37,2011,4
2011,1,4,1.6,0,37,2012,1
2011,1,5,1.6,0,37,2012,2
2011,1,6,1.6,0,37,2012,3
2011,1,7,1.6,0,37,2012,4
2011,2,1,1.7,0,37,2011,3
2011,2,2,1.7,0,37,2011,4
2011,2,3,1.7,0,37,2012,1
2011,2,4,1.7,0,37,2012,2
2011,2,5,1.7,0,37,2012,3
2011,2,6,1.7,0,37,2012,4
2011,3,1,1.6,0,37,2011,4
2011,3,2,1.6,0,37,2012,1
2011,3,3,1.6,0,37,2012,2
2011,3,4,1.6,0,37,2012,3
2011,3,5,1.6,0,37,2012,4
2011,4,1,0.435294117647059,-0.0588235294117647,37,2012,1
2011,4,2,0.435294117647059,-0.0588235294117647,37,2012,2
2011,4,3,0.435294117647059,-0.0588235294117647,37,2012,3
2011,4,4,0.435294117647059,-0.0588235294117647,37,2012,4
2012,1,1,1.3,0,37,2012,2
2012,1,2,1.3,0,37,2012,3
2012,1,3,1.3,0,37,2012,4
2012,1,4,1.3,0,37,2013,1
2012,1,5,1.3,0,37,2013,2
2012,1,6,1.3,0,37,2013,3
2012,1,7,1.3,0,37,2013,4
2012,2,1,1.3,0,37,2012,3
2012,2,2,1.3,0,37,2012,4
2012,2,3,1.3,0,37,2013,1
2012,2,4,1.3,0,37,2013,2
2012,2,5,1.3,0,37,2013,3
2012,2,6,1.3,0,37,2013,4
2012,3,1,0.8,0,37,2012,4
2012,3,2,0.8,0,37,2013,1
2012,3,3,0.8,0,37,2013,2
2012,3,4,0.8,0,37,2013,3
2012,3,5,0.8,0,37,2013,4
2012,4,1,0.347058823529412,-0.0588235294117647,37,2013,1
2012,4,2,0.347058823529412,-0.0588235294117647,37,2013,2
2012,4,3,0.347058823529412,-0.0588235294117647,37,2013,3
2012,4,4,0.347058823529412,-0.0588235294117647,37,2013,4
2013,1,1,1.2,0,37,2013,2
2013,1,2,1.2,0,37,2013,3
2013,1,3,1.2,0,37,2013,4
2013,1,4,1.2,0,37,2014,1
2013,1,5,1.2,0,37,2014,2
2013,1,6,1.2,0,37,2014,3
2013,1,7,1.2,0,37,2014,4
2013,2,1,1,0,37,2013,3
2013,2,2,1,0,37,2013,4
2013,2,3,1,0,37,2014,1
2013,2,4,1,0,37,2014,2
2013,2,5,1,0,37,2014,3
2013,2,6,1,0,37,2014,4
2013,3,1,0.8,0,37,2013,4
2013,3,2,0.8,0,37,2014,1
2013,3,3,0.8,0,37,2014,2
2013,3,4,0.8,0,37,2014,3
2013,3,5,0.8,0,37,2014,4
2013,4,1,1.08235294117647,-0.0588235294117647,37,2014,1
2013,4,2,1.08235294117647,-0.0588235294117647,37,2014,2
2013,4,3,1.08235294117647,-0.0588235294117647,37,2014,3
2013,4,4,1.08235294117647,-0.0588235294117647,37,2014,4
2014,1,1,1.2,0,37,2014,2
2014,1,2,1.2,0,37,2014,3
2014,1,3,1.2,0,37,2014,4
2014,1,4,1.2,0,37,2015,1
2014,1,5,1.2,0,37,2015,2
2014,1,6,1.2,0,37,2015,3
2014,1,7,1.2,0,37,2015,4
2014,2,1,1.3,0,37,2014,3
2014,2,2,1.3,0,37,2014,4
2014,2,3,1.3,0,37,2015,1
2014,2,4,1.3,0,37,2015,2
2014,2,5,1.3,0,37,2015,3
2014,2,6,1.3,0,37,2015,4
2014,3,1,1.3,0,37,2014,4
2014,3,2,1.3,0,37,2015,1
2014,3,3,1.3,0,37,2015,2
2014,3,4,1.3,0,37,2015,3
2014,3,5,1.3,0,37,2015,4
2014,4,1,0.805882352941177,-0.0588235294117647,37,2015,1
2014,4,2,0.805882352941177,-0.0588235294117647,37,2015,2
2014,4,3,0.805882352941177,-0.0588235294117647,37,2015,3
2014,4,4,0.805882352941177,-0.0588235294117647,37,2015,4
2015,1,1,1.3,0,37,2015,2
2015,1,2,1.3,0,37,2015,3
2015,1,3,1.3,0,37,2015,4
2015,1,4,1.3,0,37,2016,1
2015,1,5,1.3,0,37,2016,2
2015,1,6,1.3,0,37,2016,3
2015,1,7,1.3,0,37,2016,4
2015,2,1,1.7,0,37,2015,3
2015,2,2,1.7,0,37,2015,4
2015,2,3,1.7,0,37,2016,1
2015,2,4,1.7,0,37,2016,2
2015,2,5,1.7,0,37,2016,3
2015,2,6,1.7,0,37,2016,4
2015,3,1,1.7,0,37,2015,4
2015,3,2,1.7,0,37,2016,1
2015,3,3,1.7,0,37,2016,2
2015,3,4,1.7,0,37,2016,3
2015,3,5,1.7,0,37,2016,4
2015,4,1,1.61176470588235,-0.0588235294117647,37,2016,1
2015,4,2,1.61176470588235,-0.0588235294117647,37,2016,2
2015,4,3,1.61176470588235,-0.0588235294117647,37,2016,3
2015,4,4,1.61176470588235,-0.0588235294117647,37,2016,4
2016,1,1,1.6,0,37,2016,2
2016,1,2,1.6,0,37,2016,3
2016,1,3,1.6,0,37,2016,4
2016,1,4,1.6,0,37,2017,1
2016,1,5,1.6,0,37,2017,2
2016,1,6,1.6,0,37,2017,3
2016,1,7,1.6,0,37,2017,4
2016,2,1,1.8,0,37,2016,3
2016,2,2,1.8,0,37,2016,4
2016,2,3,1.8,0,37,2017,1
2016,2,4,1.8,0,37,2017,2
2016,2,5,1.8,0,37,2017,3
2016,2,6,1.8,0,37,2017,4
2016,3,1,1.6,0,37,2016,4
2016,3,2,1.6,0,37,2017,1
2016,3,3,1.6,0,37,2017,2
2016,3,4,1.6,0,37,2017,3
2016,3,5,1.6,0,37,2017,4
2016,4,1,1.49411764705882,-0.0588235294117647,37,2017,1
2016,4,2,1.49411764705882,-0.0588235294117647,37,2017,2
2016,4,3,1.49411764705882,-0.0588235294117647,37,2017,3
2016,4,4,1.49411764705882,-0.0588235294117647,37,2017,4
2017,1,1,1.8,0,37,2017,2
2017,1,2,1.8,0,37,2017,3
2017,1,3,1.8,0,37,2017,4
2017,1,4,1.8,0,37,2018,1
2017,1,5,1.8,0,37,2018,2
2017,1,6,1.8,0,37,2018,3
2017,1,7,1.8,0,37,2018,4
2017,2,1,1.7,0,37,2017,3
2017,2,2,1.7,0,37,2017,4
2017,2,3,1.7,0,37,2018,1
2017,2,4,1.7,0,37,2018,2
2017,2,5,1.7,0,37,2018,3
2017,2,6,1.7,0,37,2018,4
2017,3,1,1.9,0,37,2017,4
2017,3,2,1.9,0,37,2018,1
2017,3,3,1.9,0,37,2018,2
2017,3,4,1.9,0,37,2018,3
2017,3,5,1.9,0,37,2018,4
2017,4,1,1.88235294117647,-0.0588235294117647,37,2018,1
2017,4,2,1.88235294117647,-0.0588235294117647,37,2018,2
2017,4,3,1.88235294117647,-0.0588235294117647,37,2018,3
2017,4,4,1.88235294117647,-0.0588235294117647,37,2018,4
2018,1,1,2.2,0,37,2018,2
2018,1,2,2.2,0,37,2018,3
2018,1,3,2.2,0,37,2018,4
2018,1,4,2.2,0,37,2019,1
2018,1,5,2.2,0,37,2019,2
2018,1,6,2.2,0,37,2019,3
2018,1,7,2.2,0,37,2019,4
2018,2,1,2,0,37,2018,3
2018,2,2,2,0,37,2018,4
2018,2,3,2,0,37,2019,1
2018,2,4,2,0,37,2019,2
2018,2,5,2,0,37,2019,3
2018,2,6,2,0,37,2019,4
2018,3,1,1.9,0,37,2018,4
2018,3,2,1.9,0,37,2019,1
2018,3,3,1.9,0,37,2019,2
2018,3,4,1.9,0,37,2019,3
2018,3,5,1.9,0,37,2019,4
2018,4,1,1.79411764705882,-0.0588235294117647,37,2019,1
2018,4,2,1.79411764705882,-0.0588235294117647,37,2019,2
2018,4,3,1.79411764705882,-0.0588235294117647,37,2019,3
2018,4,4,1.79411764705882,-0.0588235294117647,37,2019,4
2019,1,1,1.6,0,37,2019,2
2019,1,2,1.6,0,37,2019,3
2019,1,3,1.6,0,37,2019,4
2019,1,4,1.6,0,37,2020,1
2019,1,5,1.6,0,37,2020,2
2019,1,6,1.6,0,37,2020,3
2019,1,7,1.6,0,37,2020,4
2019,2,1,1.4,0,37,2019,3
2019,2,2,1.4,0,37,2019,4
2019,2,3,1.4,0,37,2020,1
2019,2,4,1.4,0,37,2020,2
2019,2,5,1.4,0,37,2020,3
2019,2,6,1.4,0,37,2020,4
2019,4,1,0.894117647058824,-0.0588235294117647,37,2020,1
2019,4,2,0.894117647058824,-0.0588235294117647,37,2020,2
2019,4,3,0.894117647058824,-0.0588235294117647,37,2020,3
2019,4,4,0.894117647058824,-0.0588235294117647,37,2020,4
2020,1,1,1.3,0,37,2020,2
2020,1,2,1.3,0,37,2020,3
2020,1,3,1.3,0,37,2020,4
2020,1,4,1.3,0,37,2021,1
2020,1,5,1.3,0,37,2021,2
2020,1,6,1.3,0,37,2021,3
2020,1,7,1.3,0,37,2021,4
2020,2,1,4,0,37,2020,3
2020,2,2,4,0,37,2020,4
2020,2,3,4,0,37,2021,1
2020,2,4,4,0,37,2021,2
2020,2,5,4,0,37,2021,3
2020,2,6,4,0,37,2021,4
2020,4,1,6.71764705882353,-0.0588235294117647,37,2021,1
2020,4,2,6.71764705882353,-0.0588235294117647,37,2021,2
2020,4,3,6.71764705882353,-0.0588235294117647,37,2021,3
2020,4,4,6.71764705882353,-0.0588235294117647,37,2021,4
2021,1,1,4,0,37,2021,2
2021,1,2,4,0,37,2021,3
2021,1,3,4,0,37,2021,4
2021,1,4,4,0,37,2022,1
2021,1,5,4,0,37,2022,2
2021,1,6,4,0,37,2022,3
2021,1,7,4,0,37,2022,4
2021,2,1,4.3,0,37,2021,3
2021,2,2,4.3,0,37,2021,4
2021,2,3,4.3,0,37,2022,1
2021,2,4,4.3,0,37,2022,2
2021,2,5,4.3,0,37,2022,3
2021,2,6,4.3,0,37,2022,4
2021,3,1,4.5,0,37,2021,4
2021,3,2,4.5,0,37,2022,1
2021,3,3,4.5,0,37,2022,2
2021,3,4,4.5,0,37,2022,3
2021,3,5,4.5,0,37,2022,4
2021,4,1,4.26470588235294,-0.0588235294117647,37,2022,1
2021,4,2,4.26470588235294,-0.0588235294117647,37,2022,2
2021,4,3,4.26470588235294,-0.0588235294117647,37,2022,3
2021,4,4,4.26470588235294,-0.0588235294117647,37,2022,4
2022,1,1,2.5,0,37,2022,2
2022,1,2,2.5,0,37,2022,3
2022,1,3,2.5,0,37,2022,4
2022,1,4,2.5,0,37,2023,1
2022,1,5,2.5,0,37,2023,2
2022,1,6,2.5,0,37,2023,3
2022,1,7,2.5,0,37,2023,4
2022,2,1,2.6,0,37,2022,3
2022,2,2,2.6,0,37,2022,4
2022,2,3,2.6,0,37,2023,1
2022,2,4,2.6,0,37,2023,2
2022,2,5,2.6,0,37,2023,3
2022,2,6,2.6,0,37,2023,4
2022,3,1,1.2,0,37,2022,4
2022,3,2,1.2,0,37,2023,1
2022,3,3,1.2,0,37,2023,2
2022,3,4,1.2,0,37,2023,3
2022,3,5,1.2,0,37,2023,4
2022,4,1,-0.817647058823529,-0.0588235294117647,37,2023,1
2022,4,2,-0.817647058823529,-0.0588235294117647,37,2023,2
2022,4,3,-0.817647058823529,-0.0588235294117647,37,2023,3
2022,4,4,-0.817647058823529,-0.0588235294117647,37,2023,4
2023,1,1,1.4,0,37,2023,2
2023,1,2,1.4,0,37,2023,3
2023,1,3,1.4,0,37,2023,4
2023,1,4,1.4,0,37,2024,1
2023,1,5,1.4,0,37,2024,2
2023,1,6,1.4,0,37,2024,3
2023,1,7,1.4,0,37,2024,4
2023,2,1,1.3,0,37,2023,3
2023,2,2,1.3,0,37,2023,4
2023,2,3,1.3,0,37,2024,1
2023,2,4,1.3,0,37,2024,2
2023,2,5,1.3,0,37,2024,3
2023,2,6,1.3,0,37,2024,4
2023,3,1,1,0,37,2023,4
2023,3,2,1,0,37,2024,1
2023,3,3,1,0,37,2024,2
2023,3,4,1,0,37,2024,3
2023,3,5,1,0,37,2024,4
2023,4,1,0.605882352941176,-0.0588235294117647,37,2024,1
2023,4,2,0.605882352941176,-0.0588235294117647,37,2024,2
2023,4,3,0.605882352941176,-0.0588235294117647,37,2024,3
2023,4,4,0.605882352941176,-0.0588235294117647,37,2024,4
2024,1,1,1.5,0,37,2024,2
2024,1,2,1.5,0,37,2024,3
2024,1,3,1.5,0,37,2024,4
2024,1,4,1.5,0,37,2025,1
2024,1,5,1.5,0,37,2025,2
2024,1,6,1.5,0,37,2025,3
2024,1,7,1.5,0,37,2025,4
2024,2,1,1.4,0,37,2024,3
2024,2,2,1.4,0,37,2024,4
2024,2,3,1.4,0,37,2025,1
2024,2,4,1.4,0,37,2025,2
2024,2,5,1.4,0,37,2025,3
2024,2,6,1.4,0,37,2025,4
2024,3,1,1.5,0,37,2024,4
2024,3,2,1.5,0,37,2025,1
2024,3,3,1.5,0,37,2025,2
2024,3,4,1.5,0,37,2025,3
2024,3,5,1.5,0,37,2025,4
2024,4,1,1.22941176470588,-0.0588235294117647,37,2025,1
2024,4,2,1.22941176470588,-0.0588235294117647,37,2025,2
2024,4,3,1.22941176470588,-0.0588235294117647,37,2025,3
2024,4,4,1.22941176470588,-0.0588235294117647,37,2025,4
2001,1,1,2.9,0,38,2001,2
2001,1,2,2.9,0,38,2001,3
2001,1,3,2.9,0,38,2001,4
2001,1,4,2.9,0,38,2002,1
2001,1,5,2.9,0,38,2002,2
2001,1,6,2.9,0,38,2002,3
2001,1,7,2.9,0,38,2002,4
2001,2,1,2.5,0,38,2001,3
2001,2,2,2.5,0,38,2001,4
2001,2,3,2.5,0,38,2002,1
2001,2,4,2.5,0,38,2002,2
2001,2,5,2.5,0,38,2002,3
2001,2,6,2.5,0,38,2002,4
2003,4,1,1.56470588235294,-0.0588235294117647,38,2004,1
2003,4,2,1.56470588235294,-0.0588235294117647,38,2004,2
2003,4,3,1.56470588235294,-0.0588235294117647,38,2004,3
2003,4,4,1.56470588235294,-0.0588235294117647,38,2004,4
2004,1,1,2.3,0,38,2004,2
2004,1,2,2.3,0,38,2004,3
2004,1,3,2.3,0,38,2004,4
2004,1,4,2.3,0,38,2005,1
2004,1,5,2.3,0,38,2005,2
2004,1,6,2.3,0,38,2005,3
2004,1,7,2.3,0,38,2005,4
2004,2,1,2.1,0,38,2004,3
2004,2,2,2.1,0,38,2004,4
2004,2,3,2.1,0,38,2005,1
2004,2,4,2.1,0,38,2005,2
2004,2,5,2.1,0,38,2005,3
2004,2,6,2.1,0,38,2005,4
2004,3,1,2.3,0,38,2004,4
2004,3,2,2.3,0,38,2005,1
2004,3,3,2.3,0,38,2005,2
2004,3,4,2.3,0,38,2005,3
2004,3,5,2.3,0,38,2005,4
2004,4,1,1.90588235294118,-0.0588235294117647,38,2005,1
2004,4,2,1.90588235294118,-0.0588235294117647,38,2005,2
2004,4,3,1.90588235294118,-0.0588235294117647,38,2005,3
2004,4,4,1.90588235294118,-0.0588235294117647,38,2005,4
2005,1,1,2.1,0,38,2005,2
2005,1,2,2.1,0,38,2005,3
2005,1,3,2.1,0,38,2005,4
2005,1,4,2.1,0,38,2006,1
2005,1,5,2.1,0,38,2006,2
2005,1,6,2.1,0,38,2006,3
2005,1,7,2.1,0,38,2006,4
2005,2,1,1.8,0,38,2005,3
2005,2,2,1.8,0,38,2005,4
2005,2,3,1.8,0,38,2006,1
2005,2,4,1.8,0,38,2006,2
2005,2,5,1.8,0,38,2006,3
2005,2,6,1.8,0,38,2006,4
2005,3,1,1.7,0,38,2005,4
2005,3,2,1.7,0,38,2006,1
2005,3,3,1.7,0,38,2006,2
2005,3,4,1.7,0,38,2006,3
2005,3,5,1.7,0,38,2006,4
2005,4,1,1.51764705882353,-0.0588235294117647,38,2006,1
2005,4,2,1.51764705882353,-0.0588235294117647,38,2006,2
2005,4,3,1.51764705882353,-0.0588235294117647,38,2006,3
2005,4,4,1.51764705882353,-0.0588235294117647,38,2006,4
2006,1,1,2,0,38,2006,2
2006,1,2,2,0,38,2006,3
2006,1,3,2,0,38,2006,4
2006,1,4,2,0,38,2007,1
2006,1,5,2,0,38,2007,2
2006,1,6,2,0,38,2007,3
2006,1,7,2,0,38,2007,4
2006,2,1,1.8,0,38,2006,3
2006,2,2,1.8,0,38,2006,4
2006,2,3,1.8,0,38,2007,1
2006,2,4,1.8,0,38,2007,2
2006,2,5,1.8,0,38,2007,3
2006,2,6,1.8,0,38,2007,4
2006,3,1,1.7,0,38,2006,4
2006,3,2,1.7,0,38,2007,1
2006,3,3,1.7,0,38,2007,2
2006,3,4,1.7,0,38,2007,3
2006,3,5,1.7,0,38,2007,4
2006,4,1,1.86470588235294,-0.0588235294117647,38,2007,1
2006,4,2,1.86470588235294,-0.0588235294117647,38,2007,2
2006,4,3,1.86470588235294,-0.0588235294117647,38,2007,3
2006,4,4,1.86470588235294,-0.0588235294117647,38,2007,4
2007,1,1,2.3,0,38,2007,2
2007,1,2,2.3,0,38,2007,3
2007,1,3,2.3,0,38,2007,4
2007,1,4,2.3,0,38,2008,1
2007,1,5,2.3,0,38,2008,2
2007,1,6,2.3,0,38,2008,3
2007,1,7,2.3,0,38,2008,4
2007,2,1,2.2,0,38,2007,3
2007,2,2,2.2,0,38,2007,4
2007,2,3,2.2,0,38,2008,1
2007,2,4,2.2,0,38,2008,2
2007,2,5,2.2,0,38,2008,3
2007,2,6,2.2,0,38,2008,4
2007,3,1,2.3,0,38,2007,4
2007,3,2,2.3,0,38,2008,1
2007,3,3,2.3,0,38,2008,2
2007,3,4,2.3,0,38,2008,3
2007,3,5,2.3,0,38,2008,4
2007,4,1,1.97647058823529,-0.0588235294117647,38,2008,1
2007,4,2,1.97647058823529,-0.0588235294117647,38,2008,2
2007,4,3,1.97647058823529,-0.0588235294117647,38,2008,3
2007,4,4,1.97647058823529,-0.0588235294117647,38,2008,4
2008,1,1,2,0,38,2008,2
2008,1,2,2,0,38,2008,3
2008,1,3,2,0,38,2008,4
2008,1,4,2,0,38,2009,1
2008,1,5,2,0,38,2009,2
2008,1,6,2,0,38,2009,3
2008,1,7,2,0,38,2009,4
2008,2,1,1.5,0,38,2008,3
2008,2,2,1.5,0,38,2008,4
2008,2,3,1.5,0,38,2009,1
2008,2,4,1.5,0,38,2009,2
2008,2,5,1.5,0,38,2009,3
2008,2,6,1.5,0,38,2009,4
2008,3,1,1.2,0,38,2008,4
2008,3,2,1.2,0,38,2009,1
2008,3,3,1.2,0,38,2009,2
2008,3,4,1.2,0,38,2009,3
2008,3,5,1.2,0,38,2009,4
2008,4,1,-0.270588235294118,-0.0588235294117647,38,2009,1
2008,4,2,-0.270588235294118,-0.0588235294117647,38,2009,2
2008,4,3,-0.270588235294118,-0.0588235294117647,38,2009,3
2008,4,4,-0.270588235294118,-0.0588235294117647,38,2009,4
2009,1,1,0.7,0,38,2009,2
2009,1,2,0.7,0,38,2009,3
2009,1,3,0.7,0,38,2009,4
2009,1,4,0.7,0,38,2010,1
2009,1,5,0.7,0,38,2010,2
2009,1,6,0.7,0,38,2010,3
2009,1,7,0.7,0,38,2010,4
2009,2,1,0.1,0,38,2009,3
2009,2,2,0.1,0,38,2009,4
2009,2,3,0.1,0,38,2010,1
2009,2,4,0.1,0,38,2010,2
2009,2,5,0.1,0,38,2010,3
2009,2,6,0.1,0,38,2010,4
2009,3,1,0,0,38,2009,4
2009,3,2,0,0,38,2010,1
2009,3,3,0,0,38,2010,2
2009,3,4,0,0,38,2010,3
2009,3,5,0,0,38,2010,4
2009,4,1,0.976470588235294,-0.0588235294117647,38,2010,1
2009,4,2,0.976470588235294,-0.0588235294117647,38,2010,2
2009,4,3,0.976470588235294,-0.0588235294117647,38,2010,3
2009,4,4,0.976470588235294,-0.0588235294117647,38,2010,4
2010,1,1,1.2,0,38,2010,2
2010,1,2,1.2,0,38,2010,3
2010,1,3,1.2,0,38,2010,4
2010,1,4,1.2,0,38,2011,1
2010,1,5,1.2,0,38,2011,2
2010,1,6,1.2,0,38,2011,3
2010,1,7,1.2,0,38,2011,4
2010,2,1,1.4,0,38,2010,3
2010,2,2,1.4,0,38,2010,4
2010,2,3,1.4,0,38,2011,1
2010,2,4,1.4,0,38,2011,2
2010,2,5,1.4,0,38,2011,3
2010,2,6,1.4,0,38,2011,4
2010,3,1,1.1,0,38,2010,4
2010,3,2,1.1,0,38,2011,1
2010,3,3,1.1,0,38,2011,2
2010,3,4,1.1,0,38,2011,3
2010,3,5,1.1,0,38,2011,4
2010,4,1,1.05882352941176,-0.0588235294117647,38,2011,1
2010,4,2,1.05882352941176,-0.0588235294117647,38,2011,2
2010,4,3,1.05882352941176,-0.0588235294117647,38,2011,3
2010,4,4,1.05882352941176,-0.0588235294117647,38,2011,4
2011,1,1,1.3,0,38,2011,2
2011,1,2,1.3,0,38,2011,3
2011,1,3,1.3,0,38,2011,4
2011,1,4,1.3,0,38,2012,1
2011,1,5,1.3,0,38,2012,2
2011,1,6,1.3,0,38,2012,3
2011,1,7,1.3,0,38,2012,4
2011,3,1,1.6,0,38,2011,4
2011,3,2,1.6,0,38,2012,1
2011,3,3,1.6,0,38,2012,2
2011,3,4,1.6,0,38,2012,3
2011,3,5,1.6,0,38,2012,4
2011,4,1,0.123529411764706,-0.0588235294117647,38,2012,1
2011,4,2,0.123529411764706,-0.0588235294117647,38,2012,2
2011,4,3,0.123529411764706,-0.0588235294117647,38,2012,3
2011,4,4,0.123529411764706,-0.0588235294117647,38,2012,4
2012,1,1,0.8,0,38,2012,2
2012,1,2,0.8,0,38,2012,3
2012,1,3,0.8,0,38,2012,4
2012,1,4,0.8,0,38,2013,1
2012,1,5,0.8,0,38,2013,2
2012,1,6,0.8,0,38,2013,3
2012,1,7,0.8,0,38,2013,4
2012,2,1,1.1,0,38,2012,3
2012,2,2,1.1,0,38,2012,4
2012,2,3,1.1,0,38,2013,1
2012,2,4,1.1,0,38,2013,2
2012,2,5,1.1,0,38,2013,3
2012,2,6,1.1,0,38,2013,4
2012,3,1,0.5,0,38,2012,4
2012,3,2,0.5,0,38,2013,1
2012,3,3,0.5,0,38,2013,2
2012,3,4,0.5,0,38,2013,3
2012,3,5,0.5,0,38,2013,4
2012,4,1,0.0294117647058824,-0.0588235294117647,38,2013,1
2012,4,2,0.0294117647058824,-0.0588235294117647,38,2013,2
2012,4,3,0.0294117647058824,-0.0588235294117647,38,2013,3
2012,4,4,0.0294117647058824,-0.0588235294117647,38,2013,4
2013,1,1,1.2,0,38,2013,2
2013,1,2,1.2,0,38,2013,3
2013,1,3,1.2,0,38,2013,4
2013,1,4,1.2,0,38,2014,1
2013,1,5,1.2,0,38,2014,2
2013,1,6,1.2,0,38,2014,3
2013,1,7,1.2,0,38,2014,4
2013,2,1,0.7,0,38,2013,3
2013,2,2,0.7,0,38,2013,4
2013,2,3,0.7,0,38,2014,1
2013,2,4,0.7,0,38,2014,2
2013,2,5,0.7,0,38,2014,3
2013,2,6,0.7,0,38,2014,4
2013,3,1,0.8,0,38,2013,4
2013,3,2,0.8,0,38,2014,1
2013,3,3,0.8,0,38,2014,2
2013,3,4,0.8,0,38,2014,3
2013,3,5,0.8,0,38,2014,4
2013,4,1,0.982352941176471,-0.0588235294117647,38,2014,1
2013,4,2,0.982352941176471,-0.0588235294117647,38,2014,2
2013,4,3,0.982352941176471,-0.0588235294117647,38,2014,3
2013,4,4,0.982352941176471,-0.0588235294117647,38,2014,4
2014,1,1,1.5,0,38,2014,2
2014,1,2,1.5,0,38,2014,3
2014,1,3,1.5,0,38,2014,4
2014,1,4,1.5,0,38,2015,1
2014,1,5,1.5,0,38,2015,2
2014,1,6,1.5,0,38,2015,3
2014,1,7,1.5,0,38,2015,4
2014,2,1,1.5,0,38,2014,3
2014,2,2,1.5,0,38,2014,4
2014,2,3,1.5,0,38,2015,1
2014,2,4,1.5,0,38,2015,2
2014,2,5,1.5,0,38,2015,3
2014,2,6,1.5,0,38,2015,4
2014,3,1,1.3,0,38,2014,4
2014,3,2,1.3,0,38,2015,1
2014,3,3,1.3,0,38,2015,2
2014,3,4,1.3,0,38,2015,3
2014,3,5,1.3,0,38,2015,4
2014,4,1,0.811764705882353,-0.0588235294117647,38,2015,1
2014,4,2,0.811764705882353,-0.0588235294117647,38,2015,2
2014,4,3,0.811764705882353,-0.0588235294117647,38,2015,3
2014,4,4,0.811764705882353,-0.0588235294117647,38,2015,4
2015,2,1,1.6,0,38,2015,3
2015,2,2,1.6,0,38,2015,4
2015,2,3,1.6,0,38,2016,1
2015,2,4,1.6,0,38,2016,2
2015,2,5,1.6,0,38,2016,3
2015,2,6,1.6,0,38,2016,4
2015,3,1,1.6,0,38,2015,4
2015,3,2,1.6,0,38,2016,1
2015,3,3,1.6,0,38,2016,2
2015,3,4,1.6,0,38,2016,3
2015,3,5,1.6,0,38,2016,4
2015,4,1,1.28823529411765,-0.0588235294117647,38,2016,1
2015,4,2,1.28823529411765,-0.0588235294117647,38,2016,2
2015,4,3,1.28823529411765,-0.0588235294117647,38,2016,3
2015,4,4,1.28823529411765,-0.0588235294117647,38,2016,4
2016,1,1,1.5,0,38,2016,2
2016,1,2,1.5,0,38,2016,3
2016,1,3,1.5,0,38,2016,4
2016,1,4,1.5,0,38,2017,1
2016,1,5,1.5,0,38,2017,2
2016,1,6,1.5,0,38,2017,3
2016,1,7,1.5,0,38,2017,4
2016,2,1,1.5,0,38,2016,3
2016,2,2,1.5,0,38,2016,4
2016,2,3,1.5,0,38,2017,1
2016,2,4,1.5,0,38,2017,2
2016,2,5,1.5,0,38,2017,3
2016,2,6,1.5,0,38,2017,4
2016,3,1,1.2,0,38,2016,4
2016,3,2,1.2,0,38,2017,1
2016,3,3,1.2,0,38,2017,2
2016,3,4,1.2,0,38,2017,3
2016,3,5,1.2,0,38,2017,4
2016,4,1,1.28235294117647,-0.0588235294117647,38,2017,1
2016,4,2,1.28235294117647,-0.0588235294117647,38,2017,2
2016,4,3,1.28235294117647,-0.0588235294117647,38,2017,3
2016,4,4,1.28235294117647,-0.0588235294117647,38,2017,4
2017,1,1,1.3,0,38,2017,2
2017,1,2,1.3,0,38,2017,3
2017,1,3,1.3,0,38,2017,4
2017,1,4,1.3,0,38,2018,1
2017,1,5,1.3,0,38,2018,2
2017,1,6,1.3,0,38,2018,3
2017,1,7,1.3,0,38,2018,4
2017,2,1,1.4,0,38,2017,3
2017,2,2,1.4,0,38,2017,4
2017,2,3,1.4,0,38,2018,1
2017,2,4,1.4,0,38,2018,2
2017,2,5,1.4,0,38,2018,3
2017,2,6,1.4,0,38,2018,4
2017,3,1,1.7,0,38,2017,4
2017,3,2,1.7,0,38,2018,1
2017,3,3,1.7,0,38,2018,2
2017,3,4,1.7,0,38,2018,3
2017,3,5,1.7,0,38,2018,4
2017,4,1,1.88235294117647,-0.0588235294117647,38,2018,1
2017,4,2,1.88235294117647,-0.0588235294117647,38,2018,2
2017,4,3,1.88235294117647,-0.0588235294117647,38,2018,3
2017,4,4,1.88235294117647,-0.0588235294117647,38,2018,4
2018,1,1,2.3,0,38,2018,2
2018,1,2,2.3,0,38,2018,3
2018,1,3,2.3,0,38,2018,4
2018,1,4,2.3,0,38,2019,1
2018,1,5,2.3,0,38,2019,2
2018,1,6,2.3,0,38,2019,3
2018,1,7,2.3,0,38,2019,4
2018,2,1,1.8,0,38,2018,3
2018,2,2,1.8,0,38,2018,4
2018,2,3,1.8,0,38,2019,1
2018,2,4,1.8,0,38,2019,2
2018,2,5,1.8,0,38,2019,3
2018,2,6,1.8,0,38,2019,4
2018,3,1,1.8,0,38,2018,4
2018,3,2,1.8,0,38,2019,1
2018,3,3,1.8,0,38,2019,2
2018,3,4,1.8,0,38,2019,3
2018,3,5,1.8,0,38,2019,4
2018,4,1,1.57647058823529,-0.0588235294117647,38,2019,1
2018,4,2,1.57647058823529,-0.0588235294117647,38,2019,2
2018,4,3,1.57647058823529,-0.0588235294117647,38,2019,3
2018,4,4,1.57647058823529,-0.0588235294117647,38,2019,4
2019,1,1,1.3,0,38,2019,2
2019,1,2,1.3,0,38,2019,3
2019,1,3,1.3,0,38,2019,4
2019,1,4,1.3,0,38,2020,1
2019,1,5,1.3,0,38,2020,2
2019,1,6,1.3,0,38,2020,3
2019,1,7,1.3,0,38,2020,4
2019,2,1,1.27,0,38,2019,3
2019,2,2,1.27,0,38,2019,4
2019,2,3,1.27,0,38,2020,1
2019,2,4,1.27,0,38,2020,2
2019,2,5,1.27,0,38,2020,3
2019,2,6,1.27,0,38,2020,4
2019,3,1,1,0,38,2019,4
2019,3,2,1,0,38,2020,1
2019,3,3,1,0,38,2020,2
2019,3,4,1,0,38,2020,3
2019,3,5,1,0,38,2020,4
2019,4,1,1.1,-0.0588235294117647,38,2020,1
2019,4,2,1.1,-0.0588235294117647,38,2020,2
2019,4,3,1.1,-0.0588235294117647,38,2020,3
2019,4,4,1.1,-0.0588235294117647,38,2020,4
2020,1,1,1.3,0,38,2020,2
2020,1,2,1.3,0,38,2020,3
2020,1,3,1.3,0,38,2020,4
2020,1,4,1.3,0,38,2021,1
2020,1,5,1.3,0,38,2021,2
2020,1,6,1.3,0,38,2021,3
2020,1,7,1.3,0,38,2021,4
2020,2,1,3.4,0,38,2020,3
2020,2,2,3.4,0,38,2020,4
2020,2,3,3.4,0,38,2021,1
2020,2,4,3.4,0,38,2021,2
2020,2,5,3.4,0,38,2021,3
2020,2,6,3.4,0,38,2021,4
2020,4,1,6.12704117647059,-0.0588235294117647,38,2021,1
2020,4,2,6.12704117647059,-0.0588235294117647,38,2021,2
2020,4,3,6.12704117647059,-0.0588235294117647,38,2021,3
2020,4,4,6.12704117647059,-0.0588235294117647,38,2021,4
2021,1,1,3.8577271399,0,38,2021,2
2021,1,2,3.8577271399,0,38,2021,3
2021,1,3,3.8577271399,0,38,2021,4
2021,1,4,3.8577271399,0,38,2022,1
2021,1,5,3.8577271399,0,38,2022,2
2021,1,6,3.8577271399,0,38,2022,3
2021,1,7,3.8577271399,0,38,2022,4
2021,2,1,4.0204838642,0,38,2021,3
2021,2,2,4.0204838642,0,38,2021,4
2021,2,3,4.0204838642,0,38,2022,1
2021,2,4,4.0204838642,0,38,2022,2
2021,2,5,4.0204838642,0,38,2022,3
2021,2,6,4.0204838642,0,38,2022,4
2021,4,1,4.14,-0.0588235294117647,38,2022,1
2021,4,2,4.14,-0.0588235294117647,38,2022,2
2021,4,3,4.14,-0.0588235294117647,38,2022,3
2021,4,4,4.14,-0.0588235294117647,38,2022,4
2022,1,1,2.5,0,38,2022,2
2022,1,2,2.5,0,38,2022,3
2022,1,3,2.5,0,38,2022,4
2022,1,4,2.5,0,38,2023,1
2022,1,5,2.5,0,38,2023,2
2022,1,6,2.5,0,38,2023,3
2022,1,7,2.5,0,38,2023,4
2022,2,1,2.5,0,38,2022,3
2022,2,2,2.5,0,38,2022,4
2022,2,3,2.5,0,38,2023,1
2022,2,4,2.5,0,38,2023,2
2022,2,5,2.5,0,38,2023,3
2022,2,6,2.5,0,38,2023,4
2022,3,1,1.65,0,38,2022,4
2022,3,2,1.65,0,38,2023,1
2022,3,3,1.65,0,38,2023,2
2022,3,4,1.65,0,38,2023,3
2022,3,5,1.65,0,38,2023,4
2022,4,1,-0.298747421764706,-0.0588235294117647,38,2023,1
2022,4,2,-0.298747421764706,-0.0588235294117647,38,2023,2
2022,4,3,-0.298747421764706,-0.0588235294117647,38,2023,3
2022,4,4,-0.298747421764706,-0.0588235294117647,38,2023,4
2023,1,1,0.88,0,38,2023,2
2023,1,2,0.88,0,38,2023,3
2023,1,3,0.88,0,38,2023,4
2023,1,4,0.88,0,38,2024,1
2023,1,5,0.88,0,38,2024,2
2023,1,6,0.88,0,38,2024,3
2023,1,7,0.88,0,38,2024,4
2023,2,1,0.89342061,0,38,2023,3
2023,2,2,0.89342061,0,38,2023,4
2023,2,3,0.89342061,0,38,2024,1
2023,2,4,0.89342061,0,38,2024,2
2023,2,5,0.89342061,0,38,2024,3
2023,2,6,0.89342061,0,38,2024,4
2023,3,1,1.0105779,0,38,2023,4
2023,3,2,1.0105779,0,38,2024,1
2023,3,3,1.0105779,0,38,2024,2
2023,3,4,1.0105779,0,38,2024,3
2023,3,5,1.0105779,0,38,2024,4
2023,4,1,0.867147058823529,-0.0588235294117647,38,2024,1
2023,4,2,0.867147058823529,-0.0588235294117647,38,2024,2
2023,4,3,0.867147058823529,-0.0588235294117647,38,2024,3
2023,4,4,0.867147058823529,-0.0588235294117647,38,2024,4
2024,1,1,1.06,0,38,2024,2
2024,1,2,1.06,0,38,2024,3
2024,1,3,1.06,0,38,2024,4
2024,1,4,1.06,0,38,2025,1
2024,1,5,1.06,0,38,2025,2
2024,1,6,1.06,0,38,2025,3
2024,1,7,1.06,0,38,2025,4
2024,3,1,1.15,0,38,2024,4
2024,3,2,1.15,0,38,2025,1
2024,3,3,1.15,0,38,2025,2
2024,3,4,1.15,0,38,2025,3
2024,3,5,1.15,0,38,2025,4
2024,4,1,1.05294117647059,-0.0588235294117647,38,2025,1
2024,4,2,1.05294117647059,-0.0588235294117647,38,2025,2
2024,4,3,1.05294117647059,-0.0588235294117647,38,2025,3
2024,4,4,1.05294117647059,-0.0588235294117647,38,2025,4
2001,1,1,3,0,39,2001,2
2001,1,2,3,0,39,2001,3
2001,1,3,3,0,39,2001,4
2001,1,4,3,0,39,2002,1
2001,1,5,3,0,39,2002,2
2001,1,6,3,0,39,2002,3
2001,1,7,3,0,39,2002,4
2001,2,1,2.8,0,39,2001,3
2001,2,2,2.8,0,39,2001,4
2001,2,3,2.8,0,39,2002,1
2001,2,4,2.8,0,39,2002,2
2001,2,5,2.8,0,39,2002,3
2001,2,6,2.8,0,39,2002,4
2001,3,1,2.5,0,39,2001,4
2001,3,2,2.5,0,39,2002,1
2001,3,3,2.5,0,39,2002,2
2001,3,4,2.5,0,39,2002,3
2001,3,5,2.5,0,39,2002,4
2001,4,1,1.49411764705882,-0.0588235294117647,39,2002,1
2001,4,2,1.49411764705882,-0.0588235294117647,39,2002,2
2001,4,3,1.49411764705882,-0.0588235294117647,39,2002,3
2001,4,4,1.49411764705882,-0.0588235294117647,39,2002,4
2002,1,1,2.9,0,39,2002,2
2002,1,2,2.9,0,39,2002,3
2002,1,3,2.9,0,39,2002,4
2002,1,4,2.9,0,39,2003,1
2002,1,5,2.9,0,39,2003,2
2002,1,6,2.9,0,39,2003,3
2002,1,7,2.9,0,39,2003,4
2002,2,1,2.9,0,39,2002,3
2002,2,2,2.9,0,39,2002,4
2002,2,3,2.9,0,39,2003,1
2002,2,4,2.9,0,39,2003,2
2002,2,5,2.9,0,39,2003,3
2002,2,6,2.9,0,39,2003,4
2002,3,1,2.8,0,39,2002,4
2002,3,2,2.8,0,39,2003,1
2002,3,3,2.8,0,39,2003,2
2002,3,4,2.8,0,39,2003,3
2002,3,5,2.8,0,39,2003,4
2003,1,1,2.1,0,39,2003,2
2003,1,2,2.1,0,39,2003,3
2003,1,3,2.1,0,39,2003,4
2003,1,4,2.1,0,39,2004,1
2003,1,5,2.1,0,39,2004,2
2003,1,6,2.1,0,39,2004,3
2003,1,7,2.1,0,39,2004,4
2003,3,1,1.5,0,39,2003,4
2003,3,2,1.5,0,39,2004,1
2003,3,3,1.5,0,39,2004,2
2003,3,4,1.5,0,39,2004,3
2003,3,5,1.5,0,39,2004,4
2003,4,1,1.14117647058824,-0.0588235294117647,39,2004,1
2003,4,2,1.14117647058824,-0.0588235294117647,39,2004,2
2003,4,3,1.14117647058824,-0.0588235294117647,39,2004,3
2003,4,4,1.14117647058824,-0.0588235294117647,39,2004,4
2004,1,1,2.1,0,39,2004,2
2004,1,2,2.1,0,39,2004,3
2004,1,3,2.1,0,39,2004,4
2004,1,4,2.1,0,39,2005,1
2004,1,5,2.1,0,39,2005,2
2004,1,6,2.1,0,39,2005,3
2004,1,7,2.1,0,39,2005,4
2004,2,1,2.1,0,39,2004,3
2004,2,2,2.1,0,39,2004,4
2004,2,3,2.1,0,39,2005,1
2004,2,4,2.1,0,39,2005,2
2004,2,5,2.1,0,39,2005,3
2004,2,6,2.1,0,39,2005,4
2004,3,1,2,0,39,2004,4
2004,3,2,2,0,39,2005,1
2004,3,3,2,0,39,2005,2
2004,3,4,2,0,39,2005,3
2004,3,5,2,0,39,2005,4
2004,4,1,2.01176470588235,-0.0588235294117647,39,2005,1
2004,4,2,2.01176470588235,-0.0588235294117647,39,2005,2
2004,4,3,2.01176470588235,-0.0588235294117647,39,2005,3
2004,4,4,2.01176470588235,-0.0588235294117647,39,2005,4
2005,1,1,2,0,39,2005,2
2005,1,2,2,0,39,2005,3
2005,1,3,2,0,39,2005,4
2005,1,4,2,0,39,2006,1
2005,1,5,2,0,39,2006,2
2005,1,6,2,0,39,2006,3
2005,1,7,2,0,39,2006,4
2005,2,1,2,0,39,2005,3
2005,2,2,2,0,39,2005,4
2005,2,3,2,0,39,2006,1
2005,2,4,2,0,39,2006,2
2005,2,5,2,0,39,2006,3
2005,2,6,2,0,39,2006,4
2005,3,1,1.9,0,39,2005,4
2005,3,2,1.9,0,39,2006,1
2005,3,3,1.9,0,39,2006,2
2005,3,4,1.9,0,39,2006,3
2005,3,5,1.9,0,39,2006,4
2005,4,1,1.82941176470588,-0.0588235294117647,39,2006,1
2005,4,2,1.82941176470588,-0.0588235294117647,39,2006,2
2005,4,3,1.82941176470588,-0.0588235294117647,39,2006,3
2005,4,4,1.82941176470588,-0.0588235294117647,39,2006,4
2006,1,1,1.6,0,39,2006,2
2006,1,2,1.6,0,39,2006,3
2006,1,3,1.6,0,39,2006,4
2006,1,4,1.6,0,39,2007,1
2006,1,5,1.6,0,39,2007,2
2006,1,6,1.6,0,39,2007,3
2006,1,7,1.6,0,39,2007,4
2006,2,1,1.6,0,39,2006,3
2006,2,2,1.6,0,39,2006,4
2006,2,3,1.6,0,39,2007,1
2006,2,4,1.6,0,39,2007,2
2006,2,5,1.6,0,39,2007,3
2006,2,6,1.6,0,39,2007,4
2006,3,1,1.7,0,39,2006,4
2006,3,2,1.7,0,39,2007,1
2006,3,3,1.7,0,39,2007,2
2006,3,4,1.7,0,39,2007,3
2006,3,5,1.7,0,39,2007,4
2006,4,1,2.17058823529412,-0.0588235294117647,39,2007,1
2006,4,2,2.17058823529412,-0.0588235294117647,39,2007,2
2006,4,3,2.17058823529412,-0.0588235294117647,39,2007,3
2006,4,4,2.17058823529412,-0.0588235294117647,39,2007,4
2007,1,1,2.3,0,39,2007,2
2007,1,2,2.3,0,39,2007,3
2007,1,3,2.3,0,39,2007,4
2007,1,4,2.3,0,39,2008,1
2007,1,5,2.3,0,39,2008,2
2007,1,6,2.3,0,39,2008,3
2007,1,7,2.3,0,39,2008,4
2007,2,1,2.4,0,39,2007,3
2007,2,2,2.4,0,39,2007,4
2007,2,3,2.4,0,39,2008,1
2007,2,4,2.4,0,39,2008,2
2007,2,5,2.4,0,39,2008,3
2007,2,6,2.4,0,39,2008,4
2007,4,1,2.07058823529412,-0.0588235294117647,39,2008,1
2007,4,2,2.07058823529412,-0.0588235294117647,39,2008,2
2007,4,3,2.07058823529412,-0.0588235294117647,39,2008,3
2007,4,4,2.07058823529412,-0.0588235294117647,39,2008,4
2008,1,1,2.3,0,39,2008,2
2008,1,2,2.3,0,39,2008,3
2008,1,3,2.3,0,39,2008,4
2008,1,4,2.3,0,39,2009,1
2008,1,5,2.3,0,39,2009,2
2008,1,6,2.3,0,39,2009,3
2008,1,7,2.3,0,39,2009,4
2008,2,1,1.6,0,39,2008,3
2008,2,2,1.6,0,39,2008,4
2008,2,3,1.6,0,39,2009,1
2008,2,4,1.6,0,39,2009,2
2008,2,5,1.6,0,39,2009,3
2008,2,6,1.6,0,39,2009,4
2008,4,1,0.570588235294118,-0.0588235294117647,39,2009,1
2008,4,2,0.570588235294118,-0.0588235294117647,39,2009,2
2008,4,3,0.570588235294118,-0.0588235294117647,39,2009,3
2008,4,4,0.570588235294118,-0.0588235294117647,39,2009,4
2009,1,1,1,0,39,2009,2
2009,1,2,1,0,39,2009,3
2009,1,3,1,0,39,2009,4
2009,1,4,1,0,39,2010,1
2009,1,5,1,0,39,2010,2
2009,1,6,1,0,39,2010,3
2009,1,7,1,0,39,2010,4
2009,2,1,0.4,0,39,2009,3
2009,2,2,0.4,0,39,2009,4
2009,2,3,0.4,0,39,2010,1
2009,2,4,0.4,0,39,2010,2
2009,2,5,0.4,0,39,2010,3
2009,2,6,0.4,0,39,2010,4
2009,3,1,0.4,0,39,2009,4
2009,3,2,0.4,0,39,2010,1
2009,3,3,0.4,0,39,2010,2
2009,3,4,0.4,0,39,2010,3
2009,3,5,0.4,0,39,2010,4
2009,4,1,1.08235294117647,-0.0588235294117647,39,2010,1
2009,4,2,1.08235294117647,-0.0588235294117647,39,2010,2
2009,4,3,1.08235294117647,-0.0588235294117647,39,2010,3
2009,4,4,1.08235294117647,-0.0588235294117647,39,2010,4
2010,1,1,1.3,0,39,2010,2
2010,1,2,1.3,0,39,2010,3
2010,1,3,1.3,0,39,2010,4
2010,1,4,1.3,0,39,2011,1
2010,1,5,1.3,0,39,2011,2
2010,1,6,1.3,0,39,2011,3
2010,1,7,1.3,0,39,2011,4
2010,2,1,1.4,0,39,2010,3
2010,2,2,1.4,0,39,2010,4
2010,2,3,1.4,0,39,2011,1
2010,2,4,1.4,0,39,2011,2
2010,2,5,1.4,0,39,2011,3
2010,2,6,1.4,0,39,2011,4
2010,3,1,1.6,0,39,2010,4
2010,3,2,1.6,0,39,2011,1
2010,3,3,1.6,0,39,2011,2
2010,3,4,1.6,0,39,2011,3
2010,3,5,1.6,0,39,2011,4
2010,4,1,1.70588235294118,-0.0588235294117647,39,2011,1
2010,4,2,1.70588235294118,-0.0588235294117647,39,2011,2
2010,4,3,1.70588235294118,-0.0588235294117647,39,2011,3
2010,4,4,1.70588235294118,-0.0588235294117647,39,2011,4
2011,1,1,1.2,0,39,2011,2
2011,1,2,1.2,0,39,2011,3
2011,1,3,1.2,0,39,2011,4
2011,1,4,1.2,0,39,2012,1
2011,1,5,1.2,0,39,2012,2
2011,1,6,1.2,0,39,2012,3
2011,1,7,1.2,0,39,2012,4
2011,2,1,1.4,0,39,2011,3
2011,2,2,1.4,0,39,2011,4
2011,2,3,1.4,0,39,2012,1
2011,2,4,1.4,0,39,2012,2
2011,2,5,1.4,0,39,2012,3
2011,2,6,1.4,0,39,2012,4
2011,4,1,0.529411764705882,-0.0588235294117647,39,2012,1
2011,4,2,0.529411764705882,-0.0588235294117647,39,2012,2
2011,4,3,0.529411764705882,-0.0588235294117647,39,2012,3
2011,4,4,0.529411764705882,-0.0588235294117647,39,2012,4
2012,1,1,0.7,0,39,2012,2
2012,1,2,0.7,0,39,2012,3
2012,1,3,0.7,0,39,2012,4
2012,1,4,0.7,0,39,2013,1
2012,1,5,0.7,0,39,2013,2
2012,1,6,0.7,0,39,2013,3
2012,1,7,0.7,0,39,2013,4
2012,2,1,0.7,0,39,2012,3
2012,2,2,0.7,0,39,2012,4
2012,2,3,0.7,0,39,2013,1
2012,2,4,0.7,0,39,2013,2
2012,2,5,0.7,0,39,2013,3
2012,2,6,0.7,0,39,2013,4
2012,3,1,0.5,0,39,2012,4
2012,3,2,0.5,0,39,2013,1
2012,3,3,0.5,0,39,2013,2
2012,3,4,0.5,0,39,2013,3
2012,3,5,0.5,0,39,2013,4
2012,4,1,0.341176470588235,-0.0588235294117647,39,2013,1
2012,4,2,0.341176470588235,-0.0588235294117647,39,2013,2
2012,4,3,0.341176470588235,-0.0588235294117647,39,2013,3
2012,4,4,0.341176470588235,-0.0588235294117647,39,2013,4
2013,1,1,1,0,39,2013,2
2013,1,2,1,0,39,2013,3
2013,1,3,1,0,39,2013,4
2013,1,4,1,0,39,2014,1
2013,1,5,1,0,39,2014,2
2013,1,6,1,0,39,2014,3
2013,1,7,1,0,39,2014,4
2013,2,1,0.9,0,39,2013,3
2013,2,2,0.9,0,39,2013,4
2013,2,3,0.9,0,39,2014,1
2013,2,4,0.9,0,39,2014,2
2013,2,5,0.9,0,39,2014,3
2013,2,6,0.9,0,39,2014,4
2013,4,1,1.07647058823529,-0.0588235294117647,39,2014,1
2013,4,2,1.07647058823529,-0.0588235294117647,39,2014,2
2013,4,3,1.07647058823529,-0.0588235294117647,39,2014,3
2013,4,4,1.07647058823529,-0.0588235294117647,39,2014,4
2014,1,1,1.5,0,39,2014,2
2014,1,2,1.5,0,39,2014,3
2014,1,3,1.5,0,39,2014,4
2014,1,4,1.5,0,39,2015,1
2014,1,5,1.5,0,39,2015,2
2014,1,6,1.5,0,39,2015,3
2014,1,7,1.5,0,39,2015,4
2014,2,1,1.4,0,39,2014,3
2014,2,2,1.4,0,39,2014,4
2014,2,3,1.4,0,39,2015,1
2014,2,4,1.4,0,39,2015,2
2014,2,5,1.4,0,39,2015,3
2014,2,6,1.4,0,39,2015,4
2014,3,1,1.3,0,39,2014,4
2014,3,2,1.3,0,39,2015,1
2014,3,3,1.3,0,39,2015,2
2014,3,4,1.3,0,39,2015,3
2014,3,5,1.3,0,39,2015,4
2014,4,1,1.01764705882353,-0.0588235294117647,39,2015,1
2014,4,2,1.01764705882353,-0.0588235294117647,39,2015,2
2014,4,3,1.01764705882353,-0.0588235294117647,39,2015,3
2014,4,4,1.01764705882353,-0.0588235294117647,39,2015,4
2015,1,1,1.6,0,39,2015,2
2015,1,2,1.6,0,39,2015,3
2015,1,3,1.6,0,39,2015,4
2015,1,4,1.6,0,39,2016,1
2015,1,5,1.6,0,39,2016,2
2015,1,6,1.6,0,39,2016,3
2015,1,7,1.6,0,39,2016,4
2015,2,1,2,0,39,2015,3
2015,2,2,2,0,39,2015,4
2015,2,3,2,0,39,2016,1
2015,2,4,2,0,39,2016,2
2015,2,5,2,0,39,2016,3
2015,2,6,2,0,39,2016,4
2015,3,1,1.8,0,39,2015,4
2015,3,2,1.8,0,39,2016,1
2015,3,3,1.8,0,39,2016,2
2015,3,4,1.8,0,39,2016,3
2015,3,5,1.8,0,39,2016,4
2015,4,1,1.71176470588235,-0.0588235294117647,39,2016,1
2015,4,2,1.71176470588235,-0.0588235294117647,39,2016,2
2015,4,3,1.71176470588235,-0.0588235294117647,39,2016,3
2015,4,4,1.71176470588235,-0.0588235294117647,39,2016,4
2016,1,1,1.7,0,39,2016,2
2016,1,2,1.7,0,39,2016,3
2016,1,3,1.7,0,39,2016,4
2016,1,4,1.7,0,39,2017,1
2016,1,5,1.7,0,39,2017,2
2016,1,6,1.7,0,39,2017,3
2016,1,7,1.7,0,39,2017,4
2016,2,1,1.6,0,39,2016,3
2016,2,2,1.6,0,39,2016,4
2016,2,3,1.6,0,39,2017,1
2016,2,4,1.6,0,39,2017,2
2016,2,5,1.6,0,39,2017,3
2016,2,6,1.6,0,39,2017,4
2016,3,1,1.4,0,39,2016,4
2016,3,2,1.4,0,39,2017,1
2016,3,3,1.4,0,39,2017,2
2016,3,4,1.4,0,39,2017,3
2016,3,5,1.4,0,39,2017,4
2016,4,1,1.28823529411765,-0.0588235294117647,39,2017,1
2016,4,2,1.28823529411765,-0.0588235294117647,39,2017,2
2016,4,3,1.28823529411765,-0.0588235294117647,39,2017,3
2016,4,4,1.28823529411765,-0.0588235294117647,39,2017,4
2017,1,1,1.6,0,39,2017,2
2017,1,2,1.6,0,39,2017,3
2017,1,3,1.6,0,39,2017,4
2017,1,4,1.6,0,39,2018,1
2017,1,5,1.6,0,39,2018,2
2017,1,6,1.6,0,39,2018,3
2017,1,7,1.6,0,39,2018,4
2017,2,1,1.6,0,39,2017,3
2017,2,2,1.6,0,39,2017,4
2017,2,3,1.6,0,39,2018,1
2017,2,4,1.6,0,39,2018,2
2017,2,5,1.6,0,39,2018,3
2017,2,6,1.6,0,39,2018,4
2017,3,1,1.7,0,39,2017,4
2017,3,2,1.7,0,39,2018,1
2017,3,3,1.7,0,39,2018,2
2017,3,4,1.7,0,39,2018,3
2017,3,5,1.7,0,39,2018,4
2017,4,1,1.67058823529412,-0.0588235294117647,39,2018,1
2017,4,2,1.67058823529412,-0.0588235294117647,39,2018,2
2017,4,3,1.67058823529412,-0.0588235294117647,39,2018,3
2017,4,4,1.67058823529412,-0.0588235294117647,39,2018,4
2018,1,1,1.8,0,39,2018,2
2018,1,2,1.8,0,39,2018,3
2018,1,3,1.8,0,39,2018,4
2018,1,4,1.8,0,39,2019,1
2018,1,5,1.8,0,39,2019,2
2018,1,6,1.8,0,39,2019,3
2018,1,7,1.8,0,39,2019,4
2018,2,1,1.9,0,39,2018,3
2018,2,2,1.9,0,39,2018,4
2018,2,3,1.9,0,39,2019,1
2018,2,4,1.9,0,39,2019,2
2018,2,5,1.9,0,39,2019,3
2018,2,6,1.9,0,39,2019,4
2018,3,1,1.9,0,39,2018,4
2018,3,2,1.9,0,39,2019,1
2018,3,3,1.9,0,39,2019,2
2018,3,4,1.9,0,39,2019,3
2018,3,5,1.9,0,39,2019,4
2018,4,1,1.68235294117647,-0.0588235294117647,39,2019,1
2018,4,2,1.68235294117647,-0.0588235294117647,39,2019,2
2018,4,3,1.68235294117647,-0.0588235294117647,39,2019,3
2018,4,4,1.68235294117647,-0.0588235294117647,39,2019,4
2019,1,1,1.4,0,39,2019,2
2019,1,2,1.4,0,39,2019,3
2019,1,3,1.4,0,39,2019,4
2019,1,4,1.4,0,39,2020,1
2019,1,5,1.4,0,39,2020,2
2019,1,6,1.4,0,39,2020,3
2019,1,7,1.4,0,39,2020,4
2019,2,1,1.4,0,39,2019,3
2019,2,2,1.4,0,39,2019,4
2019,2,3,1.4,0,39,2020,1
2019,2,4,1.4,0,39,2020,2
2019,2,5,1.4,0,39,2020,3
2019,2,6,1.4,0,39,2020,4
2019,3,1,1.3,0,39,2019,4
2019,3,2,1.3,0,39,2020,1
2019,3,3,1.3,0,39,2020,2
2019,3,4,1.3,0,39,2020,3
2019,3,5,1.3,0,39,2020,4
2019,4,1,0.888235294117647,-0.0588235294117647,39,2020,1
2019,4,2,0.888235294117647,-0.0588235294117647,39,2020,2
2019,4,3,0.888235294117647,-0.0588235294117647,39,2020,3
2019,4,4,0.888235294117647,-0.0588235294117647,39,2020,4
2020,1,1,1.3,0,39,2020,2
2020,1,2,1.3,0,39,2020,3
2020,1,3,1.3,0,39,2020,4
2020,1,4,1.3,0,39,2021,1
2020,1,5,1.3,0,39,2021,2
2020,1,6,1.3,0,39,2021,3
2020,1,7,1.3,0,39,2021,4
2020,2,1,4.8,0,39,2020,3
2020,2,2,4.8,0,39,2020,4
2020,2,3,4.8,0,39,2021,1
2020,2,4,4.8,0,39,2021,2
2020,2,5,4.8,0,39,2021,3
2020,2,6,4.8,0,39,2021,4
2020,3,1,5.89,0,39,2020,4
2020,3,2,5.89,0,39,2021,1
2020,3,3,5.89,0,39,2021,2
2020,3,4,5.89,0,39,2021,3
2020,3,5,5.89,0,39,2021,4
2020,4,1,6.72941176470588,-0.0588235294117647,39,2021,1
2020,4,2,6.72941176470588,-0.0588235294117647,39,2021,2
2020,4,3,6.72941176470588,-0.0588235294117647,39,2021,3
2020,4,4,6.72941176470588,-0.0588235294117647,39,2021,4
2021,1,1,3.9,0,39,2021,2
2021,1,2,3.9,0,39,2021,3
2021,1,3,3.9,0,39,2021,4
2021,1,4,3.9,0,39,2022,1
2021,1,5,3.9,0,39,2022,2
2021,1,6,3.9,0,39,2022,3
2021,1,7,3.9,0,39,2022,4
2021,2,1,4.53,0,39,2021,3
2021,2,2,4.53,0,39,2021,4
2021,2,3,4.53,0,39,2022,1
2021,2,4,4.53,0,39,2022,2
2021,2,5,4.53,0,39,2022,3
2021,2,6,4.53,0,39,2022,4
2021,3,1,4.63,0,39,2021,4
2021,3,2,4.63,0,39,2022,1
2021,3,3,4.63,0,39,2022,2
2021,3,4,4.63,0,39,2022,3
2021,3,5,4.63,0,39,2022,4
2021,4,1,4.70411764705882,-0.0588235294117647,39,2022,1
2021,4,2,4.70411764705882,-0.0588235294117647,39,2022,2
2021,4,3,4.70411764705882,-0.0588235294117647,39,2022,3
2021,4,4,4.70411764705882,-0.0588235294117647,39,2022,4
2022,1,1,2.6,0,39,2022,2
2022,1,2,2.6,0,39,2022,3
2022,1,3,2.6,0,39,2022,4
2022,1,4,2.6,0,39,2023,1
2022,1,5,2.6,0,39,2023,2
2022,1,6,2.6,0,39,2023,3
2022,1,7,2.6,0,39,2023,4
2022,2,1,2.18,0,39,2022,3
2022,2,2,2.18,0,39,2022,4
2022,2,3,2.18,0,39,2023,1
2022,2,4,2.18,0,39,2023,2
2022,2,5,2.18,0,39,2023,3
2022,2,6,2.18,0,39,2023,4
2022,3,1,2.1028177793,0,39,2022,4
2022,3,2,2.1028177793,0,39,2023,1
2022,3,3,2.1028177793,0,39,2023,2
2022,3,4,2.1028177793,0,39,2023,3
2022,3,5,2.1028177793,0,39,2023,4
2022,4,1,0.299579131764706,-0.0588235294117647,39,2023,1
2022,4,2,0.299579131764706,-0.0588235294117647,39,2023,2
2022,4,3,0.299579131764706,-0.0588235294117647,39,2023,3
2022,4,4,0.299579131764706,-0.0588235294117647,39,2023,4
2023,1,1,1.43417341,0,39,2023,2
2023,1,2,1.43417341,0,39,2023,3
2023,1,3,1.43417341,0,39,2023,4
2023,1,4,1.43417341,0,39,2024,1
2023,1,5,1.43417341,0,39,2024,2
2023,1,6,1.43417341,0,39,2024,3
2023,1,7,1.43417341,0,39,2024,4
2023,2,1,1.38778043,0,39,2023,3
2023,2,2,1.38778043,0,39,2023,4
2023,2,3,1.38778043,0,39,2024,1
2023,2,4,1.38778043,0,39,2024,2
2023,2,5,1.38778043,0,39,2024,3
2023,2,6,1.38778043,0,39,2024,4
2023,3,1,1.10890165,0,39,2023,4
2023,3,2,1.10890165,0,39,2024,1
2023,3,3,1.10890165,0,39,2024,2
2023,3,4,1.10890165,0,39,2024,3
2023,3,5,1.10890165,0,39,2024,4
2023,4,1,0.779900591176471,-0.0588235294117647,39,2024,1
2023,4,2,0.779900591176471,-0.0588235294117647,39,2024,2
2023,4,3,0.779900591176471,-0.0588235294117647,39,2024,3
2023,4,4,0.779900591176471,-0.0588235294117647,39,2024,4
2024,1,1,1.45050819,0,39,2024,2
2024,1,2,1.45050819,0,39,2024,3
2024,1,3,1.45050819,0,39,2024,4
2024,1,4,1.45050819,0,39,2025,1
2024,1,5,1.45050819,0,39,2025,2
2024,1,6,1.45050819,0,39,2025,3
2024,1,7,1.45050819,0,39,2025,4
2024,2,1,1.30840366,0,39,2024,3
2024,2,2,1.30840366,0,39,2024,4
2024,2,3,1.30840366,0,39,2025,1
2024,2,4,1.30840366,0,39,2025,2
2024,2,5,1.30840366,0,39,2025,3
2024,2,6,1.30840366,0,39,2025,4
2024,3,1,1.31783199,0,39,2024,4
2024,3,2,1.31783199,0,39,2025,1
2024,3,3,1.31783199,0,39,2025,2
2024,3,4,1.31783199,0,39,2025,3
2024,3,5,1.31783199,0,39,2025,4
2024,4,1,1.18031188529412,-0.0588235294117647,39,2025,1
2024,4,2,1.18031188529412,-0.0588235294117647,39,2025,2
2024,4,3,1.18031188529412,-0.0588235294117647,39,2025,3
2024,4,4,1.18031188529412,-0.0588235294117647,39,2025,4
2001,1,1,2.8,0,41,2001,2
2001,1,2,2.8,0,41,2001,3
2001,1,3,2.8,0,41,2001,4
2001,1,4,2.8,0,41,2002,1
2001,1,5,2.8,0,41,2002,2
2001,1,6,2.8,0,41,2002,3
2001,1,7,2.8,0,41,2002,4
2001,2,1,2.9,0,41,2001,3
2001,2,2,2.9,0,41,2001,4
2001,2,3,2.9,0,41,2002,1
2001,2,4,2.9,0,41,2002,2
2001,2,5,2.9,0,41,2002,3
2001,2,6,2.9,0,41,2002,4
2001,3,1,2.7,0,41,2001,4
2001,3,2,2.7,0,41,2002,1
2001,3,3,2.7,0,41,2002,2
2001,3,4,2.7,0,41,2002,3
2001,3,5,2.7,0,41,2002,4
2001,4,1,1.70588235294118,-0.0588235294117647,41,2002,1
2001,4,2,1.70588235294118,-0.0588235294117647,41,2002,2
2001,4,3,1.70588235294118,-0.0588235294117647,41,2002,3
2001,4,4,1.70588235294118,-0.0588235294117647,41,2002,4
2002,1,1,2.5,0,41,2002,2
2002,1,2,2.5,0,41,2002,3
2002,1,3,2.5,0,41,2002,4
2002,1,4,2.5,0,41,2003,1
2002,1,5,2.5,0,41,2003,2
2002,1,6,2.5,0,41,2003,3
2002,1,7,2.5,0,41,2003,4
2002,2,1,2.7,0,41,2002,3
2002,2,2,2.7,0,41,2002,4
2002,2,3,2.7,0,41,2003,1
2002,2,4,2.7,0,41,2003,2
2002,2,5,2.7,0,41,2003,3
2002,2,6,2.7,0,41,2003,4
2002,3,1,2.8,0,41,2002,4
2002,3,2,2.8,0,41,2003,1
2002,3,3,2.8,0,41,2003,2
2002,3,4,2.8,0,41,2003,3
2002,3,5,2.8,0,41,2003,4
2002,4,1,1.85882352941176,-0.0588235294117647,41,2003,1
2002,4,2,1.85882352941176,-0.0588235294117647,41,2003,2
2002,4,3,1.85882352941176,-0.0588235294117647,41,2003,3
2002,4,4,1.85882352941176,-0.0588235294117647,41,2003,4
2003,1,1,2.4,0,41,2003,2
2003,1,2,2.4,0,41,2003,3
2003,1,3,2.4,0,41,2003,4
2003,1,4,2.4,0,41,2004,1
2003,1,5,2.4,0,41,2004,2
2003,1,6,2.4,0,41,2004,3
2003,1,7,2.4,0,41,2004,4
2003,2,1,2.2,0,41,2003,3
2003,2,2,2.2,0,41,2003,4
2003,2,3,2.2,0,41,2004,1
2003,2,4,2.2,0,41,2004,2
2003,2,5,2.2,0,41,2004,3
2003,2,6,2.2,0,41,2004,4
2003,3,1,1.8,0,41,2003,4
2003,3,2,1.8,0,41,2004,1
2003,3,3,1.8,0,41,2004,2
2003,3,4,1.8,0,41,2004,3
2003,3,5,1.8,0,41,2004,4
2003,4,1,1.67058823529412,-0.0588235294117647,41,2004,1
2003,4,2,1.67058823529412,-0.0588235294117647,41,2004,2
2003,4,3,1.67058823529412,-0.0588235294117647,41,2004,3
2003,4,4,1.67058823529412,-0.0588235294117647,41,2004,4
2004,1,1,2.6,0,41,2004,2
2004,1,2,2.6,0,41,2004,3
2004,1,3,2.6,0,41,2004,4
2004,1,4,2.6,0,41,2005,1
2004,1,5,2.6,0,41,2005,2
2004,1,6,2.6,0,41,2005,3
2004,1,7,2.6,0,41,2005,4
2004,2,1,1.7,0,41,2004,3
2004,2,2,1.7,0,41,2004,4
2004,2,3,1.7,0,41,2005,1
2004,2,4,1.7,0,41,2005,2
2004,2,5,1.7,0,41,2005,3
2004,2,6,1.7,0,41,2005,4
2004,3,1,2.1,0,41,2004,4
2004,3,2,2.1,0,41,2005,1
2004,3,3,2.1,0,41,2005,2
2004,3,4,2.1,0,41,2005,3
2004,3,5,2.1,0,41,2005,4
2004,4,1,2.21764705882353,-0.0588235294117647,41,2005,1
2004,4,2,2.21764705882353,-0.0588235294117647,41,2005,2
2004,4,3,2.21764705882353,-0.0588235294117647,41,2005,3
2004,4,4,2.21764705882353,-0.0588235294117647,41,2005,4
2005,1,1,2.2,0,41,2005,2
2005,1,2,2.2,0,41,2005,3
2005,1,3,2.2,0,41,2005,4
2005,1,4,2.2,0,41,2006,1
2005,1,5,2.2,0,41,2006,2
2005,1,6,2.2,0,41,2006,3
2005,1,7,2.2,0,41,2006,4
2005,2,1,2.2,0,41,2005,3
2005,2,2,2.2,0,41,2005,4
2005,2,3,2.2,0,41,2006,1
2005,2,4,2.2,0,41,2006,2
2005,2,5,2.2,0,41,2006,3
2005,2,6,2.2,0,41,2006,4
2005,3,1,1.8,0,41,2005,4
2005,3,2,1.8,0,41,2006,1
2005,3,3,1.8,0,41,2006,2
2005,3,4,1.8,0,41,2006,3
2005,3,5,1.8,0,41,2006,4
2005,4,1,1.72352941176471,-0.0588235294117647,41,2006,1
2005,4,2,1.72352941176471,-0.0588235294117647,41,2006,2
2005,4,3,1.72352941176471,-0.0588235294117647,41,2006,3
2005,4,4,1.72352941176471,-0.0588235294117647,41,2006,4
2006,1,1,2.1,0,41,2006,2
2006,1,2,2.1,0,41,2006,3
2006,1,3,2.1,0,41,2006,4
2006,1,4,2.1,0,41,2007,1
2006,1,5,2.1,0,41,2007,2
2006,1,6,2.1,0,41,2007,3
2006,1,7,2.1,0,41,2007,4
2006,2,1,2.1,0,41,2006,3
2006,2,2,2.1,0,41,2006,4
2006,2,3,2.1,0,41,2007,1
2006,2,4,2.1,0,41,2007,2
2006,2,5,2.1,0,41,2007,3
2006,2,6,2.1,0,41,2007,4
2006,3,1,2,0,41,2006,4
2006,3,2,2,0,41,2007,1
2006,3,3,2,0,41,2007,2
2006,3,4,2,0,41,2007,3
2006,3,5,2,0,41,2007,4
2006,4,1,2.07647058823529,-0.0588235294117647,41,2007,1
2006,4,2,2.07647058823529,-0.0588235294117647,41,2007,2
2006,4,3,2.07647058823529,-0.0588235294117647,41,2007,3
2006,4,4,2.07647058823529,-0.0588235294117647,41,2007,4
2007,2,1,2.3,0,41,2007,3
2007,2,2,2.3,0,41,2007,4
2007,2,3,2.3,0,41,2008,1
2007,2,4,2.3,0,41,2008,2
2007,2,5,2.3,0,41,2008,3
2007,2,6,2.3,0,41,2008,4
2007,3,1,2.3,0,41,2007,4
2007,3,2,2.3,0,41,2008,1
2007,3,3,2.3,0,41,2008,2
2007,3,4,2.3,0,41,2008,3
2007,3,5,2.3,0,41,2008,4
2007,4,1,1.97058823529412,-0.0588235294117647,41,2008,1
2007,4,2,1.97058823529412,-0.0588235294117647,41,2008,2
2007,4,3,1.97058823529412,-0.0588235294117647,41,2008,3
2007,4,4,1.97058823529412,-0.0588235294117647,41,2008,4
2008,1,1,2,0,41,2008,2
2008,1,2,2,0,41,2008,3
2008,1,3,2,0,41,2008,4
2008,1,4,2,0,41,2009,1
2008,1,5,2,0,41,2009,2
2008,1,6,2,0,41,2009,3
2008,1,7,2,0,41,2009,4
2008,2,1,1.7,0,41,2008,3
2008,2,2,1.7,0,41,2008,4
2008,2,3,1.7,0,41,2009,1
2008,2,4,1.7,0,41,2009,2
2008,2,5,1.7,0,41,2009,3
2008,2,6,1.7,0,41,2009,4
2008,4,1,0.347058823529412,-0.0588235294117647,41,2009,1
2008,4,2,0.347058823529412,-0.0588235294117647,41,2009,2
2008,4,3,0.347058823529412,-0.0588235294117647,41,2009,3
2008,4,4,0.347058823529412,-0.0588235294117647,41,2009,4
2009,1,1,0.5,0,41,2009,2
2009,1,2,0.5,0,41,2009,3
2009,1,3,0.5,0,41,2009,4
2009,1,4,0.5,0,41,2010,1
2009,1,5,0.5,0,41,2010,2
2009,1,6,0.5,0,41,2010,3
2009,1,7,0.5,0,41,2010,4
2009,2,1,0.6,0,41,2009,3
2009,2,2,0.6,0,41,2009,4
2009,2,3,0.6,0,41,2010,1
2009,2,4,0.6,0,41,2010,2
2009,2,5,0.6,0,41,2010,3
2009,2,6,0.6,0,41,2010,4
2009,3,1,0.3,0,41,2009,4
2009,3,2,0.3,0,41,2010,1
2009,3,3,0.3,0,41,2010,2
2009,3,4,0.3,0,41,2010,3
2009,3,5,0.3,0,41,2010,4
2009,4,1,1.3,-0.0588235294117647,41,2010,1
2009,4,2,1.3,-0.0588235294117647,41,2010,2
2009,4,3,1.3,-0.0588235294117647,41,2010,3
2009,4,4,1.3,-0.0588235294117647,41,2010,4
2010,1,1,1.6,0,41,2010,2
2010,1,2,1.6,0,41,2010,3
2010,1,3,1.6,0,41,2010,4
2010,1,4,1.6,0,41,2011,1
2010,1,5,1.6,0,41,2011,2
2010,1,6,1.6,0,41,2011,3
2010,1,7,1.6,0,41,2011,4
2010,2,1,1.6,0,41,2010,3
2010,2,2,1.6,0,41,2010,4
2010,2,3,1.6,0,41,2011,1
2010,2,4,1.6,0,41,2011,2
2010,2,5,1.6,0,41,2011,3
2010,2,6,1.6,0,41,2011,4
2010,3,1,1.5,0,41,2010,4
2010,3,2,1.5,0,41,2011,1
2010,3,3,1.5,0,41,2011,2
2010,3,4,1.5,0,41,2011,3
2010,3,5,1.5,0,41,2011,4
2010,4,1,1.48823529411765,-0.0588235294117647,41,2011,1
2010,4,2,1.48823529411765,-0.0588235294117647,41,2011,2
2010,4,3,1.48823529411765,-0.0588235294117647,41,2011,3
2010,4,4,1.48823529411765,-0.0588235294117647,41,2011,4
2011,1,1,1.8,0,41,2011,2
2011,1,2,1.8,0,41,2011,3
2011,1,3,1.8,0,41,2011,4
2011,1,4,1.8,0,41,2012,1
2011,1,5,1.8,0,41,2012,2
2011,1,6,1.8,0,41,2012,3
2011,1,7,1.8,0,41,2012,4
2011,2,1,1.8,0,41,2011,3
2011,2,2,1.8,0,41,2011,4
2011,2,3,1.8,0,41,2012,1
2011,2,4,1.8,0,41,2012,2
2011,2,5,1.8,0,41,2012,3
2011,2,6,1.8,0,41,2012,4
2011,3,1,1.8,0,41,2011,4
2011,3,2,1.8,0,41,2012,1
2011,3,3,1.8,0,41,2012,2
2011,3,4,1.8,0,41,2012,3
2011,3,5,1.8,0,41,2012,4
2011,4,1,1.17647058823529,-0.0588235294117647,41,2012,1
2011,4,2,1.17647058823529,-0.0588235294117647,41,2012,2
2011,4,3,1.17647058823529,-0.0588235294117647,41,2012,3
2011,4,4,1.17647058823529,-0.0588235294117647,41,2012,4
2012,1,1,1.1,0,41,2012,2
2012,1,2,1.1,0,41,2012,3
2012,1,3,1.1,0,41,2012,4
2012,1,4,1.1,0,41,2013,1
2012,1,5,1.1,0,41,2013,2
2012,1,6,1.1,0,41,2013,3
2012,1,7,1.1,0,41,2013,4
2012,2,1,1.1,0,41,2012,3
2012,2,2,1.1,0,41,2012,4
2012,2,3,1.1,0,41,2013,1
2012,2,4,1.1,0,41,2013,2
2012,2,5,1.1,0,41,2013,3
2012,2,6,1.1,0,41,2013,4
2012,3,1,0.8,0,41,2012,4
2012,3,2,0.8,0,41,2013,1
2012,3,3,0.8,0,41,2013,2
2012,3,4,0.8,0,41,2013,3
2012,3,5,0.8,0,41,2013,4
2012,4,1,0.452941176470588,-0.0588235294117647,41,2013,1
2012,4,2,0.452941176470588,-0.0588235294117647,41,2013,2
2012,4,3,0.452941176470588,-0.0588235294117647,41,2013,3
2012,4,4,0.452941176470588,-0.0588235294117647,41,2013,4
2013,1,1,1.2,0,41,2013,2
2013,1,2,1.2,0,41,2013,3
2013,1,3,1.2,0,41,2013,4
2013,1,4,1.2,0,41,2014,1
2013,1,5,1.2,0,41,2014,2
2013,1,6,1.2,0,41,2014,3
2013,1,7,1.2,0,41,2014,4
2013,2,1,1,0,41,2013,3
2013,2,2,1,0,41,2013,4
2013,2,3,1,0,41,2014,1
2013,2,4,1,0,41,2014,2
2013,2,5,1,0,41,2014,3
2013,2,6,1,0,41,2014,4
2013,3,1,1,0,41,2013,4
2013,3,2,1,0,41,2014,1
2013,3,3,1,0,41,2014,2
2013,3,4,1,0,41,2014,3
2013,3,5,1,0,41,2014,4
2013,4,1,1.08235294117647,-0.0588235294117647,41,2014,1
2013,4,2,1.08235294117647,-0.0588235294117647,41,2014,2
2013,4,3,1.08235294117647,-0.0588235294117647,41,2014,3
2013,4,4,1.08235294117647,-0.0588235294117647,41,2014,4
2014,1,1,1.3,0,41,2014,2
2014,1,2,1.3,0,41,2014,3
2014,1,3,1.3,0,41,2014,4
2014,1,4,1.3,0,41,2015,1
2014,1,5,1.3,0,41,2015,2
2014,1,6,1.3,0,41,2015,3
2014,1,7,1.3,0,41,2015,4
2014,2,1,1.3,0,41,2014,3
2014,2,2,1.3,0,41,2014,4
2014,2,3,1.3,0,41,2015,1
2014,2,4,1.3,0,41,2015,2
2014,2,5,1.3,0,41,2015,3
2014,2,6,1.3,0,41,2015,4
2014,3,1,1.4,0,41,2014,4
2014,3,2,1.4,0,41,2015,1
2014,3,3,1.4,0,41,2015,2
2014,3,4,1.4,0,41,2015,3
2014,3,5,1.4,0,41,2015,4
2014,4,1,1.43529411764706,-0.0588235294117647,41,2015,1
2014,4,2,1.43529411764706,-0.0588235294117647,41,2015,2
2014,4,3,1.43529411764706,-0.0588235294117647,41,2015,3
2014,4,4,1.43529411764706,-0.0588235294117647,41,2015,4
2015,1,1,1.4,0,41,2015,2
2015,1,2,1.4,0,41,2015,3
2015,1,3,1.4,0,41,2015,4
2015,1,4,1.4,0,41,2016,1
2015,1,5,1.4,0,41,2016,2
2015,1,6,1.4,0,41,2016,3
2015,1,7,1.4,0,41,2016,4
2015,2,1,1.4,0,41,2015,3
2015,2,2,1.4,0,41,2015,4
2015,2,3,1.4,0,41,2016,1
2015,2,4,1.4,0,41,2016,2
2015,2,5,1.4,0,41,2016,3
2015,2,6,1.4,0,41,2016,4
2015,3,1,1.4,0,41,2015,4
2015,3,2,1.4,0,41,2016,1
2015,3,3,1.4,0,41,2016,2
2015,3,4,1.4,0,41,2016,3
2015,3,5,1.4,0,41,2016,4
2015,4,1,1.70588235294118,-0.0588235294117647,41,2016,1
2015,4,2,1.70588235294118,-0.0588235294117647,41,2016,2
2015,4,3,1.70588235294118,-0.0588235294117647,41,2016,3
2015,4,4,1.70588235294118,-0.0588235294117647,41,2016,4
2016,1,1,1.7,0,41,2016,2
2016,1,2,1.7,0,41,2016,3
2016,1,3,1.7,0,41,2016,4
2016,1,4,1.7,0,41,2017,1
2016,1,5,1.7,0,41,2017,2
2016,1,6,1.7,0,41,2017,3
2016,1,7,1.7,0,41,2017,4
2016,2,1,1.6,0,41,2016,3
2016,2,2,1.6,0,41,2016,4
2016,2,3,1.6,0,41,2017,1
2016,2,4,1.6,0,41,2017,2
2016,2,5,1.6,0,41,2017,3
2016,2,6,1.6,0,41,2017,4
2016,3,1,1.1,0,41,2016,4
2016,3,2,1.1,0,41,2017,1
2016,3,3,1.1,0,41,2017,2
2016,3,4,1.1,0,41,2017,3
2016,3,5,1.1,0,41,2017,4
2016,4,1,1.49411764705882,-0.0588235294117647,41,2017,1
2016,4,2,1.49411764705882,-0.0588235294117647,41,2017,2
2016,4,3,1.49411764705882,-0.0588235294117647,41,2017,3
2016,4,4,1.49411764705882,-0.0588235294117647,41,2017,4
2017,2,1,1.7,0,41,2017,3
2017,2,2,1.7,0,41,2017,4
2017,2,3,1.7,0,41,2018,1
2017,2,4,1.7,0,41,2018,2
2017,2,5,1.7,0,41,2018,3
2017,2,6,1.7,0,41,2018,4
2017,3,1,1.8,0,41,2017,4
2017,3,2,1.8,0,41,2018,1
2017,3,3,1.8,0,41,2018,2
2017,3,4,1.8,0,41,2018,3
2017,3,5,1.8,0,41,2018,4
2017,4,1,1.98823529411765,-0.0588235294117647,41,2018,1
2017,4,2,1.98823529411765,-0.0588235294117647,41,2018,2
2017,4,3,1.98823529411765,-0.0588235294117647,41,2018,3
2017,4,4,1.98823529411765,-0.0588235294117647,41,2018,4
2018,1,1,1.9,0,41,2018,2
2018,1,2,1.9,0,41,2018,3
2018,1,3,1.9,0,41,2018,4
2018,1,4,1.9,0,41,2019,1
2018,1,5,1.9,0,41,2019,2
2018,1,6,1.9,0,41,2019,3
2018,1,7,1.9,0,41,2019,4
2018,2,1,2.0691789715,0,41,2018,3
2018,2,2,2.0691789715,0,41,2018,4
2018,2,3,2.0691789715,0,41,2019,1
2018,2,4,2.0691789715,0,41,2019,2
2018,2,5,2.0691789715,0,41,2019,3
2018,2,6,2.0691789715,0,41,2019,4
2018,3,1,2,0,41,2018,4
2018,3,2,2,0,41,2019,1
2018,3,3,2,0,41,2019,2
2018,3,4,2,0,41,2019,3
2018,3,5,2,0,41,2019,4
2018,4,1,1.88823529411765,-0.0588235294117647,41,2019,1
2018,4,2,1.88823529411765,-0.0588235294117647,41,2019,2
2018,4,3,1.88823529411765,-0.0588235294117647,41,2019,3
2018,4,4,1.88823529411765,-0.0588235294117647,41,2019,4
2019,1,1,1.8,0,41,2019,2
2019,1,2,1.8,0,41,2019,3
2019,1,3,1.8,0,41,2019,4
2019,1,4,1.8,0,41,2020,1
2019,1,5,1.8,0,41,2020,2
2019,1,6,1.8,0,41,2020,3
2019,1,7,1.8,0,41,2020,4
2019,2,1,1.6,0,41,2019,3
2019,2,2,1.6,0,41,2019,4
2019,2,3,1.6,0,41,2020,1
2019,2,4,1.6,0,41,2020,2
2019,2,5,1.6,0,41,2020,3
2019,2,6,1.6,0,41,2020,4
2019,3,1,1.5,0,41,2019,4
2019,3,2,1.5,0,41,2020,1
2019,3,3,1.5,0,41,2020,2
2019,3,4,1.5,0,41,2020,3
2019,3,5,1.5,0,41,2020,4
2019,4,1,1.20588235294118,-0.0588235294117647,41,2020,1
2019,4,2,1.20588235294118,-0.0588235294117647,41,2020,2
2019,4,3,1.20588235294118,-0.0588235294117647,41,2020,3
2019,4,4,1.20588235294118,-0.0588235294117647,41,2020,4
2020,1,1,1.4,0,41,2020,2
2020,1,2,1.4,0,41,2020,3
2020,1,3,1.4,0,41,2020,4
2020,1,4,1.4,0,41,2021,1
2020,1,5,1.4,0,41,2021,2
2020,1,6,1.4,0,41,2021,3
2020,1,7,1.4,0,41,2021,4
2020,2,1,1.5,0,41,2020,3
2020,2,2,1.5,0,41,2020,4
2020,2,3,1.5,0,41,2021,1
2020,2,4,1.5,0,41,2021,2
2020,2,5,1.5,0,41,2021,3
2020,2,6,1.5,0,41,2021,4
2020,3,1,4.6,0,41,2020,4
2020,3,2,4.6,0,41,2021,1
2020,3,3,4.6,0,41,2021,2
2020,3,4,4.6,0,41,2021,3
2020,3,5,4.6,0,41,2021,4
2020,4,1,5.24117647058824,-0.0588235294117647,41,2021,1
2020,4,2,5.24117647058824,-0.0588235294117647,41,2021,2
2020,4,3,5.24117647058824,-0.0588235294117647,41,2021,3
2020,4,4,5.24117647058824,-0.0588235294117647,41,2021,4
2021,1,1,4.2,0,41,2021,2
2021,1,2,4.2,0,41,2021,3
2021,1,3,4.2,0,41,2021,4
2021,1,4,4.2,0,41,2022,1
2021,1,5,4.2,0,41,2022,2
2021,1,6,4.2,0,41,2022,3
2021,1,7,4.2,0,41,2022,4
2021,2,1,4.5,0,41,2021,3
2021,2,2,4.5,0,41,2021,4
2021,2,3,4.5,0,41,2022,1
2021,2,4,4.5,0,41,2022,2
2021,2,5,4.5,0,41,2022,3
2021,2,6,4.5,0,41,2022,4
2021,3,1,4.9,0,41,2021,4
2021,3,2,4.9,0,41,2022,1
2021,3,3,4.9,0,41,2022,2
2021,3,4,4.9,0,41,2022,3
2021,3,5,4.9,0,41,2022,4
2021,4,1,4.35882352941177,-0.0588235294117647,41,2022,1
2021,4,2,4.35882352941177,-0.0588235294117647,41,2022,2
2021,4,3,4.35882352941177,-0.0588235294117647,41,2022,3
2021,4,4,4.35882352941177,-0.0588235294117647,41,2022,4
2022,1,1,3,0,41,2022,2
2022,1,2,3,0,41,2022,3
2022,1,3,3,0,41,2022,4
2022,1,4,3,0,41,2023,1
2022,1,5,3,0,41,2023,2
2022,1,6,3,0,41,2023,3
2022,1,7,3,0,41,2023,4
2022,2,1,2.8,0,41,2022,3
2022,2,2,2.8,0,41,2022,4
2022,2,3,2.8,0,41,2023,1
2022,2,4,2.8,0,41,2023,2
2022,2,5,2.8,0,41,2023,3
2022,2,6,2.8,0,41,2023,4
2022,3,1,2.2,0,41,2022,4
2022,3,2,2.2,0,41,2023,1
2022,3,3,2.2,0,41,2023,2
2022,3,4,2.2,0,41,2023,3
2022,3,5,2.2,0,41,2023,4
2022,4,1,0.341176470588235,-0.0588235294117647,41,2023,1
2022,4,2,0.341176470588235,-0.0588235294117647,41,2023,2
2022,4,3,0.341176470588235,-0.0588235294117647,41,2023,3
2022,4,4,0.341176470588235,-0.0588235294117647,41,2023,4
2023,1,1,1.8,0,41,2023,2
2023,1,2,1.8,0,41,2023,3
2023,1,3,1.8,0,41,2023,4
2023,1,4,1.8,0,41,2024,1
2023,1,5,1.8,0,41,2024,2
2023,1,6,1.8,0,41,2024,3
2023,1,7,1.8,0,41,2024,4
2023,2,1,1.6,0,41,2023,3
2023,2,2,1.6,0,41,2023,4
2023,2,3,1.6,0,41,2024,1
2023,2,4,1.6,0,41,2024,2
2023,2,5,1.6,0,41,2024,3
2023,2,6,1.6,0,41,2024,4
2023,3,1,1.2,0,41,2023,4
2023,3,2,1.2,0,41,2024,1
2023,3,3,1.2,0,41,2024,2
2023,3,4,1.2,0,41,2024,3
2023,3,5,1.2,0,41,2024,4
2023,4,1,1.01764705882353,-0.0588235294117647,41,2024,1
2023,4,2,1.01764705882353,-0.0588235294117647,41,2024,2
2023,4,3,1.01764705882353,-0.0588235294117647,41,2024,3
2023,4,4,1.01764705882353,-0.0588235294117647,41,2024,4
2024,1,1,1.2,0,41,2024,2
2024,1,2,1.2,0,41,2024,3
2024,1,3,1.2,0,41,2024,4
2024,1,4,1.2,0,41,2025,1
2024,1,5,1.2,0,41,2025,2
2024,1,6,1.2,0,41,2025,3
2024,1,7,1.2,0,41,2025,4
2024,2,1,1.2,0,41,2024,3
2024,2,2,1.2,0,41,2024,4
2024,2,3,1.2,0,41,2025,1
2024,2,4,1.2,0,41,2025,2
2024,2,5,1.2,0,41,2025,3
2024,2,6,1.2,0,41,2025,4
2024,3,1,1.3,0,41,2024,4
2024,3,2,1.3,0,41,2025,1
2024,3,3,1.3,0,41,2025,2
2024,3,4,1.3,0,41,2025,3
2024,3,5,1.3,0,41,2025,4
2024,4,1,1.33529411764706,-0.0588235294117647,41,2025,1
2024,4,2,1.33529411764706,-0.0588235294117647,41,2025,2
2024,4,3,1.33529411764706,-0.0588235294117647,41,2025,3
2024,4,4,1.33529411764706,-0.0588235294117647,41,2025,4
2001,1,1,2.8,0,42,2001,2
2001,1,2,2.8,0,42,2001,3
2001,1,3,2.8,0,42,2001,4
2001,1,4,2.8,0,42,2002,1
2001,1,5,2.8,0,42,2002,2
2001,1,6,2.8,0,42,2002,3
2001,1,7,2.8,0,42,2002,4
2001,2,1,2.9,0,42,2001,3
2001,2,2,2.9,0,42,2001,4
2001,2,3,2.9,0,42,2002,1
2001,2,4,2.9,0,42,2002,2
2001,2,5,2.9,0,42,2002,3
2001,2,6,2.9,0,42,2002,4
2001,3,1,2.5,0,42,2001,4
2001,3,2,2.5,0,42,2002,1
2001,3,3,2.5,0,42,2002,2
2001,3,4,2.5,0,42,2002,3
2001,3,5,2.5,0,42,2002,4
2001,4,1,1.18235294117647,-0.0588235294117647,42,2002,1
2001,4,2,1.18235294117647,-0.0588235294117647,42,2002,2
2001,4,3,1.18235294117647,-0.0588235294117647,42,2002,3
2001,4,4,1.18235294117647,-0.0588235294117647,42,2002,4
2002,1,1,2.8,0,42,2002,2
2002,1,2,2.8,0,42,2002,3
2002,1,3,2.8,0,42,2002,4
2002,1,4,2.8,0,42,2003,1
2002,1,5,2.8,0,42,2003,2
2002,1,6,2.8,0,42,2003,3
2002,1,7,2.8,0,42,2003,4
2002,2,1,2.8,0,42,2002,3
2002,2,2,2.8,0,42,2002,4
2002,2,3,2.8,0,42,2003,1
2002,2,4,2.8,0,42,2003,2
2002,2,5,2.8,0,42,2003,3
2002,2,6,2.8,0,42,2003,4
2002,3,1,2.7,0,42,2002,4
2002,3,2,2.7,0,42,2003,1
2002,3,3,2.7,0,42,2003,2
2002,3,4,2.7,0,42,2003,3
2002,3,5,2.7,0,42,2003,4
2002,4,1,1.85882352941176,-0.0588235294117647,42,2003,1
2002,4,2,1.85882352941176,-0.0588235294117647,42,2003,2
2002,4,3,1.85882352941176,-0.0588235294117647,42,2003,3
2002,4,4,1.85882352941176,-0.0588235294117647,42,2003,4
2003,1,1,2.3,0,42,2003,2
2003,1,2,2.3,0,42,2003,3
2003,1,3,2.3,0,42,2003,4
2003,1,4,2.3,0,42,2004,1
2003,1,5,2.3,0,42,2004,2
2003,1,6,2.3,0,42,2004,3
2003,1,7,2.3,0,42,2004,4
2003,3,1,1.75,0,42,2003,4
2003,3,2,1.75,0,42,2004,1
2003,3,3,1.75,0,42,2004,2
2003,3,4,1.75,0,42,2004,3
2003,3,5,1.75,0,42,2004,4
2003,4,1,1.66470588235294,-0.0588235294117647,42,2004,1
2003,4,2,1.66470588235294,-0.0588235294117647,42,2004,2
2003,4,3,1.66470588235294,-0.0588235294117647,42,2004,3
2003,4,4,1.66470588235294,-0.0588235294117647,42,2004,4
2004,1,1,2.1,0,42,2004,2
2004,1,2,2.1,0,42,2004,3
2004,1,3,2.1,0,42,2004,4
2004,1,4,2.1,0,42,2005,1
2004,1,5,2.1,0,42,2005,2
2004,1,6,2.1,0,42,2005,3
2004,1,7,2.1,0,42,2005,4
2004,2,1,1.9,0,42,2004,3
2004,2,2,1.9,0,42,2004,4
2004,2,3,1.9,0,42,2005,1
2004,2,4,1.9,0,42,2005,2
2004,2,5,1.9,0,42,2005,3
2004,2,6,1.9,0,42,2005,4
2004,3,1,2.2,0,42,2004,4
2004,3,2,2.2,0,42,2005,1
2004,3,3,2.2,0,42,2005,2
2004,3,4,2.2,0,42,2005,3
2004,3,5,2.2,0,42,2005,4
2004,4,1,2.00588235294118,-0.0588235294117647,42,2005,1
2004,4,2,2.00588235294118,-0.0588235294117647,42,2005,2
2004,4,3,2.00588235294118,-0.0588235294117647,42,2005,3
2004,4,4,2.00588235294118,-0.0588235294117647,42,2005,4
2005,1,1,1.9,0,42,2005,2
2005,1,2,1.9,0,42,2005,3
2005,1,3,1.9,0,42,2005,4
2005,1,4,1.9,0,42,2006,1
2005,1,5,1.9,0,42,2006,2
2005,1,6,1.9,0,42,2006,3
2005,1,7,1.9,0,42,2006,4
2005,2,1,1.8,0,42,2005,3
2005,2,2,1.8,0,42,2005,4
2005,2,3,1.8,0,42,2006,1
2005,2,4,1.8,0,42,2006,2
2005,2,5,1.8,0,42,2006,3
2005,2,6,1.8,0,42,2006,4
2005,3,1,1.6,0,42,2005,4
2005,3,2,1.6,0,42,2006,1
2005,3,3,1.6,0,42,2006,2
2005,3,4,1.6,0,42,2006,3
2005,3,5,1.6,0,42,2006,4
2005,4,1,1.51764705882353,-0.0588235294117647,42,2006,1
2005,4,2,1.51764705882353,-0.0588235294117647,42,2006,2
2005,4,3,1.51764705882353,-0.0588235294117647,42,2006,3
2005,4,4,1.51764705882353,-0.0588235294117647,42,2006,4
2006,1,1,1.6,0,42,2006,2
2006,1,2,1.6,0,42,2006,3
2006,1,3,1.6,0,42,2006,4
2006,1,4,1.6,0,42,2007,1
2006,1,5,1.6,0,42,2007,2
2006,1,6,1.6,0,42,2007,3
2006,1,7,1.6,0,42,2007,4
2006,2,1,1.7,0,42,2006,3
2006,2,2,1.7,0,42,2006,4
2006,2,3,1.7,0,42,2007,1
2006,2,4,1.7,0,42,2007,2
2006,2,5,1.7,0,42,2007,3
2006,2,6,1.7,0,42,2007,4
2007,1,1,2.3,0,42,2007,2
2007,1,2,2.3,0,42,2007,3
2007,1,3,2.3,0,42,2007,4
2007,1,4,2.3,0,42,2008,1
2007,1,5,2.3,0,42,2008,2
2007,1,6,2.3,0,42,2008,3
2007,1,7,2.3,0,42,2008,4
2007,2,1,2.3,0,42,2007,3
2007,2,2,2.3,0,42,2007,4
2007,2,3,2.3,0,42,2008,1
2007,2,4,2.3,0,42,2008,2
2007,2,5,2.3,0,42,2008,3
2007,2,6,2.3,0,42,2008,4
2007,3,1,2.5,0,42,2007,4
2007,3,2,2.5,0,42,2008,1
2007,3,3,2.5,0,42,2008,2
2007,3,4,2.5,0,42,2008,3
2007,3,5,2.5,0,42,2008,4
2007,4,1,1.96470588235294,-0.0588235294117647,42,2008,1
2007,4,2,1.96470588235294,-0.0588235294117647,42,2008,2
2007,4,3,1.96470588235294,-0.0588235294117647,42,2008,3
2007,4,4,1.96470588235294,-0.0588235294117647,42,2008,4
2008,1,1,2.2,0,42,2008,2
2008,1,2,2.2,0,42,2008,3
2008,1,3,2.2,0,42,2008,4
2008,1,4,2.2,0,42,2009,1
2008,1,5,2.2,0,42,2009,2
2008,1,6,2.2,0,42,2009,3
2008,1,7,2.2,0,42,2009,4
2008,2,1,1.5,0,42,2008,3
2008,2,2,1.5,0,42,2008,4
2008,2,3,1.5,0,42,2009,1
2008,2,4,1.5,0,42,2009,2
2008,2,5,1.5,0,42,2009,3
2008,2,6,1.5,0,42,2009,4
2008,3,1,1.1,0,42,2008,4
2008,3,2,1.1,0,42,2009,1
2008,3,3,1.1,0,42,2009,2
2008,3,4,1.1,0,42,2009,3
2008,3,5,1.1,0,42,2009,4
2008,4,1,-0.276470588235294,-0.0588235294117647,42,2009,1
2008,4,2,-0.276470588235294,-0.0588235294117647,42,2009,2
2008,4,3,-0.276470588235294,-0.0588235294117647,42,2009,3
2008,4,4,-0.276470588235294,-0.0588235294117647,42,2009,4
2009,1,1,0.6,0,42,2009,2
2009,1,2,0.6,0,42,2009,3
2009,1,3,0.6,0,42,2009,4
2009,1,4,0.6,0,42,2010,1
2009,1,5,0.6,0,42,2010,2
2009,1,6,0.6,0,42,2010,3
2009,1,7,0.6,0,42,2010,4
2009,2,1,1,0,42,2009,3
2009,2,2,1,0,42,2009,4
2009,2,3,1,0,42,2010,1
2009,2,4,1,0,42,2010,2
2009,2,5,1,0,42,2010,3
2009,2,6,1,0,42,2010,4
2009,3,1,0.9,0,42,2009,4
2009,3,2,0.9,0,42,2010,1
2009,3,3,0.9,0,42,2010,2
2009,3,4,0.9,0,42,2010,3
2009,3,5,0.9,0,42,2010,4
2009,4,1,1.60588235294118,-0.0588235294117647,42,2010,1
2009,4,2,1.60588235294118,-0.0588235294117647,42,2010,2
2009,4,3,1.60588235294118,-0.0588235294117647,42,2010,3
2009,4,4,1.60588235294118,-0.0588235294117647,42,2010,4
2010,1,1,1.8,0,42,2010,2
2010,1,2,1.8,0,42,2010,3
2010,1,3,1.8,0,42,2010,4
2010,1,4,1.8,0,42,2011,1
2010,1,5,1.8,0,42,2011,2
2010,1,6,1.8,0,42,2011,3
2010,1,7,1.8,0,42,2011,4
2010,2,1,1.8,0,42,2010,3
2010,2,2,1.8,0,42,2010,4
2010,2,3,1.8,0,42,2011,1
2010,2,4,1.8,0,42,2011,2
2010,2,5,1.8,0,42,2011,3
2010,2,6,1.8,0,42,2011,4
2010,4,1,1.6,-0.0588235294117647,42,2011,1
2010,4,2,1.6,-0.0588235294117647,42,2011,2
2010,4,3,1.6,-0.0588235294117647,42,2011,3
2010,4,4,1.6,-0.0588235294117647,42,2011,4
2011,1,1,1.7,0,42,2011,2
2011,1,2,1.7,0,42,2011,3
2011,1,3,1.7,0,42,2011,4
2011,1,4,1.7,0,42,2012,1
2011,1,5,1.7,0,42,2012,2
2011,1,6,1.7,0,42,2012,3
2011,1,7,1.7,0,42,2012,4
2011,2,1,1.6,0,42,2011,3
2011,2,2,1.6,0,42,2011,4
2011,2,3,1.6,0,42,2012,1
2011,2,4,1.6,0,42,2012,2
2011,2,5,1.6,0,42,2012,3
2011,2,6,1.6,0,42,2012,4
2011,3,1,1.6,0,42,2011,4
2011,3,2,1.6,0,42,2012,1
2011,3,3,1.6,0,42,2012,2
2011,3,4,1.6,0,42,2012,3
2011,3,5,1.6,0,42,2012,4
2011,4,1,0.435294117647059,-0.0588235294117647,42,2012,1
2011,4,2,0.435294117647059,-0.0588235294117647,42,2012,2
2011,4,3,0.435294117647059,-0.0588235294117647,42,2012,3
2011,4,4,0.435294117647059,-0.0588235294117647,42,2012,4
2012,2,1,1.1,0,42,2012,3
2012,2,2,1.1,0,42,2012,4
2012,2,3,1.1,0,42,2013,1
2012,2,4,1.1,0,42,2013,2
2012,2,5,1.1,0,42,2013,3
2012,2,6,1.1,0,42,2013,4
2012,4,1,0.241176470588235,-0.0588235294117647,42,2013,1
2012,4,2,0.241176470588235,-0.0588235294117647,42,2013,2
2012,4,3,0.241176470588235,-0.0588235294117647,42,2013,3
2012,4,4,0.241176470588235,-0.0588235294117647,42,2013,4
2013,1,1,1,0,42,2013,2
2013,1,2,1,0,42,2013,3
2013,1,3,1,0,42,2013,4
2013,1,4,1,0,42,2014,1
2013,1,5,1,0,42,2014,2
2013,1,6,1,0,42,2014,3
2013,1,7,1,0,42,2014,4
2014,1,1,1.4,0,42,2014,2
2014,1,2,1.4,0,42,2014,3
2014,1,3,1.4,0,42,2014,4
2014,1,4,1.4,0,42,2015,1
2014,1,5,1.4,0,42,2015,2
2014,1,6,1.4,0,42,2015,3
2014,1,7,1.4,0,42,2015,4
2015,1,1,1.5,0,42,2015,2
2015,1,2,1.5,0,42,2015,3
2015,1,3,1.5,0,42,2015,4
2015,1,4,1.5,0,42,2016,1
2015,1,5,1.5,0,42,2016,2
2015,1,6,1.5,0,42,2016,3
2015,1,7,1.5,0,42,2016,4
2015,2,1,1.7,0,42,2015,3
2015,2,2,1.7,0,42,2015,4
2015,2,3,1.7,0,42,2016,1
2015,2,4,1.7,0,42,2016,2
2015,2,5,1.7,0,42,2016,3
2015,2,6,1.7,0,42,2016,4
2015,3,1,1.8,0,42,2015,4
2015,3,2,1.8,0,42,2016,1
2015,3,3,1.8,0,42,2016,2
2015,3,4,1.8,0,42,2016,3
2015,3,5,1.8,0,42,2016,4
2015,4,1,1.81176470588235,-0.0588235294117647,42,2016,1
2015,4,2,1.81176470588235,-0.0588235294117647,42,2016,2
2015,4,3,1.81176470588235,-0.0588235294117647,42,2016,3
2015,4,4,1.81176470588235,-0.0588235294117647,42,2016,4
2018,2,1,1.9,0,42,2018,3
2018,2,2,1.9,0,42,2018,4
2018,2,3,1.9,0,42,2019,1
2018,2,4,1.9,0,42,2019,2
2018,2,5,1.9,0,42,2019,3
2018,2,6,1.9,0,42,2019,4
2020,4,1,4.64705882352941,-0.0588235294117647,42,2021,1
2020,4,2,4.64705882352941,-0.0588235294117647,42,2021,2
2020,4,3,4.64705882352941,-0.0588235294117647,42,2021,3
2020,4,4,4.64705882352941,-0.0588235294117647,42,2021,4
2021,3,1,4.5,0,42,2021,4
2021,3,2,4.5,0,42,2022,1
2021,3,3,4.5,0,42,2022,2
2021,3,4,4.5,0,42,2022,3
2021,3,5,4.5,0,42,2022,4
2023,4,1,0.81764705882353,-0.0588235294117647,42,2024,1
2023,4,2,0.81764705882353,-0.0588235294117647,42,2024,2
2023,4,3,0.81764705882353,-0.0588235294117647,42,2024,3
2023,4,4,0.81764705882353,-0.0588235294117647,42,2024,4
2024,3,1,1.1,0,42,2024,4
2024,3,2,1.1,0,42,2025,1
2024,3,3,1.1,0,42,2025,2
2024,3,4,1.1,0,42,2025,3
2024,3,5,1.1,0,42,2025,4
2001,1,1,3.2,0,45,2001,2
2001,1,2,3.2,0,45,2001,3
2001,1,3,3.2,0,45,2001,4
2001,1,4,3.2,0,45,2002,1
2001,1,5,3.2,0,45,2002,2
2001,1,6,3.2,0,45,2002,3
2001,1,7,3.2,0,45,2002,4
2001,2,1,2.8,0,45,2001,3
2001,2,2,2.8,0,45,2001,4
2001,2,3,2.8,0,45,2002,1
2001,2,4,2.8,0,45,2002,2
2001,2,5,2.8,0,45,2002,3
2001,2,6,2.8,0,45,2002,4
2001,3,1,2.5,0,45,2001,4
2001,3,2,2.5,0,45,2002,1
2001,3,3,2.5,0,45,2002,2
2001,3,4,2.5,0,45,2002,3
2001,3,5,2.5,0,45,2002,4
2001,4,1,1.7,-0.0588235294117647,45,2002,1
2001,4,2,1.7,-0.0588235294117647,45,2002,2
2001,4,3,1.7,-0.0588235294117647,45,2002,3
2001,4,4,1.7,-0.0588235294117647,45,2002,4
2002,2,1,2.8,0,45,2002,3
2002,2,2,2.8,0,45,2002,4
2002,2,3,2.8,0,45,2003,1
2002,2,4,2.8,0,45,2003,2
2002,2,5,2.8,0,45,2003,3
2002,2,6,2.8,0,45,2003,4
2002,3,1,2.8,0,45,2002,4
2002,3,2,2.8,0,45,2003,1
2002,3,3,2.8,0,45,2003,2
2002,3,4,2.8,0,45,2003,3
2002,3,5,2.8,0,45,2003,4
2002,4,1,2.58823529411765,-0.0588235294117647,45,2003,1
2002,4,2,2.58823529411765,-0.0588235294117647,45,2003,2
2002,4,3,2.58823529411765,-0.0588235294117647,45,2003,3
2002,4,4,2.58823529411765,-0.0588235294117647,45,2003,4
2003,3,1,1.7,0,45,2003,4
2003,3,2,1.7,0,45,2004,1
2003,3,3,1.7,0,45,2004,2
2003,3,4,1.7,0,45,2004,3
2003,3,5,1.7,0,45,2004,4
2003,4,1,2.08823529411765,-0.0588235294117647,45,2004,1
2003,4,2,2.08823529411765,-0.0588235294117647,45,2004,2
2003,4,3,2.08823529411765,-0.0588235294117647,45,2004,3
2003,4,4,2.08823529411765,-0.0588235294117647,45,2004,4
2004,1,1,1.8,0,45,2004,2
2004,1,2,1.8,0,45,2004,3
2004,1,3,1.8,0,45,2004,4
2004,1,4,1.8,0,45,2005,1
2004,1,5,1.8,0,45,2005,2
2004,1,6,1.8,0,45,2005,3
2004,1,7,1.8,0,45,2005,4
2004,2,1,2.2,0,45,2004,3
2004,2,2,2.2,0,45,2004,4
2004,2,3,2.2,0,45,2005,1
2004,2,4,2.2,0,45,2005,2
2004,2,5,2.2,0,45,2005,3
2004,2,6,2.2,0,45,2005,4
2004,3,1,2.1,0,45,2004,4
2004,3,2,2.1,0,45,2005,1
2004,3,3,2.1,0,45,2005,2
2004,3,4,2.1,0,45,2005,3
2004,3,5,2.1,0,45,2005,4
2004,4,1,1.78235294117647,-0.0588235294117647,45,2005,1
2004,4,2,1.78235294117647,-0.0588235294117647,45,2005,2
2004,4,3,1.78235294117647,-0.0588235294117647,45,2005,3
2004,4,4,1.78235294117647,-0.0588235294117647,45,2005,4
2005,1,1,1.8,0,45,2005,2
2005,1,2,1.8,0,45,2005,3
2005,1,3,1.8,0,45,2005,4
2005,1,4,1.8,0,45,2006,1
2005,1,5,1.8,0,45,2006,2
2005,1,6,1.8,0,45,2006,3
2005,1,7,1.8,0,45,2006,4
2005,2,1,2.1,0,45,2005,3
2005,2,2,2.1,0,45,2005,4
2005,2,3,2.1,0,45,2006,1
2005,2,4,2.1,0,45,2006,2
2005,2,5,2.1,0,45,2006,3
2005,2,6,2.1,0,45,2006,4
2005,3,1,2.1,0,45,2005,4
2005,3,2,2.1,0,45,2006,1
2005,3,3,2.1,0,45,2006,2
2005,3,4,2.1,0,45,2006,3
2005,3,5,2.1,0,45,2006,4
2005,4,1,2.12941176470588,-0.0588235294117647,45,2006,1
2005,4,2,2.12941176470588,-0.0588235294117647,45,2006,2
2005,4,3,2.12941176470588,-0.0588235294117647,45,2006,3
2005,4,4,2.12941176470588,-0.0588235294117647,45,2006,4
2006,1,1,1.9,0,45,2006,2
2006,1,2,1.9,0,45,2006,3
2006,1,3,1.9,0,45,2006,4
2006,1,4,1.9,0,45,2007,1
2006,1,5,1.9,0,45,2007,2
2006,1,6,1.9,0,45,2007,3
2006,1,7,1.9,0,45,2007,4
2006,2,1,1.9,0,45,2006,3
2006,2,2,1.9,0,45,2006,4
2006,2,3,1.9,0,45,2007,1
2006,2,4,1.9,0,45,2007,2
2006,2,5,1.9,0,45,2007,3
2006,2,6,1.9,0,45,2007,4
2006,3,1,1.9,0,45,2006,4
2006,3,2,1.9,0,45,2007,1
2006,3,3,1.9,0,45,2007,2
2006,3,4,1.9,0,45,2007,3
2006,3,5,1.9,0,45,2007,4
2006,4,1,2.18235294117647,-0.0588235294117647,45,2007,1
2006,4,2,2.18235294117647,-0.0588235294117647,45,2007,2
2006,4,3,2.18235294117647,-0.0588235294117647,45,2007,3
2006,4,4,2.18235294117647,-0.0588235294117647,45,2007,4
2007,1,1,1.8,0,45,2007,2
2007,1,2,1.8,0,45,2007,3
2007,1,3,1.8,0,45,2007,4
2007,1,4,1.8,0,45,2008,1
2007,1,5,1.8,0,45,2008,2
2007,1,6,1.8,0,45,2008,3
2007,1,7,1.8,0,45,2008,4
2007,2,1,2.2,0,45,2007,3
2007,2,2,2.2,0,45,2007,4
2007,2,3,2.2,0,45,2008,1
2007,2,4,2.2,0,45,2008,2
2007,2,5,2.2,0,45,2008,3
2007,2,6,2.2,0,45,2008,4
2007,3,1,2.2,0,45,2007,4
2007,3,2,2.2,0,45,2008,1
2007,3,3,2.2,0,45,2008,2
2007,3,4,2.2,0,45,2008,3
2007,3,5,2.2,0,45,2008,4
2008,1,1,2.2,0,45,2008,2
2008,1,2,2.2,0,45,2008,3
2008,1,3,2.2,0,45,2008,4
2008,1,4,2.2,0,45,2009,1
2008,1,5,2.2,0,45,2009,2
2008,1,6,2.2,0,45,2009,3
2008,1,7,2.2,0,45,2009,4
2008,2,1,1.8,0,45,2008,3
2008,2,2,1.8,0,45,2008,4
2008,2,3,1.8,0,45,2009,1
2008,2,4,1.8,0,45,2009,2
2008,2,5,1.8,0,45,2009,3
2008,2,6,1.8,0,45,2009,4
2008,3,1,1.7,0,45,2008,4
2008,3,2,1.7,0,45,2009,1
2008,3,3,1.7,0,45,2009,2
2008,3,4,1.7,0,45,2009,3
2008,3,5,1.7,0,45,2009,4
2010,3,1,1.6,0,45,2010,4
2010,3,2,1.6,0,45,2011,1
2010,3,3,1.6,0,45,2011,2
2010,3,4,1.6,0,45,2011,3
2010,3,5,1.6,0,45,2011,4
2013,3,1,1.2,0,45,2013,4
2013,3,2,1.2,0,45,2014,1
2013,3,3,1.2,0,45,2014,2
2013,3,4,1.2,0,45,2014,3
2013,3,5,1.2,0,45,2014,4
2013,4,1,1.3,-0.0588235294117647,45,2014,1
2013,4,2,1.3,-0.0588235294117647,45,2014,2
2013,4,3,1.3,-0.0588235294117647,45,2014,3
2013,4,4,1.3,-0.0588235294117647,45,2014,4
2014,3,1,1.7,0,45,2014,4
2014,3,2,1.7,0,45,2015,1
2014,3,3,1.7,0,45,2015,2
2014,3,4,1.7,0,45,2015,3
2014,3,5,1.7,0,45,2015,4
2014,4,1,1.01323529411765,-0.0588235294117647,45,2015,1
2014,4,2,1.01323529411765,-0.0588235294117647,45,2015,2
2014,4,3,1.01323529411765,-0.0588235294117647,45,2015,3
2014,4,4,1.01323529411765,-0.0588235294117647,45,2015,4
2015,1,1,1.4,0,45,2015,2
2015,1,2,1.4,0,45,2015,3
2015,1,3,1.4,0,45,2015,4
2015,1,4,1.4,0,45,2016,1
2015,1,5,1.4,0,45,2016,2
2015,1,6,1.4,0,45,2016,3
2015,1,7,1.4,0,45,2016,4
2015,2,1,1.45,0,45,2015,3
2015,2,2,1.45,0,45,2015,4
2015,2,3,1.45,0,45,2016,1
2015,2,4,1.45,0,45,2016,2
2015,2,5,1.45,0,45,2016,3
2015,2,6,1.45,0,45,2016,4
2015,3,1,1.93,0,45,2015,4
2015,3,2,1.93,0,45,2016,1
2015,3,3,1.93,0,45,2016,2
2015,3,4,1.93,0,45,2016,3
2015,3,5,1.93,0,45,2016,4
2015,4,1,1.84647058823529,-0.0588235294117647,45,2016,1
2015,4,2,1.84647058823529,-0.0588235294117647,45,2016,2
2015,4,3,1.84647058823529,-0.0588235294117647,45,2016,3
2015,4,4,1.84647058823529,-0.0588235294117647,45,2016,4
2016,1,1,1.825,0,45,2016,2
2016,1,2,1.825,0,45,2016,3
2016,1,3,1.825,0,45,2016,4
2016,1,4,1.825,0,45,2017,1
2016,1,5,1.825,0,45,2017,2
2016,1,6,1.825,0,45,2017,3
2016,1,7,1.825,0,45,2017,4
2016,3,1,1.7,0,45,2016,4
2016,3,2,1.7,0,45,2017,1
2016,3,3,1.7,0,45,2017,2
2016,3,4,1.7,0,45,2017,3
2016,3,5,1.7,0,45,2017,4
2017,3,1,1.8,0,45,2017,4
2017,3,2,1.8,0,45,2018,1
2017,3,3,1.8,0,45,2018,2
2017,3,4,1.8,0,45,2018,3
2017,3,5,1.8,0,45,2018,4
2017,4,1,1.79705882352941,-0.0588235294117647,45,2018,1
2017,4,2,1.79705882352941,-0.0588235294117647,45,2018,2
2017,4,3,1.79705882352941,-0.0588235294117647,45,2018,3
2017,4,4,1.79705882352941,-0.0588235294117647,45,2018,4
2018,1,1,2.025,0,45,2018,2
2018,1,2,2.025,0,45,2018,3
2018,1,3,2.025,0,45,2018,4
2018,1,4,2.025,0,45,2019,1
2018,1,5,2.025,0,45,2019,2
2018,1,6,2.025,0,45,2019,3
2018,1,7,2.025,0,45,2019,4
2018,2,1,2.025,0,45,2018,3
2018,2,2,2.025,0,45,2018,4
2018,2,3,2.025,0,45,2019,1
2018,2,4,2.025,0,45,2019,2
2018,2,5,2.025,0,45,2019,3
2018,2,6,2.025,0,45,2019,4
2018,4,1,1.67320696891765,-0.0588235294117647,45,2019,1
2018,4,2,1.67320696891765,-0.0588235294117647,45,2019,2
2018,4,3,1.67320696891765,-0.0588235294117647,45,2019,3
2018,4,4,1.67320696891765,-0.0588235294117647,45,2019,4
2019,1,1,1.6,0,45,2019,2
2019,1,2,1.6,0,45,2019,3
2019,1,3,1.6,0,45,2019,4
2019,1,4,1.6,0,45,2020,1
2019,1,5,1.6,0,45,2020,2
2019,1,6,1.6,0,45,2020,3
2019,1,7,1.6,0,45,2020,4
2019,2,1,1.6,0,45,2019,3
2019,2,2,1.6,0,45,2019,4
2019,2,3,1.6,0,45,2020,1
2019,2,4,1.6,0,45,2020,2
2019,2,5,1.6,0,45,2020,3
2019,2,6,1.6,0,45,2020,4
2019,3,1,1.475,0,45,2019,4
2019,3,2,1.475,0,45,2020,1
2019,3,3,1.475,0,45,2020,2
2019,3,4,1.475,0,45,2020,3
2019,3,5,1.475,0,45,2020,4
2019,4,1,1.33823529411765,-0.0588235294117647,45,2020,1
2019,4,2,1.33823529411765,-0.0588235294117647,45,2020,2
2019,4,3,1.33823529411765,-0.0588235294117647,45,2020,3
2019,4,4,1.33823529411765,-0.0588235294117647,45,2020,4
2020,1,1,1.3,0,45,2020,2
2020,1,2,1.3,0,45,2020,3
2020,1,3,1.3,0,45,2020,4
2020,1,4,1.3,0,45,2021,1
2020,1,5,1.3,0,45,2021,2
2020,1,6,1.3,0,45,2021,3
2020,1,7,1.3,0,45,2021,4
2020,3,1,2.8,0,45,2020,4
2020,3,2,2.8,0,45,2021,1
2020,3,3,2.8,0,45,2021,2
2020,3,4,2.8,0,45,2021,3
2020,3,5,2.8,0,45,2021,4
2020,4,1,6.78088235294118,-0.0588235294117647,45,2021,1
2020,4,2,6.78088235294118,-0.0588235294117647,45,2021,2
2020,4,3,6.78088235294118,-0.0588235294117647,45,2021,3
2020,4,4,6.78088235294118,-0.0588235294117647,45,2021,4
2021,1,1,4.8,0,45,2021,2
2021,1,2,4.8,0,45,2021,3
2021,1,3,4.8,0,45,2021,4
2021,1,4,4.8,0,45,2022,1
2021,1,5,4.8,0,45,2022,2
2021,1,6,4.8,0,45,2022,3
2021,1,7,4.8,0,45,2022,4
2021,2,1,4.9,0,45,2021,3
2021,2,2,4.9,0,45,2021,4
2021,2,3,4.9,0,45,2022,1
2021,2,4,4.9,0,45,2022,2
2021,2,5,4.9,0,45,2022,3
2021,2,6,4.9,0,45,2022,4
2021,3,1,4.55,0,45,2021,4
2021,3,2,4.55,0,45,2022,1
2021,3,3,4.55,0,45,2022,2
2021,3,4,4.55,0,45,2022,3
2021,3,5,4.55,0,45,2022,4
2022,1,1,2.72,0,45,2022,2
2022,1,2,2.72,0,45,2022,3
2022,1,3,2.72,0,45,2022,4
2022,1,4,2.72,0,45,2023,1
2022,1,5,2.72,0,45,2023,2
2022,1,6,2.72,0,45,2023,3
2022,1,7,2.72,0,45,2023,4
2022,2,1,2.71,0,45,2022,3
2022,2,2,2.71,0,45,2022,4
2022,2,3,2.71,0,45,2023,1
2022,2,4,2.71,0,45,2023,2
2022,2,5,2.71,0,45,2023,3
2022,2,6,2.71,0,45,2023,4
2022,3,1,2.46,0,45,2022,4
2022,3,2,2.46,0,45,2023,1
2022,3,3,2.46,0,45,2023,2
2022,3,4,2.46,0,45,2023,3
2022,3,5,2.46,0,45,2023,4
2022,4,1,-0.175294117647059,-0.0588235294117647,45,2023,1
2022,4,2,-0.175294117647059,-0.0588235294117647,45,2023,2
2022,4,3,-0.175294117647059,-0.0588235294117647,45,2023,3
2022,4,4,-0.175294117647059,-0.0588235294117647,45,2023,4
2023,1,1,2.17919981,0,45,2023,2
2023,1,2,2.17919981,0,45,2023,3
2023,1,3,2.17919981,0,45,2023,4
2023,1,4,2.17919981,0,45,2024,1
2023,1,5,2.17919981,0,45,2024,2
2023,1,6,2.17919981,0,45,2024,3
2023,1,7,2.17919981,0,45,2024,4
2023,2,1,1.78166208,0,45,2023,3
2023,2,2,1.78166208,0,45,2023,4
2023,2,3,1.78166208,0,45,2024,1
2023,2,4,1.78166208,0,45,2024,2
2023,2,5,1.78166208,0,45,2024,3
2023,2,6,1.78166208,0,45,2024,4
2023,4,1,1.11768502882353,-0.0588235294117647,45,2024,1
2023,4,2,1.11768502882353,-0.0588235294117647,45,2024,2
2023,4,3,1.11768502882353,-0.0588235294117647,45,2024,3
2023,4,4,1.11768502882353,-0.0588235294117647,45,2024,4
2024,1,1,1.8149033,0,45,2024,2
2024,1,2,1.8149033,0,45,2024,3
2024,1,3,1.8149033,0,45,2024,4
2024,1,4,1.8149033,0,45,2025,1
2024,1,5,1.8149033,0,45,2025,2
2024,1,6,1.8149033,0,45,2025,3
2024,1,7,1.8149033,0,45,2025,4
2024,2,1,1.8380607,0,45,2024,3
2024,2,2,1.8380607,0,45,2024,4
2024,2,3,1.8380607,0,45,2025,1
2024,2,4,1.8380607,0,45,2025,2
2024,2,5,1.8380607,0,45,2025,3
2024,2,6,1.8380607,0,45,2025,4
2024,3,1,1.78040593,0,45,2024,4
2024,3,2,1.78040593,0,45,2025,1
2024,3,3,1.78040593,0,45,2025,2
2024,3,4,1.78040593,0,45,2025,3
2024,3,5,1.78040593,0,45,2025,4
2024,4,1,1.33944368411765,-0.0588235294117647,45,2025,1
2024,4,2,1.33944368411765,-0.0588235294117647,45,2025,2
2024,4,3,1.33944368411765,-0.0588235294117647,45,2025,3
2024,4,4,1.33944368411765,-0.0588235294117647,45,2025,4
2001,1,1,2.7,0,48,2001,2
2001,1,2,2.7,0,48,2001,3
2001,1,3,2.7,0,48,2001,4
2001,1,4,2.7,0,48,2002,1
2001,1,5,2.7,0,48,2002,2
2001,1,6,2.7,0,48,2002,3
2001,1,7,2.7,0,48,2002,4
2001,2,1,2.5,0,48,2001,3
2001,2,2,2.5,0,48,2001,4
2001,2,3,2.5,0,48,2002,1
2001,2,4,2.5,0,48,2002,2
2001,2,5,2.5,0,48,2002,3
2001,2,6,2.5,0,48,2002,4
2001,4,1,1.91764705882353,-0.0588235294117647,48,2002,1
2001,4,2,1.91764705882353,-0.0588235294117647,48,2002,2
2001,4,3,1.91764705882353,-0.0588235294117647,48,2002,3
2001,4,4,1.91764705882353,-0.0588235294117647,48,2002,4
2002,1,1,2.7,0,48,2002,2
2002,1,2,2.7,0,48,2002,3
2002,1,3,2.7,0,48,2002,4
2002,1,4,2.7,0,48,2003,1
2002,1,5,2.7,0,48,2003,2
2002,1,6,2.7,0,48,2003,3
2002,1,7,2.7,0,48,2003,4
2002,2,1,2.5,0,48,2002,3
2002,2,2,2.5,0,48,2002,4
2002,2,3,2.5,0,48,2003,1
2002,2,4,2.5,0,48,2003,2
2002,2,5,2.5,0,48,2003,3
2002,2,6,2.5,0,48,2003,4
2002,3,1,2.5,0,48,2002,4
2002,3,2,2.5,0,48,2003,1
2002,3,3,2.5,0,48,2003,2
2002,3,4,2.5,0,48,2003,3
2002,3,5,2.5,0,48,2003,4
2002,4,1,1.86470588235294,-0.0588235294117647,48,2003,1
2002,4,2,1.86470588235294,-0.0588235294117647,48,2003,2
2002,4,3,1.86470588235294,-0.0588235294117647,48,2003,3
2002,4,4,1.86470588235294,-0.0588235294117647,48,2003,4
2003,2,1,1.8,0,48,2003,3
2003,2,2,1.8,0,48,2003,4
2003,2,3,1.8,0,48,2004,1
2003,2,4,1.8,0,48,2004,2
2003,2,5,1.8,0,48,2004,3
2003,2,6,1.8,0,48,2004,4
2003,3,1,1.8,0,48,2003,4
2003,3,2,1.8,0,48,2004,1
2003,3,3,1.8,0,48,2004,2
2003,3,4,1.8,0,48,2004,3
2003,3,5,1.8,0,48,2004,4
2003,4,1,1.66470588235294,-0.0588235294117647,48,2004,1
2003,4,2,1.66470588235294,-0.0588235294117647,48,2004,2
2003,4,3,1.66470588235294,-0.0588235294117647,48,2004,3
2003,4,4,1.66470588235294,-0.0588235294117647,48,2004,4
2004,2,1,2.2,0,48,2004,3
2004,2,2,2.2,0,48,2004,4
2004,2,3,2.2,0,48,2005,1
2004,2,4,2.2,0,48,2005,2
2004,2,5,2.2,0,48,2005,3
2004,2,6,2.2,0,48,2005,4
2004,3,1,2.2,0,48,2004,4
2004,3,2,2.2,0,48,2005,1
2004,3,3,2.2,0,48,2005,2
2004,3,4,2.2,0,48,2005,3
2004,3,5,2.2,0,48,2005,4
2004,4,1,2.42941176470588,-0.0588235294117647,48,2005,1
2004,4,2,2.42941176470588,-0.0588235294117647,48,2005,2
2004,4,3,2.42941176470588,-0.0588235294117647,48,2005,3
2004,4,4,2.42941176470588,-0.0588235294117647,48,2005,4
2005,1,1,2.4,0,48,2005,2
2005,1,2,2.4,0,48,2005,3
2005,1,3,2.4,0,48,2005,4
2005,1,4,2.4,0,48,2006,1
2005,1,5,2.4,0,48,2006,2
2005,1,6,2.4,0,48,2006,3
2005,1,7,2.4,0,48,2006,4
2005,2,1,2.1,0,48,2005,3
2005,2,2,2.1,0,48,2005,4
2005,2,3,2.1,0,48,2006,1
2005,2,4,2.1,0,48,2006,2
2005,2,5,2.1,0,48,2006,3
2005,2,6,2.1,0,48,2006,4
2005,3,1,2.1,0,48,2005,4
2005,3,2,2.1,0,48,2006,1
2005,3,3,2.1,0,48,2006,2
2005,3,4,2.1,0,48,2006,3
2005,3,5,2.1,0,48,2006,4
2005,4,1,1.93529411764706,-0.0588235294117647,48,2006,1
2005,4,2,1.93529411764706,-0.0588235294117647,48,2006,2
2005,4,3,1.93529411764706,-0.0588235294117647,48,2006,3
2005,4,4,1.93529411764706,-0.0588235294117647,48,2006,4
2006,3,1,2,0,48,2006,4
2006,3,2,2,0,48,2007,1
2006,3,3,2,0,48,2007,2
2006,3,4,2,0,48,2007,3
2006,3,5,2,0,48,2007,4
2006,4,1,2.18235294117647,-0.0588235294117647,48,2007,1
2006,4,2,2.18235294117647,-0.0588235294117647,48,2007,2
2006,4,3,2.18235294117647,-0.0588235294117647,48,2007,3
2006,4,4,2.18235294117647,-0.0588235294117647,48,2007,4
2007,2,1,2.7,0,48,2007,3
2007,2,2,2.7,0,48,2007,4
2007,2,3,2.7,0,48,2008,1
2007,2,4,2.7,0,48,2008,2
2007,2,5,2.7,0,48,2008,3
2007,2,6,2.7,0,48,2008,4
2007,3,1,2.6,0,48,2007,4
2007,3,2,2.6,0,48,2008,1
2007,3,3,2.6,0,48,2008,2
2007,3,4,2.6,0,48,2008,3
2007,3,5,2.6,0,48,2008,4
2007,4,1,2.49411764705882,-0.0588235294117647,48,2008,1
2007,4,2,2.49411764705882,-0.0588235294117647,48,2008,2
2007,4,3,2.49411764705882,-0.0588235294117647,48,2008,3
2007,4,4,2.49411764705882,-0.0588235294117647,48,2008,4
2008,2,1,2.2,0,48,2008,3
2008,2,2,2.2,0,48,2008,4
2008,2,3,2.2,0,48,2009,1
2008,2,4,2.2,0,48,2009,2
2008,2,5,2.2,0,48,2009,3
2008,2,6,2.2,0,48,2009,4
2008,3,1,2.2,0,48,2008,4
2008,3,2,2.2,0,48,2009,1
2008,3,3,2.2,0,48,2009,2
2008,3,4,2.2,0,48,2009,3
2008,3,5,2.2,0,48,2009,4
2008,4,1,0.782352941176471,-0.0588235294117647,48,2009,1
2008,4,2,0.782352941176471,-0.0588235294117647,48,2009,2
2008,4,3,0.782352941176471,-0.0588235294117647,48,2009,3
2008,4,4,0.782352941176471,-0.0588235294117647,48,2009,4
2009,3,1,-0.3,0,48,2009,4
2009,3,2,-0.3,0,48,2010,1
2009,3,3,-0.3,0,48,2010,2
2009,3,4,-0.3,0,48,2010,3
2009,3,5,-0.3,0,48,2010,4
2009,4,1,1.07058823529412,-0.0588235294117647,48,2010,1
2009,4,2,1.07058823529412,-0.0588235294117647,48,2010,2
2009,4,3,1.07058823529412,-0.0588235294117647,48,2010,3
2009,4,4,1.07058823529412,-0.0588235294117647,48,2010,4
2010,2,1,1.6,0,48,2010,3
2010,2,2,1.6,0,48,2010,4
2010,2,3,1.6,0,48,2011,1
2010,2,4,1.6,0,48,2011,2
2010,2,5,1.6,0,48,2011,3
2010,2,6,1.6,0,48,2011,4
2010,3,1,1.6,0,48,2010,4
2010,3,2,1.6,0,48,2011,1
2010,3,3,1.6,0,48,2011,2
2010,3,4,1.6,0,48,2011,3
2010,3,5,1.6,0,48,2011,4
2010,4,1,1.7,-0.0588235294117647,48,2011,1
2010,4,2,1.7,-0.0588235294117647,48,2011,2
2010,4,3,1.7,-0.0588235294117647,48,2011,3
2010,4,4,1.7,-0.0588235294117647,48,2011,4
2011,2,1,1.5,0,48,2011,3
2011,2,2,1.5,0,48,2011,4
2011,2,3,1.5,0,48,2012,1
2011,2,4,1.5,0,48,2012,2
2011,2,5,1.5,0,48,2012,3
2011,2,6,1.5,0,48,2012,4
2011,3,1,1.5,0,48,2011,4
2011,3,2,1.5,0,48,2012,1
2011,3,3,1.5,0,48,2012,2
2011,3,4,1.5,0,48,2012,3
2011,3,5,1.5,0,48,2012,4
2011,4,1,0.852941176470588,-0.0588235294117647,48,2012,1
2011,4,2,0.852941176470588,-0.0588235294117647,48,2012,2
2011,4,3,0.852941176470588,-0.0588235294117647,48,2012,3
2011,4,4,0.852941176470588,-0.0588235294117647,48,2012,4
2012,3,1,0.3,0,48,2012,4
2012,3,2,0.3,0,48,2013,1
2012,3,3,0.3,0,48,2013,2
2012,3,4,0.3,0,48,2013,3
2012,3,5,0.3,0,48,2013,4
2012,4,1,-0.0764705882352941,-0.0588235294117647,48,2013,1
2012,4,2,-0.0764705882352941,-0.0588235294117647,48,2013,2
2012,4,3,-0.0764705882352941,-0.0588235294117647,48,2013,3
2012,4,4,-0.0764705882352941,-0.0588235294117647,48,2013,4
2013,2,1,0.9,0,48,2013,3
2013,2,2,0.9,0,48,2013,4
2013,2,3,0.9,0,48,2014,1
2013,2,4,0.9,0,48,2014,2
2013,2,5,0.9,0,48,2014,3
2013,2,6,0.9,0,48,2014,4
2013,4,1,1.18235294117647,-0.0588235294117647,48,2014,1
2013,4,2,1.18235294117647,-0.0588235294117647,48,2014,2
2013,4,3,1.18235294117647,-0.0588235294117647,48,2014,3
2013,4,4,1.18235294117647,-0.0588235294117647,48,2014,4
2014,1,1,1.5,0,48,2014,2
2014,1,2,1.5,0,48,2014,3
2014,1,3,1.5,0,48,2014,4
2014,1,4,1.5,0,48,2015,1
2014,1,5,1.5,0,48,2015,2
2014,1,6,1.5,0,48,2015,3
2014,1,7,1.5,0,48,2015,4
2014,2,1,1.6,0,48,2014,3
2014,2,2,1.6,0,48,2014,4
2014,2,3,1.6,0,48,2015,1
2014,2,4,1.6,0,48,2015,2
2014,2,5,1.6,0,48,2015,3
2014,2,6,1.6,0,48,2015,4
2014,3,1,1.6,0,48,2014,4
2014,3,2,1.6,0,48,2015,1
2014,3,3,1.6,0,48,2015,2
2014,3,4,1.6,0,48,2015,3
2014,3,5,1.6,0,48,2015,4
2014,4,1,1.32941176470588,-0.0588235294117647,48,2015,1
2014,4,2,1.32941176470588,-0.0588235294117647,48,2015,2
2014,4,3,1.32941176470588,-0.0588235294117647,48,2015,3
2014,4,4,1.32941176470588,-0.0588235294117647,48,2015,4
2015,1,1,1.6,0,48,2015,2
2015,1,2,1.6,0,48,2015,3
2015,1,3,1.6,0,48,2015,4
2015,1,4,1.6,0,48,2016,1
2015,1,5,1.6,0,48,2016,2
2015,1,6,1.6,0,48,2016,3
2015,1,7,1.6,0,48,2016,4
2015,3,1,2,0,48,2015,4
2015,3,2,2,0,48,2016,1
2015,3,3,2,0,48,2016,2
2015,3,4,2,0,48,2016,3
2015,3,5,2,0,48,2016,4
2015,4,1,1.81764705882353,-0.0588235294117647,48,2016,1
2015,4,2,1.81764705882353,-0.0588235294117647,48,2016,2
2015,4,3,1.81764705882353,-0.0588235294117647,48,2016,3
2015,4,4,1.81764705882353,-0.0588235294117647,48,2016,4
2016,1,1,1.8,0,48,2016,2
2016,1,2,1.8,0,48,2016,3
2016,1,3,1.8,0,48,2016,4
2016,1,4,1.8,0,48,2017,1
2016,1,5,1.8,0,48,2017,2
2016,1,6,1.8,0,48,2017,3
2016,1,7,1.8,0,48,2017,4
2016,2,1,1.7,0,48,2016,3
2016,2,2,1.7,0,48,2016,4
2016,2,3,1.7,0,48,2017,1
2016,2,4,1.7,0,48,2017,2
2016,2,5,1.7,0,48,2017,3
2016,2,6,1.7,0,48,2017,4
2016,3,1,1.7,0,48,2016,4
2016,3,2,1.7,0,48,2017,1
2016,3,3,1.7,0,48,2017,2
2016,3,4,1.7,0,48,2017,3
2016,3,5,1.7,0,48,2017,4
2016,4,1,1.49411764705882,-0.0588235294117647,48,2017,1
2016,4,2,1.49411764705882,-0.0588235294117647,48,2017,2
2016,4,3,1.49411764705882,-0.0588235294117647,48,2017,3
2016,4,4,1.49411764705882,-0.0588235294117647,48,2017,4
2017,1,1,1.3,0,48,2017,2
2017,1,2,1.3,0,48,2017,3
2017,1,3,1.3,0,48,2017,4
2017,1,4,1.3,0,48,2018,1
2017,1,5,1.3,0,48,2018,2
2017,1,6,1.3,0,48,2018,3
2017,1,7,1.3,0,48,2018,4
2017,2,1,1.4,0,48,2017,3
2017,2,2,1.4,0,48,2017,4
2017,2,3,1.4,0,48,2018,1
2017,2,4,1.4,0,48,2018,2
2017,2,5,1.4,0,48,2018,3
2017,2,6,1.4,0,48,2018,4
2017,3,1,1.4,0,48,2017,4
2017,3,2,1.4,0,48,2018,1
2017,3,3,1.4,0,48,2018,2
2017,3,4,1.4,0,48,2018,3
2017,3,5,1.4,0,48,2018,4
2017,4,1,1.67647058823529,-0.0588235294117647,48,2018,1
2017,4,2,1.67647058823529,-0.0588235294117647,48,2018,2
2017,4,3,1.67647058823529,-0.0588235294117647,48,2018,3
2017,4,4,1.67647058823529,-0.0588235294117647,48,2018,4
2018,1,1,1.8,0,48,2018,2
2018,1,2,1.8,0,48,2018,3
2018,1,3,1.8,0,48,2018,4
2018,1,4,1.8,0,48,2019,1
2018,1,5,1.8,0,48,2019,2
2018,1,6,1.8,0,48,2019,3
2018,1,7,1.8,0,48,2019,4
2018,2,1,1.9,0,48,2018,3
2018,2,2,1.9,0,48,2018,4
2018,2,3,1.9,0,48,2019,1
2018,2,4,1.9,0,48,2019,2
2018,2,5,1.9,0,48,2019,3
2018,2,6,1.9,0,48,2019,4
2018,3,1,1.9,0,48,2018,4
2018,3,2,1.9,0,48,2019,1
2018,3,3,1.9,0,48,2019,2
2018,3,4,1.9,0,48,2019,3
2018,3,5,1.9,0,48,2019,4
2018,4,1,1.78823529411765,-0.0588235294117647,48,2019,1
2018,4,2,1.78823529411765,-0.0588235294117647,48,2019,2
2018,4,3,1.78823529411765,-0.0588235294117647,48,2019,3
2018,4,4,1.78823529411765,-0.0588235294117647,48,2019,4
2019,1,1,1.6,0,48,2019,2
2019,1,2,1.6,0,48,2019,3
2019,1,3,1.6,0,48,2019,4
2019,1,4,1.6,0,48,2020,1
2019,1,5,1.6,0,48,2020,2
2019,1,6,1.6,0,48,2020,3
2019,1,7,1.6,0,48,2020,4
2019,2,1,1.5,0,48,2019,3
2019,2,2,1.5,0,48,2019,4
2019,2,3,1.5,0,48,2020,1
2019,2,4,1.5,0,48,2020,2
2019,2,5,1.5,0,48,2020,3
2019,2,6,1.5,0,48,2020,4
2019,3,1,1.5,0,48,2019,4
2019,3,2,1.5,0,48,2020,1
2019,3,3,1.5,0,48,2020,2
2019,3,4,1.5,0,48,2020,3
2019,3,5,1.5,0,48,2020,4
2019,4,1,1.2,-0.0588235294117647,48,2020,1
2019,4,2,1.2,-0.0588235294117647,48,2020,2
2019,4,3,1.2,-0.0588235294117647,48,2020,3
2019,4,4,1.2,-0.0588235294117647,48,2020,4
2020,1,1,1.3,0,48,2020,2
2020,1,2,1.3,0,48,2020,3
2020,1,3,1.3,0,48,2020,4
2020,1,4,1.3,0,48,2021,1
2020,1,5,1.3,0,48,2021,2
2020,1,6,1.3,0,48,2021,3
2020,1,7,1.3,0,48,2021,4
2020,4,1,6.45882352941177,-0.0588235294117647,48,2021,1
2020,4,2,6.45882352941177,-0.0588235294117647,48,2021,2
2020,4,3,6.45882352941177,-0.0588235294117647,48,2021,3
2020,4,4,6.45882352941177,-0.0588235294117647,48,2021,4
2021,2,1,5.5,0,48,2021,3
2021,2,2,5.5,0,48,2021,4
2021,2,3,5.5,0,48,2022,1
2021,2,4,5.5,0,48,2022,2
2021,2,5,5.5,0,48,2022,3
2021,2,6,5.5,0,48,2022,4
2021,3,1,5.5,0,48,2021,4
2021,3,2,5.5,0,48,2022,1
2021,3,3,5.5,0,48,2022,2
2021,3,4,5.5,0,48,2022,3
2021,3,5,5.5,0,48,2022,4
2021,4,1,4.78235294117647,-0.0588235294117647,48,2022,1
2021,4,2,4.78235294117647,-0.0588235294117647,48,2022,2
2021,4,3,4.78235294117647,-0.0588235294117647,48,2022,3
2021,4,4,4.78235294117647,-0.0588235294117647,48,2022,4
2022,4,1,0.447058823529412,-0.0588235294117647,48,2023,1
2022,4,2,0.447058823529412,-0.0588235294117647,48,2023,2
2022,4,3,0.447058823529412,-0.0588235294117647,48,2023,3
2022,4,4,0.447058823529412,-0.0588235294117647,48,2023,4
2023,2,1,1.5,0,48,2023,3
2023,2,2,1.5,0,48,2023,4
2023,2,3,1.5,0,48,2024,1
2023,2,4,1.5,0,48,2024,2
2023,2,5,1.5,0,48,2024,3
2023,2,6,1.5,0,48,2024,4
2023,3,1,1.4,0,48,2023,4
2023,3,2,1.4,0,48,2024,1
2023,3,3,1.4,0,48,2024,2
2023,3,4,1.4,0,48,2024,3
2023,3,5,1.4,0,48,2024,4
2023,4,1,1.02941176470588,-0.0588235294117647,48,2024,1
2023,4,2,1.02941176470588,-0.0588235294117647,48,2024,2
2023,4,3,1.02941176470588,-0.0588235294117647,48,2024,3
2023,4,4,1.02941176470588,-0.0588235294117647,48,2024,4
2024,2,1,1.5,0,48,2024,3
2024,2,2,1.5,0,48,2024,4
2024,2,3,1.5,0,48,2025,1
2024,2,4,1.5,0,48,2025,2
2024,2,5,1.5,0,48,2025,3
2024,2,6,1.5,0,48,2025,4
2024,3,1,1.5,0,48,2024,4
2024,3,2,1.5,0,48,2025,1
2024,3,3,1.5,0,48,2025,2
2024,3,4,1.5,0,48,2025,3
2024,3,5,1.5,0,48,2025,4
2024,4,1,1.22941176470588,-0.0588235294117647,48,2025,1
2024,4,2,1.22941176470588,-0.0588235294117647,48,2025,2
2024,4,3,1.22941176470588,-0.0588235294117647,48,2025,3
2024,4,4,1.22941176470588,-0.0588235294117647,48,2025,4
2001,1,1,2.8,0,49,2001,2
2001,1,2,2.8,0,49,2001,3
2001,1,3,2.8,0,49,2001,4
2001,1,4,2.8,0,49,2002,1
2001,1,5,2.8,0,49,2002,2
2001,1,6,2.8,0,49,2002,3
2001,1,7,2.8,0,49,2002,4
2001,2,1,2.7,0,49,2001,3
2001,2,2,2.7,0,49,2001,4
2001,2,3,2.7,0,49,2002,1
2001,2,4,2.7,0,49,2002,2
2001,2,5,2.7,0,49,2002,3
2001,2,6,2.7,0,49,2002,4
2001,3,1,2.5,0,49,2001,4
2001,3,2,2.5,0,49,2002,1
2001,3,3,2.5,0,49,2002,2
2001,3,4,2.5,0,49,2002,3
2001,3,5,2.5,0,49,2002,4
2002,2,1,2.4,0,49,2002,3
2002,2,2,2.4,0,49,2002,4
2002,2,3,2.4,0,49,2003,1
2002,2,4,2.4,0,49,2003,2
2002,2,5,2.4,0,49,2003,3
2002,2,6,2.4,0,49,2003,4
2002,4,1,1.86470588235294,-0.0588235294117647,49,2003,1
2002,4,2,1.86470588235294,-0.0588235294117647,49,2003,2
2002,4,3,1.86470588235294,-0.0588235294117647,49,2003,3
2002,4,4,1.86470588235294,-0.0588235294117647,49,2003,4
2003,4,1,2.72941176470588,-0.0588235294117647,49,2004,1
2003,4,2,2.72941176470588,-0.0588235294117647,49,2004,2
2003,4,3,2.72941176470588,-0.0588235294117647,49,2004,3
2003,4,4,2.72941176470588,-0.0588235294117647,49,2004,4
2004,1,1,2.4,0,49,2004,2
2004,1,2,2.4,0,49,2004,3
2004,1,3,2.4,0,49,2004,4
2004,1,4,2.4,0,49,2005,1
2004,1,5,2.4,0,49,2005,2
2004,1,6,2.4,0,49,2005,3
2004,1,7,2.4,0,49,2005,4
2004,3,1,2.4,0,49,2004,4
2004,3,2,2.4,0,49,2005,1
2004,3,3,2.4,0,49,2005,2
2004,3,4,2.4,0,49,2005,3
2004,3,5,2.4,0,49,2005,4
2005,1,1,2,0,49,2005,2
2005,1,2,2,0,49,2005,3
2005,1,3,2,0,49,2005,4
2005,1,4,2,0,49,2006,1
2005,1,5,2,0,49,2006,2
2005,1,6,2,0,49,2006,3
2005,1,7,2,0,49,2006,4
2005,4,1,1.72352941176471,-0.0588235294117647,49,2006,1
2005,4,2,1.72352941176471,-0.0588235294117647,49,2006,2
2005,4,3,1.72352941176471,-0.0588235294117647,49,2006,3
2005,4,4,1.72352941176471,-0.0588235294117647,49,2006,4
2009,4,1,1.5,-0.0588235294117647,49,2010,1
2009,4,2,1.5,-0.0588235294117647,49,2010,2
2009,4,3,1.5,-0.0588235294117647,49,2010,3
2009,4,4,1.5,-0.0588235294117647,49,2010,4
2010,3,1,2.2,0,49,2010,4
2010,3,2,2.2,0,49,2011,1
2010,3,3,2.2,0,49,2011,2
2010,3,4,2.2,0,49,2011,3
2010,3,5,2.2,0,49,2011,4
2011,2,1,1.9,0,49,2011,3
2011,2,2,1.9,0,49,2011,4
2011,2,3,1.9,0,49,2012,1
2011,2,4,1.9,0,49,2012,2
2011,2,5,1.9,0,49,2012,3
2011,2,6,1.9,0,49,2012,4
2011,3,1,1.7,0,49,2011,4
2011,3,2,1.7,0,49,2012,1
2011,3,3,1.7,0,49,2012,2
2011,3,4,1.7,0,49,2012,3
2011,3,5,1.7,0,49,2012,4
2012,2,1,0.6,0,49,2012,3
2012,2,2,0.6,0,49,2012,4
2012,2,3,0.6,0,49,2013,1
2012,2,4,0.6,0,49,2013,2
2012,2,5,0.6,0,49,2013,3
2012,2,6,0.6,0,49,2013,4
2013,1,1,0.9,0,49,2013,2
2013,1,2,0.9,0,49,2013,3
2013,1,3,0.9,0,49,2013,4
2013,1,4,0.9,0,49,2014,1
2013,1,5,0.9,0,49,2014,2
2013,1,6,0.9,0,49,2014,3
2013,1,7,0.9,0,49,2014,4
2013,2,1,0.8,0,49,2013,3
2013,2,2,0.8,0,49,2013,4
2013,2,3,0.8,0,49,2014,1
2013,2,4,0.8,0,49,2014,2
2013,2,5,0.8,0,49,2014,3
2013,2,6,0.8,0,49,2014,4
2013,3,1,0.8,0,49,2013,4
2013,3,2,0.8,0,49,2014,1
2013,3,3,0.8,0,49,2014,2
2013,3,4,0.8,0,49,2014,3
2013,3,5,0.8,0,49,2014,4
2014,4,1,1.01764705882353,-0.0588235294117647,49,2015,1
2014,4,2,1.01764705882353,-0.0588235294117647,49,2015,2
2014,4,3,1.01764705882353,-0.0588235294117647,49,2015,3
2014,4,4,1.01764705882353,-0.0588235294117647,49,2015,4
2015,1,1,1.4,0,49,2015,2
2015,1,2,1.4,0,49,2015,3
2015,1,3,1.4,0,49,2015,4
2015,1,4,1.4,0,49,2016,1
2015,1,5,1.4,0,49,2016,2
2015,1,6,1.4,0,49,2016,3
2015,1,7,1.4,0,49,2016,4
2015,2,1,1.7,0,49,2015,3
2015,2,2,1.7,0,49,2015,4
2015,2,3,1.7,0,49,2016,1
2015,2,4,1.7,0,49,2016,2
2015,2,5,1.7,0,49,2016,3
2015,2,6,1.7,0,49,2016,4
2015,3,1,1.9,0,49,2015,4
2015,3,2,1.9,0,49,2016,1
2015,3,3,1.9,0,49,2016,2
2015,3,4,1.9,0,49,2016,3
2015,3,5,1.9,0,49,2016,4
2015,4,1,1.81176470588235,-0.0588235294117647,49,2016,1
2015,4,2,1.81176470588235,-0.0588235294117647,49,2016,2
2015,4,3,1.81176470588235,-0.0588235294117647,49,2016,3
2015,4,4,1.81176470588235,-0.0588235294117647,49,2016,4
2016,1,1,1.6,0,49,2016,2
2016,1,2,1.6,0,49,2016,3
2016,1,3,1.6,0,49,2016,4
2016,1,4,1.6,0,49,2017,1
2016,1,5,1.6,0,49,2017,2
2016,1,6,1.6,0,49,2017,3
2016,1,7,1.6,0,49,2017,4
2016,2,1,1.5,0,49,2016,3
2016,2,2,1.5,0,49,2016,4
2016,2,3,1.5,0,49,2017,1
2016,2,4,1.5,0,49,2017,2
2016,2,5,1.5,0,49,2017,3
2016,2,6,1.5,0,49,2017,4
2016,3,1,1.2,0,49,2016,4
2016,3,2,1.2,0,49,2017,1
2016,3,3,1.2,0,49,2017,2
2016,3,4,1.2,0,49,2017,3
2016,3,5,1.2,0,49,2017,4
2016,4,1,1.28823529411765,-0.0588235294117647,49,2017,1
2016,4,2,1.28823529411765,-0.0588235294117647,49,2017,2
2016,4,3,1.28823529411765,-0.0588235294117647,49,2017,3
2016,4,4,1.28823529411765,-0.0588235294117647,49,2017,4
2017,1,1,1.4,0,49,2017,2
2017,1,2,1.4,0,49,2017,3
2017,1,3,1.4,0,49,2017,4
2017,1,4,1.4,0,49,2018,1
2017,1,5,1.4,0,49,2018,2
2017,1,6,1.4,0,49,2018,3
2017,1,7,1.4,0,49,2018,4
2017,2,1,1.4,0,49,2017,3
2017,2,2,1.4,0,49,2017,4
2017,2,3,1.4,0,49,2018,1
2017,2,4,1.4,0,49,2018,2
2017,2,5,1.4,0,49,2018,3
2017,2,6,1.4,0,49,2018,4
2017,3,1,1.4,0,49,2017,4
2017,3,2,1.4,0,49,2018,1
2017,3,3,1.4,0,49,2018,2
2017,3,4,1.4,0,49,2018,3
2017,3,5,1.4,0,49,2018,4
2017,4,1,1.77647058823529,-0.0588235294117647,49,2018,1
2017,4,2,1.77647058823529,-0.0588235294117647,49,2018,2
2017,4,3,1.77647058823529,-0.0588235294117647,49,2018,3
2017,4,4,1.77647058823529,-0.0588235294117647,49,2018,4
2018,1,1,1.8,0,49,2018,2
2018,1,2,1.8,0,49,2018,3
2018,1,3,1.8,0,49,2018,4
2018,1,4,1.8,0,49,2019,1
2018,1,5,1.8,0,49,2019,2
2018,1,6,1.8,0,49,2019,3
2018,1,7,1.8,0,49,2019,4
2018,2,1,2.1,0,49,2018,3
2018,2,2,2.1,0,49,2018,4
2018,2,3,2.1,0,49,2019,1
2018,2,4,2.1,0,49,2019,2
2018,2,5,2.1,0,49,2019,3
2018,2,6,2.1,0,49,2019,4
2018,3,1,1.9,0,49,2018,4
2018,3,2,1.9,0,49,2019,1
2018,3,3,1.9,0,49,2019,2
2018,3,4,1.9,0,49,2019,3
2018,3,5,1.9,0,49,2019,4
2018,4,1,1.78235294117647,-0.0588235294117647,49,2019,1
2018,4,2,1.78235294117647,-0.0588235294117647,49,2019,2
2018,4,3,1.78235294117647,-0.0588235294117647,49,2019,3
2018,4,4,1.78235294117647,-0.0588235294117647,49,2019,4
2019,2,1,1.4,0,49,2019,3
2019,2,2,1.4,0,49,2019,4
2019,2,3,1.4,0,49,2020,1
2019,2,4,1.4,0,49,2020,2
2019,2,5,1.4,0,49,2020,3
2019,2,6,1.4,0,49,2020,4
2020,4,1,7.55882352941177,-0.0588235294117647,49,2021,1
2020,4,2,7.55882352941177,-0.0588235294117647,49,2021,2
2020,4,3,7.55882352941177,-0.0588235294117647,49,2021,3
2020,4,4,7.55882352941177,-0.0588235294117647,49,2021,4
2021,1,1,4,0,49,2021,2
2021,1,2,4,0,49,2021,3
2021,1,3,4,0,49,2021,4
2021,1,4,4,0,49,2022,1
2021,1,5,4,0,49,2022,2
2021,1,6,4,0,49,2022,3
2021,1,7,4,0,49,2022,4
2021,2,1,4.4,0,49,2021,3
2021,2,2,4.4,0,49,2021,4
2021,2,3,4.4,0,49,2022,1
2021,2,4,4.4,0,49,2022,2
2021,2,5,4.4,0,49,2022,3
2021,2,6,4.4,0,49,2022,4
2021,3,1,4.47,0,49,2021,4
2021,3,2,4.47,0,49,2022,1
2021,3,3,4.47,0,49,2022,2
2021,3,4,4.47,0,49,2022,3
2021,3,5,4.47,0,49,2022,4
2021,4,1,4.46470588235294,-0.0588235294117647,49,2022,1
2021,4,2,4.46470588235294,-0.0588235294117647,49,2022,2
2021,4,3,4.46470588235294,-0.0588235294117647,49,2022,3
2021,4,4,4.46470588235294,-0.0588235294117647,49,2022,4
2022,1,1,2.5,0,49,2022,2
2022,1,2,2.5,0,49,2022,3
2022,1,3,2.5,0,49,2022,4
2022,1,4,2.5,0,49,2023,1
2022,1,5,2.5,0,49,2023,2
2022,1,6,2.5,0,49,2023,3
2022,1,7,2.5,0,49,2023,4
2022,3,1,1.7,0,49,2022,4
2022,3,2,1.7,0,49,2023,1
2022,3,3,1.7,0,49,2023,2
2022,3,4,1.7,0,49,2023,3
2022,3,5,1.7,0,49,2023,4
2022,4,1,-0.611764705882353,-0.0588235294117647,49,2023,1
2022,4,2,-0.611764705882353,-0.0588235294117647,49,2023,2
2022,4,3,-0.611764705882353,-0.0588235294117647,49,2023,3
2022,4,4,-0.611764705882353,-0.0588235294117647,49,2023,4
2023,1,1,1.6,0,49,2023,2
2023,1,2,1.6,0,49,2023,3
2023,1,3,1.6,0,49,2023,4
2023,1,4,1.6,0,49,2024,1
2023,1,5,1.6,0,49,2024,2
2023,1,6,1.6,0,49,2024,3
2023,1,7,1.6,0,49,2024,4
2023,2,1,1.3,0,49,2023,3
2023,2,2,1.3,0,49,2023,4
2023,2,3,1.3,0,49,2024,1
2023,2,4,1.3,0,49,2024,2
2023,2,5,1.3,0,49,2024,3
2023,2,6,1.3,0,49,2024,4
2023,3,1,1.3,0,49,2023,4
2023,3,2,1.3,0,49,2024,1
2023,3,3,1.3,0,49,2024,2
2023,3,4,1.3,0,49,2024,3
2023,3,5,1.3,0,49,2024,4
2023,4,1,1.02941176470588,-0.0588235294117647,49,2024,1
2023,4,2,1.02941176470588,-0.0588235294117647,49,2024,2
2023,4,3,1.02941176470588,-0.0588235294117647,49,2024,3
2023,4,4,1.02941176470588,-0.0588235294117647,49,2024,4
2024,1,1,1.4,0,49,2024,2
2024,1,2,1.4,0,49,2024,3
2024,1,3,1.4,0,49,2024,4
2024,1,4,1.4,0,49,2025,1
2024,1,5,1.4,0,49,2025,2
2024,1,6,1.4,0,49,2025,3
2024,1,7,1.4,0,49,2025,4
2024,2,1,1.4,0,49,2024,3
2024,2,2,1.4,0,49,2024,4
2024,2,3,1.4,0,49,2025,1
2024,2,4,1.4,0,49,2025,2
2024,2,5,1.4,0,49,2025,3
2024,2,6,1.4,0,49,2025,4
2024,3,1,1.4,0,49,2024,4
2024,3,2,1.4,0,49,2025,1
2024,3,3,1.4,0,49,2025,2
2024,3,4,1.4,0,49,2025,3
2024,3,5,1.4,0,49,2025,4
2024,4,1,1.12352941176471,-0.0588235294117647,49,2025,1
2024,4,2,1.12352941176471,-0.0588235294117647,49,2025,2
2024,4,3,1.12352941176471,-0.0588235294117647,49,2025,3
2024,4,4,1.12352941176471,-0.0588235294117647,49,2025,4
2001,1,1,2.9,0,50,2001,2
2001,1,2,2.9,0,50,2001,3
2001,1,3,2.9,0,50,2001,4
2001,1,4,2.9,0,50,2002,1
2001,1,5,2.9,0,50,2002,2
2001,1,6,2.9,0,50,2002,3
2001,1,7,2.9,0,50,2002,4
2001,4,1,2.02941176470588,-0.0588235294117647,50,2002,1
2001,4,2,2.02941176470588,-0.0588235294117647,50,2002,2
2001,4,3,2.02941176470588,-0.0588235294117647,50,2002,3
2001,4,4,2.02941176470588,-0.0588235294117647,50,2002,4
2002,1,1,2.5,0,50,2002,2
2002,1,2,2.5,0,50,2002,3
2002,1,3,2.5,0,50,2002,4
2002,1,4,2.5,0,50,2003,1
2002,1,5,2.5,0,50,2003,2
2002,1,6,2.5,0,50,2003,3
2002,1,7,2.5,0,50,2003,4
2002,2,1,2.9,0,50,2002,3
2002,2,2,2.9,0,50,2002,4
2002,2,3,2.9,0,50,2003,1
2002,2,4,2.9,0,50,2003,2
2002,2,5,2.9,0,50,2003,3
2002,2,6,2.9,0,50,2003,4
2003,2,1,1.9,0,50,2003,3
2003,2,2,1.9,0,50,2003,4
2003,2,3,1.9,0,50,2004,1
2003,2,4,1.9,0,50,2004,2
2003,2,5,1.9,0,50,2004,3
2003,2,6,1.9,0,50,2004,4
2003,4,1,1.78823529411765,-0.0588235294117647,50,2004,1
2003,4,2,1.78823529411765,-0.0588235294117647,50,2004,2
2003,4,3,1.78823529411765,-0.0588235294117647,50,2004,3
2003,4,4,1.78823529411765,-0.0588235294117647,50,2004,4
2004,1,1,2.75,0,50,2004,2
2004,1,2,2.75,0,50,2004,3
2004,1,3,2.75,0,50,2004,4
2004,1,4,2.75,0,50,2005,1
2004,1,5,2.75,0,50,2005,2
2004,1,6,2.75,0,50,2005,3
2004,1,7,2.75,0,50,2005,4
2004,2,1,2.2,0,50,2004,3
2004,2,2,2.2,0,50,2004,4
2004,2,3,2.2,0,50,2005,1
2004,2,4,2.2,0,50,2005,2
2004,2,5,2.2,0,50,2005,3
2004,2,6,2.2,0,50,2005,4
2004,4,1,2.21764705882353,-0.0588235294117647,50,2005,1
2004,4,2,2.21764705882353,-0.0588235294117647,50,2005,2
2004,4,3,2.21764705882353,-0.0588235294117647,50,2005,3
2004,4,4,2.21764705882353,-0.0588235294117647,50,2005,4
2005,1,1,1.8,0,50,2005,2
2005,1,2,1.8,0,50,2005,3
2005,1,3,1.8,0,50,2005,4
2005,1,4,1.8,0,50,2006,1
2005,1,5,1.8,0,50,2006,2
2005,1,6,1.8,0,50,2006,3
2005,1,7,1.8,0,50,2006,4
2005,2,1,1.6,0,50,2005,3
2005,2,2,1.6,0,50,2005,4
2005,2,3,1.6,0,50,2006,1
2005,2,4,1.6,0,50,2006,2
2005,2,5,1.6,0,50,2006,3
2005,2,6,1.6,0,50,2006,4
2005,3,1,1.9,0,50,2005,4
2005,3,2,1.9,0,50,2006,1
2005,3,3,1.9,0,50,2006,2
2005,3,4,1.9,0,50,2006,3
2005,3,5,1.9,0,50,2006,4
2005,4,1,1.61764705882353,-0.0588235294117647,50,2006,1
2005,4,2,1.61764705882353,-0.0588235294117647,50,2006,2
2005,4,3,1.61764705882353,-0.0588235294117647,50,2006,3
2005,4,4,1.61764705882353,-0.0588235294117647,50,2006,4
2006,2,1,1.8,0,50,2006,3
2006,2,2,1.8,0,50,2006,4
2006,2,3,1.8,0,50,2007,1
2006,2,4,1.8,0,50,2007,2
2006,2,5,1.8,0,50,2007,3
2006,2,6,1.8,0,50,2007,4
2009,4,1,1.80882352941177,-0.0588235294117647,50,2010,1
2009,4,2,1.80882352941177,-0.0588235294117647,50,2010,2
2009,4,3,1.80882352941177,-0.0588235294117647,50,2010,3
2009,4,4,1.80882352941177,-0.0588235294117647,50,2010,4
2001,1,1,3,0,53,2001,2
2001,1,2,3,0,53,2001,3
2001,1,3,3,0,53,2001,4
2001,1,4,3,0,53,2002,1
2001,1,5,3,0,53,2002,2
2001,1,6,3,0,53,2002,3
2001,1,7,3,0,53,2002,4
2001,2,1,2.8,0,53,2001,3
2001,2,2,2.8,0,53,2001,4
2001,2,3,2.8,0,53,2002,1
2001,2,4,2.8,0,53,2002,2
2001,2,5,2.8,0,53,2002,3
2001,2,6,2.8,0,53,2002,4
2001,3,1,2.5,0,53,2001,4
2001,3,2,2.5,0,53,2002,1
2001,3,3,2.5,0,53,2002,2
2001,3,4,2.5,0,53,2002,3
2001,3,5,2.5,0,53,2002,4
2001,4,1,1.6,-0.0588235294117647,53,2002,1
2001,4,2,1.6,-0.0588235294117647,53,2002,2
2001,4,3,1.6,-0.0588235294117647,53,2002,3
2001,4,4,1.6,-0.0588235294117647,53,2002,4
2002,1,1,2.8,0,53,2002,2
2002,1,2,2.8,0,53,2002,3
2002,1,3,2.8,0,53,2002,4
2002,1,4,2.8,0,53,2003,1
2002,1,5,2.8,0,53,2003,2
2002,1,6,2.8,0,53,2003,3
2002,1,7,2.8,0,53,2003,4
2002,2,1,2.8,0,53,2002,3
2002,2,2,2.8,0,53,2002,4
2002,2,3,2.8,0,53,2003,1
2002,2,4,2.8,0,53,2003,2
2002,2,5,2.8,0,53,2003,3
2002,2,6,2.8,0,53,2003,4
2002,3,1,2.4,0,53,2002,4
2002,3,2,2.4,0,53,2003,1
2002,3,3,2.4,0,53,2003,2
2002,3,4,2.4,0,53,2003,3
2002,3,5,2.4,0,53,2003,4
2002,4,1,1.86470588235294,-0.0588235294117647,53,2003,1
2002,4,2,1.86470588235294,-0.0588235294117647,53,2003,2
2002,4,3,1.86470588235294,-0.0588235294117647,53,2003,3
2002,4,4,1.86470588235294,-0.0588235294117647,53,2003,4
2003,1,1,2.3,0,53,2003,2
2003,1,2,2.3,0,53,2003,3
2003,1,3,2.3,0,53,2003,4
2003,1,4,2.3,0,53,2004,1
2003,1,5,2.3,0,53,2004,2
2003,1,6,2.3,0,53,2004,3
2003,1,7,2.3,0,53,2004,4
2003,2,1,2,0,53,2003,3
2003,2,2,2,0,53,2003,4
2003,2,3,2,0,53,2004,1
2003,2,4,2,0,53,2004,2
2003,2,5,2,0,53,2004,3
2003,2,6,2,0,53,2004,4
2003,3,1,1.7,0,53,2003,4
2003,3,2,1.7,0,53,2004,1
2003,3,3,1.7,0,53,2004,2
2003,3,4,1.7,0,53,2004,3
2003,3,5,1.7,0,53,2004,4
2003,4,1,1.77058823529412,-0.0588235294117647,53,2004,1
2003,4,2,1.77058823529412,-0.0588235294117647,53,2004,2
2003,4,3,1.77058823529412,-0.0588235294117647,53,2004,3
2003,4,4,1.77058823529412,-0.0588235294117647,53,2004,4
2004,1,1,2,0,53,2004,2
2004,1,2,2,0,53,2004,3
2004,1,3,2,0,53,2004,4
2004,1,4,2,0,53,2005,1
2004,1,5,2,0,53,2005,2
2004,1,6,2,0,53,2005,3
2004,1,7,2,0,53,2005,4
2001,1,1,2.8,0,54,2001,2
2001,1,2,2.8,0,54,2001,3
2001,1,3,2.8,0,54,2001,4
2001,1,4,2.8,0,54,2002,1
2001,1,5,2.8,0,54,2002,2
2001,1,6,2.8,0,54,2002,3
2001,1,7,2.8,0,54,2002,4
2001,2,1,2.8,0,54,2001,3
2001,2,2,2.8,0,54,2001,4
2001,2,3,2.8,0,54,2002,1
2001,2,4,2.8,0,54,2002,2
2001,2,5,2.8,0,54,2002,3
2001,2,6,2.8,0,54,2002,4
2001,3,1,2.4,0,54,2001,4
2001,3,2,2.4,0,54,2002,1
2001,3,3,2.4,0,54,2002,2
2001,3,4,2.4,0,54,2002,3
2001,3,5,2.4,0,54,2002,4
2001,4,1,1.49411764705882,-0.0588235294117647,54,2002,1
2001,4,2,1.49411764705882,-0.0588235294117647,54,2002,2
2001,4,3,1.49411764705882,-0.0588235294117647,54,2002,3
2001,4,4,1.49411764705882,-0.0588235294117647,54,2002,4
2002,1,1,2.6,0,54,2002,2
2002,1,2,2.6,0,54,2002,3
2002,1,3,2.6,0,54,2002,4
2002,1,4,2.6,0,54,2003,1
2002,1,5,2.6,0,54,2003,2
2002,1,6,2.6,0,54,2003,3
2002,1,7,2.6,0,54,2003,4
2002,2,1,2.6,0,54,2002,3
2002,2,2,2.6,0,54,2002,4
2002,2,3,2.6,0,54,2003,1
2002,2,4,2.6,0,54,2003,2
2002,2,5,2.6,0,54,2003,3
2002,2,6,2.6,0,54,2003,4
2002,3,1,2.5,0,54,2002,4
2002,3,2,2.5,0,54,2003,1
2002,3,3,2.5,0,54,2003,2
2002,3,4,2.5,0,54,2003,3
2002,3,5,2.5,0,54,2003,4
2002,4,1,2.18235294117647,-0.0588235294117647,54,2003,1
2002,4,2,2.18235294117647,-0.0588235294117647,54,2003,2
2002,4,3,2.18235294117647,-0.0588235294117647,54,2003,3
2002,4,4,2.18235294117647,-0.0588235294117647,54,2003,4
2003,1,1,2.6,0,54,2003,2
2003,1,2,2.6,0,54,2003,3
2003,1,3,2.6,0,54,2003,4
2003,1,4,2.6,0,54,2004,1
2003,1,5,2.6,0,54,2004,2
2003,1,6,2.6,0,54,2004,3
2003,1,7,2.6,0,54,2004,4
2003,2,1,2.2,0,54,2003,3
2003,2,2,2.2,0,54,2003,4
2003,2,3,2.2,0,54,2004,1
2003,2,4,2.2,0,54,2004,2
2003,2,5,2.2,0,54,2004,3
2003,2,6,2.2,0,54,2004,4
2003,3,1,1.8,0,54,2003,4
2003,3,2,1.8,0,54,2004,1
2003,3,3,1.8,0,54,2004,2
2003,3,4,1.8,0,54,2004,3
2003,3,5,1.8,0,54,2004,4
2003,4,1,1.56470588235294,-0.0588235294117647,54,2004,1
2003,4,2,1.56470588235294,-0.0588235294117647,54,2004,2
2003,4,3,1.56470588235294,-0.0588235294117647,54,2004,3
2003,4,4,1.56470588235294,-0.0588235294117647,54,2004,4
2004,1,1,2.3,0,54,2004,2
2004,1,2,2.3,0,54,2004,3
2004,1,3,2.3,0,54,2004,4
2004,1,4,2.3,0,54,2005,1
2004,1,5,2.3,0,54,2005,2
2004,1,6,2.3,0,54,2005,3
2004,1,7,2.3,0,54,2005,4
2004,2,1,2.2,0,54,2004,3
2004,2,2,2.2,0,54,2004,4
2004,2,3,2.2,0,54,2005,1
2004,2,4,2.2,0,54,2005,2
2004,2,5,2.2,0,54,2005,3
2004,2,6,2.2,0,54,2005,4
2004,3,1,2,0,54,2004,4
2004,3,2,2,0,54,2005,1
2004,3,3,2,0,54,2005,2
2004,3,4,2,0,54,2005,3
2004,3,5,2,0,54,2005,4
2004,4,1,2.11176470588235,-0.0588235294117647,54,2005,1
2004,4,2,2.11176470588235,-0.0588235294117647,54,2005,2
2004,4,3,2.11176470588235,-0.0588235294117647,54,2005,3
2004,4,4,2.11176470588235,-0.0588235294117647,54,2005,4
2005,1,1,2,0,54,2005,2
2005,1,2,2,0,54,2005,3
2005,1,3,2,0,54,2005,4
2005,1,4,2,0,54,2006,1
2005,1,5,2,0,54,2006,2
2005,1,6,2,0,54,2006,3
2005,1,7,2,0,54,2006,4
2005,2,1,2,0,54,2005,3
2005,2,2,2,0,54,2005,4
2005,2,3,2,0,54,2006,1
2005,2,4,2,0,54,2006,2
2005,2,5,2,0,54,2006,3
2005,2,6,2,0,54,2006,4
2005,3,1,2,0,54,2005,4
2005,3,2,2,0,54,2006,1
2005,3,3,2,0,54,2006,2
2005,3,4,2,0,54,2006,3
2005,3,5,2,0,54,2006,4
2005,4,1,1.82352941176471,-0.0588235294117647,54,2006,1
2005,4,2,1.82352941176471,-0.0588235294117647,54,2006,2
2005,4,3,1.82352941176471,-0.0588235294117647,54,2006,3
2005,4,4,1.82352941176471,-0.0588235294117647,54,2006,4
2006,1,1,1.7,0,54,2006,2
2006,1,2,1.7,0,54,2006,3
2006,1,3,1.7,0,54,2006,4
2006,1,4,1.7,0,54,2007,1
2006,1,5,1.7,0,54,2007,2
2006,1,6,1.7,0,54,2007,3
2006,1,7,1.7,0,54,2007,4
2006,2,1,1.7,0,54,2006,3
2006,2,2,1.7,0,54,2006,4
2006,2,3,1.7,0,54,2007,1
2006,2,4,1.7,0,54,2007,2
2006,2,5,1.7,0,54,2007,3
2006,2,6,1.7,0,54,2007,4
2006,3,1,1.7,0,54,2006,4
2006,3,2,1.7,0,54,2007,1
2006,3,3,1.7,0,54,2007,2
2006,3,4,1.7,0,54,2007,3
2006,3,5,1.7,0,54,2007,4
2006,4,1,1.85882352941176,-0.0588235294117647,54,2007,1
2006,4,2,1.85882352941176,-0.0588235294117647,54,2007,2
2006,4,3,1.85882352941176,-0.0588235294117647,54,2007,3
2006,4,4,1.85882352941176,-0.0588235294117647,54,2007,4
2007,1,1,2.1,0,54,2007,2
2007,1,2,2.1,0,54,2007,3
2007,1,3,2.1,0,54,2007,4
2007,1,4,2.1,0,54,2008,1
2007,1,5,2.1,0,54,2008,2
2007,1,6,2.1,0,54,2008,3
2007,1,7,2.1,0,54,2008,4
2007,2,1,2.2,0,54,2007,3
2007,2,2,2.2,0,54,2007,4
2007,2,3,2.2,0,54,2008,1
2007,2,4,2.2,0,54,2008,2
2007,2,5,2.2,0,54,2008,3
2007,2,6,2.2,0,54,2008,4
2007,3,1,2.3,0,54,2007,4
2007,3,2,2.3,0,54,2008,1
2007,3,3,2.3,0,54,2008,2
2007,3,4,2.3,0,54,2008,3
2007,3,5,2.3,0,54,2008,4
2007,4,1,1.97647058823529,-0.0588235294117647,54,2008,1
2007,4,2,1.97647058823529,-0.0588235294117647,54,2008,2
2007,4,3,1.97647058823529,-0.0588235294117647,54,2008,3
2007,4,4,1.97647058823529,-0.0588235294117647,54,2008,4
2008,1,1,2,0,54,2008,2
2008,1,2,2,0,54,2008,3
2008,1,3,2,0,54,2008,4
2008,1,4,2,0,54,2009,1
2008,1,5,2,0,54,2009,2
2008,1,6,2,0,54,2009,3
2008,1,7,2,0,54,2009,4
2008,2,1,2,0,54,2008,3
2008,2,2,2,0,54,2008,4
2008,2,3,2,0,54,2009,1
2008,2,4,2,0,54,2009,2
2008,2,5,2,0,54,2009,3
2008,2,6,2,0,54,2009,4
2008,3,1,1.3,0,54,2008,4
2008,3,2,1.3,0,54,2009,1
2008,3,3,1.3,0,54,2009,2
2008,3,4,1.3,0,54,2009,3
2008,3,5,1.3,0,54,2009,4
2008,4,1,-0.388235294117647,-0.0588235294117647,54,2009,1
2008,4,2,-0.388235294117647,-0.0588235294117647,54,2009,2
2008,4,3,-0.388235294117647,-0.0588235294117647,54,2009,3
2008,4,4,-0.388235294117647,-0.0588235294117647,54,2009,4
2009,2,1,0.9,0,54,2009,3
2009,2,2,0.9,0,54,2009,4
2009,2,3,0.9,0,54,2010,1
2009,2,4,0.9,0,54,2010,2
2009,2,5,0.9,0,54,2010,3
2009,2,6,0.9,0,54,2010,4
2009,3,1,0.6,0,54,2009,4
2009,3,2,0.6,0,54,2010,1
2009,3,3,0.6,0,54,2010,2
2009,3,4,0.6,0,54,2010,3
2009,3,5,0.6,0,54,2010,4
2009,4,1,1.18235294117647,-0.0588235294117647,54,2010,1
2009,4,2,1.18235294117647,-0.0588235294117647,54,2010,2
2009,4,3,1.18235294117647,-0.0588235294117647,54,2010,3
2009,4,4,1.18235294117647,-0.0588235294117647,54,2010,4
2010,1,1,1.4,0,54,2010,2
2010,1,2,1.4,0,54,2010,3
2010,1,3,1.4,0,54,2010,4
2010,1,4,1.4,0,54,2011,1
2010,1,5,1.4,0,54,2011,2
2010,1,6,1.4,0,54,2011,3
2010,1,7,1.4,0,54,2011,4
2010,2,1,1.4,0,54,2010,3
2010,2,2,1.4,0,54,2010,4
2010,2,3,1.4,0,54,2011,1
2010,2,4,1.4,0,54,2011,2
2010,2,5,1.4,0,54,2011,3
2010,2,6,1.4,0,54,2011,4
2010,3,1,1.2,0,54,2010,4
2010,3,2,1.2,0,54,2011,1
2010,3,3,1.2,0,54,2011,2
2010,3,4,1.2,0,54,2011,3
2010,3,5,1.2,0,54,2011,4
2010,4,1,1.48823529411765,-0.0588235294117647,54,2011,1
2010,4,2,1.48823529411765,-0.0588235294117647,54,2011,2
2010,4,3,1.48823529411765,-0.0588235294117647,54,2011,3
2010,4,4,1.48823529411765,-0.0588235294117647,54,2011,4
2011,2,1,1.4,0,54,2011,3
2011,2,2,1.4,0,54,2011,4
2011,2,3,1.4,0,54,2012,1
2011,2,4,1.4,0,54,2012,2
2011,2,5,1.4,0,54,2012,3
2011,2,6,1.4,0,54,2012,4
2011,3,1,1.5,0,54,2011,4
2011,3,2,1.5,0,54,2012,1
2011,3,3,1.5,0,54,2012,2
2011,3,4,1.5,0,54,2012,3
2011,3,5,1.5,0,54,2012,4
2011,4,1,0.435294117647059,-0.0588235294117647,54,2012,1
2011,4,2,0.435294117647059,-0.0588235294117647,54,2012,2
2011,4,3,0.435294117647059,-0.0588235294117647,54,2012,3
2011,4,4,0.435294117647059,-0.0588235294117647,54,2012,4
2012,1,1,1,0,54,2012,2
2012,1,2,1,0,54,2012,3
2012,1,3,1,0,54,2012,4
2012,1,4,1,0,54,2013,1
2012,1,5,1,0,54,2013,2
2012,1,6,1,0,54,2013,3
2012,1,7,1,0,54,2013,4
2012,2,1,0.7,0,54,2012,3
2012,2,2,0.7,0,54,2012,4
2012,2,3,0.7,0,54,2013,1
2012,2,4,0.7,0,54,2013,2
2012,2,5,0.7,0,54,2013,3
2012,2,6,0.7,0,54,2013,4
2012,3,1,0.3,0,54,2012,4
2012,3,2,0.3,0,54,2013,1
2012,3,3,0.3,0,54,2013,2
2012,3,4,0.3,0,54,2013,3
2012,3,5,0.3,0,54,2013,4
2013,2,1,1,0,54,2013,3
2013,2,2,1,0,54,2013,4
2013,2,3,1,0,54,2014,1
2013,2,4,1,0,54,2014,2
2013,2,5,1,0,54,2014,3
2013,2,6,1,0,54,2014,4
2013,3,1,1,0,54,2013,4
2013,3,2,1,0,54,2014,1
2013,3,3,1,0,54,2014,2
2013,3,4,1,0,54,2014,3
2013,3,5,1,0,54,2014,4
2013,4,1,1.08823529411765,-0.0588235294117647,54,2014,1
2013,4,2,1.08823529411765,-0.0588235294117647,54,2014,2
2013,4,3,1.08823529411765,-0.0588235294117647,54,2014,3
2013,4,4,1.08823529411765,-0.0588235294117647,54,2014,4
2014,4,1,1.42941176470588,-0.0588235294117647,54,2015,1
2014,4,2,1.42941176470588,-0.0588235294117647,54,2015,2
2014,4,3,1.42941176470588,-0.0588235294117647,54,2015,3
2014,4,4,1.42941176470588,-0.0588235294117647,54,2015,4
2015,1,1,1.4,0,54,2015,2
2015,1,2,1.4,0,54,2015,3
2015,1,3,1.4,0,54,2015,4
2015,1,4,1.4,0,54,2016,1
2015,1,5,1.4,0,54,2016,2
2015,1,6,1.4,0,54,2016,3
2015,1,7,1.4,0,54,2016,4
2015,2,1,1.6,0,54,2015,3
2015,2,2,1.6,0,54,2015,4
2015,2,3,1.6,0,54,2016,1
2015,2,4,1.6,0,54,2016,2
2015,2,5,1.6,0,54,2016,3
2015,2,6,1.6,0,54,2016,4
2015,3,1,1.7,0,54,2015,4
2015,3,2,1.7,0,54,2016,1
2015,3,3,1.7,0,54,2016,2
2015,3,4,1.7,0,54,2016,3
2015,3,5,1.7,0,54,2016,4
2015,4,1,1.70588235294118,-0.0588235294117647,54,2016,1
2015,4,2,1.70588235294118,-0.0588235294117647,54,2016,2
2015,4,3,1.70588235294118,-0.0588235294117647,54,2016,3
2015,4,4,1.70588235294118,-0.0588235294117647,54,2016,4
2016,1,1,2,0,54,2016,2
2016,1,2,2,0,54,2016,3
2016,1,3,2,0,54,2016,4
2016,1,4,2,0,54,2017,1
2016,1,5,2,0,54,2017,2
2016,1,6,2,0,54,2017,3
2016,1,7,2,0,54,2017,4
2016,2,1,1.8,0,54,2016,3
2016,2,2,1.8,0,54,2016,4
2016,2,3,1.8,0,54,2017,1
2016,2,4,1.8,0,54,2017,2
2016,2,5,1.8,0,54,2017,3
2016,2,6,1.8,0,54,2017,4
2016,3,1,1.7,0,54,2016,4
2016,3,2,1.7,0,54,2017,1
2016,3,3,1.7,0,54,2017,2
2016,3,4,1.7,0,54,2017,3
2016,3,5,1.7,0,54,2017,4
2016,4,1,1.6,-0.0588235294117647,54,2017,1
2016,4,2,1.6,-0.0588235294117647,54,2017,2
2016,4,3,1.6,-0.0588235294117647,54,2017,3
2016,4,4,1.6,-0.0588235294117647,54,2017,4
2017,1,1,1.6,0,54,2017,2
2017,1,2,1.6,0,54,2017,3
2017,1,3,1.6,0,54,2017,4
2017,1,4,1.6,0,54,2018,1
2017,1,5,1.6,0,54,2018,2
2017,1,6,1.6,0,54,2018,3
2017,1,7,1.6,0,54,2018,4
2017,2,1,1.6,0,54,2017,3
2017,2,2,1.6,0,54,2017,4
2017,2,3,1.6,0,54,2018,1
2017,2,4,1.6,0,54,2018,2
2017,2,5,1.6,0,54,2018,3
2017,2,6,1.6,0,54,2018,4
2018,2,1,2,0,54,2018,3
2018,2,2,2,0,54,2018,4
2018,2,3,2,0,54,2019,1
2018,2,4,2,0,54,2019,2
2018,2,5,2,0,54,2019,3
2018,2,6,2,0,54,2019,4
2018,3,1,1.9,0,54,2018,4
2018,3,2,1.9,0,54,2019,1
2018,3,3,1.9,0,54,2019,2
2018,3,4,1.9,0,54,2019,3
2018,3,5,1.9,0,54,2019,4
2019,1,1,1.6,0,54,2019,2
2019,1,2,1.6,0,54,2019,3
2019,1,3,1.6,0,54,2019,4
2019,1,4,1.6,0,54,2020,1
2019,1,5,1.6,0,54,2020,2
2019,1,6,1.6,0,54,2020,3
2019,1,7,1.6,0,54,2020,4
2020,3,1,4,0,54,2020,4
2020,3,2,4,0,54,2021,1
2020,3,3,4,0,54,2021,2
2020,3,4,4,0,54,2021,3
2020,3,5,4,0,54,2021,4
2020,4,1,4.73529411764706,-0.0588235294117647,54,2021,1
2020,4,2,4.73529411764706,-0.0588235294117647,54,2021,2
2020,4,3,4.73529411764706,-0.0588235294117647,54,2021,3
2020,4,4,4.73529411764706,-0.0588235294117647,54,2021,4
2021,1,1,3,0,54,2021,2
2021,1,2,3,0,54,2021,3
2021,1,3,3,0,54,2021,4
2021,1,4,3,0,54,2022,1
2021,1,5,3,0,54,2022,2
2021,1,6,3,0,54,2022,3
2021,1,7,3,0,54,2022,4
2021,2,1,4,0,54,2021,3
2021,2,2,4,0,54,2021,4
2021,2,3,4,0,54,2022,1
2021,2,4,4,0,54,2022,2
2021,2,5,4,0,54,2022,3
2021,2,6,4,0,54,2022,4
2021,3,1,4.4,0,54,2021,4
2021,3,2,4.4,0,54,2022,1
2021,3,3,4.4,0,54,2022,2
2021,3,4,4.4,0,54,2022,3
2021,3,5,4.4,0,54,2022,4
2021,4,1,3.92941176470588,-0.0588235294117647,54,2022,1
2021,4,2,3.92941176470588,-0.0588235294117647,54,2022,2
2021,4,3,3.92941176470588,-0.0588235294117647,54,2022,3
2021,4,4,3.92941176470588,-0.0588235294117647,54,2022,4
2022,1,1,2.7,0,54,2022,2
2022,1,2,2.7,0,54,2022,3
2022,1,3,2.7,0,54,2022,4
2022,1,4,2.7,0,54,2023,1
2022,1,5,2.7,0,54,2023,2
2022,1,6,2.7,0,54,2023,3
2022,1,7,2.7,0,54,2023,4
2022,2,1,3,0,54,2022,3
2022,2,2,3,0,54,2022,4
2022,2,3,3,0,54,2023,1
2022,2,4,3,0,54,2023,2
2022,2,5,3,0,54,2023,3
2022,2,6,3,0,54,2023,4
2022,3,1,1.7,0,54,2022,4
2022,3,2,1.7,0,54,2023,1
2022,3,3,1.7,0,54,2023,2
2022,3,4,1.7,0,54,2023,3
2022,3,5,1.7,0,54,2023,4
2022,4,1,0.0411764705882353,-0.0588235294117647,54,2023,1
2022,4,2,0.0411764705882353,-0.0588235294117647,54,2023,2
2022,4,3,0.0411764705882353,-0.0588235294117647,54,2023,3
2022,4,4,0.0411764705882353,-0.0588235294117647,54,2023,4
2023,1,1,2.1,0,54,2023,2
2023,1,2,2.1,0,54,2023,3
2023,1,3,2.1,0,54,2023,4
2023,1,4,2.1,0,54,2024,1
2023,1,5,2.1,0,54,2024,2
2023,1,6,2.1,0,54,2024,3
2023,1,7,2.1,0,54,2024,4
2023,2,1,1.8,0,54,2023,3
2023,2,2,1.8,0,54,2023,4
2023,2,3,1.8,0,54,2024,1
2023,2,4,1.8,0,54,2024,2
2023,2,5,1.8,0,54,2024,3
2023,2,6,1.8,0,54,2024,4
2023,3,1,1.7,0,54,2023,4
2023,3,2,1.7,0,54,2024,1
2023,3,3,1.7,0,54,2024,2
2023,3,4,1.7,0,54,2024,3
2023,3,5,1.7,0,54,2024,4
2023,4,1,1.55294117647059,-0.0588235294117647,54,2024,1
2023,4,2,1.55294117647059,-0.0588235294117647,54,2024,2
2023,4,3,1.55294117647059,-0.0588235294117647,54,2024,3
2023,4,4,1.55294117647059,-0.0588235294117647,54,2024,4
2024,1,1,1.6,0,54,2024,2
2024,1,2,1.6,0,54,2024,3
2024,1,3,1.6,0,54,2024,4
2024,1,4,1.6,0,54,2025,1
2024,1,5,1.6,0,54,2025,2
2024,1,6,1.6,0,54,2025,3
2024,1,7,1.6,0,54,2025,4
2024,2,1,1.6,0,54,2024,3
2024,2,2,1.6,0,54,2024,4
2024,2,3,1.6,0,54,2025,1
2024,2,4,1.6,0,54,2025,2
2024,2,5,1.6,0,54,2025,3
2024,2,6,1.6,0,54,2025,4
2024,3,1,1.5,0,54,2024,4
2024,3,2,1.5,0,54,2025,1
2024,3,3,1.5,0,54,2025,2
2024,3,4,1.5,0,54,2025,3
2024,3,5,1.5,0,54,2025,4
2024,4,1,1.32941176470588,-0.0588235294117647,54,2025,1
2024,4,2,1.32941176470588,-0.0588235294117647,54,2025,2
2024,4,3,1.32941176470588,-0.0588235294117647,54,2025,3
2024,4,4,1.32941176470588,-0.0588235294117647,54,2025,4
2001,1,1,3.2,0,55,2001,2
2001,1,2,3.2,0,55,2001,3
2001,1,3,3.2,0,55,2001,4
2001,1,4,3.2,0,55,2002,1
2001,1,5,3.2,0,55,2002,2
2001,1,6,3.2,0,55,2002,3
2001,1,7,3.2,0,55,2002,4
2001,1,1,2.7,0,56,2001,2
2001,1,2,2.7,0,56,2001,3
2001,1,3,2.7,0,56,2001,4
2001,1,4,2.7,0,56,2002,1
2001,1,5,2.7,0,56,2002,2
2001,1,6,2.7,0,56,2002,3
2001,1,7,2.7,0,56,2002,4
2001,2,1,2.7,0,56,2001,3
2001,2,2,2.7,0,56,2001,4
2001,2,3,2.7,0,56,2002,1
2001,2,4,2.7,0,56,2002,2
2001,2,5,2.7,0,56,2002,3
2001,2,6,2.7,0,56,2002,4
2001,3,1,2.6,0,56,2001,4
2001,3,2,2.6,0,56,2002,1
2001,3,3,2.6,0,56,2002,2
2001,3,4,2.6,0,56,2002,3
2001,3,5,2.6,0,56,2002,4
2002,1,1,3,0,56,2002,2
2002,1,2,3,0,56,2002,3
2002,1,3,3,0,56,2002,4
2002,1,4,3,0,56,2003,1
2002,1,5,3,0,56,2003,2
2002,1,6,3,0,56,2003,3
2002,1,7,3,0,56,2003,4
2002,2,1,2.9,0,56,2002,3
2002,2,2,2.9,0,56,2002,4
2002,2,3,2.9,0,56,2003,1
2002,2,4,2.9,0,56,2003,2
2002,2,5,2.9,0,56,2003,3
2002,2,6,2.9,0,56,2003,4
2002,3,1,2.9,0,56,2002,4
2002,3,2,2.9,0,56,2003,1
2002,3,3,2.9,0,56,2003,2
2002,3,4,2.9,0,56,2003,3
2002,3,5,2.9,0,56,2003,4
2002,4,1,2.06470588235294,-0.0588235294117647,56,2003,1
2002,4,2,2.06470588235294,-0.0588235294117647,56,2003,2
2002,4,3,2.06470588235294,-0.0588235294117647,56,2003,3
2002,4,4,2.06470588235294,-0.0588235294117647,56,2003,4
2003,1,1,2.2,0,56,2003,2
2003,1,2,2.2,0,56,2003,3
2003,1,3,2.2,0,56,2003,4
2003,1,4,2.2,0,56,2004,1
2003,1,5,2.2,0,56,2004,2
2003,1,6,2.2,0,56,2004,3
2003,1,7,2.2,0,56,2004,4
2003,2,1,1.8,0,56,2003,3
2003,2,2,1.8,0,56,2003,4
2003,2,3,1.8,0,56,2004,1
2003,2,4,1.8,0,56,2004,2
2003,2,5,1.8,0,56,2004,3
2003,2,6,1.8,0,56,2004,4
2003,3,1,1.6,0,56,2003,4
2003,3,2,1.6,0,56,2004,1
2003,3,3,1.6,0,56,2004,2
2003,3,4,1.6,0,56,2004,3
2003,3,5,1.6,0,56,2004,4
2003,4,1,1.45882352941176,-0.0588235294117647,56,2004,1
2003,4,2,1.45882352941176,-0.0588235294117647,56,2004,2
2003,4,3,1.45882352941176,-0.0588235294117647,56,2004,3
2003,4,4,1.45882352941176,-0.0588235294117647,56,2004,4
2004,1,1,2,0,56,2004,2
2004,1,2,2,0,56,2004,3
2004,1,3,2,0,56,2004,4
2004,1,4,2,0,56,2005,1
2004,1,5,2,0,56,2005,2
2004,1,6,2,0,56,2005,3
2004,1,7,2,0,56,2005,4
2004,2,1,2,0,56,2004,3
2004,2,2,2,0,56,2004,4
2004,2,3,2,0,56,2005,1
2004,2,4,2,0,56,2005,2
2004,2,5,2,0,56,2005,3
2004,2,6,2,0,56,2005,4
2004,3,1,2,0,56,2004,4
2004,3,2,2,0,56,2005,1
2004,3,3,2,0,56,2005,2
2004,3,4,2,0,56,2005,3
2004,3,5,2,0,56,2005,4
2004,4,1,2.00588235294118,-0.0588235294117647,56,2005,1
2004,4,2,2.00588235294118,-0.0588235294117647,56,2005,2
2004,4,3,2.00588235294118,-0.0588235294117647,56,2005,3
2004,4,4,2.00588235294118,-0.0588235294117647,56,2005,4
2005,1,1,2,0,56,2005,2
2005,1,2,2,0,56,2005,3
2005,1,3,2,0,56,2005,4
2005,1,4,2,0,56,2006,1
2005,1,5,2,0,56,2006,2
2005,1,6,2,0,56,2006,3
2005,1,7,2,0,56,2006,4
2005,2,1,1.8,0,56,2005,3
2005,2,2,1.8,0,56,2005,4
2005,2,3,1.8,0,56,2006,1
2005,2,4,1.8,0,56,2006,2
2005,2,5,1.8,0,56,2006,3
2005,2,6,1.8,0,56,2006,4
2005,3,1,1.9,0,56,2005,4
2005,3,2,1.9,0,56,2006,1
2005,3,3,1.9,0,56,2006,2
2005,3,4,1.9,0,56,2006,3
2005,3,5,1.9,0,56,2006,4
2005,4,1,1.82941176470588,-0.0588235294117647,56,2006,1
2005,4,2,1.82941176470588,-0.0588235294117647,56,2006,2
2005,4,3,1.82941176470588,-0.0588235294117647,56,2006,3
2005,4,4,1.82941176470588,-0.0588235294117647,56,2006,4
2006,1,1,2,0,56,2006,2
2006,1,2,2,0,56,2006,3
2006,1,3,2,0,56,2006,4
2006,1,4,2,0,56,2007,1
2006,1,5,2,0,56,2007,2
2006,1,6,2,0,56,2007,3
2006,1,7,2,0,56,2007,4
2006,2,1,2,0,56,2006,3
2006,2,2,2,0,56,2006,4
2006,2,3,2,0,56,2007,1
2006,2,4,2,0,56,2007,2
2006,2,5,2,0,56,2007,3
2006,2,6,2,0,56,2007,4
2006,3,1,1.8,0,56,2006,4
2006,3,2,1.8,0,56,2007,1
2006,3,3,1.8,0,56,2007,2
2006,3,4,1.8,0,56,2007,3
2006,3,5,1.8,0,56,2007,4
2006,4,1,1.96470588235294,-0.0588235294117647,56,2007,1
2006,4,2,1.96470588235294,-0.0588235294117647,56,2007,2
2006,4,3,1.96470588235294,-0.0588235294117647,56,2007,3
2006,4,4,1.96470588235294,-0.0588235294117647,56,2007,4
2007,1,1,2.2,0,56,2007,2
2007,1,2,2.2,0,56,2007,3
2007,1,3,2.2,0,56,2007,4
2007,1,4,2.2,0,56,2008,1
2007,1,5,2.2,0,56,2008,2
2007,1,6,2.2,0,56,2008,3
2007,1,7,2.2,0,56,2008,4
2007,2,1,2.2,0,56,2007,3
2007,2,2,2.2,0,56,2007,4
2007,2,3,2.2,0,56,2008,1
2007,2,4,2.2,0,56,2008,2
2007,2,5,2.2,0,56,2008,3
2007,2,6,2.2,0,56,2008,4
2007,3,1,2.3,0,56,2007,4
2007,3,2,2.3,0,56,2008,1
2007,3,3,2.3,0,56,2008,2
2007,3,4,2.3,0,56,2008,3
2007,3,5,2.3,0,56,2008,4
2008,1,1,2.1,0,56,2008,2
2008,1,2,2.1,0,56,2008,3
2008,1,3,2.1,0,56,2008,4
2008,1,4,2.1,0,56,2009,1
2008,1,5,2.1,0,56,2009,2
2008,1,6,2.1,0,56,2009,3
2008,1,7,2.1,0,56,2009,4
2008,3,1,1.4,0,56,2008,4
2008,3,2,1.4,0,56,2009,1
2008,3,3,1.4,0,56,2009,2
2008,3,4,1.4,0,56,2009,3
2008,3,5,1.4,0,56,2009,4
2008,4,1,0.464705882352941,-0.0588235294117647,56,2009,1
2008,4,2,0.464705882352941,-0.0588235294117647,56,2009,2
2008,4,3,0.464705882352941,-0.0588235294117647,56,2009,3
2008,4,4,0.464705882352941,-0.0588235294117647,56,2009,4
2009,1,1,1.1,0,56,2009,2
2009,1,2,1.1,0,56,2009,3
2009,1,3,1.1,0,56,2009,4
2009,1,4,1.1,0,56,2010,1
2009,1,5,1.1,0,56,2010,2
2009,1,6,1.1,0,56,2010,3
2009,1,7,1.1,0,56,2010,4
2009,2,1,0.3,0,56,2009,3
2009,2,2,0.3,0,56,2009,4
2009,2,3,0.3,0,56,2010,1
2009,2,4,0.3,0,56,2010,2
2009,2,5,0.3,0,56,2010,3
2009,2,6,0.3,0,56,2010,4
2010,1,1,1.7,0,56,2010,2
2010,1,2,1.7,0,56,2010,3
2010,1,3,1.7,0,56,2010,4
2010,1,4,1.7,0,56,2011,1
2010,1,5,1.7,0,56,2011,2
2010,1,6,1.7,0,56,2011,3
2010,1,7,1.7,0,56,2011,4
2010,2,1,1.3,0,56,2010,3
2010,2,2,1.3,0,56,2010,4
2010,2,3,1.3,0,56,2011,1
2010,2,4,1.3,0,56,2011,2
2010,2,5,1.3,0,56,2011,3
2010,2,6,1.3,0,56,2011,4
2010,4,1,1.17647058823529,-0.0588235294117647,56,2011,1
2010,4,2,1.17647058823529,-0.0588235294117647,56,2011,2
2010,4,3,1.17647058823529,-0.0588235294117647,56,2011,3
2010,4,4,1.17647058823529,-0.0588235294117647,56,2011,4
2011,1,1,1.8,0,56,2011,2
2011,1,2,1.8,0,56,2011,3
2011,1,3,1.8,0,56,2011,4
2011,1,4,1.8,0,56,2012,1
2011,1,5,1.8,0,56,2012,2
2011,1,6,1.8,0,56,2012,3
2011,1,7,1.8,0,56,2012,4
2011,2,1,1.6669285197,0,56,2011,3
2011,2,2,1.6669285197,0,56,2011,4
2011,2,3,1.6669285197,0,56,2012,1
2011,2,4,1.6669285197,0,56,2012,2
2011,2,5,1.6669285197,0,56,2012,3
2011,2,6,1.6669285197,0,56,2012,4
2011,3,1,1.6,0,56,2011,4
2011,3,2,1.6,0,56,2012,1
2011,3,3,1.6,0,56,2012,2
2011,3,4,1.6,0,56,2012,3
2011,3,5,1.6,0,56,2012,4
2011,4,1,1.06470588235294,-0.0588235294117647,56,2012,1
2011,4,2,1.06470588235294,-0.0588235294117647,56,2012,2
2011,4,3,1.06470588235294,-0.0588235294117647,56,2012,3
2011,4,4,1.06470588235294,-0.0588235294117647,56,2012,4
2012,3,1,0.8,0,56,2012,4
2012,3,2,0.8,0,56,2013,1
2012,3,3,0.8,0,56,2013,2
2012,3,4,0.8,0,56,2013,3
2012,3,5,0.8,0,56,2013,4
2012,4,1,0.341176470588235,-0.0588235294117647,56,2013,1
2012,4,2,0.341176470588235,-0.0588235294117647,56,2013,2
2012,4,3,0.341176470588235,-0.0588235294117647,56,2013,3
2012,4,4,0.341176470588235,-0.0588235294117647,56,2013,4
2013,3,1,1,0,56,2013,4
2013,3,2,1,0,56,2014,1
2013,3,3,1,0,56,2014,2
2013,3,4,1,0,56,2014,3
2013,3,5,1,0,56,2014,4
2014,2,1,1.4,0,56,2014,3
2014,2,2,1.4,0,56,2014,4
2014,2,3,1.4,0,56,2015,1
2014,2,4,1.4,0,56,2015,2
2014,2,5,1.4,0,56,2015,3
2014,2,6,1.4,0,56,2015,4
2017,1,1,1.5,0,56,2017,2
2017,1,2,1.5,0,56,2017,3
2017,1,3,1.5,0,56,2017,4
2017,1,4,1.5,0,56,2018,1
2017,1,5,1.5,0,56,2018,2
2017,1,6,1.5,0,56,2018,3
2017,1,7,1.5,0,56,2018,4
2017,2,1,1.6,0,56,2017,3
2017,2,2,1.6,0,56,2017,4
2017,2,3,1.6,0,56,2018,1
2017,2,4,1.6,0,56,2018,2
2017,2,5,1.6,0,56,2018,3
2017,2,6,1.6,0,56,2018,4
2017,3,1,1.8,0,56,2017,4
2017,3,2,1.8,0,56,2018,1
2017,3,3,1.8,0,56,2018,2
2017,3,4,1.8,0,56,2018,3
2017,3,5,1.8,0,56,2018,4
2017,4,1,1.98823529411765,-0.0588235294117647,56,2018,1
2017,4,2,1.98823529411765,-0.0588235294117647,56,2018,2
2017,4,3,1.98823529411765,-0.0588235294117647,56,2018,3
2017,4,4,1.98823529411765,-0.0588235294117647,56,2018,4
2018,1,1,1.8,0,56,2018,2
2018,1,2,1.8,0,56,2018,3
2018,1,3,1.8,0,56,2018,4
2018,1,4,1.8,0,56,2019,1
2018,1,5,1.8,0,56,2019,2
2018,1,6,1.8,0,56,2019,3
2018,1,7,1.8,0,56,2019,4
2018,2,1,1.8,0,56,2018,3
2018,2,2,1.8,0,56,2018,4
2018,2,3,1.8,0,56,2019,1
2018,2,4,1.8,0,56,2019,2
2018,2,5,1.8,0,56,2019,3
2018,2,6,1.8,0,56,2019,4
2018,3,1,2.1,0,56,2018,4
2018,3,2,2.1,0,56,2019,1
2018,3,3,2.1,0,56,2019,2
2018,3,4,2.1,0,56,2019,3
2018,3,5,2.1,0,56,2019,4
2018,4,1,1.78235294117647,-0.0588235294117647,56,2019,1
2018,4,2,1.78235294117647,-0.0588235294117647,56,2019,2
2018,4,3,1.78235294117647,-0.0588235294117647,56,2019,3
2018,4,4,1.78235294117647,-0.0588235294117647,56,2019,4
2019,1,1,1.6,0,56,2019,2
2019,1,2,1.6,0,56,2019,3
2019,1,3,1.6,0,56,2019,4
2019,1,4,1.6,0,56,2020,1
2019,1,5,1.6,0,56,2020,2
2019,1,6,1.6,0,56,2020,3
2019,1,7,1.6,0,56,2020,4
2019,2,1,1.4,0,56,2019,3
2019,2,2,1.4,0,56,2019,4
2019,2,3,1.4,0,56,2020,1
2019,2,4,1.4,0,56,2020,2
2019,2,5,1.4,0,56,2020,3
2019,2,6,1.4,0,56,2020,4
2019,3,1,1.2,0,56,2019,4
2019,3,2,1.2,0,56,2020,1
2019,3,3,1.2,0,56,2020,2
2019,3,4,1.2,0,56,2020,3
2019,3,5,1.2,0,56,2020,4
2019,4,1,1.09411764705882,-0.0588235294117647,56,2020,1
2019,4,2,1.09411764705882,-0.0588235294117647,56,2020,2
2019,4,3,1.09411764705882,-0.0588235294117647,56,2020,3
2019,4,4,1.09411764705882,-0.0588235294117647,56,2020,4
2020,1,1,1.2,0,56,2020,2
2020,1,2,1.2,0,56,2020,3
2020,1,3,1.2,0,56,2020,4
2020,1,4,1.2,0,56,2021,1
2020,1,5,1.2,0,56,2021,2
2020,1,6,1.2,0,56,2021,3
2020,1,7,1.2,0,56,2021,4
2020,2,1,9.5,0,56,2020,3
2020,2,2,9.5,0,56,2020,4
2020,2,3,9.5,0,56,2021,1
2020,2,4,9.5,0,56,2021,2
2020,2,5,9.5,0,56,2021,3
2020,2,6,9.5,0,56,2021,4
2020,3,1,5.5,0,56,2020,4
2020,3,2,5.5,0,56,2021,1
2020,3,3,5.5,0,56,2021,2
2020,3,4,5.5,0,56,2021,3
2020,3,5,5.5,0,56,2021,4
2020,4,1,6.15882352941177,-0.0588235294117647,56,2021,1
2020,4,2,6.15882352941177,-0.0588235294117647,56,2021,2
2020,4,3,6.15882352941177,-0.0588235294117647,56,2021,3
2020,4,4,6.15882352941177,-0.0588235294117647,56,2021,4
2021,1,1,3.9,0,56,2021,2
2021,1,2,3.9,0,56,2021,3
2021,1,3,3.9,0,56,2021,4
2021,1,4,3.9,0,56,2022,1
2021,1,5,3.9,0,56,2022,2
2021,1,6,3.9,0,56,2022,3
2021,1,7,3.9,0,56,2022,4
2021,2,1,4,0,56,2021,3
2021,2,2,4,0,56,2021,4
2021,2,3,4,0,56,2022,1
2021,2,4,4,0,56,2022,2
2021,2,5,4,0,56,2022,3
2021,2,6,4,0,56,2022,4
2021,3,1,4.1,0,56,2021,4
2021,3,2,4.1,0,56,2022,1
2021,3,3,4.1,0,56,2022,2
2021,3,4,4.1,0,56,2022,3
2021,3,5,4.1,0,56,2022,4
2021,4,1,4.34117647058824,-0.0588235294117647,56,2022,1
2021,4,2,4.34117647058824,-0.0588235294117647,56,2022,2
2021,4,3,4.34117647058824,-0.0588235294117647,56,2022,3
2021,4,4,4.34117647058824,-0.0588235294117647,56,2022,4
2022,1,1,2.5,0,56,2022,2
2022,1,2,2.5,0,56,2022,3
2022,1,3,2.5,0,56,2022,4
2022,1,4,2.5,0,56,2023,1
2022,1,5,2.5,0,56,2023,2
2022,1,6,2.5,0,56,2023,3
2022,1,7,2.5,0,56,2023,4
2022,2,1,2.4,0,56,2022,3
2022,2,2,2.4,0,56,2022,4
2022,2,3,2.4,0,56,2023,1
2022,2,4,2.4,0,56,2023,2
2022,2,5,2.4,0,56,2023,3
2022,2,6,2.4,0,56,2023,4
2022,3,1,1.1,0,56,2022,4
2022,3,2,1.1,0,56,2023,1
2022,3,3,1.1,0,56,2023,2
2022,3,4,1.1,0,56,2023,3
2022,3,5,1.1,0,56,2023,4
2022,4,1,0.441176470588235,-0.0588235294117647,56,2023,1
2022,4,2,0.441176470588235,-0.0588235294117647,56,2023,2
2022,4,3,0.441176470588235,-0.0588235294117647,56,2023,3
2022,4,4,0.441176470588235,-0.0588235294117647,56,2023,4
2023,1,1,1.1,0,56,2023,2
2023,1,2,1.1,0,56,2023,3
2023,1,3,1.1,0,56,2023,4
2023,1,4,1.1,0,56,2024,1
2023,1,5,1.1,0,56,2024,2
2023,1,6,1.1,0,56,2024,3
2023,1,7,1.1,0,56,2024,4
2023,2,1,1.2,0,56,2023,3
2023,2,2,1.2,0,56,2023,4
2023,2,3,1.2,0,56,2024,1
2023,2,4,1.2,0,56,2024,2
2023,2,5,1.2,0,56,2024,3
2023,2,6,1.2,0,56,2024,4
2023,3,1,1.3,0,56,2023,4
2023,3,2,1.3,0,56,2024,1
2023,3,3,1.3,0,56,2024,2
2023,3,4,1.3,0,56,2024,3
2023,3,5,1.3,0,56,2024,4
2023,4,1,0.923529411764706,-0.0588235294117647,56,2024,1
2023,4,2,0.923529411764706,-0.0588235294117647,56,2024,2
2023,4,3,0.923529411764706,-0.0588235294117647,56,2024,3
2023,4,4,0.923529411764706,-0.0588235294117647,56,2024,4
2024,1,1,1.4,0,56,2024,2
2024,1,2,1.4,0,56,2024,3
2024,1,3,1.4,0,56,2024,4
2024,1,4,1.4,0,56,2025,1
2024,1,5,1.4,0,56,2025,2
2024,1,6,1.4,0,56,2025,3
2024,1,7,1.4,0,56,2025,4
2024,2,1,1.4,0,56,2024,3
2024,2,2,1.4,0,56,2024,4
2024,2,3,1.4,0,56,2025,1
2024,2,4,1.4,0,56,2025,2
2024,2,5,1.4,0,56,2025,3
2024,2,6,1.4,0,56,2025,4
2024,3,1,1.5,0,56,2024,4
2024,3,2,1.5,0,56,2025,1
2024,3,3,1.5,0,56,2025,2
2024,3,4,1.5,0,56,2025,3
2024,3,5,1.5,0,56,2025,4
2024,4,1,1.54117647058824,-0.0588235294117647,56,2025,1
2024,4,2,1.54117647058824,-0.0588235294117647,56,2025,2
2024,4,3,1.54117647058824,-0.0588235294117647,56,2025,3
2024,4,4,1.54117647058824,-0.0588235294117647,56,2025,4
2001,1,1,3,0,59,2001,2
2001,1,2,3,0,59,2001,3
2001,1,3,3,0,59,2001,4
2001,1,4,3,0,59,2002,1
2001,1,5,3,0,59,2002,2
2001,1,6,3,0,59,2002,3
2001,1,7,3,0,59,2002,4
2001,2,1,2.8,0,59,2001,3
2001,2,2,2.8,0,59,2001,4
2001,2,3,2.8,0,59,2002,1
2001,2,4,2.8,0,59,2002,2
2001,2,5,2.8,0,59,2002,3
2001,2,6,2.8,0,59,2002,4
2001,3,1,2.6,0,59,2001,4
2001,3,2,2.6,0,59,2002,1
2001,3,3,2.6,0,59,2002,2
2001,3,4,2.6,0,59,2002,3
2001,3,5,2.6,0,59,2002,4
2002,1,1,3,0,59,2002,2
2002,1,2,3,0,59,2002,3
2002,1,3,3,0,59,2002,4
2002,1,4,3,0,59,2003,1
2002,1,5,3,0,59,2003,2
2002,1,6,3,0,59,2003,3
2002,1,7,3,0,59,2003,4
2002,3,1,3,0,59,2002,4
2002,3,2,3,0,59,2003,1
2002,3,3,3,0,59,2003,2
2002,3,4,3,0,59,2003,3
2002,3,5,3,0,59,2003,4
2002,4,1,1.85882352941176,-0.0588235294117647,59,2003,1
2002,4,2,1.85882352941176,-0.0588235294117647,59,2003,2
2002,4,3,1.85882352941176,-0.0588235294117647,59,2003,3
2002,4,4,1.85882352941176,-0.0588235294117647,59,2003,4
2003,1,1,2.4,0,59,2003,2
2003,1,2,2.4,0,59,2003,3
2003,1,3,2.4,0,59,2003,4
2003,1,4,2.4,0,59,2004,1
2003,1,5,2.4,0,59,2004,2
2003,1,6,2.4,0,59,2004,3
2003,1,7,2.4,0,59,2004,4
2003,2,1,2.2,0,59,2003,3
2003,2,2,2.2,0,59,2003,4
2003,2,3,2.2,0,59,2004,1
2003,2,4,2.2,0,59,2004,2
2003,2,5,2.2,0,59,2004,3
2003,2,6,2.2,0,59,2004,4
2003,3,1,1.5,0,59,2003,4
2003,3,2,1.5,0,59,2004,1
2003,3,3,1.5,0,59,2004,2
2003,3,4,1.5,0,59,2004,3
2003,3,5,1.5,0,59,2004,4
2003,4,1,1.67647058823529,-0.0588235294117647,59,2004,1
2003,4,2,1.67647058823529,-0.0588235294117647,59,2004,2
2003,4,3,1.67647058823529,-0.0588235294117647,59,2004,3
2003,4,4,1.67647058823529,-0.0588235294117647,59,2004,4
2004,1,1,2.4,0,59,2004,2
2004,1,2,2.4,0,59,2004,3
2004,1,3,2.4,0,59,2004,4
2004,1,4,2.4,0,59,2005,1
2004,1,5,2.4,0,59,2005,2
2004,1,6,2.4,0,59,2005,3
2004,1,7,2.4,0,59,2005,4
2004,2,1,2.1,0,59,2004,3
2004,2,2,2.1,0,59,2004,4
2004,2,3,2.1,0,59,2005,1
2004,2,4,2.1,0,59,2005,2
2004,2,5,2.1,0,59,2005,3
2004,2,6,2.1,0,59,2005,4
2004,4,1,2.01176470588235,-0.0588235294117647,59,2005,1
2004,4,2,2.01176470588235,-0.0588235294117647,59,2005,2
2004,4,3,2.01176470588235,-0.0588235294117647,59,2005,3
2004,4,4,2.01176470588235,-0.0588235294117647,59,2005,4
2005,1,1,2,0,59,2005,2
2005,1,2,2,0,59,2005,3
2005,1,3,2,0,59,2005,4
2005,1,4,2,0,59,2006,1
2005,1,5,2,0,59,2006,2
2005,1,6,2,0,59,2006,3
2005,1,7,2,0,59,2006,4
2005,2,1,1.9,0,59,2005,3
2005,2,2,1.9,0,59,2005,4
2005,2,3,1.9,0,59,2006,1
2005,2,4,1.9,0,59,2006,2
2005,2,5,1.9,0,59,2006,3
2005,2,6,1.9,0,59,2006,4
2005,3,1,1.6,0,59,2005,4
2005,3,2,1.6,0,59,2006,1
2005,3,3,1.6,0,59,2006,2
2005,3,4,1.6,0,59,2006,3
2005,3,5,1.6,0,59,2006,4
2005,4,1,1.51764705882353,-0.0588235294117647,59,2006,1
2005,4,2,1.51764705882353,-0.0588235294117647,59,2006,2
2005,4,3,1.51764705882353,-0.0588235294117647,59,2006,3
2005,4,4,1.51764705882353,-0.0588235294117647,59,2006,4
2006,1,1,1.5,0,59,2006,2
2006,1,2,1.5,0,59,2006,3
2006,1,3,1.5,0,59,2006,4
2006,1,4,1.5,0,59,2007,1
2006,1,5,1.5,0,59,2007,2
2006,1,6,1.5,0,59,2007,3
2006,1,7,1.5,0,59,2007,4
2006,2,1,1.4,0,59,2006,3
2006,2,2,1.4,0,59,2006,4
2006,2,3,1.4,0,59,2007,1
2006,2,4,1.4,0,59,2007,2
2006,2,5,1.4,0,59,2007,3
2006,2,6,1.4,0,59,2007,4
2006,3,1,1.4,0,59,2006,4
2006,3,2,1.4,0,59,2007,1
2006,3,3,1.4,0,59,2007,2
2006,3,4,1.4,0,59,2007,3
2006,3,5,1.4,0,59,2007,4
2006,4,1,1.64705882352941,-0.0588235294117647,59,2007,1
2006,4,2,1.64705882352941,-0.0588235294117647,59,2007,2
2006,4,3,1.64705882352941,-0.0588235294117647,59,2007,3
2006,4,4,1.64705882352941,-0.0588235294117647,59,2007,4
2007,1,1,2,0,59,2007,2
2007,1,2,2,0,59,2007,3
2007,1,3,2,0,59,2007,4
2007,1,4,2,0,59,2008,1
2007,1,5,2,0,59,2008,2
2007,1,6,2,0,59,2008,3
2007,1,7,2,0,59,2008,4
2007,2,1,2.1,0,59,2007,3
2007,2,2,2.1,0,59,2007,4
2007,2,3,2.1,0,59,2008,1
2007,2,4,2.1,0,59,2008,2
2007,2,5,2.1,0,59,2008,3
2007,2,6,2.1,0,59,2008,4
2007,3,1,2.4,0,59,2007,4
2007,3,2,2.4,0,59,2008,1
2007,3,3,2.4,0,59,2008,2
2007,3,4,2.4,0,59,2008,3
2007,3,5,2.4,0,59,2008,4
2007,4,1,1.96470588235294,-0.0588235294117647,59,2008,1
2007,4,2,1.96470588235294,-0.0588235294117647,59,2008,2
2007,4,3,1.96470588235294,-0.0588235294117647,59,2008,3
2007,4,4,1.96470588235294,-0.0588235294117647,59,2008,4
2008,1,1,2,0,59,2008,2
2008,1,2,2,0,59,2008,3
2008,1,3,2,0,59,2008,4
2008,1,4,2,0,59,2009,1
2008,1,5,2,0,59,2009,2
2008,1,6,2,0,59,2009,3
2008,1,7,2,0,59,2009,4
2008,2,1,1.7,0,59,2008,3
2008,2,2,1.7,0,59,2008,4
2008,2,3,1.7,0,59,2009,1
2008,2,4,1.7,0,59,2009,2
2008,2,5,1.7,0,59,2009,3
2008,2,6,1.7,0,59,2009,4
2008,3,1,1.1,0,59,2008,4
2008,3,2,1.1,0,59,2009,1
2008,3,3,1.1,0,59,2009,2
2008,3,4,1.1,0,59,2009,3
2008,3,5,1.1,0,59,2009,4
2008,4,1,0.0470588235294118,-0.0588235294117647,59,2009,1
2008,4,2,0.0470588235294118,-0.0588235294117647,59,2009,2
2008,4,3,0.0470588235294118,-0.0588235294117647,59,2009,3
2008,4,4,0.0470588235294118,-0.0588235294117647,59,2009,4
2009,4,1,1.8,-0.0588235294117647,59,2010,1
2009,4,2,1.8,-0.0588235294117647,59,2010,2
2009,4,3,1.8,-0.0588235294117647,59,2010,3
2009,4,4,1.8,-0.0588235294117647,59,2010,4
2010,1,1,1.8,0,59,2010,2
2010,1,2,1.8,0,59,2010,3
2010,1,3,1.8,0,59,2010,4
2010,1,4,1.8,0,59,2011,1
2010,1,5,1.8,0,59,2011,2
2010,1,6,1.8,0,59,2011,3
2010,1,7,1.8,0,59,2011,4
2010,2,1,1.6,0,59,2010,3
2010,2,2,1.6,0,59,2010,4
2010,2,3,1.6,0,59,2011,1
2010,2,4,1.6,0,59,2011,2
2010,2,5,1.6,0,59,2011,3
2010,2,6,1.6,0,59,2011,4
2011,1,1,1.9,0,59,2011,2
2011,1,2,1.9,0,59,2011,3
2011,1,3,1.9,0,59,2011,4
2011,1,4,1.9,0,59,2012,1
2011,1,5,1.9,0,59,2012,2
2011,1,6,1.9,0,59,2012,3
2011,1,7,1.9,0,59,2012,4
2014,2,1,1.7,0,59,2014,3
2014,2,2,1.7,0,59,2014,4
2014,2,3,1.7,0,59,2015,1
2014,2,4,1.7,0,59,2015,2
2014,2,5,1.7,0,59,2015,3
2014,2,6,1.7,0,59,2015,4
2014,3,1,1.7,0,59,2014,4
2014,3,2,1.7,0,59,2015,1
2014,3,3,1.7,0,59,2015,2
2014,3,4,1.7,0,59,2015,3
2014,3,5,1.7,0,59,2015,4
2014,4,1,1.43529411764706,-0.0588235294117647,59,2015,1
2014,4,2,1.43529411764706,-0.0588235294117647,59,2015,2
2014,4,3,1.43529411764706,-0.0588235294117647,59,2015,3
2014,4,4,1.43529411764706,-0.0588235294117647,59,2015,4
2015,2,1,1.8,0,59,2015,3
2015,2,2,1.8,0,59,2015,4
2015,2,3,1.8,0,59,2016,1
2015,2,4,1.8,0,59,2016,2
2015,2,5,1.8,0,59,2016,3
2015,2,6,1.8,0,59,2016,4
2017,4,1,2.10588235294118,-0.0588235294117647,59,2018,1
2017,4,2,2.10588235294118,-0.0588235294117647,59,2018,2
2017,4,3,2.10588235294118,-0.0588235294117647,59,2018,3
2017,4,4,2.10588235294118,-0.0588235294117647,59,2018,4
2018,1,1,2,0,59,2018,2
2018,1,2,2,0,59,2018,3
2018,1,3,2,0,59,2018,4
2018,1,4,2,0,59,2019,1
2018,1,5,2,0,59,2019,2
2018,1,6,2,0,59,2019,3
2018,1,7,2,0,59,2019,4
2018,2,1,2.2,0,59,2018,3
2018,2,2,2.2,0,59,2018,4
2018,2,3,2.2,0,59,2019,1
2018,2,4,2.2,0,59,2019,2
2018,2,5,2.2,0,59,2019,3
2018,2,6,2.2,0,59,2019,4
2001,1,1,3.1,0,61,2001,2
2001,1,2,3.1,0,61,2001,3
2001,1,3,3.1,0,61,2001,4
2001,1,4,3.1,0,61,2002,1
2001,1,5,3.1,0,61,2002,2
2001,1,6,3.1,0,61,2002,3
2001,1,7,3.1,0,61,2002,4
2001,2,1,3,0,61,2001,3
2001,2,2,3,0,61,2001,4
2001,2,3,3,0,61,2002,1
2001,2,4,3,0,61,2002,2
2001,2,5,3,0,61,2002,3
2001,2,6,3,0,61,2002,4
2001,3,1,2.5,0,61,2001,4
2001,3,2,2.5,0,61,2002,1
2001,3,3,2.5,0,61,2002,2
2001,3,4,2.5,0,61,2002,3
2001,3,5,2.5,0,61,2002,4
2001,4,1,1.17647058823529,-0.0588235294117647,61,2002,1
2001,4,2,1.17647058823529,-0.0588235294117647,61,2002,2
2001,4,3,1.17647058823529,-0.0588235294117647,61,2002,3
2001,4,4,1.17647058823529,-0.0588235294117647,61,2002,4
2002,1,1,3,0,61,2002,2
2002,1,2,3,0,61,2002,3
2002,1,3,3,0,61,2002,4
2002,1,4,3,0,61,2003,1
2002,1,5,3,0,61,2003,2
2002,1,6,3,0,61,2003,3
2002,1,7,3,0,61,2003,4
2002,3,1,2.8,0,61,2002,4
2002,3,2,2.8,0,61,2003,1
2002,3,3,2.8,0,61,2003,2
2002,3,4,2.8,0,61,2003,3
2002,3,5,2.8,0,61,2003,4
2002,4,1,1.75882352941176,-0.0588235294117647,61,2003,1
2002,4,2,1.75882352941176,-0.0588235294117647,61,2003,2
2002,4,3,1.75882352941176,-0.0588235294117647,61,2003,3
2002,4,4,1.75882352941176,-0.0588235294117647,61,2003,4
2003,1,1,2.8,0,61,2003,2
2003,1,2,2.8,0,61,2003,3
2003,1,3,2.8,0,61,2003,4
2003,1,4,2.8,0,61,2004,1
2003,1,5,2.8,0,61,2004,2
2003,1,6,2.8,0,61,2004,3
2003,1,7,2.8,0,61,2004,4
2003,4,1,1.57058823529412,-0.0588235294117647,61,2004,1
2003,4,2,1.57058823529412,-0.0588235294117647,61,2004,2
2003,4,3,1.57058823529412,-0.0588235294117647,61,2004,3
2003,4,4,1.57058823529412,-0.0588235294117647,61,2004,4
2004,1,1,3,0,61,2004,2
2004,1,2,3,0,61,2004,3
2004,1,3,3,0,61,2004,4
2004,1,4,3,0,61,2005,1
2004,1,5,3,0,61,2005,2
2004,1,6,3,0,61,2005,3
2004,1,7,3,0,61,2005,4
2004,2,1,3,0,61,2004,3
2004,2,2,3,0,61,2004,4
2004,2,3,3,0,61,2005,1
2004,2,4,3,0,61,2005,2
2004,2,5,3,0,61,2005,3
2004,2,6,3,0,61,2005,4
2004,4,1,2.42941176470588,-0.0588235294117647,61,2005,1
2004,4,2,2.42941176470588,-0.0588235294117647,61,2005,2
2004,4,3,2.42941176470588,-0.0588235294117647,61,2005,3
2004,4,4,2.42941176470588,-0.0588235294117647,61,2005,4
2005,1,1,2.6,0,61,2005,2
2005,1,2,2.6,0,61,2005,3
2005,1,3,2.6,0,61,2005,4
2005,1,4,2.6,0,61,2006,1
2005,1,5,2.6,0,61,2006,2
2005,1,6,2.6,0,61,2006,3
2005,1,7,2.6,0,61,2006,4
2005,4,1,1.72352941176471,-0.0588235294117647,61,2006,1
2005,4,2,1.72352941176471,-0.0588235294117647,61,2006,2
2005,4,3,1.72352941176471,-0.0588235294117647,61,2006,3
2005,4,4,1.72352941176471,-0.0588235294117647,61,2006,4
2006,1,1,2.3,0,61,2006,2
2006,1,2,2.3,0,61,2006,3
2006,1,3,2.3,0,61,2006,4
2006,1,4,2.3,0,61,2007,1
2006,1,5,2.3,0,61,2007,2
2006,1,6,2.3,0,61,2007,3
2006,1,7,2.3,0,61,2007,4
2006,2,1,2.2,0,61,2006,3
2006,2,2,2.2,0,61,2006,4
2006,2,3,2.2,0,61,2007,1
2006,2,4,2.2,0,61,2007,2
2006,2,5,2.2,0,61,2007,3
2006,2,6,2.2,0,61,2007,4
2006,3,1,2.1,0,61,2006,4
2006,3,2,2.1,0,61,2007,1
2006,3,3,2.1,0,61,2007,2
2006,3,4,2.1,0,61,2007,3
2006,3,5,2.1,0,61,2007,4
2006,4,1,2.28235294117647,-0.0588235294117647,61,2007,1
2006,4,2,2.28235294117647,-0.0588235294117647,61,2007,2
2006,4,3,2.28235294117647,-0.0588235294117647,61,2007,3
2006,4,4,2.28235294117647,-0.0588235294117647,61,2007,4
2007,1,1,2,0,61,2007,2
2007,1,2,2,0,61,2007,3
2007,1,3,2,0,61,2007,4
2007,1,4,2,0,61,2008,1
2007,1,5,2,0,61,2008,2
2007,1,6,2,0,61,2008,3
2007,1,7,2,0,61,2008,4
2007,2,1,2,0,61,2007,3
2007,2,2,2,0,61,2007,4
2007,2,3,2,0,61,2008,1
2007,2,4,2,0,61,2008,2
2007,2,5,2,0,61,2008,3
2007,2,6,2,0,61,2008,4
2007,3,1,2.3,0,61,2007,4
2007,3,2,2.3,0,61,2008,1
2007,3,3,2.3,0,61,2008,2
2007,3,4,2.3,0,61,2008,3
2007,3,5,2.3,0,61,2008,4
2007,4,1,1.75294117647059,-0.0588235294117647,61,2008,1
2007,4,2,1.75294117647059,-0.0588235294117647,61,2008,2
2007,4,3,1.75294117647059,-0.0588235294117647,61,2008,3
2007,4,4,1.75294117647059,-0.0588235294117647,61,2008,4
2008,1,1,2,0,61,2008,2
2008,1,2,2,0,61,2008,3
2008,1,3,2,0,61,2008,4
2008,1,4,2,0,61,2009,1
2008,1,5,2,0,61,2009,2
2008,1,6,2,0,61,2009,3
2008,1,7,2,0,61,2009,4
2008,2,1,1.8,0,61,2008,3
2008,2,2,1.8,0,61,2008,4
2008,2,3,1.8,0,61,2009,1
2008,2,4,1.8,0,61,2009,2
2008,2,5,1.8,0,61,2009,3
2008,2,6,1.8,0,61,2009,4
2008,3,1,1.5,0,61,2008,4
2008,3,2,1.5,0,61,2009,1
2008,3,3,1.5,0,61,2009,2
2008,3,4,1.5,0,61,2009,3
2008,3,5,1.5,0,61,2009,4
2008,4,1,0.882352941176471,-0.0588235294117647,61,2009,1
2008,4,2,0.882352941176471,-0.0588235294117647,61,2009,2
2008,4,3,0.882352941176471,-0.0588235294117647,61,2009,3
2008,4,4,0.882352941176471,-0.0588235294117647,61,2009,4
2009,4,1,0.994117647058823,-0.0588235294117647,61,2010,1
2009,4,2,0.994117647058823,-0.0588235294117647,61,2010,2
2009,4,3,0.994117647058823,-0.0588235294117647,61,2010,3
2009,4,4,0.994117647058823,-0.0588235294117647,61,2010,4
2010,4,1,2.11764705882353,-0.0588235294117647,61,2011,1
2010,4,2,2.11764705882353,-0.0588235294117647,61,2011,2
2010,4,3,2.11764705882353,-0.0588235294117647,61,2011,3
2010,4,4,2.11764705882353,-0.0588235294117647,61,2011,4
2011,3,1,2.2,0,61,2011,4
2011,3,2,2.2,0,61,2012,1
2011,3,3,2.2,0,61,2012,2
2011,3,4,2.2,0,61,2012,3
2011,3,5,2.2,0,61,2012,4
2011,4,1,1.27058823529412,-0.0588235294117647,61,2012,1
2011,4,2,1.27058823529412,-0.0588235294117647,61,2012,2
2011,4,3,1.27058823529412,-0.0588235294117647,61,2012,3
2011,4,4,1.27058823529412,-0.0588235294117647,61,2012,4
2014,4,1,1.32941176470588,-0.0588235294117647,61,2015,1
2014,4,2,1.32941176470588,-0.0588235294117647,61,2015,2
2014,4,3,1.32941176470588,-0.0588235294117647,61,2015,3
2014,4,4,1.32941176470588,-0.0588235294117647,61,2015,4
2015,3,1,2,0,61,2015,4
2015,3,2,2,0,61,2016,1
2015,3,3,2,0,61,2016,2
2015,3,4,2,0,61,2016,3
2015,3,5,2,0,61,2016,4
2015,4,1,1.92352941176471,-0.0588235294117647,61,2016,1
2015,4,2,1.92352941176471,-0.0588235294117647,61,2016,2
2015,4,3,1.92352941176471,-0.0588235294117647,61,2016,3
2015,4,4,1.92352941176471,-0.0588235294117647,61,2016,4
2016,3,1,1.7,0,61,2016,4
2016,3,2,1.7,0,61,2017,1
2016,3,3,1.7,0,61,2017,2
2016,3,4,1.7,0,61,2017,3
2016,3,5,1.7,0,61,2017,4
2016,4,1,1.70588235294118,-0.0588235294117647,61,2017,1
2016,4,2,1.70588235294118,-0.0588235294117647,61,2017,2
2016,4,3,1.70588235294118,-0.0588235294117647,61,2017,3
2016,4,4,1.70588235294118,-0.0588235294117647,61,2017,4
2017,3,1,1.8,0,61,2017,4
2017,3,2,1.8,0,61,2018,1
2017,3,3,1.8,0,61,2018,2
2017,3,4,1.8,0,61,2018,3
2017,3,5,1.8,0,61,2018,4
2017,4,1,1.88235294117647,-0.0588235294117647,61,2018,1
2017,4,2,1.88235294117647,-0.0588235294117647,61,2018,2
2017,4,3,1.88235294117647,-0.0588235294117647,61,2018,3
2017,4,4,1.88235294117647,-0.0588235294117647,61,2018,4
2018,3,1,1.9,0,61,2018,4
2018,3,2,1.9,0,61,2019,1
2018,3,3,1.9,0,61,2019,2
2018,3,4,1.9,0,61,2019,3
2018,3,5,1.9,0,61,2019,4
2018,4,1,1.78823529411765,-0.0588235294117647,61,2019,1
2018,4,2,1.78823529411765,-0.0588235294117647,61,2019,2
2018,4,3,1.78823529411765,-0.0588235294117647,61,2019,3
2018,4,4,1.78823529411765,-0.0588235294117647,61,2019,4
2019,3,1,1.4,0,61,2019,4
2019,3,2,1.4,0,61,2020,1
2019,3,3,1.4,0,61,2020,2
2019,3,4,1.4,0,61,2020,3
2019,3,5,1.4,0,61,2020,4
2019,4,1,1.20588235294118,-0.0588235294117647,61,2020,1
2019,4,2,1.20588235294118,-0.0588235294117647,61,2020,2
2019,4,3,1.20588235294118,-0.0588235294117647,61,2020,3
2019,4,4,1.20588235294118,-0.0588235294117647,61,2020,4
2020,3,1,5.9,0,61,2020,4
2020,3,2,5.9,0,61,2021,1
2020,3,3,5.9,0,61,2021,2
2020,3,4,5.9,0,61,2021,3
2020,3,5,5.9,0,61,2021,4
2021,3,1,4,0,61,2021,4
2021,3,2,4,0,61,2022,1
2021,3,3,4,0,61,2022,2
2021,3,4,4,0,61,2022,3
2021,3,5,4,0,61,2022,4
2021,4,1,3.93529411764706,-0.0588235294117647,61,2022,1
2021,4,2,3.93529411764706,-0.0588235294117647,61,2022,2
2021,4,3,3.93529411764706,-0.0588235294117647,61,2022,3
2021,4,4,3.93529411764706,-0.0588235294117647,61,2022,4
2022,4,1,0.152941176470588,-0.0588235294117647,61,2023,1
2022,4,2,0.152941176470588,-0.0588235294117647,61,2023,2
2022,4,3,0.152941176470588,-0.0588235294117647,61,2023,3
2022,4,4,0.152941176470588,-0.0588235294117647,61,2023,4
2023,4,1,1.02941176470588,-0.0588235294117647,61,2024,1
2023,4,2,1.02941176470588,-0.0588235294117647,61,2024,2
2023,4,3,1.02941176470588,-0.0588235294117647,61,2024,3
2023,4,4,1.02941176470588,-0.0588235294117647,61,2024,4
2024,4,1,1.22941176470588,-0.0588235294117647,61,2025,1
2024,4,2,1.22941176470588,-0.0588235294117647,61,2025,2
2024,4,3,1.22941176470588,-0.0588235294117647,61,2025,3
2024,4,4,1.22941176470588,-0.0588235294117647,61,2025,4
2001,1,1,2.6,0,64,2001,2
2001,1,2,2.6,0,64,2001,3
2001,1,3,2.6,0,64,2001,4
2001,1,4,2.6,0,64,2002,1
2001,1,5,2.6,0,64,2002,2
2001,1,6,2.6,0,64,2002,3
2001,1,7,2.6,0,64,2002,4
2001,4,1,1.50588235294118,-0.0588235294117647,64,2002,1
2001,4,2,1.50588235294118,-0.0588235294117647,64,2002,2
2001,4,3,1.50588235294118,-0.0588235294117647,64,2002,3
2001,4,4,1.50588235294118,-0.0588235294117647,64,2002,4
2002,1,1,2.5,0,64,2002,2
2002,1,2,2.5,0,64,2002,3
2002,1,3,2.5,0,64,2002,4
2002,1,4,2.5,0,64,2003,1
2002,1,5,2.5,0,64,2003,2
2002,1,6,2.5,0,64,2003,3
2002,1,7,2.5,0,64,2003,4
2002,2,1,3.2,0,64,2002,3
2002,2,2,3.2,0,64,2002,4
2002,2,3,3.2,0,64,2003,1
2002,2,4,3.2,0,64,2003,2
2002,2,5,3.2,0,64,2003,3
2002,2,6,3.2,0,64,2003,4
2002,4,1,2.07058823529412,-0.0588235294117647,64,2003,1
2002,4,2,2.07058823529412,-0.0588235294117647,64,2003,2
2002,4,3,2.07058823529412,-0.0588235294117647,64,2003,3
2002,4,4,2.07058823529412,-0.0588235294117647,64,2003,4
2001,1,1,3,0,67,2001,2
2001,1,2,3,0,67,2001,3
2001,1,3,3,0,67,2001,4
2001,1,4,3,0,67,2002,1
2001,1,5,3,0,67,2002,2
2001,1,6,3,0,67,2002,3
2001,1,7,3,0,67,2002,4
2002,2,1,2.5,0,67,2002,3
2002,2,2,2.5,0,67,2002,4
2002,2,3,2.5,0,67,2003,1
2002,2,4,2.5,0,67,2003,2
2002,2,5,2.5,0,67,2003,3
2002,2,6,2.5,0,67,2003,4
2002,4,1,2.05294117647059,-0.0588235294117647,67,2003,1
2002,4,2,2.05294117647059,-0.0588235294117647,67,2003,2
2002,4,3,2.05294117647059,-0.0588235294117647,67,2003,3
2002,4,4,2.05294117647059,-0.0588235294117647,67,2003,4
2003,1,1,2,0,67,2003,2
2003,1,2,2,0,67,2003,3
2003,1,3,2,0,67,2003,4
2003,1,4,2,0,67,2004,1
2003,1,5,2,0,67,2004,2
2003,1,6,2,0,67,2004,3
2003,1,7,2,0,67,2004,4
2003,2,1,2,0,67,2003,3
2003,2,2,2,0,67,2003,4
2003,2,3,2,0,67,2004,1
2003,2,4,2,0,67,2004,2
2003,2,5,2,0,67,2004,3
2003,2,6,2,0,67,2004,4
2003,4,1,1.66470588235294,-0.0588235294117647,67,2004,1
2003,4,2,1.66470588235294,-0.0588235294117647,67,2004,2
2003,4,3,1.66470588235294,-0.0588235294117647,67,2004,3
2003,4,4,1.66470588235294,-0.0588235294117647,67,2004,4
2004,1,1,1.6,0,67,2004,2
2004,1,2,1.6,0,67,2004,3
2004,1,3,1.6,0,67,2004,4
2004,1,4,1.6,0,67,2005,1
2004,1,5,1.6,0,67,2005,2
2004,1,6,1.6,0,67,2005,3
2004,1,7,1.6,0,67,2005,4
2004,2,1,1.9,0,67,2004,3
2004,2,2,1.9,0,67,2004,4
2004,2,3,1.9,0,67,2005,1
2004,2,4,1.9,0,67,2005,2
2004,2,5,1.9,0,67,2005,3
2004,2,6,1.9,0,67,2005,4
2004,4,1,2.11176470588235,-0.0588235294117647,67,2005,1
2004,4,2,2.11176470588235,-0.0588235294117647,67,2005,2
2004,4,3,2.11176470588235,-0.0588235294117647,67,2005,3
2004,4,4,2.11176470588235,-0.0588235294117647,67,2005,4
2005,1,1,1.8,0,67,2005,2
2005,1,2,1.8,0,67,2005,3
2005,1,3,1.8,0,67,2005,4
2005,1,4,1.8,0,67,2006,1
2005,1,5,1.8,0,67,2006,2
2005,1,6,1.8,0,67,2006,3
2005,1,7,1.8,0,67,2006,4
2005,2,1,1.8,0,67,2005,3
2005,2,2,1.8,0,67,2005,4
2005,2,3,1.8,0,67,2006,1
2005,2,4,1.8,0,67,2006,2
2005,2,5,1.8,0,67,2006,3
2005,2,6,1.8,0,67,2006,4
2005,4,1,1.82352941176471,-0.0588235294117647,67,2006,1
2005,4,2,1.82352941176471,-0.0588235294117647,67,2006,2
2005,4,3,1.82352941176471,-0.0588235294117647,67,2006,3
2005,4,4,1.82352941176471,-0.0588235294117647,67,2006,4
2006,1,1,2.3,0,67,2006,2
2006,1,2,2.3,0,67,2006,3
2006,1,3,2.3,0,67,2006,4
2006,1,4,2.3,0,67,2007,1
2006,1,5,2.3,0,67,2007,2
2006,1,6,2.3,0,67,2007,3
2006,1,7,2.3,0,67,2007,4
2006,2,1,2.5,0,67,2006,3
2006,2,2,2.5,0,67,2006,4
2006,2,3,2.5,0,67,2007,1
2006,2,4,2.5,0,67,2007,2
2006,2,5,2.5,0,67,2007,3
2006,2,6,2.5,0,67,2007,4
2006,4,1,1.76470588235294,-0.0588235294117647,67,2007,1
2006,4,2,1.76470588235294,-0.0588235294117647,67,2007,2
2006,4,3,1.76470588235294,-0.0588235294117647,67,2007,3
2006,4,4,1.76470588235294,-0.0588235294117647,67,2007,4
2007,1,1,2,0,67,2007,2
2007,1,2,2,0,67,2007,3
2007,1,3,2,0,67,2007,4
2007,1,4,2,0,67,2008,1
2007,1,5,2,0,67,2008,2
2007,1,6,2,0,67,2008,3
2007,1,7,2,0,67,2008,4
2007,2,1,2.6,0,67,2007,3
2007,2,2,2.6,0,67,2007,4
2007,2,3,2.6,0,67,2008,1
2007,2,4,2.6,0,67,2008,2
2007,2,5,2.6,0,67,2008,3
2007,2,6,2.6,0,67,2008,4
2007,4,1,2.58823529411765,-0.0588235294117647,67,2008,1
2007,4,2,2.58823529411765,-0.0588235294117647,67,2008,2
2007,4,3,2.58823529411765,-0.0588235294117647,67,2008,3
2007,4,4,2.58823529411765,-0.0588235294117647,67,2008,4
2008,1,1,2.7,0,67,2008,2
2008,1,2,2.7,0,67,2008,3
2008,1,3,2.7,0,67,2008,4
2008,1,4,2.7,0,67,2009,1
2008,1,5,2.7,0,67,2009,2
2008,1,6,2.7,0,67,2009,3
2008,1,7,2.7,0,67,2009,4
2008,2,1,2.7,0,67,2008,3
2008,2,2,2.7,0,67,2008,4
2008,2,3,2.7,0,67,2009,1
2008,2,4,2.7,0,67,2009,2
2008,2,5,2.7,0,67,2009,3
2008,2,6,2.7,0,67,2009,4
2008,4,1,0.452941176470588,-0.0588235294117647,67,2009,1
2008,4,2,0.452941176470588,-0.0588235294117647,67,2009,2
2008,4,3,0.452941176470588,-0.0588235294117647,67,2009,3
2008,4,4,0.452941176470588,-0.0588235294117647,67,2009,4
2009,1,1,0.5,0,67,2009,2
2009,1,2,0.5,0,67,2009,3
2009,1,3,0.5,0,67,2009,4
2009,1,4,0.5,0,67,2010,1
2009,1,5,0.5,0,67,2010,2
2009,1,6,0.5,0,67,2010,3
2009,1,7,0.5,0,67,2010,4
2010,1,1,2.3,0,67,2010,2
2010,1,2,2.3,0,67,2010,3
2010,1,3,2.3,0,67,2010,4
2010,1,4,2.3,0,67,2011,1
2010,1,5,2.3,0,67,2011,2
2010,1,6,2.3,0,67,2011,3
2010,1,7,2.3,0,67,2011,4
2010,2,1,1.5,0,67,2010,3
2010,2,2,1.5,0,67,2010,4
2010,2,3,1.5,0,67,2011,1
2010,2,4,1.5,0,67,2011,2
2010,2,5,1.5,0,67,2011,3
2010,2,6,1.5,0,67,2011,4
2010,4,1,1.48823529411765,-0.0588235294117647,67,2011,1
2010,4,2,1.48823529411765,-0.0588235294117647,67,2011,2
2010,4,3,1.48823529411765,-0.0588235294117647,67,2011,3
2010,4,4,1.48823529411765,-0.0588235294117647,67,2011,4
2011,1,1,1.5,0,67,2011,2
2011,1,2,1.5,0,67,2011,3
2011,1,3,1.5,0,67,2011,4
2011,1,4,1.5,0,67,2012,1
2011,1,5,1.5,0,67,2012,2
2011,1,6,1.5,0,67,2012,3
2011,1,7,1.5,0,67,2012,4
2011,2,1,1.7,0,67,2011,3
2011,2,2,1.7,0,67,2011,4
2011,2,3,1.7,0,67,2012,1
2011,2,4,1.7,0,67,2012,2
2011,2,5,1.7,0,67,2012,3
2011,2,6,1.7,0,67,2012,4
2012,1,1,0.5,0,67,2012,2
2012,1,2,0.5,0,67,2012,3
2012,1,3,0.5,0,67,2012,4
2012,1,4,0.5,0,67,2013,1
2012,1,5,0.5,0,67,2013,2
2012,1,6,0.5,0,67,2013,3
2012,1,7,0.5,0,67,2013,4
2012,2,1,0.9,0,67,2012,3
2012,2,2,0.9,0,67,2012,4
2012,2,3,0.9,0,67,2013,1
2012,2,4,0.9,0,67,2013,2
2012,2,5,0.9,0,67,2013,3
2012,2,6,0.9,0,67,2013,4
2012,4,1,0.458823529411765,-0.0588235294117647,67,2013,1
2012,4,2,0.458823529411765,-0.0588235294117647,67,2013,2
2012,4,3,0.458823529411765,-0.0588235294117647,67,2013,3
2012,4,4,0.458823529411765,-0.0588235294117647,67,2013,4
2013,1,1,1.1,0,67,2013,2
2013,1,2,1.1,0,67,2013,3
2013,1,3,1.1,0,67,2013,4
2013,1,4,1.1,0,67,2014,1
2013,1,5,1.1,0,67,2014,2
2013,1,6,1.1,0,67,2014,3
2013,1,7,1.1,0,67,2014,4
2013,2,1,0.5,0,67,2013,3
2013,2,2,0.5,0,67,2013,4
2013,2,3,0.5,0,67,2014,1
2013,2,4,0.5,0,67,2014,2
2013,2,5,0.5,0,67,2014,3
2013,2,6,0.5,0,67,2014,4
2013,4,1,0.970588235294118,-0.0588235294117647,67,2014,1
2013,4,2,0.970588235294118,-0.0588235294117647,67,2014,2
2013,4,3,0.970588235294118,-0.0588235294117647,67,2014,3
2013,4,4,0.970588235294118,-0.0588235294117647,67,2014,4
2014,1,1,1.5,0,67,2014,2
2014,1,2,1.5,0,67,2014,3
2014,1,3,1.5,0,67,2014,4
2014,1,4,1.5,0,67,2015,1
2014,1,5,1.5,0,67,2015,2
2014,1,6,1.5,0,67,2015,3
2014,1,7,1.5,0,67,2015,4
2014,4,1,1.22352941176471,-0.0588235294117647,67,2015,1
2014,4,2,1.22352941176471,-0.0588235294117647,67,2015,2
2014,4,3,1.22352941176471,-0.0588235294117647,67,2015,3
2014,4,4,1.22352941176471,-0.0588235294117647,67,2015,4
2015,3,1,1.8,0,67,2015,4
2015,3,2,1.8,0,67,2016,1
2015,3,3,1.8,0,67,2016,2
2015,3,4,1.8,0,67,2016,3
2015,3,5,1.8,0,67,2016,4
2016,3,1,1.6,0,67,2016,4
2016,3,2,1.6,0,67,2017,1
2016,3,3,1.6,0,67,2017,2
2016,3,4,1.6,0,67,2017,3
2016,3,5,1.6,0,67,2017,4
2016,4,1,1.59411764705882,-0.0588235294117647,67,2017,1
2016,4,2,1.59411764705882,-0.0588235294117647,67,2017,2
2016,4,3,1.59411764705882,-0.0588235294117647,67,2017,3
2016,4,4,1.59411764705882,-0.0588235294117647,67,2017,4
2017,2,1,1.7,0,67,2017,3
2017,2,2,1.7,0,67,2017,4
2017,2,3,1.7,0,67,2018,1
2017,2,4,1.7,0,67,2018,2
2017,2,5,1.7,0,67,2018,3
2017,2,6,1.7,0,67,2018,4
2017,4,1,1.88823529411765,-0.0588235294117647,67,2018,1
2017,4,2,1.88823529411765,-0.0588235294117647,67,2018,2
2017,4,3,1.88823529411765,-0.0588235294117647,67,2018,3
2017,4,4,1.88823529411765,-0.0588235294117647,67,2018,4
2018,1,1,1.9,0,67,2018,2
2018,1,2,1.9,0,67,2018,3
2018,1,3,1.9,0,67,2018,4
2018,1,4,1.9,0,67,2019,1
2018,1,5,1.9,0,67,2019,2
2018,1,6,1.9,0,67,2019,3
2018,1,7,1.9,0,67,2019,4
2018,2,1,2.1,0,67,2018,3
2018,2,2,2.1,0,67,2018,4
2018,2,3,2.1,0,67,2019,1
2018,2,4,2.1,0,67,2019,2
2018,2,5,2.1,0,67,2019,3
2018,2,6,2.1,0,67,2019,4
2018,3,1,2.1,0,67,2018,4
2018,3,2,2.1,0,67,2019,1
2018,3,3,2.1,0,67,2019,2
2018,3,4,2.1,0,67,2019,3
2018,3,5,2.1,0,67,2019,4
2018,4,1,2.09411764705882,-0.0588235294117647,67,2019,1
2018,4,2,2.09411764705882,-0.0588235294117647,67,2019,2
2018,4,3,2.09411764705882,-0.0588235294117647,67,2019,3
2018,4,4,2.09411764705882,-0.0588235294117647,67,2019,4
2019,1,1,1.4,0,67,2019,2
2019,1,2,1.4,0,67,2019,3
2019,1,3,1.4,0,67,2019,4
2019,1,4,1.4,0,67,2020,1
2019,1,5,1.4,0,67,2020,2
2019,1,6,1.4,0,67,2020,3
2019,1,7,1.4,0,67,2020,4
2019,2,1,1.4,0,67,2019,3
2019,2,2,1.4,0,67,2019,4
2019,2,3,1.4,0,67,2020,1
2019,2,4,1.4,0,67,2020,2
2019,2,5,1.4,0,67,2020,3
2019,2,6,1.4,0,67,2020,4
2019,4,1,1.31176470588235,-0.0588235294117647,67,2020,1
2019,4,2,1.31176470588235,-0.0588235294117647,67,2020,2
2019,4,3,1.31176470588235,-0.0588235294117647,67,2020,3
2019,4,4,1.31176470588235,-0.0588235294117647,67,2020,4
2020,1,1,1.3,0,67,2020,2
2020,1,2,1.3,0,67,2020,3
2020,1,3,1.3,0,67,2020,4
2020,1,4,1.3,0,67,2021,1
2020,1,5,1.3,0,67,2021,2
2020,1,6,1.3,0,67,2021,3
2020,1,7,1.3,0,67,2021,4
2001,1,1,2.6,0,68,2001,2
2001,1,2,2.6,0,68,2001,3
2001,1,3,2.6,0,68,2001,4
2001,1,4,2.6,0,68,2002,1
2001,1,5,2.6,0,68,2002,2
2001,1,6,2.6,0,68,2002,3
2001,1,7,2.6,0,68,2002,4
2001,3,1,2.5,0,68,2001,4
2001,3,2,2.5,0,68,2002,1
2001,3,3,2.5,0,68,2002,2
2001,3,4,2.5,0,68,2002,3
2001,3,5,2.5,0,68,2002,4
2001,4,1,1.6,-0.0588235294117647,68,2002,1
2001,4,2,1.6,-0.0588235294117647,68,2002,2
2001,4,3,1.6,-0.0588235294117647,68,2002,3
2001,4,4,1.6,-0.0588235294117647,68,2002,4
2002,1,1,2.8,0,68,2002,2
2002,1,2,2.8,0,68,2002,3
2002,1,3,2.8,0,68,2002,4
2002,1,4,2.8,0,68,2003,1
2002,1,5,2.8,0,68,2003,2
2002,1,6,2.8,0,68,2003,3
2002,1,7,2.8,0,68,2003,4
2002,2,1,2.8,0,68,2002,3
2002,2,2,2.8,0,68,2002,4
2002,2,3,2.8,0,68,2003,1
2002,2,4,2.8,0,68,2003,2
2002,2,5,2.8,0,68,2003,3
2002,2,6,2.8,0,68,2003,4
2002,4,1,2.48823529411765,-0.0588235294117647,68,2003,1
2002,4,2,2.48823529411765,-0.0588235294117647,68,2003,2
2002,4,3,2.48823529411765,-0.0588235294117647,68,2003,3
2002,4,4,2.48823529411765,-0.0588235294117647,68,2003,4
2003,1,1,2.5,0,68,2003,2
2003,1,2,2.5,0,68,2003,3
2003,1,3,2.5,0,68,2003,4
2003,1,4,2.5,0,68,2004,1
2003,1,5,2.5,0,68,2004,2
2003,1,6,2.5,0,68,2004,3
2003,1,7,2.5,0,68,2004,4
2003,2,1,2.5,0,68,2003,3
2003,2,2,2.5,0,68,2003,4
2003,2,3,2.5,0,68,2004,1
2003,2,4,2.5,0,68,2004,2
2003,2,5,2.5,0,68,2004,3
2003,2,6,2.5,0,68,2004,4
2003,4,1,2.08235294117647,-0.0588235294117647,68,2004,1
2003,4,2,2.08235294117647,-0.0588235294117647,68,2004,2
2003,4,3,2.08235294117647,-0.0588235294117647,68,2004,3
2003,4,4,2.08235294117647,-0.0588235294117647,68,2004,4
2004,1,1,2.6,0,68,2004,2
2004,1,2,2.6,0,68,2004,3
2004,1,3,2.6,0,68,2004,4
2004,1,4,2.6,0,68,2005,1
2004,1,5,2.6,0,68,2005,2
2004,1,6,2.6,0,68,2005,3
2004,1,7,2.6,0,68,2005,4
2004,2,1,2.5,0,68,2004,3
2004,2,2,2.5,0,68,2004,4
2004,2,3,2.5,0,68,2005,1
2004,2,4,2.5,0,68,2005,2
2004,2,5,2.5,0,68,2005,3
2004,2,6,2.5,0,68,2005,4
2004,4,1,2.31176470588235,-0.0588235294117647,68,2005,1
2004,4,2,2.31176470588235,-0.0588235294117647,68,2005,2
2004,4,3,2.31176470588235,-0.0588235294117647,68,2005,3
2004,4,4,2.31176470588235,-0.0588235294117647,68,2005,4
2005,1,1,2.5,0,68,2005,2
2005,1,2,2.5,0,68,2005,3
2005,1,3,2.5,0,68,2005,4
2005,1,4,2.5,0,68,2006,1
2005,1,5,2.5,0,68,2006,2
2005,1,6,2.5,0,68,2006,3
2005,1,7,2.5,0,68,2006,4
2005,2,1,2.3,0,68,2005,3
2005,2,2,2.3,0,68,2005,4
2005,2,3,2.3,0,68,2006,1
2005,2,4,2.3,0,68,2006,2
2005,2,5,2.3,0,68,2006,3
2005,2,6,2.3,0,68,2006,4
2005,4,1,1.93529411764706,-0.0588235294117647,68,2006,1
2005,4,2,1.93529411764706,-0.0588235294117647,68,2006,2
2005,4,3,1.93529411764706,-0.0588235294117647,68,2006,3
2005,4,4,1.93529411764706,-0.0588235294117647,68,2006,4
2006,1,1,2.2,0,68,2006,2
2006,1,2,2.2,0,68,2006,3
2006,1,3,2.2,0,68,2006,4
2006,1,4,2.2,0,68,2007,1
2006,1,5,2.2,0,68,2007,2
2006,1,6,2.2,0,68,2007,3
2006,1,7,2.2,0,68,2007,4
2006,2,1,2.1,0,68,2006,3
2006,2,2,2.1,0,68,2006,4
2006,2,3,2.1,0,68,2007,1
2006,2,4,2.1,0,68,2007,2
2006,2,5,2.1,0,68,2007,3
2006,2,6,2.1,0,68,2007,4
2006,4,1,2.07058823529412,-0.0588235294117647,68,2007,1
2006,4,2,2.07058823529412,-0.0588235294117647,68,2007,2
2006,4,3,2.07058823529412,-0.0588235294117647,68,2007,3
2006,4,4,2.07058823529412,-0.0588235294117647,68,2007,4
2007,1,1,2.2,0,68,2007,2
2007,1,2,2.2,0,68,2007,3
2007,1,3,2.2,0,68,2007,4
2007,1,4,2.2,0,68,2008,1
2007,1,5,2.2,0,68,2008,2
2007,1,6,2.2,0,68,2008,3
2007,1,7,2.2,0,68,2008,4
2007,2,1,2.2,0,68,2007,3
2007,2,2,2.2,0,68,2007,4
2007,2,3,2.2,0,68,2008,1
2007,2,4,2.2,0,68,2008,2
2007,2,5,2.2,0,68,2008,3
2007,2,6,2.2,0,68,2008,4
2007,4,1,2.28235294117647,-0.0588235294117647,68,2008,1
2007,4,2,2.28235294117647,-0.0588235294117647,68,2008,2
2007,4,3,2.28235294117647,-0.0588235294117647,68,2008,3
2007,4,4,2.28235294117647,-0.0588235294117647,68,2008,4
2008,4,1,1.07647058823529,-0.0588235294117647,68,2009,1
2008,4,2,1.07647058823529,-0.0588235294117647,68,2009,2
2008,4,3,1.07647058823529,-0.0588235294117647,68,2009,3
2008,4,4,1.07647058823529,-0.0588235294117647,68,2009,4
2009,1,1,1,0,68,2009,2
2009,1,2,1,0,68,2009,3
2009,1,3,1,0,68,2009,4
2009,1,4,1,0,68,2010,1
2009,1,5,1,0,68,2010,2
2009,1,6,1,0,68,2010,3
2009,1,7,1,0,68,2010,4
2009,4,1,0.776470588235294,-0.0588235294117647,68,2010,1
2009,4,2,0.776470588235294,-0.0588235294117647,68,2010,2
2009,4,3,0.776470588235294,-0.0588235294117647,68,2010,3
2009,4,4,0.776470588235294,-0.0588235294117647,68,2010,4
2010,1,1,1.9,0,68,2010,2
2010,1,2,1.9,0,68,2010,3
2010,1,3,1.9,0,68,2010,4
2010,1,4,1.9,0,68,2011,1
2010,1,5,1.9,0,68,2011,2
2010,1,6,1.9,0,68,2011,3
2010,1,7,1.9,0,68,2011,4
2010,2,1,1.8,0,68,2010,3
2010,2,2,1.8,0,68,2010,4
2010,2,3,1.8,0,68,2011,1
2010,2,4,1.8,0,68,2011,2
2010,2,5,1.8,0,68,2011,3
2010,2,6,1.8,0,68,2011,4
2010,4,1,1.61176470588235,-0.0588235294117647,68,2011,1
2010,4,2,1.61176470588235,-0.0588235294117647,68,2011,2
2010,4,3,1.61176470588235,-0.0588235294117647,68,2011,3
2010,4,4,1.61176470588235,-0.0588235294117647,68,2011,4
2011,1,1,1.7,0,68,2011,2
2011,1,2,1.7,0,68,2011,3
2011,1,3,1.7,0,68,2011,4
2011,1,4,1.7,0,68,2012,1
2011,1,5,1.7,0,68,2012,2
2011,1,6,1.7,0,68,2012,3
2011,1,7,1.7,0,68,2012,4
2011,2,1,1.7,0,68,2011,3
2011,2,2,1.7,0,68,2011,4
2011,2,3,1.7,0,68,2012,1
2011,2,4,1.7,0,68,2012,2
2011,2,5,1.7,0,68,2012,3
2011,2,6,1.7,0,68,2012,4
2011,4,1,1.17058823529412,-0.0588235294117647,68,2012,1
2011,4,2,1.17058823529412,-0.0588235294117647,68,2012,2
2011,4,3,1.17058823529412,-0.0588235294117647,68,2012,3
2011,4,4,1.17058823529412,-0.0588235294117647,68,2012,4
2012,1,1,1.3,0,68,2012,2
2012,1,2,1.3,0,68,2012,3
2012,1,3,1.3,0,68,2012,4
2012,1,4,1.3,0,68,2013,1
2012,1,5,1.3,0,68,2013,2
2012,1,6,1.3,0,68,2013,3
2012,1,7,1.3,0,68,2013,4
2012,2,1,1,0,68,2012,3
2012,2,2,1,0,68,2012,4
2012,2,3,1,0,68,2013,1
2012,2,4,1,0,68,2013,2
2012,2,5,1,0,68,2013,3
2012,2,6,1,0,68,2013,4
2012,4,1,0.558823529411765,-0.0588235294117647,68,2013,1
2012,4,2,0.558823529411765,-0.0588235294117647,68,2013,2
2012,4,3,0.558823529411765,-0.0588235294117647,68,2013,3
2012,4,4,0.558823529411765,-0.0588235294117647,68,2013,4
2013,1,1,1.4,0,68,2013,2
2013,1,2,1.4,0,68,2013,3
2013,1,3,1.4,0,68,2013,4
2013,1,4,1.4,0,68,2014,1
2013,1,5,1.4,0,68,2014,2
2013,1,6,1.4,0,68,2014,3
2013,1,7,1.4,0,68,2014,4
2013,2,1,1.2,0,68,2013,3
2013,2,2,1.2,0,68,2013,4
2013,2,3,1.2,0,68,2014,1
2013,2,4,1.2,0,68,2014,2
2013,2,5,1.2,0,68,2014,3
2013,2,6,1.2,0,68,2014,4
2013,3,1,1.2,0,68,2013,4
2013,3,2,1.2,0,68,2014,1
2013,3,3,1.2,0,68,2014,2
2013,3,4,1.2,0,68,2014,3
2013,3,5,1.2,0,68,2014,4
2013,4,1,1.19411764705882,-0.0588235294117647,68,2014,1
2013,4,2,1.19411764705882,-0.0588235294117647,68,2014,2
2013,4,3,1.19411764705882,-0.0588235294117647,68,2014,3
2013,4,4,1.19411764705882,-0.0588235294117647,68,2014,4
2014,1,1,1.7,0,68,2014,2
2014,1,2,1.7,0,68,2014,3
2014,1,3,1.7,0,68,2014,4
2014,1,4,1.7,0,68,2015,1
2014,1,5,1.7,0,68,2015,2
2014,1,6,1.7,0,68,2015,3
2014,1,7,1.7,0,68,2015,4
2014,2,1,1.7,0,68,2014,3
2014,2,2,1.7,0,68,2014,4
2014,2,3,1.7,0,68,2015,1
2014,2,4,1.7,0,68,2015,2
2014,2,5,1.7,0,68,2015,3
2014,2,6,1.7,0,68,2015,4
2014,3,1,1.6,0,68,2014,4
2014,3,2,1.6,0,68,2015,1
2014,3,3,1.6,0,68,2015,2
2014,3,4,1.6,0,68,2015,3
2014,3,5,1.6,0,68,2015,4
2014,4,1,1.32941176470588,-0.0588235294117647,68,2015,1
2014,4,2,1.32941176470588,-0.0588235294117647,68,2015,2
2014,4,3,1.32941176470588,-0.0588235294117647,68,2015,3
2014,4,4,1.32941176470588,-0.0588235294117647,68,2015,4
2015,1,1,1.6,0,68,2015,2
2015,1,2,1.6,0,68,2015,3
2015,1,3,1.6,0,68,2015,4
2015,1,4,1.6,0,68,2016,1
2015,1,5,1.6,0,68,2016,2
2015,1,6,1.6,0,68,2016,3
2015,1,7,1.6,0,68,2016,4
2015,2,1,1.8,0,68,2015,3
2015,2,2,1.8,0,68,2015,4
2015,2,3,1.8,0,68,2016,1
2015,2,4,1.8,0,68,2016,2
2015,2,5,1.8,0,68,2016,3
2015,2,6,1.8,0,68,2016,4
2015,4,1,1.81764705882353,-0.0588235294117647,68,2016,1
2015,4,2,1.81764705882353,-0.0588235294117647,68,2016,2
2015,4,3,1.81764705882353,-0.0588235294117647,68,2016,3
2015,4,4,1.81764705882353,-0.0588235294117647,68,2016,4
2016,1,1,2,0,68,2016,2
2016,1,2,2,0,68,2016,3
2016,1,3,2,0,68,2016,4
2016,1,4,2,0,68,2017,1
2016,1,5,2,0,68,2017,2
2016,1,6,2,0,68,2017,3
2016,1,7,2,0,68,2017,4
2016,2,1,1.8,0,68,2016,3
2016,2,2,1.8,0,68,2016,4
2016,2,3,1.8,0,68,2017,1
2016,2,4,1.8,0,68,2017,2
2016,2,5,1.8,0,68,2017,3
2016,2,6,1.8,0,68,2017,4
2016,3,1,1.8,0,68,2016,4
2016,3,2,1.8,0,68,2017,1
2016,3,3,1.8,0,68,2017,2
2016,3,4,1.8,0,68,2017,3
2016,3,5,1.8,0,68,2017,4
2016,4,1,1.49411764705882,-0.0588235294117647,68,2017,1
2016,4,2,1.49411764705882,-0.0588235294117647,68,2017,2
2016,4,3,1.49411764705882,-0.0588235294117647,68,2017,3
2016,4,4,1.49411764705882,-0.0588235294117647,68,2017,4
2017,1,1,1.6,0,68,2017,2
2017,1,2,1.6,0,68,2017,3
2017,1,3,1.6,0,68,2017,4
2017,1,4,1.6,0,68,2018,1
2017,1,5,1.6,0,68,2018,2
2017,1,6,1.6,0,68,2018,3
2017,1,7,1.6,0,68,2018,4
2017,4,1,1.78235294117647,-0.0588235294117647,68,2018,1
2017,4,2,1.78235294117647,-0.0588235294117647,68,2018,2
2017,4,3,1.78235294117647,-0.0588235294117647,68,2018,3
2017,4,4,1.78235294117647,-0.0588235294117647,68,2018,4
2018,1,1,1.8,0,68,2018,2
2018,1,2,1.8,0,68,2018,3
2018,1,3,1.8,0,68,2018,4
2018,1,4,1.8,0,68,2019,1
2018,1,5,1.8,0,68,2019,2
2018,1,6,1.8,0,68,2019,3
2018,1,7,1.8,0,68,2019,4
2018,2,1,2,0,68,2018,3
2018,2,2,2,0,68,2018,4
2018,2,3,2,0,68,2019,1
2018,2,4,2,0,68,2019,2
2018,2,5,2,0,68,2019,3
2018,2,6,2,0,68,2019,4
2018,3,1,2,0,68,2018,4
2018,3,2,2,0,68,2019,1
2018,3,3,2,0,68,2019,2
2018,3,4,2,0,68,2019,3
2018,3,5,2,0,68,2019,4
2018,4,1,1.88823529411765,-0.0588235294117647,68,2019,1
2018,4,2,1.88823529411765,-0.0588235294117647,68,2019,2
2018,4,3,1.88823529411765,-0.0588235294117647,68,2019,3
2018,4,4,1.88823529411765,-0.0588235294117647,68,2019,4
2019,1,1,1.6,0,68,2019,2
2019,1,2,1.6,0,68,2019,3
2019,1,3,1.6,0,68,2019,4
2019,1,4,1.6,0,68,2020,1
2019,1,5,1.6,0,68,2020,2
2019,1,6,1.6,0,68,2020,3
2019,1,7,1.6,0,68,2020,4
2019,2,1,1.4,0,68,2019,3
2019,2,2,1.4,0,68,2019,4
2019,2,3,1.4,0,68,2020,1
2019,2,4,1.4,0,68,2020,2
2019,2,5,1.4,0,68,2020,3
2019,2,6,1.4,0,68,2020,4
2019,3,1,1.35,0,68,2019,4
2019,3,2,1.35,0,68,2020,1
2019,3,3,1.35,0,68,2020,2
2019,3,4,1.35,0,68,2020,3
2019,3,5,1.35,0,68,2020,4
2020,1,1,1.3,0,68,2020,2
2020,1,2,1.3,0,68,2020,3
2020,1,3,1.3,0,68,2020,4
2020,1,4,1.3,0,68,2021,1
2020,1,5,1.3,0,68,2021,2
2020,1,6,1.3,0,68,2021,3
2020,1,7,1.3,0,68,2021,4
2020,2,1,3.8,0,68,2020,3
2020,2,2,3.8,0,68,2020,4
2020,2,3,3.8,0,68,2021,1
2020,2,4,3.8,0,68,2021,2
2020,2,5,3.8,0,68,2021,3
2020,2,6,3.8,0,68,2021,4
2020,3,1,5.7,0,68,2020,4
2020,3,2,5.7,0,68,2021,1
2020,3,3,5.7,0,68,2021,2
2020,3,4,5.7,0,68,2021,3
2020,3,5,5.7,0,68,2021,4
2020,4,1,5.97058823529412,-0.0588235294117647,68,2021,1
2020,4,2,5.97058823529412,-0.0588235294117647,68,2021,2
2020,4,3,5.97058823529412,-0.0588235294117647,68,2021,3
2020,4,4,5.97058823529412,-0.0588235294117647,68,2021,4
2021,1,1,4,0,68,2021,2
2021,1,2,4,0,68,2021,3
2021,1,3,4,0,68,2021,4
2021,1,4,4,0,68,2022,1
2021,1,5,4,0,68,2022,2
2021,1,6,4,0,68,2022,3
2021,1,7,4,0,68,2022,4
2021,2,1,4.3,0,68,2021,3
2021,2,2,4.3,0,68,2021,4
2021,2,3,4.3,0,68,2022,1
2021,2,4,4.3,0,68,2022,2
2021,2,5,4.3,0,68,2022,3
2021,2,6,4.3,0,68,2022,4
2021,4,1,4.56470588235294,-0.0588235294117647,68,2022,1
2021,4,2,4.56470588235294,-0.0588235294117647,68,2022,2
2021,4,3,4.56470588235294,-0.0588235294117647,68,2022,3
2021,4,4,4.56470588235294,-0.0588235294117647,68,2022,4
2022,1,1,2.5,0,68,2022,2
2022,1,2,2.5,0,68,2022,3
2022,1,3,2.5,0,68,2022,4
2022,1,4,2.5,0,68,2023,1
2022,1,5,2.5,0,68,2023,2
2022,1,6,2.5,0,68,2023,3
2022,1,7,2.5,0,68,2023,4
2022,2,1,2.6,0,68,2022,3
2022,2,2,2.6,0,68,2022,4
2022,2,3,2.6,0,68,2023,1
2022,2,4,2.6,0,68,2023,2
2022,2,5,2.6,0,68,2023,3
2022,2,6,2.6,0,68,2023,4
2022,3,1,1.9,0,68,2022,4
2022,3,2,1.9,0,68,2023,1
2022,3,3,1.9,0,68,2023,2
2022,3,4,1.9,0,68,2023,3
2022,3,5,1.9,0,68,2023,4
2022,4,1,-0.0764705882352941,-0.0588235294117647,68,2023,1
2022,4,2,-0.0764705882352941,-0.0588235294117647,68,2023,2
2022,4,3,-0.0764705882352941,-0.0588235294117647,68,2023,3
2022,4,4,-0.0764705882352941,-0.0588235294117647,68,2023,4
2023,1,1,1.4,0,68,2023,2
2023,1,2,1.4,0,68,2023,3
2023,1,3,1.4,0,68,2023,4
2023,1,4,1.4,0,68,2024,1
2023,1,5,1.4,0,68,2024,2
2023,1,6,1.4,0,68,2024,3
2023,1,7,1.4,0,68,2024,4
2023,2,1,1.1,0,68,2023,3
2023,2,2,1.1,0,68,2023,4
2023,2,3,1.1,0,68,2024,1
2023,2,4,1.1,0,68,2024,2
2023,2,5,1.1,0,68,2024,3
2023,2,6,1.1,0,68,2024,4
2023,3,1,1.2,0,68,2023,4
2023,3,2,1.2,0,68,2024,1
2023,3,3,1.2,0,68,2024,2
2023,3,4,1.2,0,68,2024,3
2023,3,5,1.2,0,68,2024,4
2023,4,1,0.81764705882353,-0.0588235294117647,68,2024,1
2023,4,2,0.81764705882353,-0.0588235294117647,68,2024,2
2023,4,3,0.81764705882353,-0.0588235294117647,68,2024,3
2023,4,4,0.81764705882353,-0.0588235294117647,68,2024,4
2024,1,1,1.7,0,68,2024,2
2024,1,2,1.7,0,68,2024,3
2024,1,3,1.7,0,68,2024,4
2024,1,4,1.7,0,68,2025,1
2024,1,5,1.7,0,68,2025,2
2024,1,6,1.7,0,68,2025,3
2024,1,7,1.7,0,68,2025,4
2024,2,1,1.7,0,68,2024,3
2024,2,2,1.7,0,68,2024,4
2024,2,3,1.7,0,68,2025,1
2024,2,4,1.7,0,68,2025,2
2024,2,5,1.7,0,68,2025,3
2024,2,6,1.7,0,68,2025,4
2024,3,1,1.6,0,68,2024,4
2024,3,2,1.6,0,68,2025,1
2024,3,3,1.6,0,68,2025,2
2024,3,4,1.6,0,68,2025,3
2024,3,5,1.6,0,68,2025,4
2024,4,1,1.44117647058824,-0.0588235294117647,68,2025,1
2024,4,2,1.44117647058824,-0.0588235294117647,68,2025,2
2024,4,3,1.44117647058824,-0.0588235294117647,68,2025,3
2024,4,4,1.44117647058824,-0.0588235294117647,68,2025,4
2001,1,1,2.8,0,70,2001,2
2001,1,2,2.8,0,70,2001,3
2001,1,3,2.8,0,70,2001,4
2001,1,4,2.8,0,70,2002,1
2001,1,5,2.8,0,70,2002,2
2001,1,6,2.8,0,70,2002,3
2001,1,7,2.8,0,70,2002,4
2001,2,1,2.5,0,70,2001,3
2001,2,2,2.5,0,70,2001,4
2001,2,3,2.5,0,70,2002,1
2001,2,4,2.5,0,70,2002,2
2001,2,5,2.5,0,70,2002,3
2001,2,6,2.5,0,70,2002,4
2001,3,1,2,0,70,2001,4
2001,3,2,2,0,70,2002,1
2001,3,3,2,0,70,2002,2
2001,3,4,2,0,70,2002,3
2001,3,5,2,0,70,2002,4
2002,2,1,2.4,0,70,2002,3
2002,2,2,2.4,0,70,2002,4
2002,2,3,2.4,0,70,2003,1
2002,2,4,2.4,0,70,2003,2
2002,2,5,2.4,0,70,2003,3
2002,2,6,2.4,0,70,2003,4
2002,4,1,1.22352941176471,-0.0588235294117647,70,2003,1
2002,4,2,1.22352941176471,-0.0588235294117647,70,2003,2
2002,4,3,1.22352941176471,-0.0588235294117647,70,2003,3
2002,4,4,1.22352941176471,-0.0588235294117647,70,2003,4
2003,1,1,2,0,70,2003,2
2003,1,2,2,0,70,2003,3
2003,1,3,2,0,70,2003,4
2003,1,4,2,0,70,2004,1
2003,1,5,2,0,70,2004,2
2003,1,6,2,0,70,2004,3
2003,1,7,2,0,70,2004,4
2003,4,1,1.77058823529412,-0.0588235294117647,70,2004,1
2003,4,2,1.77058823529412,-0.0588235294117647,70,2004,2
2003,4,3,1.77058823529412,-0.0588235294117647,70,2004,3
2003,4,4,1.77058823529412,-0.0588235294117647,70,2004,4
2004,1,1,2.3,0,70,2004,2
2004,1,2,2.3,0,70,2004,3
2004,1,3,2.3,0,70,2004,4
2004,1,4,2.3,0,70,2005,1
2004,1,5,2.3,0,70,2005,2
2004,1,6,2.3,0,70,2005,3
2004,1,7,2.3,0,70,2005,4
2004,2,1,2.2,0,70,2004,3
2004,2,2,2.2,0,70,2004,4
2004,2,3,2.2,0,70,2005,1
2004,2,4,2.2,0,70,2005,2
2004,2,5,2.2,0,70,2005,3
2004,2,6,2.2,0,70,2005,4
2004,3,1,2.3,0,70,2004,4
2004,3,2,2.3,0,70,2005,1
2004,3,3,2.3,0,70,2005,2
2004,3,4,2.3,0,70,2005,3
2004,3,5,2.3,0,70,2005,4
2005,1,1,2.2,0,70,2005,2
2005,1,2,2.2,0,70,2005,3
2005,1,3,2.2,0,70,2005,4
2005,1,4,2.2,0,70,2006,1
2005,1,5,2.2,0,70,2006,2
2005,1,6,2.2,0,70,2006,3
2005,1,7,2.2,0,70,2006,4
2005,2,1,1.8,0,70,2005,3
2005,2,2,1.8,0,70,2005,4
2005,2,3,1.8,0,70,2006,1
2005,2,4,1.8,0,70,2006,2
2005,2,5,1.8,0,70,2006,3
2005,2,6,1.8,0,70,2006,4
2005,3,1,1.6,0,70,2005,4
2005,3,2,1.6,0,70,2006,1
2005,3,3,1.6,0,70,2006,2
2005,3,4,1.6,0,70,2006,3
2005,3,5,1.6,0,70,2006,4
2005,4,1,1.72352941176471,-0.0588235294117647,70,2006,1
2005,4,2,1.72352941176471,-0.0588235294117647,70,2006,2
2005,4,3,1.72352941176471,-0.0588235294117647,70,2006,3
2005,4,4,1.72352941176471,-0.0588235294117647,70,2006,4
2006,1,1,1.9,0,70,2006,2
2006,1,2,1.9,0,70,2006,3
2006,1,3,1.9,0,70,2006,4
2006,1,4,1.9,0,70,2007,1
2006,1,5,1.9,0,70,2007,2
2006,1,6,1.9,0,70,2007,3
2006,1,7,1.9,0,70,2007,4
2006,2,1,1.9,0,70,2006,3
2006,2,2,1.9,0,70,2006,4
2006,2,3,1.9,0,70,2007,1
2006,2,4,1.9,0,70,2007,2
2006,2,5,1.9,0,70,2007,3
2006,2,6,1.9,0,70,2007,4
2006,3,1,2,0,70,2006,4
2006,3,2,2,0,70,2007,1
2006,3,3,2,0,70,2007,2
2006,3,4,2,0,70,2007,3
2006,3,5,2,0,70,2007,4
2006,4,1,1.97058823529412,-0.0588235294117647,70,2007,1
2006,4,2,1.97058823529412,-0.0588235294117647,70,2007,2
2006,4,3,1.97058823529412,-0.0588235294117647,70,2007,3
2006,4,4,1.97058823529412,-0.0588235294117647,70,2007,4
2007,1,1,2.3,0,70,2007,2
2007,1,2,2.3,0,70,2007,3
2007,1,3,2.3,0,70,2007,4
2007,1,4,2.3,0,70,2008,1
2007,1,5,2.3,0,70,2008,2
2007,1,6,2.3,0,70,2008,3
2007,1,7,2.3,0,70,2008,4
2007,2,1,2.5,0,70,2007,3
2007,2,2,2.5,0,70,2007,4
2007,2,3,2.5,0,70,2008,1
2007,2,4,2.5,0,70,2008,2
2007,2,5,2.5,0,70,2008,3
2007,2,6,2.5,0,70,2008,4
2008,1,1,1.8,0,70,2008,2
2008,1,2,1.8,0,70,2008,3
2008,1,3,1.8,0,70,2008,4
2008,1,4,1.8,0,70,2009,1
2008,1,5,1.8,0,70,2009,2
2008,1,6,1.8,0,70,2009,3
2008,1,7,1.8,0,70,2009,4
2008,3,1,1.1,0,70,2008,4
2008,3,2,1.1,0,70,2009,1
2008,3,3,1.1,0,70,2009,2
2008,3,4,1.1,0,70,2009,3
2008,3,5,1.1,0,70,2009,4
2008,4,1,0.247058823529412,-0.0588235294117647,70,2009,1
2008,4,2,0.247058823529412,-0.0588235294117647,70,2009,2
2008,4,3,0.247058823529412,-0.0588235294117647,70,2009,3
2008,4,4,0.247058823529412,-0.0588235294117647,70,2009,4
2009,1,1,0.3,0,70,2009,2
2009,1,2,0.3,0,70,2009,3
2009,1,3,0.3,0,70,2009,4
2009,1,4,0.3,0,70,2010,1
2009,1,5,0.3,0,70,2010,2
2009,1,6,0.3,0,70,2010,3
2009,1,7,0.3,0,70,2010,4
2009,2,1,0,0,70,2009,3
2009,2,2,0,0,70,2009,4
2009,2,3,0,0,70,2010,1
2009,2,4,0,0,70,2010,2
2009,2,5,0,0,70,2010,3
2009,2,6,0,0,70,2010,4
2009,3,1,-0.3,0,70,2009,4
2009,3,2,-0.3,0,70,2010,1
2009,3,3,-0.3,0,70,2010,2
2009,3,4,-0.3,0,70,2010,3
2009,3,5,-0.3,0,70,2010,4
2009,4,1,1.5,-0.0588235294117647,70,2010,1
2009,4,2,1.5,-0.0588235294117647,70,2010,2
2009,4,3,1.5,-0.0588235294117647,70,2010,3
2009,4,4,1.5,-0.0588235294117647,70,2010,4
2010,1,1,2.1,0,70,2010,2
2010,1,2,2.1,0,70,2010,3
2010,1,3,2.1,0,70,2010,4
2010,1,4,2.1,0,70,2011,1
2010,1,5,2.1,0,70,2011,2
2010,1,6,2.1,0,70,2011,3
2010,1,7,2.1,0,70,2011,4
2010,2,1,1.8,0,70,2010,3
2010,2,2,1.8,0,70,2010,4
2010,2,3,1.8,0,70,2011,1
2010,2,4,1.8,0,70,2011,2
2010,2,5,1.8,0,70,2011,3
2010,2,6,1.8,0,70,2011,4
2010,3,1,1.4,0,70,2010,4
2010,3,2,1.4,0,70,2011,1
2010,3,3,1.4,0,70,2011,2
2010,3,4,1.4,0,70,2011,3
2010,3,5,1.4,0,70,2011,4
2010,4,1,1.28235294117647,-0.0588235294117647,70,2011,1
2010,4,2,1.28235294117647,-0.0588235294117647,70,2011,2
2010,4,3,1.28235294117647,-0.0588235294117647,70,2011,3
2010,4,4,1.28235294117647,-0.0588235294117647,70,2011,4
2011,1,1,1.5,0,70,2011,2
2011,1,2,1.5,0,70,2011,3
2011,1,3,1.5,0,70,2011,4
2011,1,4,1.5,0,70,2012,1
2011,1,5,1.5,0,70,2012,2
2011,1,6,1.5,0,70,2012,3
2011,1,7,1.5,0,70,2012,4
2011,2,1,1.8,0,70,2011,3
2011,2,2,1.8,0,70,2011,4
2011,2,3,1.8,0,70,2012,1
2011,2,4,1.8,0,70,2012,2
2011,2,5,1.8,0,70,2012,3
2011,2,6,1.8,0,70,2012,4
2011,4,1,0.429411764705882,-0.0588235294117647,70,2012,1
2011,4,2,0.429411764705882,-0.0588235294117647,70,2012,2
2011,4,3,0.429411764705882,-0.0588235294117647,70,2012,3
2011,4,4,0.429411764705882,-0.0588235294117647,70,2012,4
2012,1,1,0.7,0,70,2012,2
2012,1,2,0.7,0,70,2012,3
2012,1,3,0.7,0,70,2012,4
2012,1,4,0.7,0,70,2013,1
2012,1,5,0.7,0,70,2013,2
2012,1,6,0.7,0,70,2013,3
2012,1,7,0.7,0,70,2013,4
2012,2,1,0.7,0,70,2012,3
2012,2,2,0.7,0,70,2012,4
2012,2,3,0.7,0,70,2013,1
2012,2,4,0.7,0,70,2013,2
2012,2,5,0.7,0,70,2013,3
2012,2,6,0.7,0,70,2013,4
2012,3,1,0.8,0,70,2012,4
2012,3,2,0.8,0,70,2013,1
2012,3,3,0.8,0,70,2013,2
2012,3,4,0.8,0,70,2013,3
2012,3,5,0.8,0,70,2013,4
2012,4,1,0.235294117647059,-0.0588235294117647,70,2013,1
2012,4,2,0.235294117647059,-0.0588235294117647,70,2013,2
2012,4,3,0.235294117647059,-0.0588235294117647,70,2013,3
2012,4,4,0.235294117647059,-0.0588235294117647,70,2013,4
2013,1,1,0.8,0,70,2013,2
2013,1,2,0.8,0,70,2013,3
2013,1,3,0.8,0,70,2013,4
2013,1,4,0.8,0,70,2014,1
2013,1,5,0.8,0,70,2014,2
2013,1,6,0.8,0,70,2014,3
2013,1,7,0.8,0,70,2014,4
2013,2,1,0.8,0,70,2013,3
2013,2,2,0.8,0,70,2013,4
2013,2,3,0.8,0,70,2014,1
2013,2,4,0.8,0,70,2014,2
2013,2,5,0.8,0,70,2014,3
2013,2,6,0.8,0,70,2014,4
2013,3,1,0.7,0,70,2013,4
2013,3,2,0.7,0,70,2014,1
2013,3,3,0.7,0,70,2014,2
2013,3,4,0.7,0,70,2014,3
2013,3,5,0.7,0,70,2014,4
2013,4,1,0.876470588235294,-0.0588235294117647,70,2014,1
2013,4,2,0.876470588235294,-0.0588235294117647,70,2014,2
2013,4,3,0.876470588235294,-0.0588235294117647,70,2014,3
2013,4,4,0.876470588235294,-0.0588235294117647,70,2014,4
2014,1,1,1.6,0,70,2014,2
2014,1,2,1.6,0,70,2014,3
2014,1,3,1.6,0,70,2014,4
2014,1,4,1.6,0,70,2015,1
2014,1,5,1.6,0,70,2015,2
2014,1,6,1.6,0,70,2015,3
2014,1,7,1.6,0,70,2015,4
2014,2,1,1.6,0,70,2014,3
2014,2,2,1.6,0,70,2014,4
2014,2,3,1.6,0,70,2015,1
2014,2,4,1.6,0,70,2015,2
2014,2,5,1.6,0,70,2015,3
2014,2,6,1.6,0,70,2015,4
2014,3,1,1.6,0,70,2014,4
2014,3,2,1.6,0,70,2015,1
2014,3,3,1.6,0,70,2015,2
2014,3,4,1.6,0,70,2015,3
2014,3,5,1.6,0,70,2015,4
2014,4,1,1.12352941176471,-0.0588235294117647,70,2015,1
2014,4,2,1.12352941176471,-0.0588235294117647,70,2015,2
2014,4,3,1.12352941176471,-0.0588235294117647,70,2015,3
2014,4,4,1.12352941176471,-0.0588235294117647,70,2015,4
2015,1,1,1.3,0,70,2015,2
2015,1,2,1.3,0,70,2015,3
2015,1,3,1.3,0,70,2015,4
2015,1,4,1.3,0,70,2016,1
2015,1,5,1.3,0,70,2016,2
2015,1,6,1.3,0,70,2016,3
2015,1,7,1.3,0,70,2016,4
2015,2,1,1.7,0,70,2015,3
2015,2,2,1.7,0,70,2015,4
2015,2,3,1.7,0,70,2016,1
2015,2,4,1.7,0,70,2016,2
2015,2,5,1.7,0,70,2016,3
2015,2,6,1.7,0,70,2016,4
2015,3,1,2.1,0,70,2015,4
2015,3,2,2.1,0,70,2016,1
2015,3,3,2.1,0,70,2016,2
2015,3,4,2.1,0,70,2016,3
2015,3,5,2.1,0,70,2016,4
2015,4,1,2.12941176470588,-0.0588235294117647,70,2016,1
2015,4,2,2.12941176470588,-0.0588235294117647,70,2016,2
2015,4,3,2.12941176470588,-0.0588235294117647,70,2016,3
2015,4,4,2.12941176470588,-0.0588235294117647,70,2016,4
2016,1,1,2.1,0,70,2016,2
2016,1,2,2.1,0,70,2016,3
2016,1,3,2.1,0,70,2016,4
2016,1,4,2.1,0,70,2017,1
2016,1,5,2.1,0,70,2017,2
2016,1,6,2.1,0,70,2017,3
2016,1,7,2.1,0,70,2017,4
2016,2,1,2,0,70,2016,3
2016,2,2,2,0,70,2016,4
2016,2,3,2,0,70,2017,1
2016,2,4,2,0,70,2017,2
2016,2,5,2,0,70,2017,3
2016,2,6,2,0,70,2017,4
2016,3,1,1.8,0,70,2016,4
2016,3,2,1.8,0,70,2017,1
2016,3,3,1.8,0,70,2017,2
2016,3,4,1.8,0,70,2017,3
2016,3,5,1.8,0,70,2017,4
2016,4,1,1.70588235294118,-0.0588235294117647,70,2017,1
2016,4,2,1.70588235294118,-0.0588235294117647,70,2017,2
2016,4,3,1.70588235294118,-0.0588235294117647,70,2017,3
2016,4,4,1.70588235294118,-0.0588235294117647,70,2017,4
2017,1,1,1.6,0,70,2017,2
2017,1,2,1.6,0,70,2017,3
2017,1,3,1.6,0,70,2017,4
2017,1,4,1.6,0,70,2018,1
2017,1,5,1.6,0,70,2018,2
2017,1,6,1.6,0,70,2018,3
2017,1,7,1.6,0,70,2018,4
2017,2,1,1.9,0,70,2017,3
2017,2,2,1.9,0,70,2017,4
2017,2,3,1.9,0,70,2018,1
2017,2,4,1.9,0,70,2018,2
2017,2,5,1.9,0,70,2018,3
2017,2,6,1.9,0,70,2018,4
2017,3,1,2,0,70,2017,4
2017,3,2,2,0,70,2018,1
2017,3,3,2,0,70,2018,2
2017,3,4,2,0,70,2018,3
2017,3,5,2,0,70,2018,4
2020,1,1,1.2,0,70,2020,2
2020,1,2,1.2,0,70,2020,3
2020,1,3,1.2,0,70,2020,4
2020,1,4,1.2,0,70,2021,1
2020,1,5,1.2,0,70,2021,2
2020,1,6,1.2,0,70,2021,3
2020,1,7,1.2,0,70,2021,4
2020,4,1,7.41176470588235,-0.0588235294117647,70,2021,1
2020,4,2,7.41176470588235,-0.0588235294117647,70,2021,2
2020,4,3,7.41176470588235,-0.0588235294117647,70,2021,3
2020,4,4,7.41176470588235,-0.0588235294117647,70,2021,4
2021,1,1,4.7,0,70,2021,2
2021,1,2,4.7,0,70,2021,3
2021,1,3,4.7,0,70,2021,4
2021,1,4,4.7,0,70,2022,1
2021,1,5,4.7,0,70,2022,2
2021,1,6,4.7,0,70,2022,3
2021,1,7,4.7,0,70,2022,4
2001,1,1,2.2,0,73,2001,2
2001,1,2,2.2,0,73,2001,3
2001,1,3,2.2,0,73,2001,4
2001,1,4,2.2,0,73,2002,1
2001,1,5,2.2,0,73,2002,2
2001,1,6,2.2,0,73,2002,3
2001,1,7,2.2,0,73,2002,4
2001,2,1,2,0,73,2001,3
2001,2,2,2,0,73,2001,4
2001,2,3,2,0,73,2002,1
2001,2,4,2,0,73,2002,2
2001,2,5,2,0,73,2002,3
2001,2,6,2,0,73,2002,4
2001,3,1,2,0,73,2001,4
2001,3,2,2,0,73,2002,1
2001,3,3,2,0,73,2002,2
2001,3,4,2,0,73,2002,3
2001,3,5,2,0,73,2002,4
2001,4,1,2.01176470588235,-0.0588235294117647,73,2002,1
2001,4,2,2.01176470588235,-0.0588235294117647,73,2002,2
2001,4,3,2.01176470588235,-0.0588235294117647,73,2002,3
2001,4,4,2.01176470588235,-0.0588235294117647,73,2002,4
2002,1,1,2.3,0,73,2002,2
2002,1,2,2.3,0,73,2002,3
2002,1,3,2.3,0,73,2002,4
2002,1,4,2.3,0,73,2003,1
2002,1,5,2.3,0,73,2003,2
2002,1,6,2.3,0,73,2003,3
2002,1,7,2.3,0,73,2003,4
2002,2,1,2.1,0,73,2002,3
2002,2,2,2.1,0,73,2002,4
2002,2,3,2.1,0,73,2003,1
2002,2,4,2.1,0,73,2003,2
2002,2,5,2.1,0,73,2003,3
2002,2,6,2.1,0,73,2003,4
2002,3,1,2.1,0,73,2002,4
2002,3,2,2.1,0,73,2003,1
2002,3,3,2.1,0,73,2003,2
2002,3,4,2.1,0,73,2003,3
2002,3,5,2.1,0,73,2003,4
2002,4,1,2.01764705882353,-0.0588235294117647,73,2003,1
2002,4,2,2.01764705882353,-0.0588235294117647,73,2003,2
2002,4,3,2.01764705882353,-0.0588235294117647,73,2003,3
2002,4,4,2.01764705882353,-0.0588235294117647,73,2003,4
2003,1,1,2.4,0,73,2003,2
2003,1,2,2.4,0,73,2003,3
2003,1,3,2.4,0,73,2003,4
2003,1,4,2.4,0,73,2004,1
2003,1,5,2.4,0,73,2004,2
2003,1,6,2.4,0,73,2004,3
2003,1,7,2.4,0,73,2004,4
2003,2,1,2.8,0,73,2003,3
2003,2,2,2.8,0,73,2003,4
2003,2,3,2.8,0,73,2004,1
2003,2,4,2.8,0,73,2004,2
2003,2,5,2.8,0,73,2004,3
2003,2,6,2.8,0,73,2004,4
2003,3,1,2.5,0,73,2003,4
2003,3,2,2.5,0,73,2004,1
2003,3,3,2.5,0,73,2004,2
2003,3,4,2.5,0,73,2004,3
2003,3,5,2.5,0,73,2004,4
2003,4,1,1.02941176470588,-0.0588235294117647,73,2004,1
2003,4,2,1.02941176470588,-0.0588235294117647,73,2004,2
2003,4,3,1.02941176470588,-0.0588235294117647,73,2004,3
2003,4,4,1.02941176470588,-0.0588235294117647,73,2004,4
2004,1,1,2,0,73,2004,2
2004,1,2,2,0,73,2004,3
2004,1,3,2,0,73,2004,4
2004,1,4,2,0,73,2005,1
2004,1,5,2,0,73,2005,2
2004,1,6,2,0,73,2005,3
2004,1,7,2,0,73,2005,4
2004,2,1,1.75,0,73,2004,3
2004,2,2,1.75,0,73,2004,4
2004,2,3,1.75,0,73,2005,1
2004,2,4,1.75,0,73,2005,2
2004,2,5,1.75,0,73,2005,3
2004,2,6,1.75,0,73,2005,4
2004,3,1,1.8,0,73,2004,4
2004,3,2,1.8,0,73,2005,1
2004,3,3,1.8,0,73,2005,2
2004,3,4,1.8,0,73,2005,3
2004,3,5,1.8,0,73,2005,4
2004,4,1,1.8,-0.0588235294117647,73,2005,1
2004,4,2,1.8,-0.0588235294117647,73,2005,2
2004,4,3,1.8,-0.0588235294117647,73,2005,3
2004,4,4,1.8,-0.0588235294117647,73,2005,4
2005,1,1,2,0,73,2005,2
2005,1,2,2,0,73,2005,3
2005,1,3,2,0,73,2005,4
2005,1,4,2,0,73,2006,1
2005,1,5,2,0,73,2006,2
2005,1,6,2,0,73,2006,3
2005,1,7,2,0,73,2006,4
2005,2,1,1.75,0,73,2005,3
2005,2,2,1.75,0,73,2005,4
2005,2,3,1.75,0,73,2006,1
2005,2,4,1.75,0,73,2006,2
2005,2,5,1.75,0,73,2006,3
2005,2,6,1.75,0,73,2006,4
2005,3,1,1.4,0,73,2005,4
2005,3,2,1.4,0,73,2006,1
2005,3,3,1.4,0,73,2006,2
2005,3,4,1.4,0,73,2006,3
2005,3,5,1.4,0,73,2006,4
2005,4,1,1.77058823529412,-0.0588235294117647,73,2006,1
2005,4,2,1.77058823529412,-0.0588235294117647,73,2006,2
2005,4,3,1.77058823529412,-0.0588235294117647,73,2006,3
2005,4,4,1.77058823529412,-0.0588235294117647,73,2006,4
2006,1,1,2.5,0,73,2006,2
2006,1,2,2.5,0,73,2006,3
2006,1,3,2.5,0,73,2006,4
2006,1,4,2.5,0,73,2007,1
2006,1,5,2.5,0,73,2007,2
2006,1,6,2.5,0,73,2007,3
2006,1,7,2.5,0,73,2007,4
2006,2,1,2.25,0,73,2006,3
2006,2,2,2.25,0,73,2006,4
2006,2,3,2.25,0,73,2007,1
2006,2,4,2.25,0,73,2007,2
2006,2,5,2.25,0,73,2007,3
2006,2,6,2.25,0,73,2007,4
2006,3,1,1.75,0,73,2006,4
2006,3,2,1.75,0,73,2007,1
2006,3,3,1.75,0,73,2007,2
2006,3,4,1.75,0,73,2007,3
2006,3,5,1.75,0,73,2007,4
2006,4,1,1.83823529411765,-0.0588235294117647,73,2007,1
2006,4,2,1.83823529411765,-0.0588235294117647,73,2007,2
2006,4,3,1.83823529411765,-0.0588235294117647,73,2007,3
2006,4,4,1.83823529411765,-0.0588235294117647,73,2007,4
2007,1,1,1.75,0,73,2007,2
2007,1,2,1.75,0,73,2007,3
2007,1,3,1.75,0,73,2007,4
2007,1,4,1.75,0,73,2008,1
2007,1,5,1.75,0,73,2008,2
2007,1,6,1.75,0,73,2008,3
2007,1,7,1.75,0,73,2008,4
2007,2,1,2,0,73,2007,3
2007,2,2,2,0,73,2007,4
2007,2,3,2,0,73,2008,1
2007,2,4,2,0,73,2008,2
2007,2,5,2,0,73,2008,3
2007,2,6,2,0,73,2008,4
2007,4,1,1.98235294117647,-0.0588235294117647,73,2008,1
2007,4,2,1.98235294117647,-0.0588235294117647,73,2008,2
2007,4,3,1.98235294117647,-0.0588235294117647,73,2008,3
2007,4,4,1.98235294117647,-0.0588235294117647,73,2008,4
2008,1,1,1.5,0,73,2008,2
2008,1,2,1.5,0,73,2008,3
2008,1,3,1.5,0,73,2008,4
2008,1,4,1.5,0,73,2009,1
2008,1,5,1.5,0,73,2009,2
2008,1,6,1.5,0,73,2009,3
2008,1,7,1.5,0,73,2009,4
2008,2,1,1.4,0,73,2008,3
2008,2,2,1.4,0,73,2008,4
2008,2,3,1.4,0,73,2009,1
2008,2,4,1.4,0,73,2009,2
2008,2,5,1.4,0,73,2009,3
2008,2,6,1.4,0,73,2009,4
2009,3,1,-1,0,73,2009,4
2009,3,2,-1,0,73,2010,1
2009,3,3,-1,0,73,2010,2
2009,3,4,-1,0,73,2010,3
2009,3,5,-1,0,73,2010,4
2009,4,1,-0.764705882352941,-0.0588235294117647,73,2010,1
2009,4,2,-0.764705882352941,-0.0588235294117647,73,2010,2
2009,4,3,-0.764705882352941,-0.0588235294117647,73,2010,3
2009,4,4,-0.764705882352941,-0.0588235294117647,73,2010,4
2010,1,1,1,0,73,2010,2
2010,1,2,1,0,73,2010,3
2010,1,3,1,0,73,2010,4
2010,1,4,1,0,73,2011,1
2010,1,5,1,0,73,2011,2
2010,1,6,1,0,73,2011,3
2010,1,7,1,0,73,2011,4
2010,2,1,1,0,73,2010,3
2010,2,2,1,0,73,2010,4
2010,2,3,1,0,73,2011,1
2010,2,4,1,0,73,2011,2
2010,2,5,1,0,73,2011,3
2010,2,6,1,0,73,2011,4
2010,3,1,1,0,73,2010,4
2010,3,2,1,0,73,2011,1
2010,3,3,1,0,73,2011,2
2010,3,4,1,0,73,2011,3
2010,3,5,1,0,73,2011,4
2010,4,1,1.15882352941176,-0.0588235294117647,73,2011,1
2010,4,2,1.15882352941176,-0.0588235294117647,73,2011,2
2010,4,3,1.15882352941176,-0.0588235294117647,73,2011,3
2010,4,4,1.15882352941176,-0.0588235294117647,73,2011,4
2011,1,1,1.5,0,73,2011,2
2011,1,2,1.5,0,73,2011,3
2011,1,3,1.5,0,73,2011,4
2011,1,4,1.5,0,73,2012,1
2011,1,5,1.5,0,73,2012,2
2011,1,6,1.5,0,73,2012,3
2011,1,7,1.5,0,73,2012,4
2011,2,1,1.3,0,73,2011,3
2011,2,2,1.3,0,73,2011,4
2011,2,3,1.3,0,73,2012,1
2011,2,4,1.3,0,73,2012,2
2011,2,5,1.3,0,73,2012,3
2011,2,6,1.3,0,73,2012,4
2011,3,1,0.75,0,73,2011,4
2011,3,2,0.75,0,73,2012,1
2011,3,3,0.75,0,73,2012,2
2011,3,4,0.75,0,73,2012,3
2011,3,5,0.75,0,73,2012,4
2015,4,1,1.81176470588235,-0.0588235294117647,73,2016,1
2015,4,2,1.81176470588235,-0.0588235294117647,73,2016,2
2015,4,3,1.81176470588235,-0.0588235294117647,73,2016,3
2015,4,4,1.81176470588235,-0.0588235294117647,73,2016,4
2016,1,1,1.8,0,73,2016,2
2016,1,2,1.8,0,73,2016,3
2016,1,3,1.8,0,73,2016,4
2016,1,4,1.8,0,73,2017,1
2016,1,5,1.8,0,73,2017,2
2016,1,6,1.8,0,73,2017,3
2016,1,7,1.8,0,73,2017,4
2016,2,1,1.6,0,73,2016,3
2016,2,2,1.6,0,73,2016,4
2016,2,3,1.6,0,73,2017,1
2016,2,4,1.6,0,73,2017,2
2016,2,5,1.6,0,73,2017,3
2016,2,6,1.6,0,73,2017,4
2020,1,1,1.2,0,73,2020,2
2020,1,2,1.2,0,73,2020,3
2020,1,3,1.2,0,73,2020,4
2020,1,4,1.2,0,73,2021,1
2020,1,5,1.2,0,73,2021,2
2020,1,6,1.2,0,73,2021,3
2020,1,7,1.2,0,73,2021,4
2020,2,1,2,0,73,2020,3
2020,2,2,2,0,73,2020,4
2020,2,3,2,0,73,2021,1
2020,2,4,2,0,73,2021,2
2020,2,5,2,0,73,2021,3
2020,2,6,2,0,73,2021,4
2020,3,1,4,0,73,2020,4
2020,3,2,4,0,73,2021,1
2020,3,3,4,0,73,2021,2
2020,3,4,4,0,73,2021,3
2020,3,5,4,0,73,2021,4
2021,1,1,2.5,0,73,2021,2
2021,1,2,2.5,0,73,2021,3
2021,1,3,2.5,0,73,2021,4
2021,1,4,2.5,0,73,2022,1
2021,1,5,2.5,0,73,2022,2
2021,1,6,2.5,0,73,2022,3
2021,1,7,2.5,0,73,2022,4
2021,2,1,3,0,73,2021,3
2021,2,2,3,0,73,2021,4
2021,2,3,3,0,73,2022,1
2021,2,4,3,0,73,2022,2
2021,2,5,3,0,73,2022,3
2021,2,6,3,0,73,2022,4
2021,3,1,4.5,0,73,2021,4
2021,3,2,4.5,0,73,2022,1
2021,3,3,4.5,0,73,2022,2
2021,3,4,4.5,0,73,2022,3
2021,3,5,4.5,0,73,2022,4
2021,4,1,4.14705882352941,-0.0588235294117647,73,2022,1
2021,4,2,4.14705882352941,-0.0588235294117647,73,2022,2
2021,4,3,4.14705882352941,-0.0588235294117647,73,2022,3
2021,4,4,4.14705882352941,-0.0588235294117647,73,2022,4
2022,1,1,2.4,0,73,2022,2
2022,1,2,2.4,0,73,2022,3
2022,1,3,2.4,0,73,2022,4
2022,1,4,2.4,0,73,2023,1
2022,1,5,2.4,0,73,2023,2
2022,1,6,2.4,0,73,2023,3
2022,1,7,2.4,0,73,2023,4
2022,2,1,1.5,0,73,2022,3
2022,2,2,1.5,0,73,2022,4
2022,2,3,1.5,0,73,2023,1
2022,2,4,1.5,0,73,2023,2
2022,2,5,1.5,0,73,2023,3
2022,2,6,1.5,0,73,2023,4
2001,1,1,2.3,0,82,2001,2
2001,1,2,2.3,0,82,2001,3
2001,1,3,2.3,0,82,2001,4
2001,1,4,2.3,0,82,2002,1
2001,1,5,2.3,0,82,2002,2
2001,1,6,2.3,0,82,2002,3
2001,1,7,2.3,0,82,2002,4
2003,2,1,1.7,0,82,2003,3
2003,2,2,1.7,0,82,2003,4
2003,2,3,1.7,0,82,2004,1
2003,2,4,1.7,0,82,2004,2
2003,2,5,1.7,0,82,2004,3
2003,2,6,1.7,0,82,2004,4
2003,3,1,1.2,0,82,2003,4
2003,3,2,1.2,0,82,2004,1
2003,3,3,1.2,0,82,2004,2
2003,3,4,1.2,0,82,2004,3
2003,3,5,1.2,0,82,2004,4
2003,4,1,1.35294117647059,-0.0588235294117647,82,2004,1
2003,4,2,1.35294117647059,-0.0588235294117647,82,2004,2
2003,4,3,1.35294117647059,-0.0588235294117647,82,2004,3
2003,4,4,1.35294117647059,-0.0588235294117647,82,2004,4
2004,1,1,1.5,0,82,2004,2
2004,1,2,1.5,0,82,2004,3
2004,1,3,1.5,0,82,2004,4
2004,1,4,1.5,0,82,2005,1
2004,1,5,1.5,0,82,2005,2
2004,1,6,1.5,0,82,2005,3
2004,1,7,1.5,0,82,2005,4
2004,2,1,1.5,0,82,2004,3
2004,2,2,1.5,0,82,2004,4
2004,2,3,1.5,0,82,2005,1
2004,2,4,1.5,0,82,2005,2
2004,2,5,1.5,0,82,2005,3
2004,2,6,1.5,0,82,2005,4
2004,3,1,1.5,0,82,2004,4
2004,3,2,1.5,0,82,2005,1
2004,3,3,1.5,0,82,2005,2
2004,3,4,1.5,0,82,2005,3
2004,3,5,1.5,0,82,2005,4
2004,4,1,1.47647058823529,-0.0588235294117647,82,2005,1
2004,4,2,1.47647058823529,-0.0588235294117647,82,2005,2
2004,4,3,1.47647058823529,-0.0588235294117647,82,2005,3
2004,4,4,1.47647058823529,-0.0588235294117647,82,2005,4
2005,1,1,1.3,0,82,2005,2
2005,1,2,1.3,0,82,2005,3
2005,1,3,1.3,0,82,2005,4
2005,1,4,1.3,0,82,2006,1
2005,1,5,1.3,0,82,2006,2
2005,1,6,1.3,0,82,2006,3
2005,1,7,1.3,0,82,2006,4
2005,2,1,1.4,0,82,2005,3
2005,2,2,1.4,0,82,2005,4
2005,2,3,1.4,0,82,2006,1
2005,2,4,1.4,0,82,2006,2
2005,2,5,1.4,0,82,2006,3
2005,2,6,1.4,0,82,2006,4
2005,3,1,1.3,0,82,2005,4
2005,3,2,1.3,0,82,2006,1
2005,3,3,1.3,0,82,2006,2
2005,3,4,1.3,0,82,2006,3
2005,3,5,1.3,0,82,2006,4
2005,4,1,1.31176470588235,-0.0588235294117647,82,2006,1
2005,4,2,1.31176470588235,-0.0588235294117647,82,2006,2
2005,4,3,1.31176470588235,-0.0588235294117647,82,2006,3
2005,4,4,1.31176470588235,-0.0588235294117647,82,2006,4
2006,1,1,1.4,0,82,2006,2
2006,1,2,1.4,0,82,2006,3
2006,1,3,1.4,0,82,2006,4
2006,1,4,1.4,0,82,2007,1
2006,1,5,1.4,0,82,2007,2
2006,1,6,1.4,0,82,2007,3
2006,1,7,1.4,0,82,2007,4
2006,2,1,1.4,0,82,2006,3
2006,2,2,1.4,0,82,2006,4
2006,2,3,1.4,0,82,2007,1
2006,2,4,1.4,0,82,2007,2
2006,2,5,1.4,0,82,2007,3
2006,2,6,1.4,0,82,2007,4
2006,3,1,1.4,0,82,2006,4
2006,3,2,1.4,0,82,2007,1
2006,3,3,1.4,0,82,2007,2
2006,3,4,1.4,0,82,2007,3
2006,3,5,1.4,0,82,2007,4
2006,4,1,1.44117647058824,-0.0588235294117647,82,2007,1
2006,4,2,1.44117647058824,-0.0588235294117647,82,2007,2
2006,4,3,1.44117647058824,-0.0588235294117647,82,2007,3
2006,4,4,1.44117647058824,-0.0588235294117647,82,2007,4
2007,1,1,1.7,0,82,2007,2
2007,1,2,1.7,0,82,2007,3
2007,1,3,1.7,0,82,2007,4
2007,1,4,1.7,0,82,2008,1
2007,1,5,1.7,0,82,2008,2
2007,1,6,1.7,0,82,2008,3
2007,1,7,1.7,0,82,2008,4
2007,2,1,1.9,0,82,2007,3
2007,2,2,1.9,0,82,2007,4
2007,2,3,1.9,0,82,2008,1
2007,2,4,1.9,0,82,2008,2
2007,2,5,1.9,0,82,2008,3
2007,2,6,1.9,0,82,2008,4
2007,3,1,2.3,0,82,2007,4
2007,3,2,2.3,0,82,2008,1
2007,3,3,2.3,0,82,2008,2
2007,3,4,2.3,0,82,2008,3
2007,3,5,2.3,0,82,2008,4
2007,4,1,1.85882352941176,-0.0588235294117647,82,2008,1
2007,4,2,1.85882352941176,-0.0588235294117647,82,2008,2
2007,4,3,1.85882352941176,-0.0588235294117647,82,2008,3
2007,4,4,1.85882352941176,-0.0588235294117647,82,2008,4
2008,1,1,1.8,0,82,2008,2
2008,1,2,1.8,0,82,2008,3
2008,1,3,1.8,0,82,2008,4
2008,1,4,1.8,0,82,2009,1
2008,1,5,1.8,0,82,2009,2
2008,1,6,1.8,0,82,2009,3
2008,1,7,1.8,0,82,2009,4
2008,2,1,1.3,0,82,2008,3
2008,2,2,1.3,0,82,2008,4
2008,2,3,1.3,0,82,2009,1
2008,2,4,1.3,0,82,2009,2
2008,2,5,1.3,0,82,2009,3
2008,2,6,1.3,0,82,2009,4
2008,3,1,1,0,82,2008,4
2008,3,2,1,0,82,2009,1
2008,3,3,1,0,82,2009,2
2008,3,4,1,0,82,2009,3
2008,3,5,1,0,82,2009,4
2008,4,1,0.358823529411765,-0.0588235294117647,82,2009,1
2008,4,2,0.358823529411765,-0.0588235294117647,82,2009,2
2008,4,3,0.358823529411765,-0.0588235294117647,82,2009,3
2008,4,4,0.358823529411765,-0.0588235294117647,82,2009,4
2009,1,1,0.8,0,82,2009,2
2009,1,2,0.8,0,82,2009,3
2009,1,3,0.8,0,82,2009,4
2009,1,4,0.8,0,82,2010,1
2009,1,5,0.8,0,82,2010,2
2009,1,6,0.8,0,82,2010,3
2009,1,7,0.8,0,82,2010,4
2009,2,1,-0.1,0,82,2009,3
2009,2,2,-0.1,0,82,2009,4
2009,2,3,-0.1,0,82,2010,1
2009,2,4,-0.1,0,82,2010,2
2009,2,5,-0.1,0,82,2010,3
2009,2,6,-0.1,0,82,2010,4
2009,3,1,0.1,0,82,2009,4
2009,3,2,0.1,0,82,2010,1
2009,3,3,0.1,0,82,2010,2
2009,3,4,0.1,0,82,2010,3
2009,3,5,0.1,0,82,2010,4
2009,4,1,0.970588235294118,-0.0588235294117647,82,2010,1
2009,4,2,0.970588235294118,-0.0588235294117647,82,2010,2
2009,4,3,0.970588235294118,-0.0588235294117647,82,2010,3
2009,4,4,0.970588235294118,-0.0588235294117647,82,2010,4
2010,1,1,1.3,0,82,2010,2
2010,1,2,1.3,0,82,2010,3
2010,1,3,1.3,0,82,2010,4
2010,1,4,1.3,0,82,2011,1
2010,1,5,1.3,0,82,2011,2
2010,1,6,1.3,0,82,2011,3
2010,1,7,1.3,0,82,2011,4
2010,2,1,1.5,0,82,2010,3
2010,2,2,1.5,0,82,2010,4
2010,2,3,1.5,0,82,2011,1
2010,2,4,1.5,0,82,2011,2
2010,2,5,1.5,0,82,2011,3
2010,2,6,1.5,0,82,2011,4
2010,3,1,1.3,0,82,2010,4
2010,3,2,1.3,0,82,2011,1
2010,3,3,1.3,0,82,2011,2
2010,3,4,1.3,0,82,2011,3
2010,3,5,1.3,0,82,2011,4
2010,4,1,1.28235294117647,-0.0588235294117647,82,2011,1
2010,4,2,1.28235294117647,-0.0588235294117647,82,2011,2
2010,4,3,1.28235294117647,-0.0588235294117647,82,2011,3
2010,4,4,1.28235294117647,-0.0588235294117647,82,2011,4
2011,2,1,1.6,0,82,2011,3
2011,2,2,1.6,0,82,2011,4
2011,2,3,1.6,0,82,2012,1
2011,2,4,1.6,0,82,2012,2
2011,2,5,1.6,0,82,2012,3
2011,2,6,1.6,0,82,2012,4
2011,3,1,1.4,0,82,2011,4
2011,3,2,1.4,0,82,2012,1
2011,3,3,1.4,0,82,2012,2
2011,3,4,1.4,0,82,2012,3
2011,3,5,1.4,0,82,2012,4
2011,4,1,0.541176470588235,-0.0588235294117647,82,2012,1
2011,4,2,0.541176470588235,-0.0588235294117647,82,2012,2
2011,4,3,0.541176470588235,-0.0588235294117647,82,2012,3
2011,4,4,0.541176470588235,-0.0588235294117647,82,2012,4
2012,1,1,0.7,0,82,2012,2
2012,1,2,0.7,0,82,2012,3
2012,1,3,0.7,0,82,2012,4
2012,1,4,0.7,0,82,2013,1
2012,1,5,0.7,0,82,2013,2
2012,1,6,0.7,0,82,2013,3
2012,1,7,0.7,0,82,2013,4
2012,2,1,0.7,0,82,2012,3
2012,2,2,0.7,0,82,2012,4
2012,2,3,0.7,0,82,2013,1
2012,2,4,0.7,0,82,2013,2
2012,2,5,0.7,0,82,2013,3
2012,2,6,0.7,0,82,2013,4
2012,3,1,0.3,0,82,2012,4
2012,3,2,0.3,0,82,2013,1
2012,3,3,0.3,0,82,2013,2
2012,3,4,0.3,0,82,2013,3
2012,3,5,0.3,0,82,2013,4
2012,4,1,-0.0705882352941177,-0.0588235294117647,82,2013,1
2012,4,2,-0.0705882352941177,-0.0588235294117647,82,2013,2
2012,4,3,-0.0705882352941177,-0.0588235294117647,82,2013,3
2012,4,4,-0.0705882352941177,-0.0588235294117647,82,2013,4
2013,1,1,1,0,82,2013,2
2013,1,2,1,0,82,2013,3
2013,1,3,1,0,82,2013,4
2013,1,4,1,0,82,2014,1
2013,1,5,1,0,82,2014,2
2013,1,6,1,0,82,2014,3
2013,1,7,1,0,82,2014,4
2013,2,1,0.8,0,82,2013,3
2013,2,2,0.8,0,82,2013,4
2013,2,3,0.8,0,82,2014,1
2013,2,4,0.8,0,82,2014,2
2013,2,5,0.8,0,82,2014,3
2013,2,6,0.8,0,82,2014,4
2013,3,1,0.6,0,82,2013,4
2013,3,2,0.6,0,82,2014,1
2013,3,3,0.6,0,82,2014,2
2013,3,4,0.6,0,82,2014,3
2013,3,5,0.6,0,82,2014,4
2013,4,1,0.864705882352941,-0.0588235294117647,82,2014,1
2013,4,2,0.864705882352941,-0.0588235294117647,82,2014,2
2013,4,3,0.864705882352941,-0.0588235294117647,82,2014,3
2013,4,4,0.864705882352941,-0.0588235294117647,82,2014,4
2014,1,1,1,0,82,2014,2
2014,1,2,1,0,82,2014,3
2014,1,3,1,0,82,2014,4
2014,1,4,1,0,82,2015,1
2014,1,5,1,0,82,2015,2
2014,1,6,1,0,82,2015,3
2014,1,7,1,0,82,2015,4
2014,2,1,1.1,0,82,2014,3
2014,2,2,1.1,0,82,2014,4
2014,2,3,1.1,0,82,2015,1
2014,2,4,1.1,0,82,2015,2
2014,2,5,1.1,0,82,2015,3
2014,2,6,1.1,0,82,2015,4
2014,3,1,1.1,0,82,2014,4
2014,3,2,1.1,0,82,2015,1
2014,3,3,1.1,0,82,2015,2
2014,3,4,1.1,0,82,2015,3
2014,3,5,1.1,0,82,2015,4
2014,4,1,1.01764705882353,-0.0588235294117647,82,2015,1
2014,4,2,1.01764705882353,-0.0588235294117647,82,2015,2
2014,4,3,1.01764705882353,-0.0588235294117647,82,2015,3
2014,4,4,1.01764705882353,-0.0588235294117647,82,2015,4
2015,1,1,1.2,0,82,2015,2
2015,1,2,1.2,0,82,2015,3
2015,1,3,1.2,0,82,2015,4
2015,1,4,1.2,0,82,2016,1
2015,1,5,1.2,0,82,2016,2
2015,1,6,1.2,0,82,2016,3
2015,1,7,1.2,0,82,2016,4
2015,2,1,1.4,0,82,2015,3
2015,2,2,1.4,0,82,2015,4
2015,2,3,1.4,0,82,2016,1
2015,2,4,1.4,0,82,2016,2
2015,2,5,1.4,0,82,2016,3
2015,2,6,1.4,0,82,2016,4
2015,3,1,1.4,0,82,2015,4
2015,3,2,1.4,0,82,2016,1
2015,3,3,1.4,0,82,2016,2
2015,3,4,1.4,0,82,2016,3
2015,3,5,1.4,0,82,2016,4
2015,4,1,1.39411764705882,-0.0588235294117647,82,2016,1
2015,4,2,1.39411764705882,-0.0588235294117647,82,2016,2
2015,4,3,1.39411764705882,-0.0588235294117647,82,2016,3
2015,4,4,1.39411764705882,-0.0588235294117647,82,2016,4
2016,1,1,1.5,0,82,2016,2
2016,1,2,1.5,0,82,2016,3
2016,1,3,1.5,0,82,2016,4
2016,1,4,1.5,0,82,2017,1
2016,1,5,1.5,0,82,2017,2
2016,1,6,1.5,0,82,2017,3
2016,1,7,1.5,0,82,2017,4
2016,2,1,1.5,0,82,2016,3
2016,2,2,1.5,0,82,2016,4
2016,2,3,1.5,0,82,2017,1
2016,2,4,1.5,0,82,2017,2
2016,2,5,1.5,0,82,2017,3
2016,2,6,1.5,0,82,2017,4
2016,3,1,1,0,82,2016,4
2016,3,2,1,0,82,2017,1
2016,3,3,1,0,82,2017,2
2016,3,4,1,0,82,2017,3
2016,3,5,1,0,82,2017,4
2016,4,1,0.970588235294118,-0.0588235294117647,82,2017,1
2016,4,2,0.970588235294118,-0.0588235294117647,82,2017,2
2016,4,3,0.970588235294118,-0.0588235294117647,82,2017,3
2016,4,4,0.970588235294118,-0.0588235294117647,82,2017,4
2017,1,1,1.3,0,82,2017,2
2017,1,2,1.3,0,82,2017,3
2017,1,3,1.3,0,82,2017,4
2017,1,4,1.3,0,82,2018,1
2017,1,5,1.3,0,82,2018,2
2017,1,6,1.3,0,82,2018,3
2017,1,7,1.3,0,82,2018,4
2017,2,1,1.4,0,82,2017,3
2017,2,2,1.4,0,82,2017,4
2017,2,3,1.4,0,82,2018,1
2017,2,4,1.4,0,82,2018,2
2017,2,5,1.4,0,82,2018,3
2017,2,6,1.4,0,82,2018,4
2017,3,1,1.6,0,82,2017,4
2017,3,2,1.6,0,82,2018,1
2017,3,3,1.6,0,82,2018,2
2017,3,4,1.6,0,82,2018,3
2017,3,5,1.6,0,82,2018,4
2017,4,1,1.77647058823529,-0.0588235294117647,82,2018,1
2017,4,2,1.77647058823529,-0.0588235294117647,82,2018,2
2017,4,3,1.77647058823529,-0.0588235294117647,82,2018,3
2017,4,4,1.77647058823529,-0.0588235294117647,82,2018,4
2018,1,1,1.8,0,82,2018,2
2018,1,2,1.8,0,82,2018,3
2018,1,3,1.8,0,82,2018,4
2018,1,4,1.8,0,82,2019,1
2018,1,5,1.8,0,82,2019,2
2018,1,6,1.8,0,82,2019,3
2018,1,7,1.8,0,82,2019,4
2018,2,1,1.8,0,82,2018,3
2018,2,2,1.8,0,82,2018,4
2018,2,3,1.8,0,82,2019,1
2018,2,4,1.8,0,82,2019,2
2018,2,5,1.8,0,82,2019,3
2018,2,6,1.8,0,82,2019,4
2018,3,1,1.7,0,82,2018,4
2018,3,2,1.7,0,82,2019,1
2018,3,3,1.7,0,82,2019,2
2018,3,4,1.7,0,82,2019,3
2018,3,5,1.7,0,82,2019,4
2018,4,1,1.57647058823529,-0.0588235294117647,82,2019,1
2018,4,2,1.57647058823529,-0.0588235294117647,82,2019,2
2018,4,3,1.57647058823529,-0.0588235294117647,82,2019,3
2018,4,4,1.57647058823529,-0.0588235294117647,82,2019,4
2019,1,1,1.3,0,82,2019,2
2019,1,2,1.3,0,82,2019,3
2019,1,3,1.3,0,82,2019,4
2019,1,4,1.3,0,82,2020,1
2019,1,5,1.3,0,82,2020,2
2019,1,6,1.3,0,82,2020,3
2019,1,7,1.3,0,82,2020,4
2019,2,1,1.3,0,82,2019,3
2019,2,2,1.3,0,82,2019,4
2019,2,3,1.3,0,82,2020,1
2019,2,4,1.3,0,82,2020,2
2019,2,5,1.3,0,82,2020,3
2019,2,6,1.3,0,82,2020,4
2019,3,1,1.1,0,82,2019,4
2019,3,2,1.1,0,82,2020,1
2019,3,3,1.1,0,82,2020,2
2019,3,4,1.1,0,82,2020,3
2019,3,5,1.1,0,82,2020,4
2019,4,1,0.682352941176471,-0.0588235294117647,82,2020,1
2019,4,2,0.682352941176471,-0.0588235294117647,82,2020,2
2019,4,3,0.682352941176471,-0.0588235294117647,82,2020,3
2019,4,4,0.682352941176471,-0.0588235294117647,82,2020,4
2020,1,1,1,0,82,2020,2
2020,1,2,1,0,82,2020,3
2020,1,3,1,0,82,2020,4
2020,1,4,1,0,82,2021,1
2020,1,5,1,0,82,2021,2
2020,1,6,1,0,82,2021,3
2020,1,7,1,0,82,2021,4
2020,2,1,6.1,0,82,2020,3
2020,2,2,6.1,0,82,2020,4
2020,2,3,6.1,0,82,2021,1
2020,2,4,6.1,0,82,2021,2
2020,2,5,6.1,0,82,2021,3
2020,2,6,6.1,0,82,2021,4
2020,3,1,6.5206056705,0,82,2020,4
2020,3,2,6.5206056705,0,82,2021,1
2020,3,3,6.5206056705,0,82,2021,2
2020,3,4,6.5206056705,0,82,2021,3
2020,3,5,6.5206056705,0,82,2021,4
2021,3,1,4,0,82,2021,4
2021,3,2,4,0,82,2022,1
2021,3,3,4,0,82,2022,2
2021,3,4,4,0,82,2022,3
2021,3,5,4,0,82,2022,4
2022,1,1,2.2,0,82,2022,2
2022,1,2,2.2,0,82,2022,3
2022,1,3,2.2,0,82,2022,4
2022,1,4,2.2,0,82,2023,1
2022,1,5,2.2,0,82,2023,2
2022,1,6,2.2,0,82,2023,3
2022,1,7,2.2,0,82,2023,4
2022,2,1,1.8,0,82,2022,3
2022,2,2,1.8,0,82,2022,4
2022,2,3,1.8,0,82,2023,1
2022,2,4,1.8,0,82,2023,2
2022,2,5,1.8,0,82,2023,3
2022,2,6,1.8,0,82,2023,4
2022,3,1,1.5,0,82,2022,4
2022,3,2,1.5,0,82,2023,1
2022,3,3,1.5,0,82,2023,2
2022,3,4,1.5,0,82,2023,3
2022,3,5,1.5,0,82,2023,4
2023,1,1,0.8,0,82,2023,2
2023,1,2,0.8,0,82,2023,3
2023,1,3,0.8,0,82,2023,4
2023,1,4,0.8,0,82,2024,1
2023,1,5,0.8,0,82,2024,2
2023,1,6,0.8,0,82,2024,3
2023,1,7,0.8,0,82,2024,4
2023,2,1,0.7,0,82,2023,3
2023,2,2,0.7,0,82,2023,4
2023,2,3,0.7,0,82,2024,1
2023,2,4,0.7,0,82,2024,2
2023,2,5,0.7,0,82,2024,3
2023,2,6,0.7,0,82,2024,4
2023,3,1,0.7,0,82,2023,4
2023,3,2,0.7,0,82,2024,1
2023,3,3,0.7,0,82,2024,2
2023,3,4,0.7,0,82,2024,3
2023,3,5,0.7,0,82,2024,4
2023,4,1,0.5,-0.0588235294117647,82,2024,1
2023,4,2,0.5,-0.0588235294117647,82,2024,2
2023,4,3,0.5,-0.0588235294117647,82,2024,3
2023,4,4,0.5,-0.0588235294117647,82,2024,4
2024,1,1,1.3,0,82,2024,2
2024,1,2,1.3,0,82,2024,3
2024,1,3,1.3,0,82,2024,4
2024,1,4,1.3,0,82,2025,1
2024,1,5,1.3,0,82,2025,2
2024,1,6,1.3,0,82,2025,3
2024,1,7,1.3,0,82,2025,4
2024,2,1,1.3,0,82,2024,3
2024,2,2,1.3,0,82,2024,4
2024,2,3,1.3,0,82,2025,1
2024,2,4,1.3,0,82,2025,2
2024,2,5,1.3,0,82,2025,3
2024,2,6,1.3,0,82,2025,4
2024,3,1,1.3,0,82,2024,4
2024,3,2,1.3,0,82,2025,1
2024,3,3,1.3,0,82,2025,2
2024,3,4,1.3,0,82,2025,3
2024,3,5,1.3,0,82,2025,4
2024,4,1,1.01764705882353,-0.0588235294117647,82,2025,1
2024,4,2,1.01764705882353,-0.0588235294117647,82,2025,2
2024,4,3,1.01764705882353,-0.0588235294117647,82,2025,3
2024,4,4,1.01764705882353,-0.0588235294117647,82,2025,4
2001,1,1,2.2,0,85,2001,2
2001,1,2,2.2,0,85,2001,3
2001,1,3,2.2,0,85,2001,4
2001,1,4,2.2,0,85,2002,1
2001,1,5,2.2,0,85,2002,2
2001,1,6,2.2,0,85,2002,3
2001,1,7,2.2,0,85,2002,4
2001,2,1,2.2,0,85,2001,3
2001,2,2,2.2,0,85,2001,4
2001,2,3,2.2,0,85,2002,1
2001,2,4,2.2,0,85,2002,2
2001,2,5,2.2,0,85,2002,3
2001,2,6,2.2,0,85,2002,4
2001,3,1,2.5,0,85,2001,4
2001,3,2,2.5,0,85,2002,1
2001,3,3,2.5,0,85,2002,2
2001,3,4,2.5,0,85,2002,3
2001,3,5,2.5,0,85,2002,4
2001,4,1,1.5,-0.0588235294117647,85,2002,1
2001,4,2,1.5,-0.0588235294117647,85,2002,2
2001,4,3,1.5,-0.0588235294117647,85,2002,3
2001,4,4,1.5,-0.0588235294117647,85,2002,4
2002,1,1,2.3,0,85,2002,2
2002,1,2,2.3,0,85,2002,3
2002,1,3,2.3,0,85,2002,4
2002,1,4,2.3,0,85,2003,1
2002,1,5,2.3,0,85,2003,2
2002,1,6,2.3,0,85,2003,3
2002,1,7,2.3,0,85,2003,4
2002,2,1,1.8,0,85,2002,3
2002,2,2,1.8,0,85,2002,4
2002,2,3,1.8,0,85,2003,1
2002,2,4,1.8,0,85,2003,2
2002,2,5,1.8,0,85,2003,3
2002,2,6,1.8,0,85,2003,4
2002,3,1,2.3,0,85,2002,4
2002,3,2,2.3,0,85,2003,1
2002,3,3,2.3,0,85,2003,2
2002,3,4,2.3,0,85,2003,3
2002,3,5,2.3,0,85,2003,4
2002,4,1,1.75294117647059,-0.0588235294117647,85,2003,1
2002,4,2,1.75294117647059,-0.0588235294117647,85,2003,2
2002,4,3,1.75294117647059,-0.0588235294117647,85,2003,3
2002,4,4,1.75294117647059,-0.0588235294117647,85,2003,4
2003,1,1,2,0,85,2003,2
2003,1,2,2,0,85,2003,3
2003,1,3,2,0,85,2003,4
2003,1,4,2,0,85,2004,1
2003,1,5,2,0,85,2004,2
2003,1,6,2,0,85,2004,3
2003,1,7,2,0,85,2004,4
2003,2,1,2,0,85,2003,3
2003,2,2,2,0,85,2003,4
2003,2,3,2,0,85,2004,1
2003,2,4,2,0,85,2004,2
2003,2,5,2,0,85,2004,3
2003,2,6,2,0,85,2004,4
2003,3,1,1.5,0,85,2003,4
2003,3,2,1.5,0,85,2004,1
2003,3,3,1.5,0,85,2004,2
2003,3,4,1.5,0,85,2004,3
2003,3,5,1.5,0,85,2004,4
2003,4,1,1.55882352941177,-0.0588235294117647,85,2004,1
2003,4,2,1.55882352941177,-0.0588235294117647,85,2004,2
2003,4,3,1.55882352941177,-0.0588235294117647,85,2004,3
2003,4,4,1.55882352941177,-0.0588235294117647,85,2004,4
2004,1,1,2.3,0,85,2004,2
2004,1,2,2.3,0,85,2004,3
2004,1,3,2.3,0,85,2004,4
2004,1,4,2.3,0,85,2005,1
2004,1,5,2.3,0,85,2005,2
2004,1,6,2.3,0,85,2005,3
2004,1,7,2.3,0,85,2005,4
2004,2,1,2.3,0,85,2004,3
2004,2,2,2.3,0,85,2004,4
2004,2,3,2.3,0,85,2005,1
2004,2,4,2.3,0,85,2005,2
2004,2,5,2.3,0,85,2005,3
2004,2,6,2.3,0,85,2005,4
2004,3,1,2.3,0,85,2004,4
2004,3,2,2.3,0,85,2005,1
2004,3,3,2.3,0,85,2005,2
2004,3,4,2.3,0,85,2005,3
2004,3,5,2.3,0,85,2005,4
2004,4,1,2.11764705882353,-0.0588235294117647,85,2005,1
2004,4,2,2.11764705882353,-0.0588235294117647,85,2005,2
2004,4,3,2.11764705882353,-0.0588235294117647,85,2005,3
2004,4,4,2.11764705882353,-0.0588235294117647,85,2005,4
2005,2,1,2.4,0,85,2005,3
2005,2,2,2.4,0,85,2005,4
2005,2,3,2.4,0,85,2006,1
2005,2,4,2.4,0,85,2006,2
2005,2,5,2.4,0,85,2006,3
2005,2,6,2.4,0,85,2006,4
2005,3,1,2.2,0,85,2005,4
2005,3,2,2.2,0,85,2006,1
2005,3,3,2.2,0,85,2006,2
2005,3,4,2.2,0,85,2006,3
2005,3,5,2.2,0,85,2006,4
2005,4,1,2.04117647058824,-0.0588235294117647,85,2006,1
2005,4,2,2.04117647058824,-0.0588235294117647,85,2006,2
2005,4,3,2.04117647058824,-0.0588235294117647,85,2006,3
2005,4,4,2.04117647058824,-0.0588235294117647,85,2006,4
2006,1,1,2.4,0,85,2006,2
2006,1,2,2.4,0,85,2006,3
2006,1,3,2.4,0,85,2006,4
2006,1,4,2.4,0,85,2007,1
2006,1,5,2.4,0,85,2007,2
2006,1,6,2.4,0,85,2007,3
2006,1,7,2.4,0,85,2007,4
2006,2,1,2.2,0,85,2006,3
2006,2,2,2.2,0,85,2006,4
2006,2,3,2.2,0,85,2007,1
2006,2,4,2.2,0,85,2007,2
2006,2,5,2.2,0,85,2007,3
2006,2,6,2.2,0,85,2007,4
2006,3,1,2.2,0,85,2006,4
2006,3,2,2.2,0,85,2007,1
2006,3,3,2.2,0,85,2007,2
2006,3,4,2.2,0,85,2007,3
2006,3,5,2.2,0,85,2007,4
2006,4,1,2.18235294117647,-0.0588235294117647,85,2007,1
2006,4,2,2.18235294117647,-0.0588235294117647,85,2007,2
2006,4,3,2.18235294117647,-0.0588235294117647,85,2007,3
2006,4,4,2.18235294117647,-0.0588235294117647,85,2007,4
2007,1,1,2,0,85,2007,2
2007,1,2,2,0,85,2007,3
2007,1,3,2,0,85,2007,4
2007,1,4,2,0,85,2008,1
2007,1,5,2,0,85,2008,2
2007,1,6,2,0,85,2008,3
2007,1,7,2,0,85,2008,4
2007,2,1,2.3,0,85,2007,3
2007,2,2,2.3,0,85,2007,4
2007,2,3,2.3,0,85,2008,1
2007,2,4,2.3,0,85,2008,2
2007,2,5,2.3,0,85,2008,3
2007,2,6,2.3,0,85,2008,4
2007,3,1,2.4,0,85,2007,4
2007,3,2,2.4,0,85,2008,1
2007,3,3,2.4,0,85,2008,2
2007,3,4,2.4,0,85,2008,3
2007,3,5,2.4,0,85,2008,4
2007,4,1,1.97058823529412,-0.0588235294117647,85,2008,1
2007,4,2,1.97058823529412,-0.0588235294117647,85,2008,2
2007,4,3,1.97058823529412,-0.0588235294117647,85,2008,3
2007,4,4,1.97058823529412,-0.0588235294117647,85,2008,4
2009,1,1,0.6,0,85,2009,2
2009,1,2,0.6,0,85,2009,3
2009,1,3,0.6,0,85,2009,4
2009,1,4,0.6,0,85,2010,1
2009,1,5,0.6,0,85,2010,2
2009,1,6,0.6,0,85,2010,3
2009,1,7,0.6,0,85,2010,4
2009,2,1,-0.1,0,85,2009,3
2009,2,2,-0.1,0,85,2009,4
2009,2,3,-0.1,0,85,2010,1
2009,2,4,-0.1,0,85,2010,2
2009,2,5,-0.1,0,85,2010,3
2009,2,6,-0.1,0,85,2010,4
2009,3,1,-0.3,0,85,2009,4
2009,3,2,-0.3,0,85,2010,1
2009,3,3,-0.3,0,85,2010,2
2009,3,4,-0.3,0,85,2010,3
2009,3,5,-0.3,0,85,2010,4
2010,1,1,1.2,0,85,2010,2
2010,1,2,1.2,0,85,2010,3
2010,1,3,1.2,0,85,2010,4
2010,1,4,1.2,0,85,2011,1
2010,1,5,1.2,0,85,2011,2
2010,1,6,1.2,0,85,2011,3
2010,1,7,1.2,0,85,2011,4
2010,3,1,1,0,85,2010,4
2010,3,2,1,0,85,2011,1
2010,3,3,1,0,85,2011,2
2010,3,4,1,0,85,2011,3
2010,3,5,1,0,85,2011,4
2010,4,1,1.17647058823529,-0.0588235294117647,85,2011,1
2010,4,2,1.17647058823529,-0.0588235294117647,85,2011,2
2010,4,3,1.17647058823529,-0.0588235294117647,85,2011,3
2010,4,4,1.17647058823529,-0.0588235294117647,85,2011,4
2011,1,1,1.8,0,85,2011,2
2011,1,2,1.8,0,85,2011,3
2011,1,3,1.8,0,85,2011,4
2011,1,4,1.8,0,85,2012,1
2011,1,5,1.8,0,85,2012,2
2011,1,6,1.8,0,85,2012,3
2011,1,7,1.8,0,85,2012,4
2011,3,1,1.3,0,85,2011,4
2011,3,2,1.3,0,85,2012,1
2011,3,3,1.3,0,85,2012,2
2011,3,4,1.3,0,85,2012,3
2011,3,5,1.3,0,85,2012,4
2011,4,1,0.958823529411765,-0.0588235294117647,85,2012,1
2011,4,2,0.958823529411765,-0.0588235294117647,85,2012,2
2011,4,3,0.958823529411765,-0.0588235294117647,85,2012,3
2011,4,4,0.958823529411765,-0.0588235294117647,85,2012,4
2012,1,1,0.99,0,85,2012,2
2012,1,2,0.99,0,85,2012,3
2012,1,3,0.99,0,85,2012,4
2012,1,4,0.99,0,85,2013,1
2012,1,5,0.99,0,85,2013,2
2012,1,6,0.99,0,85,2013,3
2012,1,7,0.99,0,85,2013,4
2012,2,1,0.93,0,85,2012,3
2012,2,2,0.93,0,85,2012,4
2012,2,3,0.93,0,85,2013,1
2012,2,4,0.93,0,85,2013,2
2012,2,5,0.93,0,85,2013,3
2012,2,6,0.93,0,85,2013,4
2012,3,1,0.3283018219,0,85,2012,4
2012,3,2,0.3283018219,0,85,2013,1
2012,3,3,0.3283018219,0,85,2013,2
2012,3,4,0.3283018219,0,85,2013,3
2012,3,5,0.3283018219,0,85,2013,4
2012,4,1,0.311761700376471,-0.0588235294117647,85,2013,1
2012,4,2,0.311761700376471,-0.0588235294117647,85,2013,2
2012,4,3,0.311761700376471,-0.0588235294117647,85,2013,3
2012,4,4,0.311761700376471,-0.0588235294117647,85,2013,4
2013,1,1,1.3372631887,0,85,2013,2
2013,1,2,1.3372631887,0,85,2013,3
2013,1,3,1.3372631887,0,85,2013,4
2013,1,4,1.3372631887,0,85,2014,1
2013,1,5,1.3372631887,0,85,2014,2
2013,1,6,1.3372631887,0,85,2014,3
2013,1,7,1.3372631887,0,85,2014,4
2013,2,1,1,0,85,2013,3
2013,2,2,1,0,85,2013,4
2013,2,3,1,0,85,2014,1
2013,2,4,1,0,85,2014,2
2013,2,5,1,0,85,2014,3
2013,2,6,1,0,85,2014,4
2013,3,1,1.0470809387,0,85,2013,4
2013,3,2,1.0470809387,0,85,2014,1
2013,3,3,1.0470809387,0,85,2014,2
2013,3,4,1.0470809387,0,85,2014,3
2013,3,5,1.0470809387,0,85,2014,4
2013,4,1,1.17953518837647,-0.0588235294117647,85,2014,1
2013,4,2,1.17953518837647,-0.0588235294117647,85,2014,2
2013,4,3,1.17953518837647,-0.0588235294117647,85,2014,3
2013,4,4,1.17953518837647,-0.0588235294117647,85,2014,4
2014,1,1,1.8560225051,0,85,2014,2
2014,1,2,1.8560225051,0,85,2014,3
2014,1,3,1.8560225051,0,85,2014,4
2014,1,4,1.8560225051,0,85,2015,1
2014,1,5,1.8560225051,0,85,2015,2
2014,1,6,1.8560225051,0,85,2015,3
2014,1,7,1.8560225051,0,85,2015,4
2014,2,1,1.8516629842,0,85,2014,3
2014,2,2,1.8516629842,0,85,2014,4
2014,2,3,1.8516629842,0,85,2015,1
2014,2,4,1.8516629842,0,85,2015,2
2014,2,5,1.8516629842,0,85,2015,3
2014,2,6,1.8516629842,0,85,2015,4
2014,3,1,1.9384983924,0,85,2014,4
2014,3,2,1.9384983924,0,85,2015,1
2014,3,3,1.9384983924,0,85,2015,2
2014,3,4,1.9384983924,0,85,2015,3
2014,3,5,1.9384983924,0,85,2015,4
2014,4,1,1.32491562047647,-0.0588235294117647,85,2015,1
2014,4,2,1.32491562047647,-0.0588235294117647,85,2015,2
2014,4,3,1.32491562047647,-0.0588235294117647,85,2015,3
2014,4,4,1.32491562047647,-0.0588235294117647,85,2015,4
2015,1,1,2.1514516734,0,85,2015,2
2015,1,2,2.1514516734,0,85,2015,3
2015,1,3,2.1514516734,0,85,2015,4
2015,1,4,2.1514516734,0,85,2016,1
2015,1,5,2.1514516734,0,85,2016,2
2015,1,6,2.1514516734,0,85,2016,3
2015,1,7,2.1514516734,0,85,2016,4
2015,2,1,2.1598439419,0,85,2015,3
2015,2,2,2.1598439419,0,85,2015,4
2015,2,3,2.1598439419,0,85,2016,1
2015,2,4,2.1598439419,0,85,2016,2
2015,2,5,2.1598439419,0,85,2016,3
2015,2,6,2.1598439419,0,85,2016,4
2015,3,1,2.154628566,0,85,2015,4
2015,3,2,2.154628566,0,85,2016,1
2015,3,3,2.154628566,0,85,2016,2
2015,3,4,2.154628566,0,85,2016,3
2015,3,5,2.154628566,0,85,2016,4
2015,4,1,1.87784117647059,-0.0588235294117647,85,2016,1
2015,4,2,1.87784117647059,-0.0588235294117647,85,2016,2
2015,4,3,1.87784117647059,-0.0588235294117647,85,2016,3
2015,4,4,1.87784117647059,-0.0588235294117647,85,2016,4
2016,1,1,1.987,0,85,2016,2
2016,1,2,1.987,0,85,2016,3
2016,1,3,1.987,0,85,2016,4
2016,1,4,1.987,0,85,2017,1
2016,1,5,1.987,0,85,2017,2
2016,1,6,1.987,0,85,2017,3
2016,1,7,1.987,0,85,2017,4
2016,2,1,1.85628,0,85,2016,3
2016,2,2,1.85628,0,85,2016,4
2016,2,3,1.85628,0,85,2017,1
2016,2,4,1.85628,0,85,2017,2
2016,2,5,1.85628,0,85,2017,3
2016,2,6,1.85628,0,85,2017,4
2016,3,1,1.4813532871,0,85,2016,4
2016,3,2,1.4813532871,0,85,2017,1
2016,3,3,1.4813532871,0,85,2017,2
2016,3,4,1.4813532871,0,85,2017,3
2016,3,5,1.4813532871,0,85,2017,4
2016,4,1,1.47892814334118,-0.0588235294117647,85,2017,1
2016,4,2,1.47892814334118,-0.0588235294117647,85,2017,2
2016,4,3,1.47892814334118,-0.0588235294117647,85,2017,3
2016,4,4,1.47892814334118,-0.0588235294117647,85,2017,4
2017,1,1,1.5576043297,0,85,2017,2
2017,1,2,1.5576043297,0,85,2017,3
2017,1,3,1.5576043297,0,85,2017,4
2017,1,4,1.5576043297,0,85,2018,1
2017,1,5,1.5576043297,0,85,2018,2
2017,1,6,1.5576043297,0,85,2018,3
2017,1,7,1.5576043297,0,85,2018,4
2017,2,1,1.6537894142,0,85,2017,3
2017,2,2,1.6537894142,0,85,2017,4
2017,2,3,1.6537894142,0,85,2018,1
2017,2,4,1.6537894142,0,85,2018,2
2017,2,5,1.6537894142,0,85,2018,3
2017,2,6,1.6537894142,0,85,2018,4
2017,3,1,1.6660191464,0,85,2017,4
2017,3,2,1.6660191464,0,85,2018,1
2017,3,3,1.6660191464,0,85,2018,2
2017,3,4,1.6660191464,0,85,2018,3
2017,3,5,1.6660191464,0,85,2018,4
2017,4,1,1.77716617179412,-0.0588235294117647,85,2018,1
2017,4,2,1.77716617179412,-0.0588235294117647,85,2018,2
2017,4,3,1.77716617179412,-0.0588235294117647,85,2018,3
2017,4,4,1.77716617179412,-0.0588235294117647,85,2018,4
2018,1,1,1.7564637786,0,85,2018,2
2018,1,2,1.7564637786,0,85,2018,3
2018,1,3,1.7564637786,0,85,2018,4
2018,1,4,1.7564637786,0,85,2019,1
2018,1,5,1.7564637786,0,85,2019,2
2018,1,6,1.7564637786,0,85,2019,3
2018,1,7,1.7564637786,0,85,2019,4
2018,2,1,1.8065751259,0,85,2018,3
2018,2,2,1.8065751259,0,85,2018,4
2018,2,3,1.8065751259,0,85,2019,1
2018,2,4,1.8065751259,0,85,2019,2
2018,2,5,1.8065751259,0,85,2019,3
2018,2,6,1.8065751259,0,85,2019,4
2018,3,1,1.7444429725,0,85,2018,4
2018,3,2,1.7444429725,0,85,2019,1
2018,3,3,1.7444429725,0,85,2019,2
2018,3,4,1.7444429725,0,85,2019,3
2018,3,5,1.7444429725,0,85,2019,4
2018,4,1,1.66916177408824,-0.0588235294117647,85,2019,1
2018,4,2,1.66916177408824,-0.0588235294117647,85,2019,2
2018,4,3,1.66916177408824,-0.0588235294117647,85,2019,3
2018,4,4,1.66916177408824,-0.0588235294117647,85,2019,4
2019,1,1,1.4242654097,0,85,2019,2
2019,1,2,1.4242654097,0,85,2019,3
2019,1,3,1.4242654097,0,85,2019,4
2019,1,4,1.4242654097,0,85,2020,1
2019,1,5,1.4242654097,0,85,2020,2
2019,1,6,1.4242654097,0,85,2020,3
2019,1,7,1.4242654097,0,85,2020,4
2019,2,1,1.4003308144,0,85,2019,3
2019,2,2,1.4003308144,0,85,2019,4
2019,2,3,1.4003308144,0,85,2020,1
2019,2,4,1.4003308144,0,85,2020,2
2019,2,5,1.4003308144,0,85,2020,3
2019,2,6,1.4003308144,0,85,2020,4
2019,3,1,1.1501297724,0,85,2019,4
2019,3,2,1.1501297724,0,85,2020,1
2019,3,3,1.1501297724,0,85,2020,2
2019,3,4,1.1501297724,0,85,2020,3
2019,3,5,1.1501297724,0,85,2020,4
2019,4,1,0.737107072876471,-0.0588235294117647,85,2020,1
2019,4,2,0.737107072876471,-0.0588235294117647,85,2020,2
2019,4,3,0.737107072876471,-0.0588235294117647,85,2020,3
2019,4,4,0.737107072876471,-0.0588235294117647,85,2020,4
2020,1,1,1.2227161273,0,85,2020,2
2020,1,2,1.2227161273,0,85,2020,3
2020,1,3,1.2227161273,0,85,2020,4
2020,1,4,1.2227161273,0,85,2021,1
2020,1,5,1.2227161273,0,85,2021,2
2020,1,6,1.2227161273,0,85,2021,3
2020,1,7,1.2227161273,0,85,2021,4
2020,3,1,5.7929602476,0,85,2020,4
2020,3,2,5.7929602476,0,85,2021,1
2020,3,3,5.7929602476,0,85,2021,2
2020,3,4,5.7929602476,0,85,2021,3
2020,3,5,5.7929602476,0,85,2021,4
2020,4,1,5.93094117647059,-0.0588235294117647,85,2021,1
2020,4,2,5.93094117647059,-0.0588235294117647,85,2021,2
2020,4,3,5.93094117647059,-0.0588235294117647,85,2021,3
2020,4,4,5.93094117647059,-0.0588235294117647,85,2021,4
2021,1,1,4.4161748663,0,85,2021,2
2021,1,2,4.4161748663,0,85,2021,3
2021,1,3,4.4161748663,0,85,2021,4
2021,1,4,4.4161748663,0,85,2022,1
2021,1,5,4.4161748663,0,85,2022,2
2021,1,6,4.4161748663,0,85,2022,3
2021,1,7,4.4161748663,0,85,2022,4
2021,2,1,4.8552699774,0,85,2021,3
2021,2,2,4.8552699774,0,85,2021,4
2021,2,3,4.8552699774,0,85,2022,1
2021,2,4,4.8552699774,0,85,2022,2
2021,2,5,4.8552699774,0,85,2022,3
2021,2,6,4.8552699774,0,85,2022,4
2021,3,1,4.9582537981,0,85,2021,4
2021,3,2,4.9582537981,0,85,2022,1
2021,3,3,4.9582537981,0,85,2022,2
2021,3,4,4.9582537981,0,85,2022,3
2021,3,5,4.9582537981,0,85,2022,4
2021,4,1,4.51447988235294,-0.0588235294117647,85,2022,1
2021,4,2,4.51447988235294,-0.0588235294117647,85,2022,2
2021,4,3,4.51447988235294,-0.0588235294117647,85,2022,3
2021,4,4,4.51447988235294,-0.0588235294117647,85,2022,4
2022,1,1,2.7377678456,0,85,2022,2
2022,1,2,2.7377678456,0,85,2022,3
2022,1,3,2.7377678456,0,85,2022,4
2022,1,4,2.7377678456,0,85,2023,1
2022,1,5,2.7377678456,0,85,2023,2
2022,1,6,2.7377678456,0,85,2023,3
2022,1,7,2.7377678456,0,85,2023,4
2022,2,1,1.7637979342,0,85,2022,3
2022,2,2,1.7637979342,0,85,2022,4
2022,2,3,1.7637979342,0,85,2023,1
2022,2,4,1.7637979342,0,85,2023,2
2022,2,5,1.7637979342,0,85,2023,3
2022,2,6,1.7637979342,0,85,2023,4
2022,3,1,0.5519825779,0,85,2022,4
2022,3,2,0.5519825779,0,85,2023,1
2022,3,3,0.5519825779,0,85,2023,2
2022,3,4,0.5519825779,0,85,2023,3
2022,3,5,0.5519825779,0,85,2023,4
2022,4,1,-0.312571797058824,-0.0588235294117647,85,2023,1
2022,4,2,-0.312571797058824,-0.0588235294117647,85,2023,2
2022,4,3,-0.312571797058824,-0.0588235294117647,85,2023,3
2022,4,4,-0.312571797058824,-0.0588235294117647,85,2023,4
2023,1,1,1.95969138,0,85,2023,2
2023,1,2,1.95969138,0,85,2023,3
2023,1,3,1.95969138,0,85,2023,4
2023,1,4,1.95969138,0,85,2024,1
2023,1,5,1.95969138,0,85,2024,2
2023,1,6,1.95969138,0,85,2024,3
2023,1,7,1.95969138,0,85,2024,4
2023,3,1,1.31442676,0,85,2023,4
2023,3,2,1.31442676,0,85,2024,1
2023,3,3,1.31442676,0,85,2024,2
2023,3,4,1.31442676,0,85,2024,3
2023,3,5,1.31442676,0,85,2024,4
2023,4,1,1.05267349588235,-0.0588235294117647,85,2024,1
2023,4,2,1.05267349588235,-0.0588235294117647,85,2024,2
2023,4,3,1.05267349588235,-0.0588235294117647,85,2024,3
2023,4,4,1.05267349588235,-0.0588235294117647,85,2024,4
2024,1,1,1.69490122,0,85,2024,2
2024,1,2,1.69490122,0,85,2024,3
2024,1,3,1.69490122,0,85,2024,4
2024,1,4,1.69490122,0,85,2025,1
2024,1,5,1.69490122,0,85,2025,2
2024,1,6,1.69490122,0,85,2025,3
2024,1,7,1.69490122,0,85,2025,4
2024,2,1,1.44825165,0,85,2024,3
2024,2,2,1.44825165,0,85,2024,4
2024,2,3,1.44825165,0,85,2025,1
2024,2,4,1.44825165,0,85,2025,2
2024,2,5,1.44825165,0,85,2025,3
2024,2,6,1.44825165,0,85,2025,4
2024,4,1,1.38697974764706,-0.0588235294117647,85,2025,1
2024,4,2,1.38697974764706,-0.0588235294117647,85,2025,2
2024,4,3,1.38697974764706,-0.0588235294117647,85,2025,3
2024,4,4,1.38697974764706,-0.0588235294117647,85,2025,4
2001,1,1,3,0,87,2001,2
2001,1,2,3,0,87,2001,3
2001,1,3,3,0,87,2001,4
2001,1,4,3,0,87,2002,1
2001,1,5,3,0,87,2002,2
2001,1,6,3,0,87,2002,3
2001,1,7,3,0,87,2002,4
2001,2,1,2.8,0,87,2001,3
2001,2,2,2.8,0,87,2001,4
2001,2,3,2.8,0,87,2002,1
2001,2,4,2.8,0,87,2002,2
2001,2,5,2.8,0,87,2002,3
2001,2,6,2.8,0,87,2002,4
2001,3,1,2.3,0,87,2001,4
2001,3,2,2.3,0,87,2002,1
2001,3,3,2.3,0,87,2002,2
2001,3,4,2.3,0,87,2002,3
2001,3,5,2.3,0,87,2002,4
2001,4,1,1.5,-0.0588235294117647,87,2002,1
2001,4,2,1.5,-0.0588235294117647,87,2002,2
2001,4,3,1.5,-0.0588235294117647,87,2002,3
2001,4,4,1.5,-0.0588235294117647,87,2002,4
2002,1,1,2.8,0,87,2002,2
2002,1,2,2.8,0,87,2002,3
2002,1,3,2.8,0,87,2002,4
2002,1,4,2.8,0,87,2003,1
2002,1,5,2.8,0,87,2003,2
2002,1,6,2.8,0,87,2003,3
2002,1,7,2.8,0,87,2003,4
2002,2,1,2.8,0,87,2002,3
2002,2,2,2.8,0,87,2002,4
2002,2,3,2.8,0,87,2003,1
2002,2,4,2.8,0,87,2003,2
2002,2,5,2.8,0,87,2003,3
2002,2,6,2.8,0,87,2003,4
2002,3,1,3.19,0,87,2002,4
2002,3,2,3.19,0,87,2003,1
2002,3,3,3.19,0,87,2003,2
2002,3,4,3.19,0,87,2003,3
2002,3,5,3.19,0,87,2003,4
2002,4,1,1.96470588235294,-0.0588235294117647,87,2003,1
2002,4,2,1.96470588235294,-0.0588235294117647,87,2003,2
2002,4,3,1.96470588235294,-0.0588235294117647,87,2003,3
2002,4,4,1.96470588235294,-0.0588235294117647,87,2003,4
2003,1,1,2.3,0,87,2003,2
2003,1,2,2.3,0,87,2003,3
2003,1,3,2.3,0,87,2003,4
2003,1,4,2.3,0,87,2004,1
2003,1,5,2.3,0,87,2004,2
2003,1,6,2.3,0,87,2004,3
2003,1,7,2.3,0,87,2004,4
2003,2,1,2.1,0,87,2003,3
2003,2,2,2.1,0,87,2003,4
2003,2,3,2.1,0,87,2004,1
2003,2,4,2.1,0,87,2004,2
2003,2,5,2.1,0,87,2004,3
2003,2,6,2.1,0,87,2004,4
2003,3,1,1.9,0,87,2003,4
2003,3,2,1.9,0,87,2004,1
2003,3,3,1.9,0,87,2004,2
2003,3,4,1.9,0,87,2004,3
2003,3,5,1.9,0,87,2004,4
2001,1,1,2.8,0,89,2001,2
2001,1,2,2.8,0,89,2001,3
2001,1,3,2.8,0,89,2001,4
2001,1,4,2.8,0,89,2002,1
2001,1,5,2.8,0,89,2002,2
2001,1,6,2.8,0,89,2002,3
2001,1,7,2.8,0,89,2002,4
2001,2,1,2.7,0,89,2001,3
2001,2,2,2.7,0,89,2001,4
2001,2,3,2.7,0,89,2002,1
2001,2,4,2.7,0,89,2002,2
2001,2,5,2.7,0,89,2002,3
2001,2,6,2.7,0,89,2002,4
2001,3,1,2.6,0,89,2001,4
2001,3,2,2.6,0,89,2002,1
2001,3,3,2.6,0,89,2002,2
2001,3,4,2.6,0,89,2002,3
2001,3,5,2.6,0,89,2002,4
2001,4,1,1.59411764705882,-0.0588235294117647,89,2002,1
2001,4,2,1.59411764705882,-0.0588235294117647,89,2002,2
2001,4,3,1.59411764705882,-0.0588235294117647,89,2002,3
2001,4,4,1.59411764705882,-0.0588235294117647,89,2002,4
2002,1,1,2.2,0,89,2002,2
2002,1,2,2.2,0,89,2002,3
2002,1,3,2.2,0,89,2002,4
2002,1,4,2.2,0,89,2003,1
2002,1,5,2.2,0,89,2003,2
2002,1,6,2.2,0,89,2003,3
2002,1,7,2.2,0,89,2003,4
2002,2,1,2.4,0,89,2002,3
2002,2,2,2.4,0,89,2002,4
2002,2,3,2.4,0,89,2003,1
2002,2,4,2.4,0,89,2003,2
2002,2,5,2.4,0,89,2003,3
2002,2,6,2.4,0,89,2003,4
2002,3,1,2.4,0,89,2002,4
2002,3,2,2.4,0,89,2003,1
2002,3,3,2.4,0,89,2003,2
2002,3,4,2.4,0,89,2003,3
2002,3,5,2.4,0,89,2003,4
2002,4,1,2.07058823529412,-0.0588235294117647,89,2003,1
2002,4,2,2.07058823529412,-0.0588235294117647,89,2003,2
2002,4,3,2.07058823529412,-0.0588235294117647,89,2003,3
2002,4,4,2.07058823529412,-0.0588235294117647,89,2003,4
2003,1,1,2.4,0,89,2003,2
2003,1,2,2.4,0,89,2003,3
2003,1,3,2.4,0,89,2003,4
2003,1,4,2.4,0,89,2004,1
2003,1,5,2.4,0,89,2004,2
2003,1,6,2.4,0,89,2004,3
2003,1,7,2.4,0,89,2004,4
2003,2,1,2.2,0,89,2003,3
2003,2,2,2.2,0,89,2003,4
2003,2,3,2.2,0,89,2004,1
2003,2,4,2.2,0,89,2004,2
2003,2,5,2.2,0,89,2004,3
2003,2,6,2.2,0,89,2004,4
2003,3,1,2.2,0,89,2003,4
2003,3,2,2.2,0,89,2004,1
2003,3,3,2.2,0,89,2004,2
2003,3,4,2.2,0,89,2004,3
2003,3,5,2.2,0,89,2004,4
2003,4,1,1.98235294117647,-0.0588235294117647,89,2004,1
2003,4,2,1.98235294117647,-0.0588235294117647,89,2004,2
2003,4,3,1.98235294117647,-0.0588235294117647,89,2004,3
2003,4,4,1.98235294117647,-0.0588235294117647,89,2004,4
2004,1,1,2.2,0,89,2004,2
2004,1,2,2.2,0,89,2004,3
2004,1,3,2.2,0,89,2004,4
2004,1,4,2.2,0,89,2005,1
2004,1,5,2.2,0,89,2005,2
2004,1,6,2.2,0,89,2005,3
2004,1,7,2.2,0,89,2005,4
2004,2,1,2.2,0,89,2004,3
2004,2,2,2.2,0,89,2004,4
2004,2,3,2.2,0,89,2005,1
2004,2,4,2.2,0,89,2005,2
2004,2,5,2.2,0,89,2005,3
2004,2,6,2.2,0,89,2005,4
2004,3,1,2.2,0,89,2004,4
2004,3,2,2.2,0,89,2005,1
2004,3,3,2.2,0,89,2005,2
2004,3,4,2.2,0,89,2005,3
2004,3,5,2.2,0,89,2005,4
2004,4,1,2.00588235294118,-0.0588235294117647,89,2005,1
2004,4,2,2.00588235294118,-0.0588235294117647,89,2005,2
2004,4,3,2.00588235294118,-0.0588235294117647,89,2005,3
2004,4,4,2.00588235294118,-0.0588235294117647,89,2005,4
2005,1,1,2.1,0,89,2005,2
2005,1,2,2.1,0,89,2005,3
2005,1,3,2.1,0,89,2005,4
2005,1,4,2.1,0,89,2006,1
2005,1,5,2.1,0,89,2006,2
2005,1,6,2.1,0,89,2006,3
2005,1,7,2.1,0,89,2006,4
2005,2,1,2,0,89,2005,3
2005,2,2,2,0,89,2005,4
2005,2,3,2,0,89,2006,1
2005,2,4,2,0,89,2006,2
2005,2,5,2,0,89,2006,3
2005,2,6,2,0,89,2006,4
2005,3,1,1.8,0,89,2005,4
2005,3,2,1.8,0,89,2006,1
2005,3,3,1.8,0,89,2006,2
2005,3,4,1.8,0,89,2006,3
2005,3,5,1.8,0,89,2006,4
2005,4,1,1.72352941176471,-0.0588235294117647,89,2006,1
2005,4,2,1.72352941176471,-0.0588235294117647,89,2006,2
2005,4,3,1.72352941176471,-0.0588235294117647,89,2006,3
2005,4,4,1.72352941176471,-0.0588235294117647,89,2006,4
2006,1,1,2,0,89,2006,2
2006,1,2,2,0,89,2006,3
2006,1,3,2,0,89,2006,4
2006,1,4,2,0,89,2007,1
2006,1,5,2,0,89,2007,2
2006,1,6,2,0,89,2007,3
2006,1,7,2,0,89,2007,4
2006,2,1,2,0,89,2006,3
2006,2,2,2,0,89,2006,4
2006,2,3,2,0,89,2007,1
2006,2,4,2,0,89,2007,2
2006,2,5,2,0,89,2007,3
2006,2,6,2,0,89,2007,4
2006,3,1,1.9,0,89,2006,4
2006,3,2,1.9,0,89,2007,1
2006,3,3,1.9,0,89,2007,2
2006,3,4,1.9,0,89,2007,3
2006,3,5,1.9,0,89,2007,4
2006,4,1,1.75882352941177,-0.0588235294117647,89,2007,1
2006,4,2,1.75882352941177,-0.0588235294117647,89,2007,2
2006,4,3,1.75882352941177,-0.0588235294117647,89,2007,3
2006,4,4,1.75882352941177,-0.0588235294117647,89,2007,4
2007,1,1,2,0,89,2007,2
2007,1,2,2,0,89,2007,3
2007,1,3,2,0,89,2007,4
2007,1,4,2,0,89,2008,1
2007,1,5,2,0,89,2008,2
2007,1,6,2,0,89,2008,3
2007,1,7,2,0,89,2008,4
2007,3,1,2.4,0,89,2007,4
2007,3,2,2.4,0,89,2008,1
2007,3,3,2.4,0,89,2008,2
2007,3,4,2.4,0,89,2008,3
2007,3,5,2.4,0,89,2008,4
2007,4,1,2.05160350144215,-0.0588235294117647,89,2008,1
2007,4,2,2.05160350144215,-0.0588235294117647,89,2008,2
2007,4,3,2.05160350144215,-0.0588235294117647,89,2008,3
2007,4,4,2.05160350144215,-0.0588235294117647,89,2008,4
2008,1,1,2.2,0,89,2008,2
2008,1,2,2.2,0,89,2008,3
2008,1,3,2.2,0,89,2008,4
2008,1,4,2.2,0,89,2009,1
2008,1,5,2.2,0,89,2009,2
2008,1,6,2.2,0,89,2009,3
2008,1,7,2.2,0,89,2009,4
2008,2,1,1.4,0,89,2008,3
2008,2,2,1.4,0,89,2008,4
2008,2,3,1.4,0,89,2009,1
2008,2,4,1.4,0,89,2009,2
2008,2,5,1.4,0,89,2009,3
2008,2,6,1.4,0,89,2009,4
2008,3,1,1.4,0,89,2008,4
2008,3,2,1.4,0,89,2009,1
2008,3,3,1.4,0,89,2009,2
2008,3,4,1.4,0,89,2009,3
2008,3,5,1.4,0,89,2009,4
2008,4,1,0.147058823529412,-0.0588235294117647,89,2009,1
2008,4,2,0.147058823529412,-0.0588235294117647,89,2009,2
2008,4,3,0.147058823529412,-0.0588235294117647,89,2009,3
2008,4,4,0.147058823529412,-0.0588235294117647,89,2009,4
2009,1,1,1.1,0,89,2009,2
2009,1,2,1.1,0,89,2009,3
2009,1,3,1.1,0,89,2009,4
2009,1,4,1.1,0,89,2010,1
2009,1,5,1.1,0,89,2010,2
2009,1,6,1.1,0,89,2010,3
2009,1,7,1.1,0,89,2010,4
2009,3,1,0.5,0,89,2009,4
2009,3,2,0.5,0,89,2010,1
2009,3,3,0.5,0,89,2010,2
2009,3,4,0.5,0,89,2010,3
2009,3,5,0.5,0,89,2010,4
2009,4,1,1.02941176470588,-0.0588235294117647,89,2010,1
2009,4,2,1.02941176470588,-0.0588235294117647,89,2010,2
2009,4,3,1.02941176470588,-0.0588235294117647,89,2010,3
2009,4,4,1.02941176470588,-0.0588235294117647,89,2010,4
2010,1,1,1.9,0,89,2010,2
2010,1,2,1.9,0,89,2010,3
2010,1,3,1.9,0,89,2010,4
2010,1,4,1.9,0,89,2011,1
2010,1,5,1.9,0,89,2011,2
2010,1,6,1.9,0,89,2011,3
2010,1,7,1.9,0,89,2011,4
2010,2,1,1.5,0,89,2010,3
2010,2,2,1.5,0,89,2010,4
2010,2,3,1.5,0,89,2011,1
2010,2,4,1.5,0,89,2011,2
2010,2,5,1.5,0,89,2011,3
2010,2,6,1.5,0,89,2011,4
2010,3,1,1.5,0,89,2010,4
2010,3,2,1.5,0,89,2011,1
2010,3,3,1.5,0,89,2011,2
2010,3,4,1.5,0,89,2011,3
2010,3,5,1.5,0,89,2011,4
2010,4,1,1.71176470588235,-0.0588235294117647,89,2011,1
2010,4,2,1.71176470588235,-0.0588235294117647,89,2011,2
2010,4,3,1.71176470588235,-0.0588235294117647,89,2011,3
2010,4,4,1.71176470588235,-0.0588235294117647,89,2011,4
2011,1,1,1.9,0,89,2011,2
2011,1,2,1.9,0,89,2011,3
2011,1,3,1.9,0,89,2011,4
2011,1,4,1.9,0,89,2012,1
2011,1,5,1.9,0,89,2012,2
2011,1,6,1.9,0,89,2012,3
2011,1,7,1.9,0,89,2012,4
2011,2,1,1.8,0,89,2011,3
2011,2,2,1.8,0,89,2011,4
2011,2,3,1.8,0,89,2012,1
2011,2,4,1.8,0,89,2012,2
2011,2,5,1.8,0,89,2012,3
2011,2,6,1.8,0,89,2012,4
2011,3,1,1.8,0,89,2011,4
2011,3,2,1.8,0,89,2012,1
2011,3,3,1.8,0,89,2012,2
2011,3,4,1.8,0,89,2012,3
2011,3,5,1.8,0,89,2012,4
2011,4,1,1.28235294117647,-0.0588235294117647,89,2012,1
2011,4,2,1.28235294117647,-0.0588235294117647,89,2012,2
2011,4,3,1.28235294117647,-0.0588235294117647,89,2012,3
2011,4,4,1.28235294117647,-0.0588235294117647,89,2012,4
2012,1,1,0.9,0,89,2012,2
2012,1,2,0.9,0,89,2012,3
2012,1,3,0.9,0,89,2012,4
2012,1,4,0.9,0,89,2013,1
2012,1,5,0.9,0,89,2013,2
2012,1,6,0.9,0,89,2013,3
2012,1,7,0.9,0,89,2013,4
2012,2,1,0.9,0,89,2012,3
2012,2,2,0.9,0,89,2012,4
2012,2,3,0.9,0,89,2013,1
2012,2,4,0.9,0,89,2013,2
2012,2,5,0.9,0,89,2013,3
2012,2,6,0.9,0,89,2013,4
2012,3,1,0.4,0,89,2012,4
2012,3,2,0.4,0,89,2013,1
2012,3,3,0.4,0,89,2013,2
2012,3,4,0.4,0,89,2013,3
2012,3,5,0.4,0,89,2013,4
2012,4,1,0.347058823529412,-0.0588235294117647,89,2013,1
2012,4,2,0.347058823529412,-0.0588235294117647,89,2013,2
2012,4,3,0.347058823529412,-0.0588235294117647,89,2013,3
2012,4,4,0.347058823529412,-0.0588235294117647,89,2013,4
2013,1,1,1.4,0,89,2013,2
2013,1,2,1.4,0,89,2013,3
2013,1,3,1.4,0,89,2013,4
2013,1,4,1.4,0,89,2014,1
2013,1,5,1.4,0,89,2014,2
2013,1,6,1.4,0,89,2014,3
2013,1,7,1.4,0,89,2014,4
2013,2,1,1,0,89,2013,3
2013,2,2,1,0,89,2013,4
2013,2,3,1,0,89,2014,1
2013,2,4,1,0,89,2014,2
2013,2,5,1,0,89,2014,3
2013,2,6,1,0,89,2014,4
2013,3,1,1,0,89,2013,4
2013,3,2,1,0,89,2014,1
2013,3,3,1,0,89,2014,2
2013,3,4,1,0,89,2014,3
2013,3,5,1,0,89,2014,4
2013,4,1,1.08235294117647,-0.0588235294117647,89,2014,1
2013,4,2,1.08235294117647,-0.0588235294117647,89,2014,2
2013,4,3,1.08235294117647,-0.0588235294117647,89,2014,3
2013,4,4,1.08235294117647,-0.0588235294117647,89,2014,4
2014,1,1,1.5,0,89,2014,2
2014,1,2,1.5,0,89,2014,3
2014,1,3,1.5,0,89,2014,4
2014,1,4,1.5,0,89,2015,1
2014,1,5,1.5,0,89,2015,2
2014,1,6,1.5,0,89,2015,3
2014,1,7,1.5,0,89,2015,4
2014,2,1,1.5,0,89,2014,3
2014,2,2,1.5,0,89,2014,4
2014,2,3,1.5,0,89,2015,1
2014,2,4,1.5,0,89,2015,2
2014,2,5,1.5,0,89,2015,3
2014,2,6,1.5,0,89,2015,4
2014,3,1,1.5,0,89,2014,4
2014,3,2,1.5,0,89,2015,1
2014,3,3,1.5,0,89,2015,2
2014,3,4,1.5,0,89,2015,3
2014,3,5,1.5,0,89,2015,4
2014,4,1,1.43529411764706,-0.0588235294117647,89,2015,1
2014,4,2,1.43529411764706,-0.0588235294117647,89,2015,2
2014,4,3,1.43529411764706,-0.0588235294117647,89,2015,3
2014,4,4,1.43529411764706,-0.0588235294117647,89,2015,4
2015,1,1,1.8,0,89,2015,2
2015,1,2,1.8,0,89,2015,3
2015,1,3,1.8,0,89,2015,4
2015,1,4,1.8,0,89,2016,1
2015,1,5,1.8,0,89,2016,2
2015,1,6,1.8,0,89,2016,3
2015,1,7,1.8,0,89,2016,4
2015,2,1,1.8,0,89,2015,3
2015,2,2,1.8,0,89,2015,4
2015,2,3,1.8,0,89,2016,1
2015,2,4,1.8,0,89,2016,2
2015,2,5,1.8,0,89,2016,3
2015,2,6,1.8,0,89,2016,4
2015,3,1,1.8,0,89,2015,4
2015,3,2,1.8,0,89,2016,1
2015,3,3,1.8,0,89,2016,2
2015,3,4,1.8,0,89,2016,3
2015,3,5,1.8,0,89,2016,4
2015,4,1,1.81764705882353,-0.0588235294117647,89,2016,1
2015,4,2,1.81764705882353,-0.0588235294117647,89,2016,2
2015,4,3,1.81764705882353,-0.0588235294117647,89,2016,3
2015,4,4,1.81764705882353,-0.0588235294117647,89,2016,4
2016,1,1,1.7,0,89,2016,2
2016,1,2,1.7,0,89,2016,3
2016,1,3,1.7,0,89,2016,4
2016,1,4,1.7,0,89,2017,1
2016,1,5,1.7,0,89,2017,2
2016,1,6,1.7,0,89,2017,3
2016,1,7,1.7,0,89,2017,4
2016,2,1,1.70166,0,89,2016,3
2016,2,2,1.70166,0,89,2016,4
2016,2,3,1.70166,0,89,2017,1
2016,2,4,1.70166,0,89,2017,2
2016,2,5,1.70166,0,89,2017,3
2016,2,6,1.70166,0,89,2017,4
2016,3,1,1.288,0,89,2016,4
2016,3,2,1.288,0,89,2017,1
2016,3,3,1.288,0,89,2017,2
2016,3,4,1.288,0,89,2017,3
2016,3,5,1.288,0,89,2017,4
2016,4,1,1.29,-0.0588235294117647,89,2017,1
2016,4,2,1.29,-0.0588235294117647,89,2017,2
2016,4,3,1.29,-0.0588235294117647,89,2017,3
2016,4,4,1.29,-0.0588235294117647,89,2017,4
2017,1,1,1.6,0,89,2017,2
2017,1,2,1.6,0,89,2017,3
2017,1,3,1.6,0,89,2017,4
2017,1,4,1.6,0,89,2018,1
2017,1,5,1.6,0,89,2018,2
2017,1,6,1.6,0,89,2018,3
2017,1,7,1.6,0,89,2018,4
2017,2,1,1.6970452515,0,89,2017,3
2017,2,2,1.6970452515,0,89,2017,4
2017,2,3,1.6970452515,0,89,2018,1
2017,2,4,1.6970452515,0,89,2018,2
2017,2,5,1.6970452515,0,89,2018,3
2017,2,6,1.6970452515,0,89,2018,4
2017,3,1,1.7832129987,0,89,2017,4
2017,3,2,1.7832129987,0,89,2018,1
2017,3,3,1.7832129987,0,89,2018,2
2017,3,4,1.7832129987,0,89,2018,3
2017,3,5,1.7832129987,0,89,2018,4
2017,4,1,1.95671928476471,-0.0588235294117647,89,2018,1
2017,4,2,1.95671928476471,-0.0588235294117647,89,2018,2
2017,4,3,1.95671928476471,-0.0588235294117647,89,2018,3
2017,4,4,1.95671928476471,-0.0588235294117647,89,2018,4
2018,1,1,2.1783189471,0,89,2018,2
2018,1,2,2.1783189471,0,89,2018,3
2018,1,3,2.1783189471,0,89,2018,4
2018,1,4,2.1783189471,0,89,2019,1
2018,1,5,2.1783189471,0,89,2019,2
2018,1,6,2.1783189471,0,89,2019,3
2018,1,7,2.1783189471,0,89,2019,4
2018,2,1,2.0154010449,0,89,2018,3
2018,2,2,2.0154010449,0,89,2018,4
2018,2,3,2.0154010449,0,89,2019,1
2018,2,4,2.0154010449,0,89,2019,2
2018,2,5,2.0154010449,0,89,2019,3
2018,2,6,2.0154010449,0,89,2019,4
2018,3,1,2,0,89,2018,4
2018,3,2,2,0,89,2019,1
2018,3,3,2,0,89,2019,2
2018,3,4,2,0,89,2019,3
2018,3,5,2,0,89,2019,4
2018,4,1,1.88823529411765,-0.0588235294117647,89,2019,1
2018,4,2,1.88823529411765,-0.0588235294117647,89,2019,2
2018,4,3,1.88823529411765,-0.0588235294117647,89,2019,3
2018,4,4,1.88823529411765,-0.0588235294117647,89,2019,4
2019,1,1,1.7,0,89,2019,2
2019,1,2,1.7,0,89,2019,3
2019,1,3,1.7,0,89,2019,4
2019,1,4,1.7,0,89,2020,1
2019,1,5,1.7,0,89,2020,2
2019,1,6,1.7,0,89,2020,3
2019,1,7,1.7,0,89,2020,4
2019,2,1,1.5,0,89,2019,3
2019,2,2,1.5,0,89,2019,4
2019,2,3,1.5,0,89,2020,1
2019,2,4,1.5,0,89,2020,2
2019,2,5,1.5,0,89,2020,3
2019,2,6,1.5,0,89,2020,4
2019,3,1,1.5269067245,0,89,2019,4
2019,3,2,1.5269067245,0,89,2020,1
2019,3,3,1.5269067245,0,89,2020,2
2019,3,4,1.5269067245,0,89,2020,3
2019,3,5,1.5269067245,0,89,2020,4
2019,4,1,1.10588235294118,-0.0588235294117647,89,2020,1
2019,4,2,1.10588235294118,-0.0588235294117647,89,2020,2
2019,4,3,1.10588235294118,-0.0588235294117647,89,2020,3
2019,4,4,1.10588235294118,-0.0588235294117647,89,2020,4
2020,1,1,1.2871678477,0,89,2020,2
2020,1,2,1.2871678477,0,89,2020,3
2020,1,3,1.2871678477,0,89,2020,4
2020,1,4,1.2871678477,0,89,2021,1
2020,1,5,1.2871678477,0,89,2021,2
2020,1,6,1.2871678477,0,89,2021,3
2020,1,7,1.2871678477,0,89,2021,4
2020,2,1,4.4,0,89,2020,3
2020,2,2,4.4,0,89,2020,4
2020,2,3,4.4,0,89,2021,1
2020,2,4,4.4,0,89,2021,2
2020,2,5,4.4,0,89,2021,3
2020,2,6,4.4,0,89,2021,4
2020,3,1,8.4,0,89,2020,4
2020,3,2,8.4,0,89,2021,1
2020,3,3,8.4,0,89,2021,2
2020,3,4,8.4,0,89,2021,3
2020,3,5,8.4,0,89,2021,4
2020,4,1,7.47058823529412,-0.0588235294117647,89,2021,1
2020,4,2,7.47058823529412,-0.0588235294117647,89,2021,2
2020,4,3,7.47058823529412,-0.0588235294117647,89,2021,3
2020,4,4,7.47058823529412,-0.0588235294117647,89,2021,4
2021,1,1,2.6871296462,0,89,2021,2
2021,1,2,2.6871296462,0,89,2021,3
2021,1,3,2.6871296462,0,89,2021,4
2021,1,4,2.6871296462,0,89,2022,1
2021,1,5,2.6871296462,0,89,2022,2
2021,1,6,2.6871296462,0,89,2022,3
2021,1,7,2.6871296462,0,89,2022,4
2021,2,1,3.33,0,89,2021,3
2021,2,2,3.33,0,89,2021,4
2021,2,3,3.33,0,89,2022,1
2021,2,4,3.33,0,89,2022,2
2021,2,5,3.33,0,89,2022,3
2021,2,6,3.33,0,89,2022,4
2021,3,1,4.1,0,89,2021,4
2021,3,2,4.1,0,89,2022,1
2021,3,3,4.1,0,89,2022,2
2021,3,4,4.1,0,89,2022,3
2021,3,5,4.1,0,89,2022,4
2021,4,1,4.97647058823529,-0.0588235294117647,89,2022,1
2021,4,2,4.97647058823529,-0.0588235294117647,89,2022,2
2021,4,3,4.97647058823529,-0.0588235294117647,89,2022,3
2021,4,4,4.97647058823529,-0.0588235294117647,89,2022,4
2022,1,1,2.8,0,89,2022,2
2022,1,2,2.8,0,89,2022,3
2022,1,3,2.8,0,89,2022,4
2022,1,4,2.8,0,89,2023,1
2022,1,5,2.8,0,89,2023,2
2022,1,6,2.8,0,89,2023,3
2022,1,7,2.8,0,89,2023,4
2022,2,1,3.1,0,89,2022,3
2022,2,2,3.1,0,89,2022,4
2022,2,3,3.1,0,89,2023,1
2022,2,4,3.1,0,89,2023,2
2022,2,5,3.1,0,89,2023,3
2022,2,6,3.1,0,89,2023,4
2022,3,1,1.7,0,89,2022,4
2022,3,2,1.7,0,89,2023,1
2022,3,3,1.7,0,89,2023,2
2022,3,4,1.7,0,89,2023,3
2022,3,5,1.7,0,89,2023,4
2022,4,1,0.0294117647058824,-0.0588235294117647,89,2023,1
2022,4,2,0.0294117647058824,-0.0588235294117647,89,2023,2
2022,4,3,0.0294117647058824,-0.0588235294117647,89,2023,3
2022,4,4,0.0294117647058824,-0.0588235294117647,89,2023,4
2023,1,1,1.6,0,89,2023,2
2023,1,2,1.6,0,89,2023,3
2023,1,3,1.6,0,89,2023,4
2023,1,4,1.6,0,89,2024,1
2023,1,5,1.6,0,89,2024,2
2023,1,6,1.6,0,89,2024,3
2023,1,7,1.6,0,89,2024,4
2023,3,1,1.3,0,89,2023,4
2023,3,2,1.3,0,89,2024,1
2023,3,3,1.3,0,89,2024,2
2023,3,4,1.3,0,89,2024,3
2023,3,5,1.3,0,89,2024,4
2023,4,1,0.711764705882353,-0.0588235294117647,89,2024,1
2023,4,2,0.711764705882353,-0.0588235294117647,89,2024,2
2023,4,3,0.711764705882353,-0.0588235294117647,89,2024,3
2023,4,4,0.711764705882353,-0.0588235294117647,89,2024,4
2024,1,1,1.6,0,89,2024,2
2024,1,2,1.6,0,89,2024,3
2024,1,3,1.6,0,89,2024,4
2024,1,4,1.6,0,89,2025,1
2024,1,5,1.6,0,89,2025,2
2024,1,6,1.6,0,89,2025,3
2024,1,7,1.6,0,89,2025,4
2024,2,1,1.65,0,89,2024,3
2024,2,2,1.65,0,89,2024,4
2024,2,3,1.65,0,89,2025,1
2024,2,4,1.65,0,89,2025,2
2024,2,5,1.65,0,89,2025,3
2024,2,6,1.65,0,89,2025,4
2024,3,1,1.7,0,89,2024,4
2024,3,2,1.7,0,89,2025,1
2024,3,3,1.7,0,89,2025,2
2024,3,4,1.7,0,89,2025,3
2024,3,5,1.7,0,89,2025,4
2024,4,1,1.33294117647059,-0.0588235294117647,89,2025,1
2024,4,2,1.33294117647059,-0.0588235294117647,89,2025,2
2024,4,3,1.33294117647059,-0.0588235294117647,89,2025,3
2024,4,4,1.33294117647059,-0.0588235294117647,89,2025,4
2001,1,1,2.8,0,90,2001,2
2001,1,2,2.8,0,90,2001,3
2001,1,3,2.8,0,90,2001,4
2001,1,4,2.8,0,90,2002,1
2001,1,5,2.8,0,90,2002,2
2001,1,6,2.8,0,90,2002,3
2001,1,7,2.8,0,90,2002,4
2001,2,1,2.8,0,90,2001,3
2001,2,2,2.8,0,90,2001,4
2001,2,3,2.8,0,90,2002,1
2001,2,4,2.8,0,90,2002,2
2001,2,5,2.8,0,90,2002,3
2001,2,6,2.8,0,90,2002,4
2001,3,1,2.6,0,90,2001,4
2001,3,2,2.6,0,90,2002,1
2001,3,3,2.6,0,90,2002,2
2001,3,4,2.6,0,90,2002,3
2001,3,5,2.6,0,90,2002,4
2001,4,1,1.91176470588235,-0.0588235294117647,90,2002,1
2001,4,2,1.91176470588235,-0.0588235294117647,90,2002,2
2001,4,3,1.91176470588235,-0.0588235294117647,90,2002,3
2001,4,4,1.91176470588235,-0.0588235294117647,90,2002,4
2002,1,1,2.9,0,90,2002,2
2002,1,2,2.9,0,90,2002,3
2002,1,3,2.9,0,90,2002,4
2002,1,4,2.9,0,90,2003,1
2002,1,5,2.9,0,90,2003,2
2002,1,6,2.9,0,90,2003,3
2002,1,7,2.9,0,90,2003,4
2002,2,1,2.9,0,90,2002,3
2002,2,2,2.9,0,90,2002,4
2002,2,3,2.9,0,90,2003,1
2002,2,4,2.9,0,90,2003,2
2002,2,5,2.9,0,90,2003,3
2002,2,6,2.9,0,90,2003,4
2002,3,1,2.5,0,90,2002,4
2002,3,2,2.5,0,90,2003,1
2002,3,3,2.5,0,90,2003,2
2002,3,4,2.5,0,90,2003,3
2002,3,5,2.5,0,90,2003,4
2002,4,1,2.17647058823529,-0.0588235294117647,90,2003,1
2002,4,2,2.17647058823529,-0.0588235294117647,90,2003,2
2002,4,3,2.17647058823529,-0.0588235294117647,90,2003,3
2002,4,4,2.17647058823529,-0.0588235294117647,90,2003,4
2003,1,1,2.4,0,90,2003,2
2003,1,2,2.4,0,90,2003,3
2003,1,3,2.4,0,90,2003,4
2003,1,4,2.4,0,90,2004,1
2003,1,5,2.4,0,90,2004,2
2003,1,6,2.4,0,90,2004,3
2003,1,7,2.4,0,90,2004,4
2003,2,1,2.4,0,90,2003,3
2003,2,2,2.4,0,90,2003,4
2003,2,3,2.4,0,90,2004,1
2003,2,4,2.4,0,90,2004,2
2003,2,5,2.4,0,90,2004,3
2003,2,6,2.4,0,90,2004,4
2003,3,1,1.7,0,90,2003,4
2003,3,2,1.7,0,90,2004,1
2003,3,3,1.7,0,90,2004,2
2003,3,4,1.7,0,90,2004,3
2003,3,5,1.7,0,90,2004,4
2003,4,1,1.77058823529412,-0.0588235294117647,90,2004,1
2003,4,2,1.77058823529412,-0.0588235294117647,90,2004,2
2003,4,3,1.77058823529412,-0.0588235294117647,90,2004,3
2003,4,4,1.77058823529412,-0.0588235294117647,90,2004,4
2004,1,1,2.1,0,90,2004,2
2004,1,2,2.1,0,90,2004,3
2004,1,3,2.1,0,90,2004,4
2004,1,4,2.1,0,90,2005,1
2004,1,5,2.1,0,90,2005,2
2004,1,6,2.1,0,90,2005,3
2004,1,7,2.1,0,90,2005,4
2004,2,1,2.1,0,90,2004,3
2004,2,2,2.1,0,90,2004,4
2004,2,3,2.1,0,90,2005,1
2004,2,4,2.1,0,90,2005,2
2004,2,5,2.1,0,90,2005,3
2004,2,6,2.1,0,90,2005,4
2004,3,1,2,0,90,2004,4
2004,3,2,2,0,90,2005,1
2004,3,3,2,0,90,2005,2
2004,3,4,2,0,90,2005,3
2004,3,5,2,0,90,2005,4
2004,4,1,2.00588235294118,-0.0588235294117647,90,2005,1
2004,4,2,2.00588235294118,-0.0588235294117647,90,2005,2
2004,4,3,2.00588235294118,-0.0588235294117647,90,2005,3
2004,4,4,2.00588235294118,-0.0588235294117647,90,2005,4
2005,1,1,2,0,90,2005,2
2005,1,2,2,0,90,2005,3
2005,1,3,2,0,90,2005,4
2005,1,4,2,0,90,2006,1
2005,1,5,2,0,90,2006,2
2005,1,6,2,0,90,2006,3
2005,1,7,2,0,90,2006,4
2005,2,1,1.8,0,90,2005,3
2005,2,2,1.8,0,90,2005,4
2005,2,3,1.8,0,90,2006,1
2005,2,4,1.8,0,90,2006,2
2005,2,5,1.8,0,90,2006,3
2005,2,6,1.8,0,90,2006,4
2005,3,1,2,0,90,2005,4
2005,3,2,2,0,90,2006,1
2005,3,3,2,0,90,2006,2
2005,3,4,2,0,90,2006,3
2005,3,5,2,0,90,2006,4
2005,4,1,1.82352941176471,-0.0588235294117647,90,2006,1
2005,4,2,1.82352941176471,-0.0588235294117647,90,2006,2
2005,4,3,1.82352941176471,-0.0588235294117647,90,2006,3
2005,4,4,1.82352941176471,-0.0588235294117647,90,2006,4
2006,1,1,1.7,0,90,2006,2
2006,1,2,1.7,0,90,2006,3
2006,1,3,1.7,0,90,2006,4
2006,1,4,1.7,0,90,2007,1
2006,1,5,1.7,0,90,2007,2
2006,1,6,1.7,0,90,2007,3
2006,1,7,1.7,0,90,2007,4
2006,2,1,1.9,0,90,2006,3
2006,2,2,1.9,0,90,2006,4
2006,2,3,1.9,0,90,2007,1
2006,2,4,1.9,0,90,2007,2
2006,2,5,1.9,0,90,2007,3
2006,2,6,1.9,0,90,2007,4
2006,3,1,1.9,0,90,2006,4
2006,3,2,1.9,0,90,2007,1
2006,3,3,1.9,0,90,2007,2
2006,3,4,1.9,0,90,2007,3
2006,3,5,1.9,0,90,2007,4
2007,1,1,2.2,0,90,2007,2
2007,1,2,2.2,0,90,2007,3
2007,1,3,2.2,0,90,2007,4
2007,1,4,2.2,0,90,2008,1
2007,1,5,2.2,0,90,2008,2
2007,1,6,2.2,0,90,2008,3
2007,1,7,2.2,0,90,2008,4
2007,2,1,2.2,0,90,2007,3
2007,2,2,2.2,0,90,2007,4
2007,2,3,2.2,0,90,2008,1
2007,2,4,2.2,0,90,2008,2
2007,2,5,2.2,0,90,2008,3
2007,2,6,2.2,0,90,2008,4
2007,3,1,2.1,0,90,2007,4
2007,3,2,2.1,0,90,2008,1
2007,3,3,2.1,0,90,2008,2
2007,3,4,2.1,0,90,2008,3
2007,3,5,2.1,0,90,2008,4
2007,4,1,1.97058823529412,-0.0588235294117647,90,2008,1
2007,4,2,1.97058823529412,-0.0588235294117647,90,2008,2
2007,4,3,1.97058823529412,-0.0588235294117647,90,2008,3
2007,4,4,1.97058823529412,-0.0588235294117647,90,2008,4
2008,1,1,1.9,0,90,2008,2
2008,1,2,1.9,0,90,2008,3
2008,1,3,1.9,0,90,2008,4
2008,1,4,1.9,0,90,2009,1
2008,1,5,1.9,0,90,2009,2
2008,1,6,1.9,0,90,2009,3
2008,1,7,1.9,0,90,2009,4
2008,2,1,1.2,0,90,2008,3
2008,2,2,1.2,0,90,2008,4
2008,2,3,1.2,0,90,2009,1
2008,2,4,1.2,0,90,2009,2
2008,2,5,1.2,0,90,2009,3
2008,2,6,1.2,0,90,2009,4
2008,3,1,0.8,0,90,2008,4
2008,3,2,0.8,0,90,2009,1
2008,3,3,0.8,0,90,2009,2
2008,3,4,0.8,0,90,2009,3
2008,3,5,0.8,0,90,2009,4
2008,4,1,0.0411764705882353,-0.0588235294117647,90,2009,1
2008,4,2,0.0411764705882353,-0.0588235294117647,90,2009,2
2008,4,3,0.0411764705882353,-0.0588235294117647,90,2009,3
2008,4,4,0.0411764705882353,-0.0588235294117647,90,2009,4
2009,1,1,0.6,0,90,2009,2
2009,1,2,0.6,0,90,2009,3
2009,1,3,0.6,0,90,2009,4
2009,1,4,0.6,0,90,2010,1
2009,1,5,0.6,0,90,2010,2
2009,1,6,0.6,0,90,2010,3
2009,1,7,0.6,0,90,2010,4
2009,2,1,0.1,0,90,2009,3
2009,2,2,0.1,0,90,2009,4
2009,2,3,0.1,0,90,2010,1
2009,2,4,0.1,0,90,2010,2
2009,2,5,0.1,0,90,2010,3
2009,2,6,0.1,0,90,2010,4
2009,3,1,-0.3,0,90,2009,4
2009,3,2,-0.3,0,90,2010,1
2009,3,3,-0.3,0,90,2010,2
2009,3,4,-0.3,0,90,2010,3
2009,3,5,-0.3,0,90,2010,4
2009,4,1,0.758823529411765,-0.0588235294117647,90,2010,1
2009,4,2,0.758823529411765,-0.0588235294117647,90,2010,2
2009,4,3,0.758823529411765,-0.0588235294117647,90,2010,3
2009,4,4,0.758823529411765,-0.0588235294117647,90,2010,4
2010,1,1,1,0,90,2010,2
2010,1,2,1,0,90,2010,3
2010,1,3,1,0,90,2010,4
2010,1,4,1,0,90,2011,1
2010,1,5,1,0,90,2011,2
2010,1,6,1,0,90,2011,3
2010,1,7,1,0,90,2011,4
2010,2,1,1.1,0,90,2010,3
2010,2,2,1.1,0,90,2010,4
2010,2,3,1.1,0,90,2011,1
2010,2,4,1.1,0,90,2011,2
2010,2,5,1.1,0,90,2011,3
2010,2,6,1.1,0,90,2011,4
2010,3,1,1,0,90,2010,4
2010,3,2,1,0,90,2011,1
2010,3,3,1,0,90,2011,2
2010,3,4,1,0,90,2011,3
2010,3,5,1,0,90,2011,4
2011,1,1,1.9,0,90,2011,2
2011,1,2,1.9,0,90,2011,3
2011,1,3,1.9,0,90,2011,4
2011,1,4,1.9,0,90,2012,1
2011,1,5,1.9,0,90,2012,2
2011,1,6,1.9,0,90,2012,3
2011,1,7,1.9,0,90,2012,4
2011,2,1,1.8,0,90,2011,3
2011,2,2,1.8,0,90,2011,4
2011,2,3,1.8,0,90,2012,1
2011,2,4,1.8,0,90,2012,2
2011,2,5,1.8,0,90,2012,3
2011,2,6,1.8,0,90,2012,4
2011,4,1,0.652941176470588,-0.0588235294117647,90,2012,1
2011,4,2,0.652941176470588,-0.0588235294117647,90,2012,2
2011,4,3,0.652941176470588,-0.0588235294117647,90,2012,3
2011,4,4,0.652941176470588,-0.0588235294117647,90,2012,4
2014,3,1,1.2,0,90,2014,4
2014,3,2,1.2,0,90,2015,1
2014,3,3,1.2,0,90,2015,2
2014,3,4,1.2,0,90,2015,3
2014,3,5,1.2,0,90,2015,4
2014,4,1,0.905882352941177,-0.0588235294117647,90,2015,1
2014,4,2,0.905882352941177,-0.0588235294117647,90,2015,2
2014,4,3,0.905882352941177,-0.0588235294117647,90,2015,3
2014,4,4,0.905882352941177,-0.0588235294117647,90,2015,4
2015,1,1,1.2,0,90,2015,2
2015,1,2,1.2,0,90,2015,3
2015,1,3,1.2,0,90,2015,4
2015,1,4,1.2,0,90,2016,1
2015,1,5,1.2,0,90,2016,2
2015,1,6,1.2,0,90,2016,3
2015,1,7,1.2,0,90,2016,4
2020,1,1,1.5,0,90,2020,2
2020,1,2,1.5,0,90,2020,3
2020,1,3,1.5,0,90,2020,4
2020,1,4,1.5,0,90,2021,1
2020,1,5,1.5,0,90,2021,2
2020,1,6,1.5,0,90,2021,3
2020,1,7,1.5,0,90,2021,4
2020,2,1,1.2,0,90,2020,3
2020,2,2,1.2,0,90,2020,4
2020,2,3,1.2,0,90,2021,1
2020,2,4,1.2,0,90,2021,2
2020,2,5,1.2,0,90,2021,3
2020,2,6,1.2,0,90,2021,4
2020,3,1,4.9,0,90,2020,4
2020,3,2,4.9,0,90,2021,1
2020,3,3,4.9,0,90,2021,2
2020,3,4,4.9,0,90,2021,3
2020,3,5,4.9,0,90,2021,4
2020,4,1,5.84711764705882,-0.0588235294117647,90,2021,1
2020,4,2,5.84711764705882,-0.0588235294117647,90,2021,2
2020,4,3,5.84711764705882,-0.0588235294117647,90,2021,3
2020,4,4,5.84711764705882,-0.0588235294117647,90,2021,4
2021,1,1,3.6,0,90,2021,2
2021,1,2,3.6,0,90,2021,3
2021,1,3,3.6,0,90,2021,4
2021,1,4,3.6,0,90,2022,1
2021,1,5,3.6,0,90,2022,2
2021,1,6,3.6,0,90,2022,3
2021,1,7,3.6,0,90,2022,4
2021,2,1,3.2,0,90,2021,3
2021,2,2,3.2,0,90,2021,4
2021,2,3,3.2,0,90,2022,1
2021,2,4,3.2,0,90,2022,2
2021,2,5,3.2,0,90,2022,3
2021,2,6,3.2,0,90,2022,4
2021,3,1,4.2,0,90,2021,4
2021,3,2,4.2,0,90,2022,1
2021,3,3,4.2,0,90,2022,2
2021,3,4,4.2,0,90,2022,3
2021,3,5,4.2,0,90,2022,4
2021,4,1,4.58823529411765,-0.0588235294117647,90,2022,1
2021,4,2,4.58823529411765,-0.0588235294117647,90,2022,2
2021,4,3,4.58823529411765,-0.0588235294117647,90,2022,3
2021,4,4,4.58823529411765,-0.0588235294117647,90,2022,4
2022,1,1,2.7,0,90,2022,2
2022,1,2,2.7,0,90,2022,3
2022,1,3,2.7,0,90,2022,4
2022,1,4,2.7,0,90,2023,1
2022,1,5,2.7,0,90,2023,2
2022,1,6,2.7,0,90,2023,3
2022,1,7,2.7,0,90,2023,4
2022,3,1,2,0,90,2022,4
2022,3,2,2,0,90,2023,1
2022,3,3,2,0,90,2023,2
2022,3,4,2,0,90,2023,3
2022,3,5,2,0,90,2023,4
2022,4,1,0.364705882352941,-0.0588235294117647,90,2023,1
2022,4,2,0.364705882352941,-0.0588235294117647,90,2023,2
2022,4,3,0.364705882352941,-0.0588235294117647,90,2023,3
2022,4,4,0.364705882352941,-0.0588235294117647,90,2023,4
2023,1,1,1.5,0,90,2023,2
2023,1,2,1.5,0,90,2023,3
2023,1,3,1.5,0,90,2023,4
2023,1,4,1.5,0,90,2024,1
2023,1,5,1.5,0,90,2024,2
2023,1,6,1.5,0,90,2024,3
2023,1,7,1.5,0,90,2024,4
2024,2,1,1.5,0,90,2024,3
2024,2,2,1.5,0,90,2024,4
2024,2,3,1.5,0,90,2025,1
2024,2,4,1.5,0,90,2025,2
2024,2,5,1.5,0,90,2025,3
2024,2,6,1.5,0,90,2025,4
2024,4,1,1.44117647058824,-0.0588235294117647,90,2025,1
2024,4,2,1.44117647058824,-0.0588235294117647,90,2025,2
2024,4,3,1.44117647058824,-0.0588235294117647,90,2025,3
2024,4,4,1.44117647058824,-0.0588235294117647,90,2025,4
2001,1,1,2.8,0,91,2001,2
2001,1,2,2.8,0,91,2001,3
2001,1,3,2.8,0,91,2001,4
2001,1,4,2.8,0,91,2002,1
2001,1,5,2.8,0,91,2002,2
2001,1,6,2.8,0,91,2002,3
2001,1,7,2.8,0,91,2002,4
2001,2,1,2.3,0,91,2001,3
2001,2,2,2.3,0,91,2001,4
2001,2,3,2.3,0,91,2002,1
2001,2,4,2.3,0,91,2002,2
2001,2,5,2.3,0,91,2002,3
2001,2,6,2.3,0,91,2002,4
2001,3,1,2,0,91,2001,4
2001,3,2,2,0,91,2002,1
2001,3,3,2,0,91,2002,2
2001,3,4,2,0,91,2002,3
2001,3,5,2,0,91,2002,4
2001,4,1,1.48823529411765,-0.0588235294117647,91,2002,1
2001,4,2,1.48823529411765,-0.0588235294117647,91,2002,2
2001,4,3,1.48823529411765,-0.0588235294117647,91,2002,3
2001,4,4,1.48823529411765,-0.0588235294117647,91,2002,4
2002,1,1,1.8,0,91,2002,2
2002,1,2,1.8,0,91,2002,3
2002,1,3,1.8,0,91,2002,4
2002,1,4,1.8,0,91,2003,1
2002,1,5,1.8,0,91,2003,2
2002,1,6,1.8,0,91,2003,3
2002,1,7,1.8,0,91,2003,4
2002,3,1,1.9,0,91,2002,4
2002,3,2,1.9,0,91,2003,1
2002,3,3,1.9,0,91,2003,2
2002,3,4,1.9,0,91,2003,3
2002,3,5,1.9,0,91,2003,4
2002,4,1,1.96470588235294,-0.0588235294117647,91,2003,1
2002,4,2,1.96470588235294,-0.0588235294117647,91,2003,2
2002,4,3,1.96470588235294,-0.0588235294117647,91,2003,3
2002,4,4,1.96470588235294,-0.0588235294117647,91,2003,4
2003,1,1,2.5,0,91,2003,2
2003,1,2,2.5,0,91,2003,3
2003,1,3,2.5,0,91,2003,4
2003,1,4,2.5,0,91,2004,1
2003,1,5,2.5,0,91,2004,2
2003,1,6,2.5,0,91,2004,3
2003,1,7,2.5,0,91,2004,4
2003,2,1,1.9,0,91,2003,3
2003,2,2,1.9,0,91,2003,4
2003,2,3,1.9,0,91,2004,1
2003,2,4,1.9,0,91,2004,2
2003,2,5,1.9,0,91,2004,3
2003,2,6,1.9,0,91,2004,4
2003,3,1,1.5,0,91,2003,4
2003,3,2,1.5,0,91,2004,1
2003,3,3,1.5,0,91,2004,2
2003,3,4,1.5,0,91,2004,3
2003,3,5,1.5,0,91,2004,4
2003,4,1,1.24705882352941,-0.0588235294117647,91,2004,1
2003,4,2,1.24705882352941,-0.0588235294117647,91,2004,2
2003,4,3,1.24705882352941,-0.0588235294117647,91,2004,3
2003,4,4,1.24705882352941,-0.0588235294117647,91,2004,4
2004,1,1,1.9,0,91,2004,2
2004,1,2,1.9,0,91,2004,3
2004,1,3,1.9,0,91,2004,4
2004,1,4,1.9,0,91,2005,1
2004,1,5,1.9,0,91,2005,2
2004,1,6,1.9,0,91,2005,3
2004,1,7,1.9,0,91,2005,4
2004,2,1,1.8,0,91,2004,3
2004,2,2,1.8,0,91,2004,4
2004,2,3,1.8,0,91,2005,1
2004,2,4,1.8,0,91,2005,2
2004,2,5,1.8,0,91,2005,3
2004,2,6,1.8,0,91,2005,4
2004,3,1,1.9,0,91,2004,4
2004,3,2,1.9,0,91,2005,1
2004,3,3,1.9,0,91,2005,2
2004,3,4,1.9,0,91,2005,3
2004,3,5,1.9,0,91,2005,4
2004,4,1,2.01176470588235,-0.0588235294117647,91,2005,1
2004,4,2,2.01176470588235,-0.0588235294117647,91,2005,2
2004,4,3,2.01176470588235,-0.0588235294117647,91,2005,3
2004,4,4,2.01176470588235,-0.0588235294117647,91,2005,4
2005,1,1,2.3,0,91,2005,2
2005,1,2,2.3,0,91,2005,3
2005,1,3,2.3,0,91,2005,4
2005,1,4,2.3,0,91,2006,1
2005,1,5,2.3,0,91,2006,2
2005,1,6,2.3,0,91,2006,3
2005,1,7,2.3,0,91,2006,4
2006,1,1,2.1,0,91,2006,2
2006,1,2,2.1,0,91,2006,3
2006,1,3,2.1,0,91,2006,4
2006,1,4,2.1,0,91,2007,1
2006,1,5,2.1,0,91,2007,2
2006,1,6,2.1,0,91,2007,3
2006,1,7,2.1,0,91,2007,4
2006,2,1,2.2,0,91,2006,3
2006,2,2,2.2,0,91,2006,4
2006,2,3,2.2,0,91,2007,1
2006,2,4,2.2,0,91,2007,2
2006,2,5,2.2,0,91,2007,3
2006,2,6,2.2,0,91,2007,4
2006,3,1,2.1,0,91,2006,4
2006,3,2,2.1,0,91,2007,1
2006,3,3,2.1,0,91,2007,2
2006,3,4,2.1,0,91,2007,3
2006,3,5,2.1,0,91,2007,4
2006,4,1,2.49411764705882,-0.0588235294117647,91,2007,1
2006,4,2,2.49411764705882,-0.0588235294117647,91,2007,2
2006,4,3,2.49411764705882,-0.0588235294117647,91,2007,3
2006,4,4,2.49411764705882,-0.0588235294117647,91,2007,4
2007,3,1,2.8,0,91,2007,4
2007,3,2,2.8,0,91,2008,1
2007,3,3,2.8,0,91,2008,2
2007,3,4,2.8,0,91,2008,3
2007,3,5,2.8,0,91,2008,4
2009,1,1,0.7,0,91,2009,2
2009,1,2,0.7,0,91,2009,3
2009,1,3,0.7,0,91,2009,4
2009,1,4,0.7,0,91,2010,1
2009,1,5,0.7,0,91,2010,2
2009,1,6,0.7,0,91,2010,3
2009,1,7,0.7,0,91,2010,4
2009,4,1,1.17647058823529,-0.0588235294117647,91,2010,1
2009,4,2,1.17647058823529,-0.0588235294117647,91,2010,2
2009,4,3,1.17647058823529,-0.0588235294117647,91,2010,3
2009,4,4,1.17647058823529,-0.0588235294117647,91,2010,4
2011,4,1,1.18235294117647,-0.0588235294117647,91,2012,1
2011,4,2,1.18235294117647,-0.0588235294117647,91,2012,2
2011,4,3,1.18235294117647,-0.0588235294117647,91,2012,3
2011,4,4,1.18235294117647,-0.0588235294117647,91,2012,4
2012,1,1,0,0,91,2012,2
2012,1,2,0,0,91,2012,3
2012,1,3,0,0,91,2012,4
2012,1,4,0,0,91,2013,1
2012,1,5,0,0,91,2013,2
2012,1,6,0,0,91,2013,3
2012,1,7,0,0,91,2013,4
2012,2,1,0,0,91,2012,3
2012,2,2,0,0,91,2012,4
2012,2,3,0,0,91,2013,1
2012,2,4,0,0,91,2013,2
2012,2,5,0,0,91,2013,3
2012,2,6,0,0,91,2013,4
2012,3,1,-0.1,0,91,2012,4
2012,3,2,-0.1,0,91,2013,1
2012,3,3,-0.1,0,91,2013,2
2012,3,4,-0.1,0,91,2013,3
2012,3,5,-0.1,0,91,2013,4
2013,1,1,0.3,0,91,2013,2
2013,1,2,0.3,0,91,2013,3
2013,1,3,0.3,0,91,2013,4
2013,1,4,0.3,0,91,2014,1
2013,1,5,0.3,0,91,2014,2
2013,1,6,0.3,0,91,2014,3
2013,1,7,0.3,0,91,2014,4
2013,3,1,0.7,0,91,2013,4
2013,3,2,0.7,0,91,2014,1
2013,3,3,0.7,0,91,2014,2
2013,3,4,0.7,0,91,2014,3
2013,3,5,0.7,0,91,2014,4
2013,4,1,0.976470588235294,-0.0588235294117647,91,2014,1
2013,4,2,0.976470588235294,-0.0588235294117647,91,2014,2
2013,4,3,0.976470588235294,-0.0588235294117647,91,2014,3
2013,4,4,0.976470588235294,-0.0588235294117647,91,2014,4
2014,1,1,1.7,0,91,2014,2
2014,1,2,1.7,0,91,2014,3
2014,1,3,1.7,0,91,2014,4
2014,1,4,1.7,0,91,2015,1
2014,1,5,1.7,0,91,2015,2
2014,1,6,1.7,0,91,2015,3
2014,1,7,1.7,0,91,2015,4
2014,2,1,1.6,0,91,2014,3
2014,2,2,1.6,0,91,2014,4
2014,2,3,1.6,0,91,2015,1
2014,2,4,1.6,0,91,2015,2
2014,2,5,1.6,0,91,2015,3
2014,2,6,1.6,0,91,2015,4
2014,3,1,1.5,0,91,2014,4
2014,3,2,1.5,0,91,2015,1
2014,3,3,1.5,0,91,2015,2
2014,3,4,1.5,0,91,2015,3
2014,3,5,1.5,0,91,2015,4
2014,4,1,1.12352941176471,-0.0588235294117647,91,2015,1
2014,4,2,1.12352941176471,-0.0588235294117647,91,2015,2
2014,4,3,1.12352941176471,-0.0588235294117647,91,2015,3
2014,4,4,1.12352941176471,-0.0588235294117647,91,2015,4
2015,2,1,1.8,0,91,2015,3
2015,2,2,1.8,0,91,2015,4
2015,2,3,1.8,0,91,2016,1
2015,2,4,1.8,0,91,2016,2
2015,2,5,1.8,0,91,2016,3
2015,2,6,1.8,0,91,2016,4
2015,3,1,1.7,0,91,2015,4
2015,3,2,1.7,0,91,2016,1
2015,3,3,1.7,0,91,2016,2
2015,3,4,1.7,0,91,2016,3
2015,3,5,1.7,0,91,2016,4
2015,4,1,1.71176470588235,-0.0588235294117647,91,2016,1
2015,4,2,1.71176470588235,-0.0588235294117647,91,2016,2
2015,4,3,1.71176470588235,-0.0588235294117647,91,2016,3
2015,4,4,1.71176470588235,-0.0588235294117647,91,2016,4
2016,1,1,1.8,0,91,2016,2
2016,1,2,1.8,0,91,2016,3
2016,1,3,1.8,0,91,2016,4
2016,1,4,1.8,0,91,2017,1
2016,1,5,1.8,0,91,2017,2
2016,1,6,1.8,0,91,2017,3
2016,1,7,1.8,0,91,2017,4
2016,3,1,1.5,0,91,2016,4
2016,3,2,1.5,0,91,2017,1
2016,3,3,1.5,0,91,2017,2
2016,3,4,1.5,0,91,2017,3
2016,3,5,1.5,0,91,2017,4
2017,1,1,1.3,0,91,2017,2
2017,1,2,1.3,0,91,2017,3
2017,1,3,1.3,0,91,2017,4
2017,1,4,1.3,0,91,2018,1
2017,1,5,1.3,0,91,2018,2
2017,1,6,1.3,0,91,2018,3
2017,1,7,1.3,0,91,2018,4
2017,2,1,1.4,0,91,2017,3
2017,2,2,1.4,0,91,2017,4
2017,2,3,1.4,0,91,2018,1
2017,2,4,1.4,0,91,2018,2
2017,2,5,1.4,0,91,2018,3
2017,2,6,1.4,0,91,2018,4
2017,4,1,1.67647058823529,-0.0588235294117647,91,2018,1
2017,4,2,1.67647058823529,-0.0588235294117647,91,2018,2
2017,4,3,1.67647058823529,-0.0588235294117647,91,2018,3
2017,4,4,1.67647058823529,-0.0588235294117647,91,2018,4
2018,1,1,1.7,0,91,2018,2
2018,1,2,1.7,0,91,2018,3
2018,1,3,1.7,0,91,2018,4
2018,1,4,1.7,0,91,2019,1
2018,1,5,1.7,0,91,2019,2
2018,1,6,1.7,0,91,2019,3
2018,1,7,1.7,0,91,2019,4
2018,3,1,1.7,0,91,2018,4
2018,3,2,1.7,0,91,2019,1
2018,3,3,1.7,0,91,2019,2
2018,3,4,1.7,0,91,2019,3
2018,3,5,1.7,0,91,2019,4
2019,1,1,1.3,0,91,2019,2
2019,1,2,1.3,0,91,2019,3
2019,1,3,1.3,0,91,2019,4
2019,1,4,1.3,0,91,2020,1
2019,1,5,1.3,0,91,2020,2
2019,1,6,1.3,0,91,2020,3
2019,1,7,1.3,0,91,2020,4
2019,2,1,1.2,0,91,2019,3
2019,2,2,1.2,0,91,2019,4
2019,2,3,1.2,0,91,2020,1
2019,2,4,1.2,0,91,2020,2
2019,2,5,1.2,0,91,2020,3
2019,2,6,1.2,0,91,2020,4
2019,3,1,1.1,0,91,2019,4
2019,3,2,1.1,0,91,2020,1
2019,3,3,1.1,0,91,2020,2
2019,3,4,1.1,0,91,2020,3
2019,3,5,1.1,0,91,2020,4
2020,1,1,1.15,0,91,2020,2
2020,1,2,1.15,0,91,2020,3
2020,1,3,1.15,0,91,2020,4
2020,1,4,1.15,0,91,2021,1
2020,1,5,1.15,0,91,2021,2
2020,1,6,1.15,0,91,2021,3
2020,1,7,1.15,0,91,2021,4
2020,3,1,6.2,0,91,2020,4
2020,3,2,6.2,0,91,2021,1
2020,3,3,6.2,0,91,2021,2
2020,3,4,6.2,0,91,2021,3
2020,3,5,6.2,0,91,2021,4
2021,2,1,4.4,0,91,2021,3
2021,2,2,4.4,0,91,2021,4
2021,2,3,4.4,0,91,2022,1
2021,2,4,4.4,0,91,2022,2
2021,2,5,4.4,0,91,2022,3
2021,2,6,4.4,0,91,2022,4
2021,3,1,4.8,0,91,2021,4
2021,3,2,4.8,0,91,2022,1
2021,3,3,4.8,0,91,2022,2
2021,3,4,4.8,0,91,2022,3
2021,3,5,4.8,0,91,2022,4
2022,1,1,2.5,0,91,2022,2
2022,1,2,2.5,0,91,2022,3
2022,1,3,2.5,0,91,2022,4
2022,1,4,2.5,0,91,2023,1
2022,1,5,2.5,0,91,2023,2
2022,1,6,2.5,0,91,2023,3
2022,1,7,2.5,0,91,2023,4
2022,3,1,1.5,0,91,2022,4
2022,3,2,1.5,0,91,2023,1
2022,3,3,1.5,0,91,2023,2
2022,3,4,1.5,0,91,2023,3
2022,3,5,1.5,0,91,2023,4
2022,4,1,0.476470588235294,-0.0588235294117647,91,2023,1
2022,4,2,0.476470588235294,-0.0588235294117647,91,2023,2
2022,4,3,0.476470588235294,-0.0588235294117647,91,2023,3
2022,4,4,0.476470588235294,-0.0588235294117647,91,2023,4
2023,1,1,2,0,91,2023,2
2023,1,2,2,0,91,2023,3
2023,1,3,2,0,91,2023,4
2023,1,4,2,0,91,2024,1
2023,1,5,2,0,91,2024,2
2023,1,6,2,0,91,2024,3
2023,1,7,2,0,91,2024,4
2023,2,1,1.5,0,91,2023,3
2023,2,2,1.5,0,91,2023,4
2023,2,3,1.5,0,91,2024,1
2023,2,4,1.5,0,91,2024,2
2023,2,5,1.5,0,91,2024,3
2023,2,6,1.5,0,91,2024,4
2023,3,1,1.49,0,91,2023,4
2023,3,2,1.49,0,91,2024,1
2023,3,3,1.49,0,91,2024,2
2023,3,4,1.49,0,91,2024,3
2023,3,5,1.49,0,91,2024,4
2023,4,1,1.01176470588235,-0.0588235294117647,91,2024,1
2023,4,2,1.01176470588235,-0.0588235294117647,91,2024,2
2023,4,3,1.01176470588235,-0.0588235294117647,91,2024,3
2023,4,4,1.01176470588235,-0.0588235294117647,91,2024,4
2024,1,1,1.4,0,91,2024,2
2024,1,2,1.4,0,91,2024,3
2024,1,3,1.4,0,91,2024,4
2024,1,4,1.4,0,91,2025,1
2024,1,5,1.4,0,91,2025,2
2024,1,6,1.4,0,91,2025,3
2024,1,7,1.4,0,91,2025,4
2024,2,1,1.4,0,91,2024,3
2024,2,2,1.4,0,91,2024,4
2024,2,3,1.4,0,91,2025,1
2024,2,4,1.4,0,91,2025,2
2024,2,5,1.4,0,91,2025,3
2024,2,6,1.4,0,91,2025,4
2024,3,1,1.4,0,91,2024,4
2024,3,2,1.4,0,91,2025,1
2024,3,3,1.4,0,91,2025,2
2024,3,4,1.4,0,91,2025,3
2024,3,5,1.4,0,91,2025,4
2024,4,1,1.44117647058824,-0.0588235294117647,91,2025,1
2024,4,2,1.44117647058824,-0.0588235294117647,91,2025,2
2024,4,3,1.44117647058824,-0.0588235294117647,91,2025,3
2024,4,4,1.44117647058824,-0.0588235294117647,91,2025,4
2001,1,1,2.84,0,92,2001,2
2001,1,2,2.84,0,92,2001,3
2001,1,3,2.84,0,92,2001,4
2001,1,4,2.84,0,92,2002,1
2001,1,5,2.84,0,92,2002,2
2001,1,6,2.84,0,92,2002,3
2001,1,7,2.84,0,92,2002,4
2001,2,1,2.84,0,92,2001,3
2001,2,2,2.84,0,92,2001,4
2001,2,3,2.84,0,92,2002,1
2001,2,4,2.84,0,92,2002,2
2001,2,5,2.84,0,92,2002,3
2001,2,6,2.84,0,92,2002,4
2001,3,1,3,0,92,2001,4
2001,3,2,3,0,92,2002,1
2001,3,3,3,0,92,2002,2
2001,3,4,3,0,92,2002,3
2001,3,5,3,0,92,2002,4
2001,4,1,2.52941176470588,-0.0588235294117647,92,2002,1
2001,4,2,2.52941176470588,-0.0588235294117647,92,2002,2
2001,4,3,2.52941176470588,-0.0588235294117647,92,2002,3
2001,4,4,2.52941176470588,-0.0588235294117647,92,2002,4
2002,1,1,3.1,0,92,2002,2
2002,1,2,3.1,0,92,2002,3
2002,1,3,3.1,0,92,2002,4
2002,1,4,3.1,0,92,2003,1
2002,1,5,3.1,0,92,2003,2
2002,1,6,3.1,0,92,2003,3
2002,1,7,3.1,0,92,2003,4
2002,2,1,2.1,0,92,2002,3
2002,2,2,2.1,0,92,2002,4
2002,2,3,2.1,0,92,2003,1
2002,2,4,2.1,0,92,2003,2
2002,2,5,2.1,0,92,2003,3
2002,2,6,2.1,0,92,2003,4
2002,3,1,2.4,0,92,2002,4
2002,3,2,2.4,0,92,2003,1
2002,3,3,2.4,0,92,2003,2
2002,3,4,2.4,0,92,2003,3
2002,3,5,2.4,0,92,2003,4
2002,4,1,1.95882352941176,-0.0588235294117647,92,2003,1
2002,4,2,1.95882352941176,-0.0588235294117647,92,2003,2
2002,4,3,1.95882352941176,-0.0588235294117647,92,2003,3
2002,4,4,1.95882352941176,-0.0588235294117647,92,2003,4
2003,1,1,2.17,0,92,2003,2
2003,1,2,2.17,0,92,2003,3
2003,1,3,2.17,0,92,2003,4
2003,1,4,2.17,0,92,2004,1
2003,1,5,2.17,0,92,2004,2
2003,1,6,2.17,0,92,2004,3
2003,1,7,2.17,0,92,2004,4
2003,2,1,2.2,0,92,2003,3
2003,2,2,2.2,0,92,2003,4
2003,2,3,2.2,0,92,2004,1
2003,2,4,2.2,0,92,2004,2
2003,2,5,2.2,0,92,2004,3
2003,2,6,2.2,0,92,2004,4
2003,3,1,1.5,0,92,2003,4
2003,3,2,1.5,0,92,2004,1
2003,3,3,1.5,0,92,2004,2
2003,3,4,1.5,0,92,2004,3
2003,3,5,1.5,0,92,2004,4
2003,4,1,1.87647058823529,-0.0588235294117647,92,2004,1
2003,4,2,1.87647058823529,-0.0588235294117647,92,2004,2
2003,4,3,1.87647058823529,-0.0588235294117647,92,2004,3
2003,4,4,1.87647058823529,-0.0588235294117647,92,2004,4
2004,1,1,2.1,0,92,2004,2
2004,1,2,2.1,0,92,2004,3
2004,1,3,2.1,0,92,2004,4
2004,1,4,2.1,0,92,2005,1
2004,1,5,2.1,0,92,2005,2
2004,1,6,2.1,0,92,2005,3
2004,1,7,2.1,0,92,2005,4
2004,2,1,2,0,92,2004,3
2004,2,2,2,0,92,2004,4
2004,2,3,2,0,92,2005,1
2004,2,4,2,0,92,2005,2
2004,2,5,2,0,92,2005,3
2004,2,6,2,0,92,2005,4
2004,3,1,2,0,92,2004,4
2004,3,2,2,0,92,2005,1
2004,3,3,2,0,92,2005,2
2004,3,4,2,0,92,2005,3
2004,3,5,2,0,92,2005,4
2004,4,1,2.21176470588235,-0.0588235294117647,92,2005,1
2004,4,2,2.21176470588235,-0.0588235294117647,92,2005,2
2004,4,3,2.21176470588235,-0.0588235294117647,92,2005,3
2004,4,4,2.21176470588235,-0.0588235294117647,92,2005,4
2005,1,1,2.2,0,92,2005,2
2005,1,2,2.2,0,92,2005,3
2005,1,3,2.2,0,92,2005,4
2005,1,4,2.2,0,92,2006,1
2005,1,5,2.2,0,92,2006,2
2005,1,6,2.2,0,92,2006,3
2005,1,7,2.2,0,92,2006,4
2005,2,1,1.9,0,92,2005,3
2005,2,2,1.9,0,92,2005,4
2005,2,3,1.9,0,92,2006,1
2005,2,4,1.9,0,92,2006,2
2005,2,5,1.9,0,92,2006,3
2005,2,6,1.9,0,92,2006,4
2005,3,1,2,0,92,2005,4
2005,3,2,2,0,92,2006,1
2005,3,3,2,0,92,2006,2
2005,3,4,2,0,92,2006,3
2005,3,5,2,0,92,2006,4
2005,4,1,1.71764705882353,-0.0588235294117647,92,2006,1
2005,4,2,1.71764705882353,-0.0588235294117647,92,2006,2
2005,4,3,1.71764705882353,-0.0588235294117647,92,2006,3
2005,4,4,1.71764705882353,-0.0588235294117647,92,2006,4
2006,2,1,2.1,0,92,2006,3
2006,2,2,2.1,0,92,2006,4
2006,2,3,2.1,0,92,2007,1
2006,2,4,2.1,0,92,2007,2
2006,2,5,2.1,0,92,2007,3
2006,2,6,2.1,0,92,2007,4
2006,3,1,2,0,92,2006,4
2006,3,2,2,0,92,2007,1
2006,3,3,2,0,92,2007,2
2006,3,4,2,0,92,2007,3
2006,3,5,2,0,92,2007,4
2006,4,1,2.18235294117647,-0.0588235294117647,92,2007,1
2006,4,2,2.18235294117647,-0.0588235294117647,92,2007,2
2006,4,3,2.18235294117647,-0.0588235294117647,92,2007,3
2006,4,4,2.18235294117647,-0.0588235294117647,92,2007,4
2007,1,1,2.4,0,92,2007,2
2007,1,2,2.4,0,92,2007,3
2007,1,3,2.4,0,92,2007,4
2007,1,4,2.4,0,92,2008,1
2007,1,5,2.4,0,92,2008,2
2007,1,6,2.4,0,92,2008,3
2007,1,7,2.4,0,92,2008,4
2007,2,1,2.5,0,92,2007,3
2007,2,2,2.5,0,92,2007,4
2007,2,3,2.5,0,92,2008,1
2007,2,4,2.5,0,92,2008,2
2007,2,5,2.5,0,92,2008,3
2007,2,6,2.5,0,92,2008,4
2007,3,1,2.5,0,92,2007,4
2007,3,2,2.5,0,92,2008,1
2007,3,3,2.5,0,92,2008,2
2007,3,4,2.5,0,92,2008,3
2007,3,5,2.5,0,92,2008,4
2007,4,1,2.07058823529412,-0.0588235294117647,92,2008,1
2007,4,2,2.07058823529412,-0.0588235294117647,92,2008,2
2007,4,3,2.07058823529412,-0.0588235294117647,92,2008,3
2007,4,4,2.07058823529412,-0.0588235294117647,92,2008,4
2011,4,1,0.958823529411765,-0.0588235294117647,92,2012,1
2011,4,2,0.958823529411765,-0.0588235294117647,92,2012,2
2011,4,3,0.958823529411765,-0.0588235294117647,92,2012,3
2011,4,4,0.958823529411765,-0.0588235294117647,92,2012,4
2012,1,1,0.7,0,92,2012,2
2012,1,2,0.7,0,92,2012,3
2012,1,3,0.7,0,92,2012,4
2012,1,4,0.7,0,92,2013,1
2012,1,5,0.7,0,92,2013,2
2012,1,6,0.7,0,92,2013,3
2012,1,7,0.7,0,92,2013,4
2012,2,1,0.8,0,92,2012,3
2012,2,2,0.8,0,92,2012,4
2012,2,3,0.8,0,92,2013,1
2012,2,4,0.8,0,92,2013,2
2012,2,5,0.8,0,92,2013,3
2012,2,6,0.8,0,92,2013,4
2012,3,1,0.3834,0,92,2012,4
2012,3,2,0.3834,0,92,2013,1
2012,3,3,0.3834,0,92,2013,2
2012,3,4,0.3834,0,92,2013,3
2012,3,5,0.3834,0,92,2013,4
2012,4,1,0.0904676524294118,-0.0588235294117647,92,2013,1
2012,4,2,0.0904676524294118,-0.0588235294117647,92,2013,2
2012,4,3,0.0904676524294118,-0.0588235294117647,92,2013,3
2012,4,4,0.0904676524294118,-0.0588235294117647,92,2013,4
2013,1,1,0.6339306903,0,92,2013,2
2013,1,2,0.6339306903,0,92,2013,3
2013,1,3,0.6339306903,0,92,2013,4
2013,1,4,0.6339306903,0,92,2014,1
2013,1,5,0.6339306903,0,92,2014,2
2013,1,6,0.6339306903,0,92,2014,3
2013,1,7,0.6339306903,0,92,2014,4
2013,2,1,0.8829565871,0,92,2013,3
2013,2,2,0.8829565871,0,92,2013,4
2013,2,3,0.8829565871,0,92,2014,1
2013,2,4,0.8829565871,0,92,2014,2
2013,2,5,0.8829565871,0,92,2014,3
2013,2,6,0.8829565871,0,92,2014,4
2013,3,1,0.55,0,92,2013,4
2013,3,2,0.55,0,92,2014,1
2013,3,3,0.55,0,92,2014,2
2013,3,4,0.55,0,92,2014,3
2013,3,5,0.55,0,92,2014,4
2013,4,1,1.14939616270588,-0.0588235294117647,92,2014,1
2013,4,2,1.14939616270588,-0.0588235294117647,92,2014,2
2013,4,3,1.14939616270588,-0.0588235294117647,92,2014,3
2013,4,4,1.14939616270588,-0.0588235294117647,92,2014,4
2014,1,1,1.2711047585,0,92,2014,2
2014,1,2,1.2711047585,0,92,2014,3
2014,1,3,1.2711047585,0,92,2014,4
2014,1,4,1.2711047585,0,92,2015,1
2014,1,5,1.2711047585,0,92,2015,2
2014,1,6,1.2711047585,0,92,2015,3
2014,1,7,1.2711047585,0,92,2015,4
2014,2,1,1.4755160424,0,92,2014,3
2014,2,2,1.4755160424,0,92,2014,4
2014,2,3,1.4755160424,0,92,2015,1
2014,2,4,1.4755160424,0,92,2015,2
2014,2,5,1.4755160424,0,92,2015,3
2014,2,6,1.4755160424,0,92,2015,4
2014,3,1,1.2536359485,0,92,2014,4
2014,3,2,1.2536359485,0,92,2015,1
2014,3,3,1.2536359485,0,92,2015,2
2014,3,4,1.2536359485,0,92,2015,3
2014,3,5,1.2536359485,0,92,2015,4
2014,4,1,1.22566330391176,-0.0588235294117647,92,2015,1
2014,4,2,1.22566330391176,-0.0588235294117647,92,2015,2
2014,4,3,1.22566330391176,-0.0588235294117647,92,2015,3
2014,4,4,1.22566330391176,-0.0588235294117647,92,2015,4
2015,1,1,1.4991743479,0,92,2015,2
2015,1,2,1.4991743479,0,92,2015,3
2015,1,3,1.4991743479,0,92,2015,4
2015,1,4,1.4991743479,0,92,2016,1
2015,1,5,1.4991743479,0,92,2016,2
2015,1,6,1.4991743479,0,92,2016,3
2015,1,7,1.4991743479,0,92,2016,4
2015,2,1,1.7837354272,0,92,2015,3
2015,2,2,1.7837354272,0,92,2015,4
2015,2,3,1.7837354272,0,92,2016,1
2015,2,4,1.7837354272,0,92,2016,2
2015,2,5,1.7837354272,0,92,2016,3
2015,2,6,1.7837354272,0,92,2016,4
2015,4,1,1.73829176470588,-0.0588235294117647,92,2016,1
2015,4,2,1.73829176470588,-0.0588235294117647,92,2016,2
2015,4,3,1.73829176470588,-0.0588235294117647,92,2016,3
2015,4,4,1.73829176470588,-0.0588235294117647,92,2016,4
2016,1,1,1.8027,0,92,2016,2
2016,1,2,1.8027,0,92,2016,3
2016,1,3,1.8027,0,92,2016,4
2016,1,4,1.8027,0,92,2017,1
2016,1,5,1.8027,0,92,2017,2
2016,1,6,1.8027,0,92,2017,3
2016,1,7,1.8027,0,92,2017,4
2016,2,1,1.1773,0,92,2016,3
2016,2,2,1.1773,0,92,2016,4
2016,2,3,1.1773,0,92,2017,1
2016,2,4,1.1773,0,92,2017,2
2016,2,5,1.1773,0,92,2017,3
2016,2,6,1.1773,0,92,2017,4
2016,3,1,1.4123775184,0,92,2016,4
2016,3,2,1.4123775184,0,92,2017,1
2016,3,3,1.4123775184,0,92,2017,2
2016,3,4,1.4123775184,0,92,2017,3
2016,3,5,1.4123775184,0,92,2017,4
2016,4,1,1.53651183747059,-0.0588235294117647,92,2017,1
2016,4,2,1.53651183747059,-0.0588235294117647,92,2017,2
2016,4,3,1.53651183747059,-0.0588235294117647,92,2017,3
2016,4,4,1.53651183747059,-0.0588235294117647,92,2017,4
2017,1,1,1.5677525633,0,92,2017,2
2017,1,2,1.5677525633,0,92,2017,3
2017,1,3,1.5677525633,0,92,2017,4
2017,1,4,1.5677525633,0,92,2018,1
2017,1,5,1.5677525633,0,92,2018,2
2017,1,6,1.5677525633,0,92,2018,3
2017,1,7,1.5677525633,0,92,2018,4
2001,1,1,2.8,0,93,2001,2
2001,1,2,2.8,0,93,2001,3
2001,1,3,2.8,0,93,2001,4
2001,1,4,2.8,0,93,2002,1
2001,1,5,2.8,0,93,2002,2
2001,1,6,2.8,0,93,2002,3
2001,1,7,2.8,0,93,2002,4
2001,2,1,2.7,0,93,2001,3
2001,2,2,2.7,0,93,2001,4
2001,2,3,2.7,0,93,2002,1
2001,2,4,2.7,0,93,2002,2
2001,2,5,2.7,0,93,2002,3
2001,2,6,2.7,0,93,2002,4
2001,3,1,2.2,0,93,2001,4
2001,3,2,2.2,0,93,2002,1
2001,3,3,2.2,0,93,2002,2
2001,3,4,2.2,0,93,2002,3
2001,3,5,2.2,0,93,2002,4
2001,4,1,1.71176470588235,-0.0588235294117647,93,2002,1
2001,4,2,1.71176470588235,-0.0588235294117647,93,2002,2
2001,4,3,1.71176470588235,-0.0588235294117647,93,2002,3
2001,4,4,1.71176470588235,-0.0588235294117647,93,2002,4
2002,1,1,2.5,0,93,2002,2
2002,1,2,2.5,0,93,2002,3
2002,1,3,2.5,0,93,2002,4
2002,1,4,2.5,0,93,2003,1
2002,1,5,2.5,0,93,2003,2
2002,1,6,2.5,0,93,2003,3
2002,1,7,2.5,0,93,2003,4
2002,2,1,2.5,0,93,2002,3
2002,2,2,2.5,0,93,2002,4
2002,2,3,2.5,0,93,2003,1
2002,2,4,2.5,0,93,2003,2
2002,2,5,2.5,0,93,2003,3
2002,2,6,2.5,0,93,2003,4
2002,3,1,2,0,93,2002,4
2002,3,2,2,0,93,2003,1
2002,3,3,2,0,93,2003,2
2002,3,4,2,0,93,2003,3
2002,3,5,2,0,93,2003,4
2002,4,1,2.04705882352941,-0.0588235294117647,93,2003,1
2002,4,2,2.04705882352941,-0.0588235294117647,93,2003,2
2002,4,3,2.04705882352941,-0.0588235294117647,93,2003,3
2002,4,4,2.04705882352941,-0.0588235294117647,93,2003,4
2003,1,1,2,0,93,2003,2
2003,1,2,2,0,93,2003,3
2003,1,3,2,0,93,2003,4
2003,1,4,2,0,93,2004,1
2003,1,5,2,0,93,2004,2
2003,1,6,2,0,93,2004,3
2003,1,7,2,0,93,2004,4
2003,2,1,2.5,0,93,2003,3
2003,2,2,2.5,0,93,2003,4
2003,2,3,2.5,0,93,2004,1
2003,2,4,2.5,0,93,2004,2
2003,2,5,2.5,0,93,2004,3
2003,2,6,2.5,0,93,2004,4
2003,3,1,2.2,0,93,2003,4
2003,3,2,2.2,0,93,2004,1
2003,3,3,2.2,0,93,2004,2
2003,3,4,2.2,0,93,2004,3
2003,3,5,2.2,0,93,2004,4
2003,4,1,1.98235294117647,-0.0588235294117647,93,2004,1
2003,4,2,1.98235294117647,-0.0588235294117647,93,2004,2
2003,4,3,1.98235294117647,-0.0588235294117647,93,2004,3
2003,4,4,1.98235294117647,-0.0588235294117647,93,2004,4
2004,1,1,2.5,0,93,2004,2
2004,1,2,2.5,0,93,2004,3
2004,1,3,2.5,0,93,2004,4
2004,1,4,2.5,0,93,2005,1
2004,1,5,2.5,0,93,2005,2
2004,1,6,2.5,0,93,2005,3
2004,1,7,2.5,0,93,2005,4
2004,2,1,2.3,0,93,2004,3
2004,2,2,2.3,0,93,2004,4
2004,2,3,2.3,0,93,2005,1
2004,2,4,2.3,0,93,2005,2
2004,2,5,2.3,0,93,2005,3
2004,2,6,2.3,0,93,2005,4
2004,3,1,2.3,0,93,2004,4
2004,3,2,2.3,0,93,2005,1
2004,3,3,2.3,0,93,2005,2
2004,3,4,2.3,0,93,2005,3
2004,3,5,2.3,0,93,2005,4
2004,4,1,2.32941176470588,-0.0588235294117647,93,2005,1
2004,4,2,2.32941176470588,-0.0588235294117647,93,2005,2
2004,4,3,2.32941176470588,-0.0588235294117647,93,2005,3
2004,4,4,2.32941176470588,-0.0588235294117647,93,2005,4
2005,1,1,2.5,0,93,2005,2
2005,1,2,2.5,0,93,2005,3
2005,1,3,2.5,0,93,2005,4
2005,1,4,2.5,0,93,2006,1
2005,1,5,2.5,0,93,2006,2
2005,1,6,2.5,0,93,2006,3
2005,1,7,2.5,0,93,2006,4
2005,2,1,2.1,0,93,2005,3
2005,2,2,2.1,0,93,2005,4
2005,2,3,2.1,0,93,2006,1
2005,2,4,2.1,0,93,2006,2
2005,2,5,2.1,0,93,2006,3
2005,2,6,2.1,0,93,2006,4
2005,4,1,1.83529411764706,-0.0588235294117647,93,2006,1
2005,4,2,1.83529411764706,-0.0588235294117647,93,2006,2
2005,4,3,1.83529411764706,-0.0588235294117647,93,2006,3
2005,4,4,1.83529411764706,-0.0588235294117647,93,2006,4
2006,1,1,2,0,93,2006,2
2006,1,2,2,0,93,2006,3
2006,1,3,2,0,93,2006,4
2006,1,4,2,0,93,2007,1
2006,1,5,2,0,93,2007,2
2006,1,6,2,0,93,2007,3
2006,1,7,2,0,93,2007,4
2006,2,1,1.6,0,93,2006,3
2006,2,2,1.6,0,93,2006,4
2006,2,3,1.6,0,93,2007,1
2006,2,4,1.6,0,93,2007,2
2006,2,5,1.6,0,93,2007,3
2006,2,6,1.6,0,93,2007,4
2006,3,1,1.8,0,93,2006,4
2006,3,2,1.8,0,93,2007,1
2006,3,3,1.8,0,93,2007,2
2006,3,4,1.8,0,93,2007,3
2006,3,5,1.8,0,93,2007,4
2006,4,1,1.97058823529412,-0.0588235294117647,93,2007,1
2006,4,2,1.97058823529412,-0.0588235294117647,93,2007,2
2006,4,3,1.97058823529412,-0.0588235294117647,93,2007,3
2006,4,4,1.97058823529412,-0.0588235294117647,93,2007,4
2007,1,1,2.4,0,93,2007,2
2007,1,2,2.4,0,93,2007,3
2007,1,3,2.4,0,93,2007,4
2007,1,4,2.4,0,93,2008,1
2007,1,5,2.4,0,93,2008,2
2007,1,6,2.4,0,93,2008,3
2007,1,7,2.4,0,93,2008,4
2007,2,1,2.4,0,93,2007,3
2007,2,2,2.4,0,93,2007,4
2007,2,3,2.4,0,93,2008,1
2007,2,4,2.4,0,93,2008,2
2007,2,5,2.4,0,93,2008,3
2007,2,6,2.4,0,93,2008,4
2007,3,1,2.4,0,93,2007,4
2007,3,2,2.4,0,93,2008,1
2007,3,3,2.4,0,93,2008,2
2007,3,4,2.4,0,93,2008,3
2007,3,5,2.4,0,93,2008,4
2007,4,1,2.28823529411765,-0.0588235294117647,93,2008,1
2007,4,2,2.28823529411765,-0.0588235294117647,93,2008,2
2007,4,3,2.28823529411765,-0.0588235294117647,93,2008,3
2007,4,4,2.28823529411765,-0.0588235294117647,93,2008,4
2008,1,1,2.6,0,93,2008,2
2008,1,2,2.6,0,93,2008,3
2008,1,3,2.6,0,93,2008,4
2008,1,4,2.6,0,93,2009,1
2008,1,5,2.6,0,93,2009,2
2008,1,6,2.6,0,93,2009,3
2008,1,7,2.6,0,93,2009,4
2008,2,1,1.9,0,93,2008,3
2008,2,2,1.9,0,93,2008,4
2008,2,3,1.9,0,93,2009,1
2008,2,4,1.9,0,93,2009,2
2008,2,5,1.9,0,93,2009,3
2008,2,6,1.9,0,93,2009,4
2008,3,1,1.4,0,93,2008,4
2008,3,2,1.4,0,93,2009,1
2008,3,3,1.4,0,93,2009,2
2008,3,4,1.4,0,93,2009,3
2008,3,5,1.4,0,93,2009,4
2008,4,1,0.676470588235294,-0.0588235294117647,93,2009,1
2008,4,2,0.676470588235294,-0.0588235294117647,93,2009,2
2008,4,3,0.676470588235294,-0.0588235294117647,93,2009,3
2008,4,4,0.676470588235294,-0.0588235294117647,93,2009,4
2009,1,1,1.1,0,93,2009,2
2009,1,2,1.1,0,93,2009,3
2009,1,3,1.1,0,93,2009,4
2009,1,4,1.1,0,93,2010,1
2009,1,5,1.1,0,93,2010,2
2009,1,6,1.1,0,93,2010,3
2009,1,7,1.1,0,93,2010,4
2009,2,1,0.5,0,93,2009,3
2009,2,2,0.5,0,93,2009,4
2009,2,3,0.5,0,93,2010,1
2009,2,4,0.5,0,93,2010,2
2009,2,5,0.5,0,93,2010,3
2009,2,6,0.5,0,93,2010,4
2009,3,1,0.5,0,93,2009,4
2009,3,2,0.5,0,93,2010,1
2009,3,3,0.5,0,93,2010,2
2009,3,4,0.5,0,93,2010,3
2009,3,5,0.5,0,93,2010,4
2009,4,1,0.764705882352941,-0.0588235294117647,93,2010,1
2009,4,2,0.764705882352941,-0.0588235294117647,93,2010,2
2009,4,3,0.764705882352941,-0.0588235294117647,93,2010,3
2009,4,4,0.764705882352941,-0.0588235294117647,93,2010,4
2010,1,1,1.4,0,93,2010,2
2010,1,2,1.4,0,93,2010,3
2010,1,3,1.4,0,93,2010,4
2010,1,4,1.4,0,93,2011,1
2010,1,5,1.4,0,93,2011,2
2010,1,6,1.4,0,93,2011,3
2010,1,7,1.4,0,93,2011,4
2010,2,1,1.4,0,93,2010,3
2010,2,2,1.4,0,93,2010,4
2010,2,3,1.4,0,93,2011,1
2010,2,4,1.4,0,93,2011,2
2010,2,5,1.4,0,93,2011,3
2010,2,6,1.4,0,93,2011,4
2010,3,1,1.4,0,93,2010,4
2010,3,2,1.4,0,93,2011,1
2010,3,3,1.4,0,93,2011,2
2010,3,4,1.4,0,93,2011,3
2010,3,5,1.4,0,93,2011,4
2010,4,1,1.40588235294118,-0.0588235294117647,93,2011,1
2010,4,2,1.40588235294118,-0.0588235294117647,93,2011,2
2010,4,3,1.40588235294118,-0.0588235294117647,93,2011,3
2010,4,4,1.40588235294118,-0.0588235294117647,93,2011,4
2011,1,1,1.8,0,93,2011,2
2011,1,2,1.8,0,93,2011,3
2011,1,3,1.8,0,93,2011,4
2011,1,4,1.8,0,93,2012,1
2011,1,5,1.8,0,93,2012,2
2011,1,6,1.8,0,93,2012,3
2011,1,7,1.8,0,93,2012,4
2011,2,1,1.6,0,93,2011,3
2011,2,2,1.6,0,93,2011,4
2011,2,3,1.6,0,93,2012,1
2011,2,4,1.6,0,93,2012,2
2011,2,5,1.6,0,93,2012,3
2011,2,6,1.6,0,93,2012,4
2011,3,1,1.8,0,93,2011,4
2011,3,2,1.8,0,93,2012,1
2011,3,3,1.8,0,93,2012,2
2011,3,4,1.8,0,93,2012,3
2011,3,5,1.8,0,93,2012,4
2011,4,1,1.17058823529412,-0.0588235294117647,93,2012,1
2011,4,2,1.17058823529412,-0.0588235294117647,93,2012,2
2011,4,3,1.17058823529412,-0.0588235294117647,93,2012,3
2011,4,4,1.17058823529412,-0.0588235294117647,93,2012,4
2012,1,1,1.3,0,93,2012,2
2012,1,2,1.3,0,93,2012,3
2012,1,3,1.3,0,93,2012,4
2012,1,4,1.3,0,93,2013,1
2012,1,5,1.3,0,93,2013,2
2012,1,6,1.3,0,93,2013,3
2012,1,7,1.3,0,93,2013,4
2012,2,1,1.3,0,93,2012,3
2012,2,2,1.3,0,93,2012,4
2012,2,3,1.3,0,93,2013,1
2012,2,4,1.3,0,93,2013,2
2012,2,5,1.3,0,93,2013,3
2012,2,6,1.3,0,93,2013,4
2012,3,1,0.8,0,93,2012,4
2012,3,2,0.8,0,93,2013,1
2012,3,3,0.8,0,93,2013,2
2012,3,4,0.8,0,93,2013,3
2012,3,5,0.8,0,93,2013,4
2012,4,1,0.558823529411765,-0.0588235294117647,93,2013,1
2012,4,2,0.558823529411765,-0.0588235294117647,93,2013,2
2012,4,3,0.558823529411765,-0.0588235294117647,93,2013,3
2012,4,4,0.558823529411765,-0.0588235294117647,93,2013,4
2013,1,1,1,0,93,2013,2
2013,1,2,1,0,93,2013,3
2013,1,3,1,0,93,2013,4
2013,1,4,1,0,93,2014,1
2013,1,5,1,0,93,2014,2
2013,1,6,1,0,93,2014,3
2013,1,7,1,0,93,2014,4
2013,2,1,0.9,0,93,2013,3
2013,2,2,0.9,0,93,2013,4
2013,2,3,0.9,0,93,2014,1
2013,2,4,0.9,0,93,2014,2
2013,2,5,0.9,0,93,2014,3
2013,2,6,0.9,0,93,2014,4
2013,3,1,0.9,0,93,2013,4
2013,3,2,0.9,0,93,2014,1
2013,3,3,0.9,0,93,2014,2
2013,3,4,0.9,0,93,2014,3
2013,3,5,0.9,0,93,2014,4
2013,4,1,0.976470588235294,-0.0588235294117647,93,2014,1
2013,4,2,0.976470588235294,-0.0588235294117647,93,2014,2
2013,4,3,0.976470588235294,-0.0588235294117647,93,2014,3
2013,4,4,0.976470588235294,-0.0588235294117647,93,2014,4
2014,1,1,1.5,0,93,2014,2
2014,1,2,1.5,0,93,2014,3
2014,1,3,1.5,0,93,2014,4
2014,1,4,1.5,0,93,2015,1
2014,1,5,1.5,0,93,2015,2
2014,1,6,1.5,0,93,2015,3
2014,1,7,1.5,0,93,2015,4
2014,2,1,1.5,0,93,2014,3
2014,2,2,1.5,0,93,2014,4
2014,2,3,1.5,0,93,2015,1
2014,2,4,1.5,0,93,2015,2
2014,2,5,1.5,0,93,2015,3
2014,2,6,1.5,0,93,2015,4
2014,3,1,1.5,0,93,2014,4
2014,3,2,1.5,0,93,2015,1
2014,3,3,1.5,0,93,2015,2
2014,3,4,1.5,0,93,2015,3
2014,3,5,1.5,0,93,2015,4
2014,4,1,1.32352941176471,-0.0588235294117647,93,2015,1
2014,4,2,1.32352941176471,-0.0588235294117647,93,2015,2
2014,4,3,1.32352941176471,-0.0588235294117647,93,2015,3
2014,4,4,1.32352941176471,-0.0588235294117647,93,2015,4
2015,1,1,1.7,0,93,2015,2
2015,1,2,1.7,0,93,2015,3
2015,1,3,1.7,0,93,2015,4
2015,1,4,1.7,0,93,2016,1
2015,1,5,1.7,0,93,2016,2
2015,1,6,1.7,0,93,2016,3
2015,1,7,1.7,0,93,2016,4
2015,2,1,1.7,0,93,2015,3
2015,2,2,1.7,0,93,2015,4
2015,2,3,1.7,0,93,2016,1
2015,2,4,1.7,0,93,2016,2
2015,2,5,1.7,0,93,2016,3
2015,2,6,1.7,0,93,2016,4
2015,3,1,1.7,0,93,2015,4
2015,3,2,1.7,0,93,2016,1
2015,3,3,1.7,0,93,2016,2
2015,3,4,1.7,0,93,2016,3
2015,3,5,1.7,0,93,2016,4
2015,4,1,1.71764705882353,-0.0588235294117647,93,2016,1
2015,4,2,1.71764705882353,-0.0588235294117647,93,2016,2
2015,4,3,1.71764705882353,-0.0588235294117647,93,2016,3
2015,4,4,1.71764705882353,-0.0588235294117647,93,2016,4
2016,1,1,1.9,0,93,2016,2
2016,1,2,1.9,0,93,2016,3
2016,1,3,1.9,0,93,2016,4
2016,1,4,1.9,0,93,2017,1
2016,1,5,1.9,0,93,2017,2
2016,1,6,1.9,0,93,2017,3
2016,1,7,1.9,0,93,2017,4
2016,2,1,1.7,0,93,2016,3
2016,2,2,1.7,0,93,2016,4
2016,2,3,1.7,0,93,2017,1
2016,2,4,1.7,0,93,2017,2
2016,2,5,1.7,0,93,2017,3
2016,2,6,1.7,0,93,2017,4
2016,3,1,1.6,0,93,2016,4
2016,3,2,1.6,0,93,2017,1
2016,3,3,1.6,0,93,2017,2
2016,3,4,1.6,0,93,2017,3
2016,3,5,1.6,0,93,2017,4
2016,4,1,1.60588235294118,-0.0588235294117647,93,2017,1
2016,4,2,1.60588235294118,-0.0588235294117647,93,2017,2
2016,4,3,1.60588235294118,-0.0588235294117647,93,2017,3
2016,4,4,1.60588235294118,-0.0588235294117647,93,2017,4
2017,1,1,1.7,0,93,2017,2
2017,1,2,1.7,0,93,2017,3
2017,1,3,1.7,0,93,2017,4
2017,1,4,1.7,0,93,2018,1
2017,1,5,1.7,0,93,2018,2
2017,1,6,1.7,0,93,2018,3
2017,1,7,1.7,0,93,2018,4
2017,2,1,1.7,0,93,2017,3
2017,2,2,1.7,0,93,2017,4
2017,2,3,1.7,0,93,2018,1
2017,2,4,1.7,0,93,2018,2
2017,2,5,1.7,0,93,2018,3
2017,2,6,1.7,0,93,2018,4
2017,3,1,1.8,0,93,2017,4
2017,3,2,1.8,0,93,2018,1
2017,3,3,1.8,0,93,2018,2
2017,3,4,1.8,0,93,2018,3
2017,3,5,1.8,0,93,2018,4
2017,4,1,1.98823529411765,-0.0588235294117647,93,2018,1
2017,4,2,1.98823529411765,-0.0588235294117647,93,2018,2
2017,4,3,1.98823529411765,-0.0588235294117647,93,2018,3
2017,4,4,1.98823529411765,-0.0588235294117647,93,2018,4
2018,1,1,1.7,0,93,2018,2
2018,1,2,1.7,0,93,2018,3
2018,1,3,1.7,0,93,2018,4
2018,1,4,1.7,0,93,2019,1
2018,1,5,1.7,0,93,2019,2
2018,1,6,1.7,0,93,2019,3
2018,1,7,1.7,0,93,2019,4
2018,2,1,2,0,93,2018,3
2018,2,2,2,0,93,2018,4
2018,2,3,2,0,93,2019,1
2018,2,4,2,0,93,2019,2
2018,2,5,2,0,93,2019,3
2018,2,6,2,0,93,2019,4
2018,3,1,2,0,93,2018,4
2018,3,2,2,0,93,2019,1
2018,3,3,2,0,93,2019,2
2018,3,4,2,0,93,2019,3
2018,3,5,2,0,93,2019,4
2018,4,1,1.88823529411765,-0.0588235294117647,93,2019,1
2018,4,2,1.88823529411765,-0.0588235294117647,93,2019,2
2018,4,3,1.88823529411765,-0.0588235294117647,93,2019,3
2018,4,4,1.88823529411765,-0.0588235294117647,93,2019,4
2019,1,1,1.7,0,93,2019,2
2019,1,2,1.7,0,93,2019,3
2019,1,3,1.7,0,93,2019,4
2019,1,4,1.7,0,93,2020,1
2019,1,5,1.7,0,93,2020,2
2019,1,6,1.7,0,93,2020,3
2019,1,7,1.7,0,93,2020,4
2019,2,1,1.5,0,93,2019,3
2019,2,2,1.5,0,93,2019,4
2019,2,3,1.5,0,93,2020,1
2019,2,4,1.5,0,93,2020,2
2019,2,5,1.5,0,93,2020,3
2019,2,6,1.5,0,93,2020,4
2019,3,1,1.5,0,93,2019,4
2019,3,2,1.5,0,93,2020,1
2019,3,3,1.5,0,93,2020,2
2019,3,4,1.5,0,93,2020,3
2019,3,5,1.5,0,93,2020,4
2019,4,1,1.10588235294118,-0.0588235294117647,93,2020,1
2019,4,2,1.10588235294118,-0.0588235294117647,93,2020,2
2019,4,3,1.10588235294118,-0.0588235294117647,93,2020,3
2019,4,4,1.10588235294118,-0.0588235294117647,93,2020,4
2020,1,1,1.3,0,93,2020,2
2020,1,2,1.3,0,93,2020,3
2020,1,3,1.3,0,93,2020,4
2020,1,4,1.3,0,93,2021,1
2020,1,5,1.3,0,93,2021,2
2020,1,6,1.3,0,93,2021,3
2020,1,7,1.3,0,93,2021,4
2020,2,1,4.4,0,93,2020,3
2020,2,2,4.4,0,93,2020,4
2020,2,3,4.4,0,93,2021,1
2020,2,4,4.4,0,93,2021,2
2020,2,5,4.4,0,93,2021,3
2020,2,6,4.4,0,93,2021,4
2020,3,1,8.4,0,93,2020,4
2020,3,2,8.4,0,93,2021,1
2020,3,3,8.4,0,93,2021,2
2020,3,4,8.4,0,93,2021,3
2020,3,5,8.4,0,93,2021,4
2020,4,1,7.47058823529412,-0.0588235294117647,93,2021,1
2020,4,2,7.47058823529412,-0.0588235294117647,93,2021,2
2020,4,3,7.47058823529412,-0.0588235294117647,93,2021,3
2020,4,4,7.47058823529412,-0.0588235294117647,93,2021,4
2021,1,1,2.7,0,93,2021,2
2021,1,2,2.7,0,93,2021,3
2021,1,3,2.7,0,93,2021,4
2021,1,4,2.7,0,93,2022,1
2021,1,5,2.7,0,93,2022,2
2021,1,6,2.7,0,93,2022,3
2021,1,7,2.7,0,93,2022,4
2021,2,1,3.3,0,93,2021,3
2021,2,2,3.3,0,93,2021,4
2021,2,3,3.3,0,93,2022,1
2021,2,4,3.3,0,93,2022,2
2021,2,5,3.3,0,93,2022,3
2021,2,6,3.3,0,93,2022,4
2021,3,1,4.1,0,93,2021,4
2021,3,2,4.1,0,93,2022,1
2021,3,3,4.1,0,93,2022,2
2021,3,4,4.1,0,93,2022,3
2021,3,5,4.1,0,93,2022,4
2021,4,1,4.94876152941176,-0.0588235294117647,93,2022,1
2021,4,2,4.94876152941176,-0.0588235294117647,93,2022,2
2021,4,3,4.94876152941176,-0.0588235294117647,93,2022,3
2021,4,4,4.94876152941176,-0.0588235294117647,93,2022,4
2022,1,1,2.6,0,93,2022,2
2022,1,2,2.6,0,93,2022,3
2022,1,3,2.6,0,93,2022,4
2022,1,4,2.6,0,93,2023,1
2022,1,5,2.6,0,93,2023,2
2022,1,6,2.6,0,93,2023,3
2022,1,7,2.6,0,93,2023,4
2022,2,1,3.1,0,93,2022,3
2022,2,2,3.1,0,93,2022,4
2022,2,3,3.1,0,93,2023,1
2022,2,4,3.1,0,93,2023,2
2022,2,5,3.1,0,93,2023,3
2022,2,6,3.1,0,93,2023,4
2022,3,1,1.7,0,93,2022,4
2022,3,2,1.7,0,93,2023,1
2022,3,3,1.7,0,93,2023,2
2022,3,4,1.7,0,93,2023,3
2022,3,5,1.7,0,93,2023,4
2022,4,1,0.0294117647058824,-0.0588235294117647,93,2023,1
2022,4,2,0.0294117647058824,-0.0588235294117647,93,2023,2
2022,4,3,0.0294117647058824,-0.0588235294117647,93,2023,3
2022,4,4,0.0294117647058824,-0.0588235294117647,93,2023,4
2023,1,1,1.6,0,93,2023,2
2023,1,2,1.6,0,93,2023,3
2023,1,3,1.6,0,93,2023,4
2023,1,4,1.6,0,93,2024,1
2023,1,5,1.6,0,93,2024,2
2023,1,6,1.6,0,93,2024,3
2023,1,7,1.6,0,93,2024,4
2023,2,1,1.6,0,93,2023,3
2023,2,2,1.6,0,93,2023,4
2023,2,3,1.6,0,93,2024,1
2023,2,4,1.6,0,93,2024,2
2023,2,5,1.6,0,93,2024,3
2023,2,6,1.6,0,93,2024,4
2023,3,1,1.3,0,93,2023,4
2023,3,2,1.3,0,93,2024,1
2023,3,3,1.3,0,93,2024,2
2023,3,4,1.3,0,93,2024,3
2023,3,5,1.3,0,93,2024,4
2023,4,1,0.711764705882353,-0.0588235294117647,93,2024,1
2023,4,2,0.711764705882353,-0.0588235294117647,93,2024,2
2023,4,3,0.711764705882353,-0.0588235294117647,93,2024,3
2023,4,4,0.711764705882353,-0.0588235294117647,93,2024,4
2024,1,1,1.6,0,93,2024,2
2024,1,2,1.6,0,93,2024,3
2024,1,3,1.6,0,93,2024,4
2024,1,4,1.6,0,93,2025,1
2024,1,5,1.6,0,93,2025,2
2024,1,6,1.6,0,93,2025,3
2024,1,7,1.6,0,93,2025,4
2024,2,1,1.7,0,93,2024,3
2024,2,2,1.7,0,93,2024,4
2024,2,3,1.7,0,93,2025,1
2024,2,4,1.7,0,93,2025,2
2024,2,5,1.7,0,93,2025,3
2024,2,6,1.7,0,93,2025,4
2024,3,1,1.7,0,93,2024,4
2024,3,2,1.7,0,93,2025,1
2024,3,3,1.7,0,93,2025,2
2024,3,4,1.7,0,93,2025,3
2024,3,5,1.7,0,93,2025,4
2024,4,1,1.33529411764706,-0.0588235294117647,93,2025,1
2024,4,2,1.33529411764706,-0.0588235294117647,93,2025,2
2024,4,3,1.33529411764706,-0.0588235294117647,93,2025,3
2024,4,4,1.33529411764706,-0.0588235294117647,93,2025,4
2001,1,1,1.1,0,94,2001,2
2001,1,2,1.1,0,94,2001,3
2001,1,3,1.1,0,94,2001,4
2001,1,4,1.1,0,94,2002,1
2001,1,5,1.1,0,94,2002,2
2001,1,6,1.1,0,94,2002,3
2001,1,7,1.1,0,94,2002,4
2001,2,1,2.4,0,94,2001,3
2001,2,2,2.4,0,94,2001,4
2001,2,3,2.4,0,94,2002,1
2001,2,4,2.4,0,94,2002,2
2001,2,5,2.4,0,94,2002,3
2001,2,6,2.4,0,94,2002,4
2001,3,1,2,0,94,2001,4
2001,3,2,2,0,94,2002,1
2001,3,3,2,0,94,2002,2
2001,3,4,2,0,94,2002,3
2001,3,5,2,0,94,2002,4
2001,4,1,1.17647058823529,-0.0588235294117647,94,2002,1
2001,4,2,1.17647058823529,-0.0588235294117647,94,2002,2
2001,4,3,1.17647058823529,-0.0588235294117647,94,2002,3
2001,4,4,1.17647058823529,-0.0588235294117647,94,2002,4
2002,1,1,3,0,94,2002,2
2002,1,2,3,0,94,2002,3
2002,1,3,3,0,94,2002,4
2002,1,4,3,0,94,2003,1
2002,1,5,3,0,94,2003,2
2002,1,6,3,0,94,2003,3
2002,1,7,3,0,94,2003,4
2002,2,1,2.3,0,94,2002,3
2002,2,2,2.3,0,94,2002,4
2002,2,3,2.3,0,94,2003,1
2002,2,4,2.3,0,94,2003,2
2002,2,5,2.3,0,94,2003,3
2002,2,6,2.3,0,94,2003,4
2002,3,1,2.5,0,94,2002,4
2002,3,2,2.5,0,94,2003,1
2002,3,3,2.5,0,94,2003,2
2002,3,4,2.5,0,94,2003,3
2002,3,5,2.5,0,94,2003,4
2002,4,1,2.48235294117647,-0.0588235294117647,94,2003,1
2002,4,2,2.48235294117647,-0.0588235294117647,94,2003,2
2002,4,3,2.48235294117647,-0.0588235294117647,94,2003,3
2002,4,4,2.48235294117647,-0.0588235294117647,94,2003,4
2003,1,1,2,0,94,2003,2
2003,1,2,2,0,94,2003,3
2003,1,3,2,0,94,2003,4
2003,1,4,2,0,94,2004,1
2003,1,5,2,0,94,2004,2
2003,1,6,2,0,94,2004,3
2003,1,7,2,0,94,2004,4
2003,2,1,2,0,94,2003,3
2003,2,2,2,0,94,2003,4
2003,2,3,2,0,94,2004,1
2003,2,4,2,0,94,2004,2
2003,2,5,2,0,94,2004,3
2003,2,6,2,0,94,2004,4
2003,3,1,1.7,0,94,2003,4
2003,3,2,1.7,0,94,2004,1
2003,3,3,1.7,0,94,2004,2
2003,3,4,1.7,0,94,2004,3
2003,3,5,1.7,0,94,2004,4
2003,4,1,1.87647058823529,-0.0588235294117647,94,2004,1
2003,4,2,1.87647058823529,-0.0588235294117647,94,2004,2
2003,4,3,1.87647058823529,-0.0588235294117647,94,2004,3
2003,4,4,1.87647058823529,-0.0588235294117647,94,2004,4
2004,1,1,2.5,0,94,2004,2
2004,1,2,2.5,0,94,2004,3
2004,1,3,2.5,0,94,2004,4
2004,1,4,2.5,0,94,2005,1
2004,1,5,2.5,0,94,2005,2
2004,1,6,2.5,0,94,2005,3
2004,1,7,2.5,0,94,2005,4
2004,2,1,2.5,0,94,2004,3
2004,2,2,2.5,0,94,2004,4
2004,2,3,2.5,0,94,2005,1
2004,2,4,2.5,0,94,2005,2
2004,2,5,2.5,0,94,2005,3
2004,2,6,2.5,0,94,2005,4
2004,3,1,2.3,0,94,2004,4
2004,3,2,2.3,0,94,2005,1
2004,3,3,2.3,0,94,2005,2
2004,3,4,2.3,0,94,2005,3
2004,3,5,2.3,0,94,2005,4
2004,4,1,2.00588235294118,-0.0588235294117647,94,2005,1
2004,4,2,2.00588235294118,-0.0588235294117647,94,2005,2
2004,4,3,2.00588235294118,-0.0588235294117647,94,2005,3
2004,4,4,2.00588235294118,-0.0588235294117647,94,2005,4
2005,1,1,2.3,0,94,2005,2
2005,1,2,2.3,0,94,2005,3
2005,1,3,2.3,0,94,2005,4
2005,1,4,2.3,0,94,2006,1
2005,1,5,2.3,0,94,2006,2
2005,1,6,2.3,0,94,2006,3
2005,1,7,2.3,0,94,2006,4
2005,3,1,1.6,0,94,2005,4
2005,3,2,1.6,0,94,2006,1
2005,3,3,1.6,0,94,2006,2
2005,3,4,1.6,0,94,2006,3
2005,3,5,1.6,0,94,2006,4
2005,4,1,1.82352941176471,-0.0588235294117647,94,2006,1
2005,4,2,1.82352941176471,-0.0588235294117647,94,2006,2
2005,4,3,1.82352941176471,-0.0588235294117647,94,2006,3
2005,4,4,1.82352941176471,-0.0588235294117647,94,2006,4
2006,1,1,1.8,0,94,2006,2
2006,1,2,1.8,0,94,2006,3
2006,1,3,1.8,0,94,2006,4
2006,1,4,1.8,0,94,2007,1
2006,1,5,1.8,0,94,2007,2
2006,1,6,1.8,0,94,2007,3
2006,1,7,1.8,0,94,2007,4
2006,2,1,1.9,0,94,2006,3
2006,2,2,1.9,0,94,2006,4
2006,2,3,1.9,0,94,2007,1
2006,2,4,1.9,0,94,2007,2
2006,2,5,1.9,0,94,2007,3
2006,2,6,1.9,0,94,2007,4
2006,3,1,1.9,0,94,2006,4
2006,3,2,1.9,0,94,2007,1
2006,3,3,1.9,0,94,2007,2
2006,3,4,1.9,0,94,2007,3
2006,3,5,1.9,0,94,2007,4
2006,4,1,2.28235294117647,-0.0588235294117647,94,2007,1
2006,4,2,2.28235294117647,-0.0588235294117647,94,2007,2
2006,4,3,2.28235294117647,-0.0588235294117647,94,2007,3
2006,4,4,2.28235294117647,-0.0588235294117647,94,2007,4
2007,1,1,2.3,0,94,2007,2
2007,1,2,2.3,0,94,2007,3
2007,1,3,2.3,0,94,2007,4
2007,1,4,2.3,0,94,2008,1
2007,1,5,2.3,0,94,2008,2
2007,1,6,2.3,0,94,2008,3
2007,1,7,2.3,0,94,2008,4
2007,2,1,2.3,0,94,2007,3
2007,2,2,2.3,0,94,2007,4
2007,2,3,2.3,0,94,2008,1
2007,2,4,2.3,0,94,2008,2
2007,2,5,2.3,0,94,2008,3
2007,2,6,2.3,0,94,2008,4
2007,3,1,2.3,0,94,2007,4
2007,3,2,2.3,0,94,2008,1
2007,3,3,2.3,0,94,2008,2
2007,3,4,2.3,0,94,2008,3
2007,3,5,2.3,0,94,2008,4
2007,4,1,1.87058823529412,-0.0588235294117647,94,2008,1
2007,4,2,1.87058823529412,-0.0588235294117647,94,2008,2
2007,4,3,1.87058823529412,-0.0588235294117647,94,2008,3
2007,4,4,1.87058823529412,-0.0588235294117647,94,2008,4
2008,1,1,2,0,94,2008,2
2008,1,2,2,0,94,2008,3
2008,1,3,2,0,94,2008,4
2008,1,4,2,0,94,2009,1
2008,1,5,2,0,94,2009,2
2008,1,6,2,0,94,2009,3
2008,1,7,2,0,94,2009,4
2008,2,1,1.3,0,94,2008,3
2008,2,2,1.3,0,94,2008,4
2008,2,3,1.3,0,94,2009,1
2008,2,4,1.3,0,94,2009,2
2008,2,5,1.3,0,94,2009,3
2008,2,6,1.3,0,94,2009,4
2008,3,1,0.9,0,94,2008,4
2008,3,2,0.9,0,94,2009,1
2008,3,3,0.9,0,94,2009,2
2008,3,4,0.9,0,94,2009,3
2008,3,5,0.9,0,94,2009,4
2008,4,1,-1.12352941176471,-0.0588235294117647,94,2009,1
2008,4,2,-1.12352941176471,-0.0588235294117647,94,2009,2
2008,4,3,-1.12352941176471,-0.0588235294117647,94,2009,3
2008,4,4,-1.12352941176471,-0.0588235294117647,94,2009,4
2009,1,1,0.3,0,94,2009,2
2009,1,2,0.3,0,94,2009,3
2009,1,3,0.3,0,94,2009,4
2009,1,4,0.3,0,94,2010,1
2009,1,5,0.3,0,94,2010,2
2009,1,6,0.3,0,94,2010,3
2009,1,7,0.3,0,94,2010,4
2009,2,1,0.2,0,94,2009,3
2009,2,2,0.2,0,94,2009,4
2009,2,3,0.2,0,94,2010,1
2009,2,4,0.2,0,94,2010,2
2009,2,5,0.2,0,94,2010,3
2009,2,6,0.2,0,94,2010,4
2009,3,1,-0.2,0,94,2009,4
2009,3,2,-0.2,0,94,2010,1
2009,3,3,-0.2,0,94,2010,2
2009,3,4,-0.2,0,94,2010,3
2009,3,5,-0.2,0,94,2010,4
2009,4,1,0.447058823529412,-0.0588235294117647,94,2010,1
2009,4,2,0.447058823529412,-0.0588235294117647,94,2010,2
2009,4,3,0.447058823529412,-0.0588235294117647,94,2010,3
2009,4,4,0.447058823529412,-0.0588235294117647,94,2010,4
2010,1,1,1.2,0,94,2010,2
2010,1,2,1.2,0,94,2010,3
2010,1,3,1.2,0,94,2010,4
2010,1,4,1.2,0,94,2011,1
2010,1,5,1.2,0,94,2011,2
2010,1,6,1.2,0,94,2011,3
2010,1,7,1.2,0,94,2011,4
2010,2,1,1.2,0,94,2010,3
2010,2,2,1.2,0,94,2010,4
2010,2,3,1.2,0,94,2011,1
2010,2,4,1.2,0,94,2011,2
2010,2,5,1.2,0,94,2011,3
2010,2,6,1.2,0,94,2011,4
2010,3,1,0.3,0,94,2010,4
2010,3,2,0.3,0,94,2011,1
2010,3,3,0.3,0,94,2011,2
2010,3,4,0.3,0,94,2011,3
2010,3,5,0.3,0,94,2011,4
2010,4,1,0.964705882352941,-0.0588235294117647,94,2011,1
2010,4,2,0.964705882352941,-0.0588235294117647,94,2011,2
2010,4,3,0.964705882352941,-0.0588235294117647,94,2011,3
2010,4,4,0.964705882352941,-0.0588235294117647,94,2011,4
2011,1,1,1.6,0,94,2011,2
2011,1,2,1.6,0,94,2011,3
2011,1,3,1.6,0,94,2011,4
2011,1,4,1.6,0,94,2012,1
2011,1,5,1.6,0,94,2012,2
2011,1,6,1.6,0,94,2012,3
2011,1,7,1.6,0,94,2012,4
2011,2,1,1.1,0,94,2011,3
2011,2,2,1.1,0,94,2011,4
2011,2,3,1.1,0,94,2012,1
2011,2,4,1.1,0,94,2012,2
2011,2,5,1.1,0,94,2012,3
2011,2,6,1.1,0,94,2012,4
2011,3,1,1,0,94,2011,4
2011,3,2,1,0,94,2012,1
2011,3,3,1,0,94,2012,2
2011,3,4,1,0,94,2012,3
2011,3,5,1,0,94,2012,4
2011,4,1,0.541176470588235,-0.0588235294117647,94,2012,1
2011,4,2,0.541176470588235,-0.0588235294117647,94,2012,2
2011,4,3,0.541176470588235,-0.0588235294117647,94,2012,3
2011,4,4,0.541176470588235,-0.0588235294117647,94,2012,4
2012,1,1,0.7,0,94,2012,2
2012,1,2,0.7,0,94,2012,3
2012,1,3,0.7,0,94,2012,4
2012,1,4,0.7,0,94,2013,1
2012,1,5,0.7,0,94,2013,2
2012,1,6,0.7,0,94,2013,3
2012,1,7,0.7,0,94,2013,4
2012,2,1,0.7,0,94,2012,3
2012,2,2,0.7,0,94,2012,4
2012,2,3,0.7,0,94,2013,1
2012,2,4,0.7,0,94,2013,2
2012,2,5,0.7,0,94,2013,3
2012,2,6,0.7,0,94,2013,4
2012,3,1,0.6,0,94,2012,4
2012,3,2,0.6,0,94,2013,1
2012,3,3,0.6,0,94,2013,2
2012,3,4,0.6,0,94,2013,3
2012,3,5,0.6,0,94,2013,4
2012,4,1,-0.288235294117647,-0.0588235294117647,94,2013,1
2012,4,2,-0.288235294117647,-0.0588235294117647,94,2013,2
2012,4,3,-0.288235294117647,-0.0588235294117647,94,2013,3
2012,4,4,-0.288235294117647,-0.0588235294117647,94,2013,4
2013,1,1,0.9,0,94,2013,2
2013,1,2,0.9,0,94,2013,3
2013,1,3,0.9,0,94,2013,4
2013,1,4,0.9,0,94,2014,1
2013,1,5,0.9,0,94,2014,2
2013,1,6,0.9,0,94,2014,3
2013,1,7,0.9,0,94,2014,4
2013,2,1,0.7,0,94,2013,3
2013,2,2,0.7,0,94,2013,4
2013,2,3,0.7,0,94,2014,1
2013,2,4,0.7,0,94,2014,2
2013,2,5,0.7,0,94,2014,3
2013,2,6,0.7,0,94,2014,4
2013,3,1,0.7,0,94,2013,4
2013,3,2,0.7,0,94,2014,1
2013,3,3,0.7,0,94,2014,2
2013,3,4,0.7,0,94,2014,3
2013,3,5,0.7,0,94,2014,4
2013,4,1,0.747294117647059,-0.0588235294117647,94,2014,1
2013,4,2,0.747294117647059,-0.0588235294117647,94,2014,2
2013,4,3,0.747294117647059,-0.0588235294117647,94,2014,3
2013,4,4,0.747294117647059,-0.0588235294117647,94,2014,4
2014,1,1,1.6,0,94,2014,2
2014,1,2,1.6,0,94,2014,3
2014,1,3,1.6,0,94,2014,4
2014,1,4,1.6,0,94,2015,1
2014,1,5,1.6,0,94,2015,2
2014,1,6,1.6,0,94,2015,3
2014,1,7,1.6,0,94,2015,4
2014,2,1,1.6,0,94,2014,3
2014,2,2,1.6,0,94,2014,4
2014,2,3,1.6,0,94,2015,1
2014,2,4,1.6,0,94,2015,2
2014,2,5,1.6,0,94,2015,3
2014,2,6,1.6,0,94,2015,4
2014,3,1,1.5,0,94,2014,4
2014,3,2,1.5,0,94,2015,1
2014,3,3,1.5,0,94,2015,2
2014,3,4,1.5,0,94,2015,3
2014,3,5,1.5,0,94,2015,4
2014,4,1,1.12352941176471,-0.0588235294117647,94,2015,1
2014,4,2,1.12352941176471,-0.0588235294117647,94,2015,2
2014,4,3,1.12352941176471,-0.0588235294117647,94,2015,3
2014,4,4,1.12352941176471,-0.0588235294117647,94,2015,4
2015,1,1,1.5,0,94,2015,2
2015,1,2,1.5,0,94,2015,3
2015,1,3,1.5,0,94,2015,4
2015,1,4,1.5,0,94,2016,1
2015,1,5,1.5,0,94,2016,2
2015,1,6,1.5,0,94,2016,3
2015,1,7,1.5,0,94,2016,4
2015,2,1,1.8,0,94,2015,3
2015,2,2,1.8,0,94,2015,4
2015,2,3,1.8,0,94,2016,1
2015,2,4,1.8,0,94,2016,2
2015,2,5,1.8,0,94,2016,3
2015,2,6,1.8,0,94,2016,4
2015,3,1,1.8,0,94,2015,4
2015,3,2,1.8,0,94,2016,1
2015,3,3,1.8,0,94,2016,2
2015,3,4,1.8,0,94,2016,3
2015,3,5,1.8,0,94,2016,4
2015,4,1,1.71764705882353,-0.0588235294117647,94,2016,1
2015,4,2,1.71764705882353,-0.0588235294117647,94,2016,2
2015,4,3,1.71764705882353,-0.0588235294117647,94,2016,3
2015,4,4,1.71764705882353,-0.0588235294117647,94,2016,4
2016,1,1,1.9,0,94,2016,2
2016,1,2,1.9,0,94,2016,3
2016,1,3,1.9,0,94,2016,4
2016,1,4,1.9,0,94,2017,1
2016,1,5,1.9,0,94,2017,2
2016,1,6,1.9,0,94,2017,3
2016,1,7,1.9,0,94,2017,4
2016,2,1,1.853,0,94,2016,3
2016,2,2,1.853,0,94,2016,4
2016,2,3,1.853,0,94,2017,1
2016,2,4,1.853,0,94,2017,2
2016,2,5,1.853,0,94,2017,3
2016,2,6,1.853,0,94,2017,4
2016,3,1,1.1,0,94,2016,4
2016,3,2,1.1,0,94,2017,1
2016,3,3,1.1,0,94,2017,2
2016,3,4,1.1,0,94,2017,3
2016,3,5,1.1,0,94,2017,4
2016,4,1,1.07647058823529,-0.0588235294117647,94,2017,1
2016,4,2,1.07647058823529,-0.0588235294117647,94,2017,2
2016,4,3,1.07647058823529,-0.0588235294117647,94,2017,3
2016,4,4,1.07647058823529,-0.0588235294117647,94,2017,4
2017,1,1,1.778,0,94,2017,2
2017,1,2,1.778,0,94,2017,3
2017,1,3,1.778,0,94,2017,4
2017,1,4,1.778,0,94,2018,1
2017,1,5,1.778,0,94,2018,2
2017,1,6,1.778,0,94,2018,3
2017,1,7,1.778,0,94,2018,4
2017,2,1,1.7555,0,94,2017,3
2017,2,2,1.7555,0,94,2017,4
2017,2,3,1.7555,0,94,2018,1
2017,2,4,1.7555,0,94,2018,2
2017,2,5,1.7555,0,94,2018,3
2017,2,6,1.7555,0,94,2018,4
2017,3,1,1.878,0,94,2017,4
2017,3,2,1.878,0,94,2018,1
2017,3,3,1.878,0,94,2018,2
2017,3,4,1.878,0,94,2018,3
2017,3,5,1.878,0,94,2018,4
2017,4,1,1.94361764705882,-0.0588235294117647,94,2018,1
2017,4,2,1.94361764705882,-0.0588235294117647,94,2018,2
2017,4,3,1.94361764705882,-0.0588235294117647,94,2018,3
2017,4,4,1.94361764705882,-0.0588235294117647,94,2018,4
2018,1,1,2.1,0,94,2018,2
2018,1,2,2.1,0,94,2018,3
2018,1,3,2.1,0,94,2018,4
2018,1,4,2.1,0,94,2019,1
2018,1,5,2.1,0,94,2019,2
2018,1,6,2.1,0,94,2019,3
2018,1,7,2.1,0,94,2019,4
2018,3,1,1.9505,0,94,2018,4
2018,3,2,1.9505,0,94,2019,1
2018,3,3,1.9505,0,94,2019,2
2018,3,4,1.9505,0,94,2019,3
2018,3,5,1.9505,0,94,2019,4
2018,4,1,1.88823529411765,-0.0588235294117647,94,2019,1
2018,4,2,1.88823529411765,-0.0588235294117647,94,2019,2
2018,4,3,1.88823529411765,-0.0588235294117647,94,2019,3
2018,4,4,1.88823529411765,-0.0588235294117647,94,2019,4
2001,1,1,2.9,0,95,2001,2
2001,1,2,2.9,0,95,2001,3
2001,1,3,2.9,0,95,2001,4
2001,1,4,2.9,0,95,2002,1
2001,1,5,2.9,0,95,2002,2
2001,1,6,2.9,0,95,2002,3
2001,1,7,2.9,0,95,2002,4
2001,3,1,2.5,0,95,2001,4
2001,3,2,2.5,0,95,2002,1
2001,3,3,2.5,0,95,2002,2
2001,3,4,2.5,0,95,2002,3
2001,3,5,2.5,0,95,2002,4
2001,4,1,1.39411764705882,-0.0588235294117647,95,2002,1
2001,4,2,1.39411764705882,-0.0588235294117647,95,2002,2
2001,4,3,1.39411764705882,-0.0588235294117647,95,2002,3
2001,4,4,1.39411764705882,-0.0588235294117647,95,2002,4
2002,1,1,2.35140401,0,95,2002,2
2002,1,2,2.35140401,0,95,2002,3
2002,1,3,2.35140401,0,95,2002,4
2002,1,4,2.35140401,0,95,2003,1
2002,1,5,2.35140401,0,95,2003,2
2002,1,6,2.35140401,0,95,2003,3
2002,1,7,2.35140401,0,95,2003,4
2002,2,1,2.8,0,95,2002,3
2002,2,2,2.8,0,95,2002,4
2002,2,3,2.8,0,95,2003,1
2002,2,4,2.8,0,95,2003,2
2002,2,5,2.8,0,95,2003,3
2002,2,6,2.8,0,95,2003,4
2002,3,1,2.8,0,95,2002,4
2002,3,2,2.8,0,95,2003,1
2002,3,3,2.8,0,95,2003,2
2002,3,4,2.8,0,95,2003,3
2002,3,5,2.8,0,95,2003,4
2002,4,1,2.06470588235294,-0.0588235294117647,95,2003,1
2002,4,2,2.06470588235294,-0.0588235294117647,95,2003,2
2002,4,3,2.06470588235294,-0.0588235294117647,95,2003,3
2002,4,4,2.06470588235294,-0.0588235294117647,95,2003,4
2003,1,1,2.3,0,95,2003,2
2003,1,2,2.3,0,95,2003,3
2003,1,3,2.3,0,95,2003,4
2003,1,4,2.3,0,95,2004,1
2003,1,5,2.3,0,95,2004,2
2003,1,6,2.3,0,95,2004,3
2003,1,7,2.3,0,95,2004,4
2003,2,1,2,0,95,2003,3
2003,2,2,2,0,95,2003,4
2003,2,3,2,0,95,2004,1
2003,2,4,2,0,95,2004,2
2003,2,5,2,0,95,2004,3
2003,2,6,2,0,95,2004,4
2003,3,1,1.9,0,95,2003,4
2003,3,2,1.9,0,95,2004,1
2003,3,3,1.9,0,95,2004,2
2003,3,4,1.9,0,95,2004,3
2003,3,5,1.9,0,95,2004,4
2003,4,1,2.08823529411765,-0.0588235294117647,95,2004,1
2003,4,2,2.08823529411765,-0.0588235294117647,95,2004,2
2003,4,3,2.08823529411765,-0.0588235294117647,95,2004,3
2003,4,4,2.08823529411765,-0.0588235294117647,95,2004,4
2004,1,1,2.3,0,95,2004,2
2004,1,2,2.3,0,95,2004,3
2004,1,3,2.3,0,95,2004,4
2004,1,4,2.3,0,95,2005,1
2004,1,5,2.3,0,95,2005,2
2004,1,6,2.3,0,95,2005,3
2004,1,7,2.3,0,95,2005,4
2004,2,1,2.2,0,95,2004,3
2004,2,2,2.2,0,95,2004,4
2004,2,3,2.2,0,95,2005,1
2004,2,4,2.2,0,95,2005,2
2004,2,5,2.2,0,95,2005,3
2004,2,6,2.2,0,95,2005,4
2004,3,1,2.3,0,95,2004,4
2004,3,2,2.3,0,95,2005,1
2004,3,3,2.3,0,95,2005,2
2004,3,4,2.3,0,95,2005,3
2004,3,5,2.3,0,95,2005,4
2004,4,1,2.21764705882353,-0.0588235294117647,95,2005,1
2004,4,2,2.21764705882353,-0.0588235294117647,95,2005,2
2004,4,3,2.21764705882353,-0.0588235294117647,95,2005,3
2004,4,4,2.21764705882353,-0.0588235294117647,95,2005,4
2005,1,1,2.1,0,95,2005,2
2005,1,2,2.1,0,95,2005,3
2005,1,3,2.1,0,95,2005,4
2005,1,4,2.1,0,95,2006,1
2005,1,5,2.1,0,95,2006,2
2005,1,6,2.1,0,95,2006,3
2005,1,7,2.1,0,95,2006,4
2005,2,1,2,0,95,2005,3
2005,2,2,2,0,95,2005,4
2005,2,3,2,0,95,2006,1
2005,2,4,2,0,95,2006,2
2005,2,5,2,0,95,2006,3
2005,2,6,2,0,95,2006,4
2005,3,1,1.6,0,95,2005,4
2005,3,2,1.6,0,95,2006,1
2005,3,3,1.6,0,95,2006,2
2005,3,4,1.6,0,95,2006,3
2005,3,5,1.6,0,95,2006,4
2005,4,1,1.61764705882353,-0.0588235294117647,95,2006,1
2005,4,2,1.61764705882353,-0.0588235294117647,95,2006,2
2005,4,3,1.61764705882353,-0.0588235294117647,95,2006,3
2005,4,4,1.61764705882353,-0.0588235294117647,95,2006,4
2006,1,1,1.8,0,95,2006,2
2006,1,2,1.8,0,95,2006,3
2006,1,3,1.8,0,95,2006,4
2006,1,4,1.8,0,95,2007,1
2006,1,5,1.8,0,95,2007,2
2006,1,6,1.8,0,95,2007,3
2006,1,7,1.8,0,95,2007,4
2006,2,1,1.8,0,95,2006,3
2006,2,2,1.8,0,95,2006,4
2006,2,3,1.8,0,95,2007,1
2006,2,4,1.8,0,95,2007,2
2006,2,5,1.8,0,95,2007,3
2006,2,6,1.8,0,95,2007,4
2006,3,1,2,0,95,2006,4
2006,3,2,2,0,95,2007,1
2006,3,3,2,0,95,2007,2
2006,3,4,2,0,95,2007,3
2006,3,5,2,0,95,2007,4
2006,4,1,1.97647058823529,-0.0588235294117647,95,2007,1
2006,4,2,1.97647058823529,-0.0588235294117647,95,2007,2
2006,4,3,1.97647058823529,-0.0588235294117647,95,2007,3
2006,4,4,1.97647058823529,-0.0588235294117647,95,2007,4
2007,1,1,2,0,95,2007,2
2007,1,2,2,0,95,2007,3
2007,1,3,2,0,95,2007,4
2007,1,4,2,0,95,2008,1
2007,1,5,2,0,95,2008,2
2007,1,6,2,0,95,2008,3
2007,1,7,2,0,95,2008,4
2007,2,1,2.1,0,95,2007,3
2007,2,2,2.1,0,95,2007,4
2007,2,3,2.1,0,95,2008,1
2007,2,4,2.1,0,95,2008,2
2007,2,5,2.1,0,95,2008,3
2007,2,6,2.1,0,95,2008,4
2007,3,1,2.4,0,95,2007,4
2007,3,2,2.4,0,95,2008,1
2007,3,3,2.4,0,95,2008,2
2007,3,4,2.4,0,95,2008,3
2007,3,5,2.4,0,95,2008,4
2007,4,1,2.17647058823529,-0.0588235294117647,95,2008,1
2007,4,2,2.17647058823529,-0.0588235294117647,95,2008,2
2007,4,3,2.17647058823529,-0.0588235294117647,95,2008,3
2007,4,4,2.17647058823529,-0.0588235294117647,95,2008,4
2008,1,1,2.1,0,95,2008,2
2008,1,2,2.1,0,95,2008,3
2008,1,3,2.1,0,95,2008,4
2008,1,4,2.1,0,95,2009,1
2008,1,5,2.1,0,95,2009,2
2008,1,6,2.1,0,95,2009,3
2008,1,7,2.1,0,95,2009,4
2008,2,1,1.8,0,95,2008,3
2008,2,2,1.8,0,95,2008,4
2008,2,3,1.8,0,95,2009,1
2008,2,4,1.8,0,95,2009,2
2008,2,5,1.8,0,95,2009,3
2008,2,6,1.8,0,95,2009,4
2008,3,1,1.5,0,95,2008,4
2008,3,2,1.5,0,95,2009,1
2008,3,3,1.5,0,95,2009,2
2008,3,4,1.5,0,95,2009,3
2008,3,5,1.5,0,95,2009,4
2008,4,1,0.0411764705882353,-0.0588235294117647,95,2009,1
2008,4,2,0.0411764705882353,-0.0588235294117647,95,2009,2
2008,4,3,0.0411764705882353,-0.0588235294117647,95,2009,3
2008,4,4,0.0411764705882353,-0.0588235294117647,95,2009,4
2009,1,1,0.6,0,95,2009,2
2009,1,2,0.6,0,95,2009,3
2009,1,3,0.6,0,95,2009,4
2009,1,4,0.6,0,95,2010,1
2009,1,5,0.6,0,95,2010,2
2009,1,6,0.6,0,95,2010,3
2009,1,7,0.6,0,95,2010,4
2009,2,1,0.3,0,95,2009,3
2009,2,2,0.3,0,95,2009,4
2009,2,3,0.3,0,95,2010,1
2009,2,4,0.3,0,95,2010,2
2009,2,5,0.3,0,95,2010,3
2009,2,6,0.3,0,95,2010,4
2009,3,1,0.48,0,95,2009,4
2009,3,2,0.48,0,95,2010,1
2009,3,3,0.48,0,95,2010,2
2009,3,4,0.48,0,95,2010,3
2009,3,5,0.48,0,95,2010,4
2009,4,1,1.96005821,-0.0588235294117647,95,2010,1
2009,4,2,1.96005821,-0.0588235294117647,95,2010,2
2009,4,3,1.96005821,-0.0588235294117647,95,2010,3
2009,4,4,1.96005821,-0.0588235294117647,95,2010,4
2010,1,1,1.8121,0,95,2010,2
2010,1,2,1.8121,0,95,2010,3
2010,1,3,1.8121,0,95,2010,4
2010,1,4,1.8121,0,95,2011,1
2010,1,5,1.8121,0,95,2011,2
2010,1,6,1.8121,0,95,2011,3
2010,1,7,1.8121,0,95,2011,4
2010,2,1,1.81209,0,95,2010,3
2010,2,2,1.81209,0,95,2010,4
2010,2,3,1.81209,0,95,2011,1
2010,2,4,1.81209,0,95,2011,2
2010,2,5,1.81209,0,95,2011,3
2010,2,6,1.81209,0,95,2011,4
2010,3,1,1.261,0,95,2010,4
2010,3,2,1.261,0,95,2011,1
2010,3,3,1.261,0,95,2011,2
2010,3,4,1.261,0,95,2011,3
2010,3,5,1.261,0,95,2011,4
2010,4,1,1.54566551308994,-0.0588235294117647,95,2011,1
2010,4,2,1.54566551308994,-0.0588235294117647,95,2011,2
2010,4,3,1.54566551308994,-0.0588235294117647,95,2011,3
2010,4,4,1.54566551308994,-0.0588235294117647,95,2011,4
2011,1,1,1.838007732,0,95,2011,2
2011,1,2,1.838007732,0,95,2011,3
2011,1,3,1.838007732,0,95,2011,4
2011,1,4,1.838007732,0,95,2012,1
2011,1,5,1.838007732,0,95,2012,2
2011,1,6,1.838007732,0,95,2012,3
2011,1,7,1.838007732,0,95,2012,4
2011,2,1,1.8961666667,0,95,2011,3
2011,2,2,1.8961666667,0,95,2011,4
2011,2,3,1.8961666667,0,95,2012,1
2011,2,4,1.8961666667,0,95,2012,2
2011,2,5,1.8961666667,0,95,2012,3
2011,2,6,1.8961666667,0,95,2012,4
2011,3,1,1.8268696721,0,95,2011,4
2011,3,2,1.8268696721,0,95,2012,1
2011,3,3,1.8268696721,0,95,2012,2
2011,3,4,1.8268696721,0,95,2012,3
2011,3,5,1.8268696721,0,95,2012,4
2011,4,1,1.01860910815294,-0.0588235294117647,95,2012,1
2011,4,2,1.01860910815294,-0.0588235294117647,95,2012,2
2011,4,3,1.01860910815294,-0.0588235294117647,95,2012,3
2011,4,4,1.01860910815294,-0.0588235294117647,95,2012,4
2012,1,1,1.1963467742,0,95,2012,2
2012,1,2,1.1963467742,0,95,2012,3
2012,1,3,1.1963467742,0,95,2012,4
2012,1,4,1.1963467742,0,95,2013,1
2012,1,5,1.1963467742,0,95,2013,2
2012,1,6,1.1963467742,0,95,2013,3
2012,1,7,1.1963467742,0,95,2013,4
2012,2,1,1.2009166667,0,95,2012,3
2012,2,2,1.2009166667,0,95,2012,4
2012,2,3,1.2009166667,0,95,2013,1
2012,2,4,1.2009166667,0,95,2013,2
2012,2,5,1.2009166667,0,95,2013,3
2012,2,6,1.2009166667,0,95,2013,4
2012,3,1,0.86275,0,95,2012,4
2012,3,2,0.86275,0,95,2013,1
2012,3,3,0.86275,0,95,2013,2
2012,3,4,0.86275,0,95,2013,3
2012,3,5,0.86275,0,95,2013,4
2012,4,1,0.402602941176471,-0.0588235294117647,95,2013,1
2012,4,2,0.402602941176471,-0.0588235294117647,95,2013,2
2012,4,3,0.402602941176471,-0.0588235294117647,95,2013,3
2012,4,4,0.402602941176471,-0.0588235294117647,95,2013,4
2013,1,1,1.0248735294,0,95,2013,2
2013,1,2,1.0248735294,0,95,2013,3
2013,1,3,1.0248735294,0,95,2013,4
2013,1,4,1.0248735294,0,95,2014,1
2013,1,5,1.0248735294,0,95,2014,2
2013,1,6,1.0248735294,0,95,2014,3
2013,1,7,1.0248735294,0,95,2014,4
2013,2,1,1.016,0,95,2013,3
2013,2,2,1.016,0,95,2013,4
2013,2,3,1.016,0,95,2014,1
2013,2,4,1.016,0,95,2014,2
2013,2,5,1.016,0,95,2014,3
2013,2,6,1.016,0,95,2014,4
2013,3,1,0.834154022,0,95,2013,4
2013,3,2,0.834154022,0,95,2014,1
2013,3,3,0.834154022,0,95,2014,2
2013,3,4,0.834154022,0,95,2014,3
2013,3,5,0.834154022,0,95,2014,4
2013,4,1,1.13863861470588,-0.0588235294117647,95,2014,1
2013,4,2,1.13863861470588,-0.0588235294117647,95,2014,2
2013,4,3,1.13863861470588,-0.0588235294117647,95,2014,3
2013,4,4,1.13863861470588,-0.0588235294117647,95,2014,4
2014,1,1,1.356,0,95,2014,2
2014,1,2,1.356,0,95,2014,3
2014,1,3,1.356,0,95,2014,4
2014,1,4,1.356,0,95,2015,1
2014,1,5,1.356,0,95,2015,2
2014,1,6,1.356,0,95,2015,3
2014,1,7,1.356,0,95,2015,4
2014,2,1,1.506,0,95,2014,3
2014,2,2,1.506,0,95,2014,4
2014,2,3,1.506,0,95,2015,1
2014,2,4,1.506,0,95,2015,2
2014,2,5,1.506,0,95,2015,3
2014,2,6,1.506,0,95,2015,4
2014,3,1,1.506,0,95,2014,4
2014,3,2,1.506,0,95,2015,1
2014,3,3,1.506,0,95,2015,2
2014,3,4,1.506,0,95,2015,3
2014,3,5,1.506,0,95,2015,4
2014,4,1,1.22762944107059,-0.0588235294117647,95,2015,1
2014,4,2,1.22762944107059,-0.0588235294117647,95,2015,2
2014,4,3,1.22762944107059,-0.0588235294117647,95,2015,3
2014,4,4,1.22762944107059,-0.0588235294117647,95,2015,4
2015,1,1,1.463,0,95,2015,2
2015,1,2,1.463,0,95,2015,3
2015,1,3,1.463,0,95,2015,4
2015,1,4,1.463,0,95,2016,1
2015,1,5,1.463,0,95,2016,2
2015,1,6,1.463,0,95,2016,3
2015,1,7,1.463,0,95,2016,4
2015,2,1,1.758,0,95,2015,3
2015,2,2,1.758,0,95,2015,4
2015,2,3,1.758,0,95,2016,1
2015,2,4,1.758,0,95,2016,2
2015,2,5,1.758,0,95,2016,3
2015,2,6,1.758,0,95,2016,4
2015,3,1,1.758,0,95,2015,4
2015,3,2,1.758,0,95,2016,1
2015,3,3,1.758,0,95,2016,2
2015,3,4,1.758,0,95,2016,3
2015,3,5,1.758,0,95,2016,4
2015,4,1,1.77214705882353,-0.0588235294117647,95,2016,1
2015,4,2,1.77214705882353,-0.0588235294117647,95,2016,2
2015,4,3,1.77214705882353,-0.0588235294117647,95,2016,3
2015,4,4,1.77214705882353,-0.0588235294117647,95,2016,4
2016,1,1,1.731,0,95,2016,2
2016,1,2,1.731,0,95,2016,3
2016,1,3,1.731,0,95,2016,4
2016,1,4,1.731,0,95,2017,1
2016,1,5,1.731,0,95,2017,2
2016,1,6,1.731,0,95,2017,3
2016,1,7,1.731,0,95,2017,4
2016,2,1,1.731,0,95,2016,3
2016,2,2,1.731,0,95,2016,4
2016,2,3,1.731,0,95,2017,1
2016,2,4,1.731,0,95,2017,2
2016,2,5,1.731,0,95,2017,3
2016,2,6,1.731,0,95,2017,4
2016,3,1,1.7073581728,0,95,2016,4
2016,3,2,1.7073581728,0,95,2017,1
2016,3,3,1.7073581728,0,95,2017,2
2016,3,4,1.7073581728,0,95,2017,3
2016,3,5,1.7073581728,0,95,2017,4
2016,4,1,1.39098745826471,-0.0588235294117647,95,2017,1
2016,4,2,1.39098745826471,-0.0588235294117647,95,2017,2
2016,4,3,1.39098745826471,-0.0588235294117647,95,2017,3
2016,4,4,1.39098745826471,-0.0588235294117647,95,2017,4
2017,1,1,1.5686347133,0,95,2017,2
2017,1,2,1.5686347133,0,95,2017,3
2017,1,3,1.5686347133,0,95,2017,4
2017,1,4,1.5686347133,0,95,2018,1
2017,1,5,1.5686347133,0,95,2018,2
2017,1,6,1.5686347133,0,95,2018,3
2017,1,7,1.5686347133,0,95,2018,4
2017,2,1,1.7945508991,0,95,2017,3
2017,2,2,1.7945508991,0,95,2017,4
2017,2,3,1.7945508991,0,95,2018,1
2017,2,4,1.7945508991,0,95,2018,2
2017,2,5,1.7945508991,0,95,2018,3
2017,2,6,1.7945508991,0,95,2018,4
2017,3,1,1.8670676204,0,95,2017,4
2017,3,2,1.8670676204,0,95,2018,1
2017,3,3,1.8670676204,0,95,2018,2
2017,3,4,1.8670676204,0,95,2018,3
2017,3,5,1.8670676204,0,95,2018,4
2017,4,1,1.98115389158235,-0.0588235294117647,95,2018,1
2017,4,2,1.98115389158235,-0.0588235294117647,95,2018,2
2017,4,3,1.98115389158235,-0.0588235294117647,95,2018,3
2017,4,4,1.98115389158235,-0.0588235294117647,95,2018,4
2018,1,1,1.9066547083,0,95,2018,2
2018,1,2,1.9066547083,0,95,2018,3
2018,1,3,1.9066547083,0,95,2018,4
2018,1,4,1.9066547083,0,95,2019,1
2018,1,5,1.9066547083,0,95,2019,2
2018,1,6,1.9066547083,0,95,2019,3
2018,1,7,1.9066547083,0,95,2019,4
2018,2,1,1.9029839359,0,95,2018,3
2018,2,2,1.9029839359,0,95,2018,4
2018,2,3,1.9029839359,0,95,2019,1
2018,2,4,1.9029839359,0,95,2019,2
2018,2,5,1.9029839359,0,95,2019,3
2018,2,6,1.9029839359,0,95,2019,4
2018,3,1,1.7775949376,0,95,2018,4
2018,3,2,1.7775949376,0,95,2019,1
2018,3,3,1.7775949376,0,95,2019,2
2018,3,4,1.7775949376,0,95,2019,3
2018,3,5,1.7775949376,0,95,2019,4
2018,4,1,1.84249166101176,-0.0588235294117647,95,2019,1
2018,4,2,1.84249166101176,-0.0588235294117647,95,2019,2
2018,4,3,1.84249166101176,-0.0588235294117647,95,2019,3
2018,4,4,1.84249166101176,-0.0588235294117647,95,2019,4
2019,1,1,1.5938005723,0,95,2019,2
2019,1,2,1.5938005723,0,95,2019,3
2019,1,3,1.5938005723,0,95,2019,4
2019,1,4,1.5938005723,0,95,2020,1
2019,1,5,1.5938005723,0,95,2020,2
2019,1,6,1.5938005723,0,95,2020,3
2019,1,7,1.5938005723,0,95,2020,4
2019,2,1,1.276311289,0,95,2019,3
2019,2,2,1.276311289,0,95,2019,4
2019,2,3,1.276311289,0,95,2020,1
2019,2,4,1.276311289,0,95,2020,2
2019,2,5,1.276311289,0,95,2020,3
2019,2,6,1.276311289,0,95,2020,4
2019,3,1,1.3399071678,0,95,2019,4
2019,3,2,1.3399071678,0,95,2020,1
2019,3,3,1.3399071678,0,95,2020,2
2019,3,4,1.3399071678,0,95,2020,3
2019,3,5,1.3399071678,0,95,2020,4
2019,4,1,0.934926621747059,-0.0588235294117647,95,2020,1
2019,4,2,0.934926621747059,-0.0588235294117647,95,2020,2
2019,4,3,0.934926621747059,-0.0588235294117647,95,2020,3
2019,4,4,0.934926621747059,-0.0588235294117647,95,2020,4
2020,1,1,0.9471326224,0,95,2020,2
2020,1,2,0.9471326224,0,95,2020,3
2020,1,3,0.9471326224,0,95,2020,4
2020,1,4,0.9471326224,0,95,2021,1
2020,1,5,0.9471326224,0,95,2021,2
2020,1,6,0.9471326224,0,95,2021,3
2020,1,7,0.9471326224,0,95,2021,4
2020,2,1,0.3692346262,0,95,2020,3
2020,2,2,0.3692346262,0,95,2020,4
2020,2,3,0.3692346262,0,95,2021,1
2020,2,4,0.3692346262,0,95,2021,2
2020,2,5,0.3692346262,0,95,2021,3
2020,2,6,0.3692346262,0,95,2021,4
2020,3,1,3.9077562516,0,95,2020,4
2020,3,2,3.9077562516,0,95,2021,1
2020,3,3,3.9077562516,0,95,2021,2
2020,3,4,3.9077562516,0,95,2021,3
2020,3,5,3.9077562516,0,95,2021,4
2020,4,1,6.83174019687647,-0.0588235294117647,95,2021,1
2020,4,2,6.83174019687647,-0.0588235294117647,95,2021,2
2020,4,3,6.83174019687647,-0.0588235294117647,95,2021,3
2020,4,4,6.83174019687647,-0.0588235294117647,95,2021,4
2021,1,1,2.7713729538,0,95,2021,2
2021,1,2,2.7713729538,0,95,2021,3
2021,1,3,2.7713729538,0,95,2021,4
2021,1,4,2.7713729538,0,95,2022,1
2021,1,5,2.7713729538,0,95,2022,2
2021,1,6,2.7713729538,0,95,2022,3
2021,1,7,2.7713729538,0,95,2022,4
2021,2,1,3.9119076493,0,95,2021,3
2021,2,2,3.9119076493,0,95,2021,4
2021,2,3,3.9119076493,0,95,2022,1
2021,2,4,3.9119076493,0,95,2022,2
2021,2,5,3.9119076493,0,95,2022,3
2021,2,6,3.9119076493,0,95,2022,4
2021,4,1,5.80803529411765,-0.0588235294117647,95,2022,1
2021,4,2,5.80803529411765,-0.0588235294117647,95,2022,2
2021,4,3,5.80803529411765,-0.0588235294117647,95,2022,3
2021,4,4,5.80803529411765,-0.0588235294117647,95,2022,4
2022,1,1,2.6116627794,0,95,2022,2
2022,1,2,2.6116627794,0,95,2022,3
2022,1,3,2.6116627794,0,95,2022,4
2022,1,4,2.6116627794,0,95,2023,1
2022,1,5,2.6116627794,0,95,2023,2
2022,1,6,2.6116627794,0,95,2023,3
2022,1,7,2.6116627794,0,95,2023,4
2022,2,1,1.7943244845,0,95,2022,3
2022,2,2,1.7943244845,0,95,2022,4
2022,2,3,1.7943244845,0,95,2023,1
2022,2,4,1.7943244845,0,95,2023,2
2022,2,5,1.7943244845,0,95,2023,3
2022,2,6,1.7943244845,0,95,2023,4
2022,3,1,0.3332950448,0,95,2022,4
2022,3,2,0.3332950448,0,95,2023,1
2022,3,3,0.3332950448,0,95,2023,2
2022,3,4,0.3332950448,0,95,2023,3
2022,3,5,0.3332950448,0,95,2023,4
2022,4,1,-2.30295840117647,-0.0588235294117647,95,2023,1
2022,4,2,-2.30295840117647,-0.0588235294117647,95,2023,2
2022,4,3,-2.30295840117647,-0.0588235294117647,95,2023,3
2022,4,4,-2.30295840117647,-0.0588235294117647,95,2023,4
2023,1,1,1.74745542,0,95,2023,2
2023,1,2,1.74745542,0,95,2023,3
2023,1,3,1.74745542,0,95,2023,4
2023,1,4,1.74745542,0,95,2024,1
2023,1,5,1.74745542,0,95,2024,2
2023,1,6,1.74745542,0,95,2024,3
2023,1,7,1.74745542,0,95,2024,4
2023,2,1,1.3571384,0,95,2023,3
2023,2,2,1.3571384,0,95,2023,4
2023,2,3,1.3571384,0,95,2024,1
2023,2,4,1.3571384,0,95,2024,2
2023,2,5,1.3571384,0,95,2024,3
2023,2,6,1.3571384,0,95,2024,4
2023,3,1,0.74885118,0,95,2023,4
2023,3,2,0.74885118,0,95,2024,1
2023,3,3,0.74885118,0,95,2024,2
2023,3,4,0.74885118,0,95,2024,3
2023,3,5,0.74885118,0,95,2024,4
2023,4,1,0.361185837058824,-0.0588235294117647,95,2024,1
2023,4,2,0.361185837058824,-0.0588235294117647,95,2024,2
2023,4,3,0.361185837058824,-0.0588235294117647,95,2024,3
2023,4,4,0.361185837058824,-0.0588235294117647,95,2024,4
2024,1,1,1.21404436,0,95,2024,2
2024,1,2,1.21404436,0,95,2024,3
2024,1,3,1.21404436,0,95,2024,4
2024,1,4,1.21404436,0,95,2025,1
2024,1,5,1.21404436,0,95,2025,2
2024,1,6,1.21404436,0,95,2025,3
2024,1,7,1.21404436,0,95,2025,4
2024,2,1,1.41578511,0,95,2024,3
2024,2,2,1.41578511,0,95,2024,4
2024,2,3,1.41578511,0,95,2025,1
2024,2,4,1.41578511,0,95,2025,2
2024,2,5,1.41578511,0,95,2025,3
2024,2,6,1.41578511,0,95,2025,4
2024,3,1,1.32863925,0,95,2024,4
2024,3,2,1.32863925,0,95,2025,1
2024,3,3,1.32863925,0,95,2025,2
2024,3,4,1.32863925,0,95,2025,3
2024,3,5,1.32863925,0,95,2025,4
2024,4,1,1.23391852411765,-0.0588235294117647,95,2025,1
2024,4,2,1.23391852411765,-0.0588235294117647,95,2025,2
2024,4,3,1.23391852411765,-0.0588235294117647,95,2025,3
2024,4,4,1.23391852411765,-0.0588235294117647,95,2025,4
2001,1,1,2.2,0,96,2001,2
2001,1,2,2.2,0,96,2001,3
2001,1,3,2.2,0,96,2001,4
2001,1,4,2.2,0,96,2002,1
2001,1,5,2.2,0,96,2002,2
2001,1,6,2.2,0,96,2002,3
2001,1,7,2.2,0,96,2002,4
2001,2,1,2,0,96,2001,3
2001,2,2,2,0,96,2001,4
2001,2,3,2,0,96,2002,1
2001,2,4,2,0,96,2002,2
2001,2,5,2,0,96,2002,3
2001,2,6,2,0,96,2002,4
2001,3,1,2,0,96,2001,4
2001,3,2,2,0,96,2002,1
2001,3,3,2,0,96,2002,2
2001,3,4,2,0,96,2002,3
2001,3,5,2,0,96,2002,4
2001,4,1,1.49411764705882,-0.0588235294117647,96,2002,1
2001,4,2,1.49411764705882,-0.0588235294117647,96,2002,2
2001,4,3,1.49411764705882,-0.0588235294117647,96,2002,3
2001,4,4,1.49411764705882,-0.0588235294117647,96,2002,4
2002,1,1,2,0,96,2002,2
2002,1,2,2,0,96,2002,3
2002,1,3,2,0,96,2002,4
2002,1,4,2,0,96,2003,1
2002,1,5,2,0,96,2003,2
2002,1,6,2,0,96,2003,3
2002,1,7,2,0,96,2003,4
2002,2,1,2,0,96,2002,3
2002,2,2,2,0,96,2002,4
2002,2,3,2,0,96,2003,1
2002,2,4,2,0,96,2003,2
2002,2,5,2,0,96,2003,3
2002,2,6,2,0,96,2003,4
2002,3,1,2.2,0,96,2002,4
2002,3,2,2.2,0,96,2003,1
2002,3,3,2.2,0,96,2003,2
2002,3,4,2.2,0,96,2003,3
2002,3,5,2.2,0,96,2003,4
2002,4,1,1.65294117647059,-0.0588235294117647,96,2003,1
2002,4,2,1.65294117647059,-0.0588235294117647,96,2003,2
2002,4,3,1.65294117647059,-0.0588235294117647,96,2003,3
2002,4,4,1.65294117647059,-0.0588235294117647,96,2003,4
2003,1,1,1.8,0,96,2003,2
2003,1,2,1.8,0,96,2003,3
2003,1,3,1.8,0,96,2003,4
2003,1,4,1.8,0,96,2004,1
2003,1,5,1.8,0,96,2004,2
2003,1,6,1.8,0,96,2004,3
2003,1,7,1.8,0,96,2004,4
2003,2,1,1.9,0,96,2003,3
2003,2,2,1.9,0,96,2003,4
2003,2,3,1.9,0,96,2004,1
2003,2,4,1.9,0,96,2004,2
2003,2,5,1.9,0,96,2004,3
2003,2,6,1.9,0,96,2004,4
2003,3,1,1.5,0,96,2003,4
2003,3,2,1.5,0,96,2004,1
2003,3,3,1.5,0,96,2004,2
2003,3,4,1.5,0,96,2004,3
2003,3,5,1.5,0,96,2004,4
2003,4,1,1.66470588235294,-0.0588235294117647,96,2004,1
2003,4,2,1.66470588235294,-0.0588235294117647,96,2004,2
2003,4,3,1.66470588235294,-0.0588235294117647,96,2004,3
2003,4,4,1.66470588235294,-0.0588235294117647,96,2004,4
2004,1,1,2.5,0,96,2004,2
2004,1,2,2.5,0,96,2004,3
2004,1,3,2.5,0,96,2004,4
2004,1,4,2.5,0,96,2005,1
2004,1,5,2.5,0,96,2005,2
2004,1,6,2.5,0,96,2005,3
2004,1,7,2.5,0,96,2005,4
2004,2,1,2.5,0,96,2004,3
2004,2,2,2.5,0,96,2004,4
2004,2,3,2.5,0,96,2005,1
2004,2,4,2.5,0,96,2005,2
2004,2,5,2.5,0,96,2005,3
2004,2,6,2.5,0,96,2005,4
2004,3,1,2.4,0,96,2004,4
2004,3,2,2.4,0,96,2005,1
2004,3,3,2.4,0,96,2005,2
2004,3,4,2.4,0,96,2005,3
2004,3,5,2.4,0,96,2005,4
2004,4,1,2.01764705882353,-0.0588235294117647,96,2005,1
2004,4,2,2.01764705882353,-0.0588235294117647,96,2005,2
2004,4,3,2.01764705882353,-0.0588235294117647,96,2005,3
2004,4,4,2.01764705882353,-0.0588235294117647,96,2005,4
2005,1,1,2,0,96,2005,2
2005,1,2,2,0,96,2005,3
2005,1,3,2,0,96,2005,4
2005,1,4,2,0,96,2006,1
2005,1,5,2,0,96,2006,2
2005,1,6,2,0,96,2006,3
2005,1,7,2,0,96,2006,4
2005,2,1,2,0,96,2005,3
2005,2,2,2,0,96,2005,4
2005,2,3,2,0,96,2006,1
2005,2,4,2,0,96,2006,2
2005,2,5,2,0,96,2006,3
2005,2,6,2,0,96,2006,4
2005,3,1,2,0,96,2005,4
2005,3,2,2,0,96,2006,1
2005,3,3,2,0,96,2006,2
2005,3,4,2,0,96,2006,3
2005,3,5,2,0,96,2006,4
2005,4,1,1.51764705882353,-0.0588235294117647,96,2006,1
2005,4,2,1.51764705882353,-0.0588235294117647,96,2006,2
2005,4,3,1.51764705882353,-0.0588235294117647,96,2006,3
2005,4,4,1.51764705882353,-0.0588235294117647,96,2006,4
2006,1,1,2,0,96,2006,2
2006,1,2,2,0,96,2006,3
2006,1,3,2,0,96,2006,4
2006,1,4,2,0,96,2007,1
2006,1,5,2,0,96,2007,2
2006,1,6,2,0,96,2007,3
2006,1,7,2,0,96,2007,4
2006,2,1,1.9,0,96,2006,3
2006,2,2,1.9,0,96,2006,4
2006,2,3,1.9,0,96,2007,1
2006,2,4,1.9,0,96,2007,2
2006,2,5,1.9,0,96,2007,3
2006,2,6,1.9,0,96,2007,4
2006,3,1,1.8,0,96,2006,4
2006,3,2,1.8,0,96,2007,1
2006,3,3,1.8,0,96,2007,2
2006,3,4,1.8,0,96,2007,3
2006,3,5,1.8,0,96,2007,4
2006,4,1,2.06470588235294,-0.0588235294117647,96,2007,1
2006,4,2,2.06470588235294,-0.0588235294117647,96,2007,2
2006,4,3,2.06470588235294,-0.0588235294117647,96,2007,3
2006,4,4,2.06470588235294,-0.0588235294117647,96,2007,4
2007,2,1,2.2,0,96,2007,3
2007,2,2,2.2,0,96,2007,4
2007,2,3,2.2,0,96,2008,1
2007,2,4,2.2,0,96,2008,2
2007,2,5,2.2,0,96,2008,3
2007,2,6,2.2,0,96,2008,4
2007,3,1,2.3,0,96,2007,4
2007,3,2,2.3,0,96,2008,1
2007,3,3,2.3,0,96,2008,2
2007,3,4,2.3,0,96,2008,3
2007,3,5,2.3,0,96,2008,4
2007,4,1,2.17647058823529,-0.0588235294117647,96,2008,1
2007,4,2,2.17647058823529,-0.0588235294117647,96,2008,2
2007,4,3,2.17647058823529,-0.0588235294117647,96,2008,3
2007,4,4,2.17647058823529,-0.0588235294117647,96,2008,4
2008,1,1,1.9,0,96,2008,2
2008,1,2,1.9,0,96,2008,3
2008,1,3,1.9,0,96,2008,4
2008,1,4,1.9,0,96,2009,1
2008,1,5,1.9,0,96,2009,2
2008,1,6,1.9,0,96,2009,3
2008,1,7,1.9,0,96,2009,4
2008,2,1,1.4,0,96,2008,3
2008,2,2,1.4,0,96,2008,4
2008,2,3,1.4,0,96,2009,1
2008,2,4,1.4,0,96,2009,2
2008,2,5,1.4,0,96,2009,3
2008,2,6,1.4,0,96,2009,4
2008,3,1,1,0,96,2008,4
2008,3,2,1,0,96,2009,1
2008,3,3,1,0,96,2009,2
2008,3,4,1,0,96,2009,3
2008,3,5,1,0,96,2009,4
2008,4,1,-0.170588235294118,-0.0588235294117647,96,2009,1
2008,4,2,-0.170588235294118,-0.0588235294117647,96,2009,2
2008,4,3,-0.170588235294118,-0.0588235294117647,96,2009,3
2008,4,4,-0.170588235294118,-0.0588235294117647,96,2009,4
2009,1,1,0.5,0,96,2009,2
2009,1,2,0.5,0,96,2009,3
2009,1,3,0.5,0,96,2009,4
2009,1,4,0.5,0,96,2010,1
2009,1,5,0.5,0,96,2010,2
2009,1,6,0.5,0,96,2010,3
2009,1,7,0.5,0,96,2010,4
2009,2,1,0.2,0,96,2009,3
2009,2,2,0.2,0,96,2009,4
2009,2,3,0.2,0,96,2010,1
2009,2,4,0.2,0,96,2010,2
2009,2,5,0.2,0,96,2010,3
2009,2,6,0.2,0,96,2010,4
2009,3,1,0.7,0,96,2009,4
2009,3,2,0.7,0,96,2010,1
2009,3,3,0.7,0,96,2010,2
2009,3,4,0.7,0,96,2010,3
2009,3,5,0.7,0,96,2010,4
2009,4,1,1.60588235294118,-0.0588235294117647,96,2010,1
2009,4,2,1.60588235294118,-0.0588235294117647,96,2010,2
2009,4,3,1.60588235294118,-0.0588235294117647,96,2010,3
2009,4,4,1.60588235294118,-0.0588235294117647,96,2010,4
2010,1,1,1.9,0,96,2010,2
2010,1,2,1.9,0,96,2010,3
2010,1,3,1.9,0,96,2010,4
2010,1,4,1.9,0,96,2011,1
2010,1,5,1.9,0,96,2011,2
2010,1,6,1.9,0,96,2011,3
2010,1,7,1.9,0,96,2011,4
2010,2,1,1.9,0,96,2010,3
2010,2,2,1.9,0,96,2010,4
2010,2,3,1.9,0,96,2011,1
2010,2,4,1.9,0,96,2011,2
2010,2,5,1.9,0,96,2011,3
2010,2,6,1.9,0,96,2011,4
2010,3,1,1.3,0,96,2010,4
2010,3,2,1.3,0,96,2011,1
2010,3,3,1.3,0,96,2011,2
2010,3,4,1.3,0,96,2011,3
2010,3,5,1.3,0,96,2011,4
2010,4,1,1.48823529411765,-0.0588235294117647,96,2011,1
2010,4,2,1.48823529411765,-0.0588235294117647,96,2011,2
2010,4,3,1.48823529411765,-0.0588235294117647,96,2011,3
2010,4,4,1.48823529411765,-0.0588235294117647,96,2011,4
2011,1,1,1.6,0,96,2011,2
2011,1,2,1.6,0,96,2011,3
2011,1,3,1.6,0,96,2011,4
2011,1,4,1.6,0,96,2012,1
2011,1,5,1.6,0,96,2012,2
2011,1,6,1.6,0,96,2012,3
2011,1,7,1.6,0,96,2012,4
2011,2,1,1.9,0,96,2011,3
2011,2,2,1.9,0,96,2011,4
2011,2,3,1.9,0,96,2012,1
2011,2,4,1.9,0,96,2012,2
2011,2,5,1.9,0,96,2012,3
2011,2,6,1.9,0,96,2012,4
2011,3,1,1.9,0,96,2011,4
2011,3,2,1.9,0,96,2012,1
2011,3,3,1.9,0,96,2012,2
2011,3,4,1.9,0,96,2012,3
2011,3,5,1.9,0,96,2012,4
2011,4,1,1.17647058823529,-0.0588235294117647,96,2012,1
2011,4,2,1.17647058823529,-0.0588235294117647,96,2012,2
2011,4,3,1.17647058823529,-0.0588235294117647,96,2012,3
2011,4,4,1.17647058823529,-0.0588235294117647,96,2012,4
2012,1,1,0.8,0,96,2012,2
2012,1,2,0.8,0,96,2012,3
2012,1,3,0.8,0,96,2012,4
2012,1,4,0.8,0,96,2013,1
2012,1,5,0.8,0,96,2013,2
2012,1,6,0.8,0,96,2013,3
2012,1,7,0.8,0,96,2013,4
2012,3,1,0.4,0,96,2012,4
2012,3,2,0.4,0,96,2013,1
2012,3,3,0.4,0,96,2013,2
2012,3,4,0.4,0,96,2013,3
2012,3,5,0.4,0,96,2013,4
2012,4,1,0.398823529411765,-0.0588235294117647,96,2013,1
2012,4,2,0.398823529411765,-0.0588235294117647,96,2013,2
2012,4,3,0.398823529411765,-0.0588235294117647,96,2013,3
2012,4,4,0.398823529411765,-0.0588235294117647,96,2013,4
2013,1,1,0.7,0,96,2013,2
2013,1,2,0.7,0,96,2013,3
2013,1,3,0.7,0,96,2013,4
2013,1,4,0.7,0,96,2014,1
2013,1,5,0.7,0,96,2014,2
2013,1,6,0.7,0,96,2014,3
2013,1,7,0.7,0,96,2014,4
2013,2,1,1.2,0,96,2013,3
2013,2,2,1.2,0,96,2013,4
2013,2,3,1.2,0,96,2014,1
2013,2,4,1.2,0,96,2014,2
2013,2,5,1.2,0,96,2014,3
2013,2,6,1.2,0,96,2014,4
2013,3,1,1.2,0,96,2013,4
2013,3,2,1.2,0,96,2014,1
2013,3,3,1.2,0,96,2014,2
2013,3,4,1.2,0,96,2014,3
2013,3,5,1.2,0,96,2014,4
2013,4,1,1.38823529411765,-0.0588235294117647,96,2014,1
2013,4,2,1.38823529411765,-0.0588235294117647,96,2014,2
2013,4,3,1.38823529411765,-0.0588235294117647,96,2014,3
2013,4,4,1.38823529411765,-0.0588235294117647,96,2014,4
2014,1,1,1.6,0,96,2014,2
2014,1,2,1.6,0,96,2014,3
2014,1,3,1.6,0,96,2014,4
2014,1,4,1.6,0,96,2015,1
2014,1,5,1.6,0,96,2015,2
2014,1,6,1.6,0,96,2015,3
2014,1,7,1.6,0,96,2015,4
2014,2,1,1.6,0,96,2014,3
2014,2,2,1.6,0,96,2014,4
2014,2,3,1.6,0,96,2015,1
2014,2,4,1.6,0,96,2015,2
2014,2,5,1.6,0,96,2015,3
2014,2,6,1.6,0,96,2015,4
2014,3,1,1.5,0,96,2014,4
2014,3,2,1.5,0,96,2015,1
2014,3,3,1.5,0,96,2015,2
2014,3,4,1.5,0,96,2015,3
2014,3,5,1.5,0,96,2015,4
2014,4,1,1.12352941176471,-0.0588235294117647,96,2015,1
2014,4,2,1.12352941176471,-0.0588235294117647,96,2015,2
2014,4,3,1.12352941176471,-0.0588235294117647,96,2015,3
2014,4,4,1.12352941176471,-0.0588235294117647,96,2015,4
2015,1,1,1.5,0,96,2015,2
2015,1,2,1.5,0,96,2015,3
2015,1,3,1.5,0,96,2015,4
2015,1,4,1.5,0,96,2016,1
2015,1,5,1.5,0,96,2016,2
2015,1,6,1.5,0,96,2016,3
2015,1,7,1.5,0,96,2016,4
2015,2,1,2,0,96,2015,3
2015,2,2,2,0,96,2015,4
2015,2,3,2,0,96,2016,1
2015,2,4,2,0,96,2016,2
2015,2,5,2,0,96,2016,3
2015,2,6,2,0,96,2016,4
2015,3,1,2,0,96,2015,4
2015,3,2,2,0,96,2016,1
2015,3,3,2,0,96,2016,2
2015,3,4,2,0,96,2016,3
2015,3,5,2,0,96,2016,4
2015,4,1,2.02352941176471,-0.0588235294117647,96,2016,1
2015,4,2,2.02352941176471,-0.0588235294117647,96,2016,2
2015,4,3,2.02352941176471,-0.0588235294117647,96,2016,3
2015,4,4,2.02352941176471,-0.0588235294117647,96,2016,4
2016,1,1,2,0,96,2016,2
2016,1,2,2,0,96,2016,3
2016,1,3,2,0,96,2016,4
2016,1,4,2,0,96,2017,1
2016,1,5,2,0,96,2017,2
2016,1,6,2,0,96,2017,3
2016,1,7,2,0,96,2017,4
2016,2,1,1.5,0,96,2016,3
2016,2,2,1.5,0,96,2016,4
2016,2,3,1.5,0,96,2017,1
2016,2,4,1.5,0,96,2017,2
2016,2,5,1.5,0,96,2017,3
2016,2,6,1.5,0,96,2017,4
2016,3,1,1.1,0,96,2016,4
2016,3,2,1.1,0,96,2017,1
2016,3,3,1.1,0,96,2017,2
2016,3,4,1.1,0,96,2017,3
2016,3,5,1.1,0,96,2017,4
2016,4,1,1.39411764705882,-0.0588235294117647,96,2017,1
2016,4,2,1.39411764705882,-0.0588235294117647,96,2017,2
2016,4,3,1.39411764705882,-0.0588235294117647,96,2017,3
2016,4,4,1.39411764705882,-0.0588235294117647,96,2017,4
2017,1,1,1.2,0,96,2017,2
2017,1,2,1.2,0,96,2017,3
2017,1,3,1.2,0,96,2017,4
2017,1,4,1.2,0,96,2018,1
2017,1,5,1.2,0,96,2018,2
2017,1,6,1.2,0,96,2018,3
2017,1,7,1.2,0,96,2018,4
2017,2,1,1.4,0,96,2017,3
2017,2,2,1.4,0,96,2017,4
2017,2,3,1.4,0,96,2018,1
2017,2,4,1.4,0,96,2018,2
2017,2,5,1.4,0,96,2018,3
2017,2,6,1.4,0,96,2018,4
2017,3,1,1.8,0,96,2017,4
2017,3,2,1.8,0,96,2018,1
2017,3,3,1.8,0,96,2018,2
2017,3,4,1.8,0,96,2018,3
2017,3,5,1.8,0,96,2018,4
2017,4,1,1.88235294117647,-0.0588235294117647,96,2018,1
2017,4,2,1.88235294117647,-0.0588235294117647,96,2018,2
2017,4,3,1.88235294117647,-0.0588235294117647,96,2018,3
2017,4,4,1.88235294117647,-0.0588235294117647,96,2018,4
2018,1,1,1.9,0,96,2018,2
2018,1,2,1.9,0,96,2018,3
2018,1,3,1.9,0,96,2018,4
2018,1,4,1.9,0,96,2019,1
2018,1,5,1.9,0,96,2019,2
2018,1,6,1.9,0,96,2019,3
2018,1,7,1.9,0,96,2019,4
2018,2,1,1.9,0,96,2018,3
2018,2,2,1.9,0,96,2018,4
2018,2,3,1.9,0,96,2019,1
2018,2,4,1.9,0,96,2019,2
2018,2,5,1.9,0,96,2019,3
2018,2,6,1.9,0,96,2019,4
2018,3,1,1.9,0,96,2018,4
2018,3,2,1.9,0,96,2019,1
2018,3,3,1.9,0,96,2019,2
2018,3,4,1.9,0,96,2019,3
2018,3,5,1.9,0,96,2019,4
2018,4,1,1.78823529411765,-0.0588235294117647,96,2019,1
2018,4,2,1.78823529411765,-0.0588235294117647,96,2019,2
2018,4,3,1.78823529411765,-0.0588235294117647,96,2019,3
2018,4,4,1.78823529411765,-0.0588235294117647,96,2019,4
2019,1,1,1.3,0,96,2019,2
2019,1,2,1.3,0,96,2019,3
2019,1,3,1.3,0,96,2019,4
2019,1,4,1.3,0,96,2020,1
2019,1,5,1.3,0,96,2020,2
2019,1,6,1.3,0,96,2020,3
2019,1,7,1.3,0,96,2020,4
2019,2,1,1.2,0,96,2019,3
2019,2,2,1.2,0,96,2019,4
2019,2,3,1.2,0,96,2020,1
2019,2,4,1.2,0,96,2020,2
2019,2,5,1.2,0,96,2020,3
2019,2,6,1.2,0,96,2020,4
2019,3,1,1.2,0,96,2019,4
2019,3,2,1.2,0,96,2020,1
2019,3,3,1.2,0,96,2020,2
2019,3,4,1.2,0,96,2020,3
2019,3,5,1.2,0,96,2020,4
2019,4,1,1.1,-0.0588235294117647,96,2020,1
2019,4,2,1.1,-0.0588235294117647,96,2020,2
2019,4,3,1.1,-0.0588235294117647,96,2020,3
2019,4,4,1.1,-0.0588235294117647,96,2020,4
2020,1,1,1.2,0,96,2020,2
2020,1,2,1.2,0,96,2020,3
2020,1,3,1.2,0,96,2020,4
2020,1,4,1.2,0,96,2021,1
2020,1,5,1.2,0,96,2021,2
2020,1,6,1.2,0,96,2021,3
2020,1,7,1.2,0,96,2021,4
2020,2,1,7,0,96,2020,3
2020,2,2,7,0,96,2020,4
2020,2,3,7,0,96,2021,1
2020,2,4,7,0,96,2021,2
2020,2,5,7,0,96,2021,3
2020,2,6,7,0,96,2021,4
2020,3,1,6.7,0,96,2020,4
2020,3,2,6.7,0,96,2021,1
2020,3,3,6.7,0,96,2021,2
2020,3,4,6.7,0,96,2021,3
2020,3,5,6.7,0,96,2021,4
2020,4,1,6.61176470588235,-0.0588235294117647,96,2021,1
2020,4,2,6.61176470588235,-0.0588235294117647,96,2021,2
2020,4,3,6.61176470588235,-0.0588235294117647,96,2021,3
2020,4,4,6.61176470588235,-0.0588235294117647,96,2021,4
2021,1,1,4.4,0,96,2021,2
2021,1,2,4.4,0,96,2021,3
2021,1,3,4.4,0,96,2021,4
2021,1,4,4.4,0,96,2022,1
2021,1,5,4.4,0,96,2022,2
2021,1,6,4.4,0,96,2022,3
2021,1,7,4.4,0,96,2022,4
2001,2,1,2.7,0,28,2001,3
2001,2,2,2.7,0,28,2001,4
2001,2,3,2.7,0,28,2002,1
2001,2,4,2.7,0,28,2002,2
2001,2,5,2.7,0,28,2002,3
2001,2,6,2.7,0,28,2002,4
2001,3,1,2.5,0,28,2001,4
2001,3,2,2.5,0,28,2002,1
2001,3,3,2.5,0,28,2002,2
2001,3,4,2.5,0,28,2002,3
2001,3,5,2.5,0,28,2002,4
2001,4,1,0.541176470588235,-0.0588235294117647,28,2002,1
2001,4,2,0.541176470588235,-0.0588235294117647,28,2002,2
2001,4,3,0.541176470588235,-0.0588235294117647,28,2002,3
2001,4,4,0.541176470588235,-0.0588235294117647,28,2002,4
2002,1,1,2.3,0,28,2002,2
2002,1,2,2.3,0,28,2002,3
2002,1,3,2.3,0,28,2002,4
2002,1,4,2.3,0,28,2003,1
2002,1,5,2.3,0,28,2003,2
2002,1,6,2.3,0,28,2003,3
2002,1,7,2.3,0,28,2003,4
2002,2,1,2.4,0,28,2002,3
2002,2,2,2.4,0,28,2002,4
2002,2,3,2.4,0,28,2003,1
2002,2,4,2.4,0,28,2003,2
2002,2,5,2.4,0,28,2003,3
2002,2,6,2.4,0,28,2003,4
2002,3,1,2.1,0,28,2002,4
2002,3,2,2.1,0,28,2003,1
2002,3,3,2.1,0,28,2003,2
2002,3,4,2.1,0,28,2003,3
2002,3,5,2.1,0,28,2003,4
2002,4,1,1.86470588235294,-0.0588235294117647,28,2003,1
2002,4,2,1.86470588235294,-0.0588235294117647,28,2003,2
2002,4,3,1.86470588235294,-0.0588235294117647,28,2003,3
2002,4,4,1.86470588235294,-0.0588235294117647,28,2003,4
2004,1,1,2.4,0,28,2004,2
2004,1,2,2.4,0,28,2004,3
2004,1,3,2.4,0,28,2004,4
2004,1,4,2.4,0,28,2005,1
2004,1,5,2.4,0,28,2005,2
2004,1,6,2.4,0,28,2005,3
2004,1,7,2.4,0,28,2005,4
2004,2,1,2.4,0,28,2004,3
2004,2,2,2.4,0,28,2004,4
2004,2,3,2.4,0,28,2005,1
2004,2,4,2.4,0,28,2005,2
2004,2,5,2.4,0,28,2005,3
2004,2,6,2.4,0,28,2005,4
2004,3,1,2.4,0,28,2004,4
2004,3,2,2.4,0,28,2005,1
2004,3,3,2.4,0,28,2005,2
2004,3,4,2.4,0,28,2005,3
2004,3,5,2.4,0,28,2005,4
2004,4,1,1.90588235294118,-0.0588235294117647,28,2005,1
2004,4,2,1.90588235294118,-0.0588235294117647,28,2005,2
2004,4,3,1.90588235294118,-0.0588235294117647,28,2005,3
2004,4,4,1.90588235294118,-0.0588235294117647,28,2005,4
2005,1,1,2.2,0,28,2005,2
2005,1,2,2.2,0,28,2005,3
2005,1,3,2.2,0,28,2005,4
2005,1,4,2.2,0,28,2006,1
2005,1,5,2.2,0,28,2006,2
2005,1,6,2.2,0,28,2006,3
2005,1,7,2.2,0,28,2006,4
2005,2,1,1.9,0,28,2005,3
2005,2,2,1.9,0,28,2005,4
2005,2,3,1.9,0,28,2006,1
2005,2,4,1.9,0,28,2006,2
2005,2,5,1.9,0,28,2006,3
2005,2,6,1.9,0,28,2006,4
2005,3,1,1.7,0,28,2005,4
2005,3,2,1.7,0,28,2006,1
2005,3,3,1.7,0,28,2006,2
2005,3,4,1.7,0,28,2006,3
2005,3,5,1.7,0,28,2006,4
2005,4,1,1.72352941176471,-0.0588235294117647,28,2006,1
2005,4,2,1.72352941176471,-0.0588235294117647,28,2006,2
2005,4,3,1.72352941176471,-0.0588235294117647,28,2006,3
2005,4,4,1.72352941176471,-0.0588235294117647,28,2006,4
2006,2,1,1.7,0,28,2006,3
2006,2,2,1.7,0,28,2006,4
2006,2,3,1.7,0,28,2007,1
2006,2,4,1.7,0,28,2007,2
2006,2,5,1.7,0,28,2007,3
2006,2,6,1.7,0,28,2007,4
2006,3,1,1.7,0,28,2006,4
2006,3,2,1.7,0,28,2007,1
2006,3,3,1.7,0,28,2007,2
2006,3,4,1.7,0,28,2007,3
2006,3,5,1.7,0,28,2007,4
2007,1,1,2.4,0,28,2007,2
2007,1,2,2.4,0,28,2007,3
2007,1,3,2.4,0,28,2007,4
2007,1,4,2.4,0,28,2008,1
2007,1,5,2.4,0,28,2008,2
2007,1,6,2.4,0,28,2008,3
2007,1,7,2.4,0,28,2008,4
2007,4,1,1.96470588235294,-0.0588235294117647,28,2008,1
2007,4,2,1.96470588235294,-0.0588235294117647,28,2008,2
2007,4,3,1.96470588235294,-0.0588235294117647,28,2008,3
2007,4,4,1.96470588235294,-0.0588235294117647,28,2008,4
2008,1,1,2,0,28,2008,2
2008,1,2,2,0,28,2008,3
2008,1,3,2,0,28,2008,4
2008,1,4,2,0,28,2009,1
2008,1,5,2,0,28,2009,2
2008,1,6,2,0,28,2009,3
2008,1,7,2,0,28,2009,4
2008,2,1,1.9,0,28,2008,3
2008,2,2,1.9,0,28,2008,4
2008,2,3,1.9,0,28,2009,1
2008,2,4,1.9,0,28,2009,2
2008,2,5,1.9,0,28,2009,3
2008,2,6,1.9,0,28,2009,4
2008,3,1,1.6,0,28,2008,4
2008,3,2,1.6,0,28,2009,1
2008,3,3,1.6,0,28,2009,2
2008,3,4,1.6,0,28,2009,3
2008,3,5,1.6,0,28,2009,4
2009,1,1,1.2,0,28,2009,2
2009,1,2,1.2,0,28,2009,3
2009,1,3,1.2,0,28,2009,4
2009,1,4,1.2,0,28,2010,1
2009,1,5,1.2,0,28,2010,2
2009,1,6,1.2,0,28,2010,3
2009,1,7,1.2,0,28,2010,4
2010,4,1,1.80588235294118,-0.0588235294117647,28,2011,1
2010,4,2,1.80588235294118,-0.0588235294117647,28,2011,2
2010,4,3,1.80588235294118,-0.0588235294117647,28,2011,3
2010,4,4,1.80588235294118,-0.0588235294117647,28,2011,4
2001,2,1,3.5,0,46,2001,3
2001,2,2,3.5,0,46,2001,4
2001,2,3,3.5,0,46,2002,1
2001,2,4,3.5,0,46,2002,2
2001,2,5,3.5,0,46,2002,3
2001,2,6,3.5,0,46,2002,4
2001,2,1,2.6,0,47,2001,3
2001,2,2,2.6,0,47,2001,4
2001,2,3,2.6,0,47,2002,1
2001,2,4,2.6,0,47,2002,2
2001,2,5,2.6,0,47,2002,3
2001,2,6,2.6,0,47,2002,4
2001,3,1,2.3,0,47,2001,4
2001,3,2,2.3,0,47,2002,1
2001,3,3,2.3,0,47,2002,2
2001,3,4,2.3,0,47,2002,3
2001,3,5,2.3,0,47,2002,4
2001,4,1,1.07647058823529,-0.0588235294117647,47,2002,1
2001,4,2,1.07647058823529,-0.0588235294117647,47,2002,2
2001,4,3,1.07647058823529,-0.0588235294117647,47,2002,3
2001,4,4,1.07647058823529,-0.0588235294117647,47,2002,4
2002,1,1,2.6,0,47,2002,2
2002,1,2,2.6,0,47,2002,3
2002,1,3,2.6,0,47,2002,4
2002,1,4,2.6,0,47,2003,1
2002,1,5,2.6,0,47,2003,2
2002,1,6,2.6,0,47,2003,3
2002,1,7,2.6,0,47,2003,4
2002,2,1,2.6,0,47,2002,3
2002,2,2,2.6,0,47,2002,4
2002,2,3,2.6,0,47,2003,1
2002,2,4,2.6,0,47,2003,2
2002,2,5,2.6,0,47,2003,3
2002,2,6,2.6,0,47,2003,4
2002,3,1,2.1,0,47,2002,4
2002,3,2,2.1,0,47,2003,1
2002,3,3,2.1,0,47,2003,2
2002,3,4,2.1,0,47,2003,3
2002,3,5,2.1,0,47,2003,4
2002,4,1,1.54705882352941,-0.0588235294117647,47,2003,1
2002,4,2,1.54705882352941,-0.0588235294117647,47,2003,2
2002,4,3,1.54705882352941,-0.0588235294117647,47,2003,3
2002,4,4,1.54705882352941,-0.0588235294117647,47,2003,4
2003,2,1,1.6,0,47,2003,3
2003,2,2,1.6,0,47,2003,4
2003,2,3,1.6,0,47,2004,1
2003,2,4,1.6,0,47,2004,2
2003,2,5,1.6,0,47,2004,3
2003,2,6,1.6,0,47,2004,4
2003,3,1,1.5,0,47,2003,4
2003,3,2,1.5,0,47,2004,1
2003,3,3,1.5,0,47,2004,2
2003,3,4,1.5,0,47,2004,3
2003,3,5,1.5,0,47,2004,4
2003,4,1,1.56470588235294,-0.0588235294117647,47,2004,1
2003,4,2,1.56470588235294,-0.0588235294117647,47,2004,2
2003,4,3,1.56470588235294,-0.0588235294117647,47,2004,3
2003,4,4,1.56470588235294,-0.0588235294117647,47,2004,4
2004,1,1,1.2,0,47,2004,2
2004,1,2,1.2,0,47,2004,3
2004,1,3,1.2,0,47,2004,4
2004,1,4,1.2,0,47,2005,1
2004,1,5,1.2,0,47,2005,2
2004,1,6,1.2,0,47,2005,3
2004,1,7,1.2,0,47,2005,4
2004,2,1,1.2,0,47,2004,3
2004,2,2,1.2,0,47,2004,4
2004,2,3,1.2,0,47,2005,1
2004,2,4,1.2,0,47,2005,2
2004,2,5,1.2,0,47,2005,3
2004,2,6,1.2,0,47,2005,4
2004,3,1,1.2,0,47,2004,4
2004,3,2,1.2,0,47,2005,1
2004,3,3,1.2,0,47,2005,2
2004,3,4,1.2,0,47,2005,3
2004,3,5,1.2,0,47,2005,4
2004,4,1,1.48235294117647,-0.0588235294117647,47,2005,1
2004,4,2,1.48235294117647,-0.0588235294117647,47,2005,2
2004,4,3,1.48235294117647,-0.0588235294117647,47,2005,3
2004,4,4,1.48235294117647,-0.0588235294117647,47,2005,4
2005,2,1,1.7,0,47,2005,3
2005,2,2,1.7,0,47,2005,4
2005,2,3,1.7,0,47,2006,1
2005,2,4,1.7,0,47,2006,2
2005,2,5,1.7,0,47,2006,3
2005,2,6,1.7,0,47,2006,4
2005,3,1,1.4,0,47,2005,4
2005,3,2,1.4,0,47,2006,1
2005,3,3,1.4,0,47,2006,2
2005,3,4,1.4,0,47,2006,3
2005,3,5,1.4,0,47,2006,4
2005,4,1,1.41176470588235,-0.0588235294117647,47,2006,1
2005,4,2,1.41176470588235,-0.0588235294117647,47,2006,2
2005,4,3,1.41176470588235,-0.0588235294117647,47,2006,3
2005,4,4,1.41176470588235,-0.0588235294117647,47,2006,4
2006,2,1,1.8,0,47,2006,3
2006,2,2,1.8,0,47,2006,4
2006,2,3,1.8,0,47,2007,1
2006,2,4,1.8,0,47,2007,2
2006,2,5,1.8,0,47,2007,3
2006,2,6,1.8,0,47,2007,4
2006,3,1,1.6,0,47,2006,4
2006,3,2,1.6,0,47,2007,1
2006,3,3,1.6,0,47,2007,2
2006,3,4,1.6,0,47,2007,3
2006,3,5,1.6,0,47,2007,4
2006,4,1,1.54705882352941,-0.0588235294117647,47,2007,1
2006,4,2,1.54705882352941,-0.0588235294117647,47,2007,2
2006,4,3,1.54705882352941,-0.0588235294117647,47,2007,3
2006,4,4,1.54705882352941,-0.0588235294117647,47,2007,4
2007,1,1,1.8,0,47,2007,2
2007,1,2,1.8,0,47,2007,3
2007,1,3,1.8,0,47,2007,4
2007,1,4,1.8,0,47,2008,1
2007,1,5,1.8,0,47,2008,2
2007,1,6,1.8,0,47,2008,3
2007,1,7,1.8,0,47,2008,4
2007,2,1,2.1,0,47,2007,3
2007,2,2,2.1,0,47,2007,4
2007,2,3,2.1,0,47,2008,1
2007,2,4,2.1,0,47,2008,2
2007,2,5,2.1,0,47,2008,3
2007,2,6,2.1,0,47,2008,4
2007,3,1,2.2,0,47,2007,4
2007,3,2,2.2,0,47,2008,1
2007,3,3,2.2,0,47,2008,2
2007,3,4,2.2,0,47,2008,3
2007,3,5,2.2,0,47,2008,4
2007,4,1,1.85882352941176,-0.0588235294117647,47,2008,1
2007,4,2,1.85882352941176,-0.0588235294117647,47,2008,2
2007,4,3,1.85882352941176,-0.0588235294117647,47,2008,3
2007,4,4,1.85882352941176,-0.0588235294117647,47,2008,4
2008,1,1,1.9,0,47,2008,2
2008,1,2,1.9,0,47,2008,3
2008,1,3,1.9,0,47,2008,4
2008,1,4,1.9,0,47,2009,1
2008,1,5,1.9,0,47,2009,2
2008,1,6,1.9,0,47,2009,3
2008,1,7,1.9,0,47,2009,4
2008,2,1,1.5,0,47,2008,3
2008,2,2,1.5,0,47,2008,4
2008,2,3,1.5,0,47,2009,1
2008,2,4,1.5,0,47,2009,2
2008,2,5,1.5,0,47,2009,3
2008,2,6,1.5,0,47,2009,4
2008,3,1,1,0,47,2008,4
2008,3,2,1,0,47,2009,1
2008,3,3,1,0,47,2009,2
2008,3,4,1,0,47,2009,3
2008,3,5,1,0,47,2009,4
2008,4,1,0.358823529411765,-0.0588235294117647,47,2009,1
2008,4,2,0.358823529411765,-0.0588235294117647,47,2009,2
2008,4,3,0.358823529411765,-0.0588235294117647,47,2009,3
2008,4,4,0.358823529411765,-0.0588235294117647,47,2009,4
2009,1,1,1.6,0,47,2009,2
2009,1,2,1.6,0,47,2009,3
2009,1,3,1.6,0,47,2009,4
2009,1,4,1.6,0,47,2010,1
2009,1,5,1.6,0,47,2010,2
2009,1,6,1.6,0,47,2010,3
2009,1,7,1.6,0,47,2010,4
2009,2,1,0.3,0,47,2009,3
2009,2,2,0.3,0,47,2009,4
2009,2,3,0.3,0,47,2010,1
2009,2,4,0.3,0,47,2010,2
2009,2,5,0.3,0,47,2010,3
2009,2,6,0.3,0,47,2010,4
2009,3,1,-0.1,0,47,2009,4
2009,3,2,-0.1,0,47,2010,1
2009,3,3,-0.1,0,47,2010,2
2009,3,4,-0.1,0,47,2010,3
2009,3,5,-0.1,0,47,2010,4
2010,1,1,1,0,47,2010,2
2010,1,2,1,0,47,2010,3
2010,1,3,1,0,47,2010,4
2010,1,4,1,0,47,2011,1
2010,1,5,1,0,47,2011,2
2010,1,6,1,0,47,2011,3
2010,1,7,1,0,47,2011,4
2010,2,1,1,0,47,2010,3
2010,2,2,1,0,47,2010,4
2010,2,3,1,0,47,2011,1
2010,2,4,1,0,47,2011,2
2010,2,5,1,0,47,2011,3
2010,2,6,1,0,47,2011,4
2010,3,1,0.9,0,47,2010,4
2010,3,2,0.9,0,47,2011,1
2010,3,3,0.9,0,47,2011,2
2010,3,4,0.9,0,47,2011,3
2010,3,5,0.9,0,47,2011,4
2010,4,1,0.970588235294118,-0.0588235294117647,47,2011,1
2010,4,2,0.970588235294118,-0.0588235294117647,47,2011,2
2010,4,3,0.970588235294118,-0.0588235294117647,47,2011,3
2010,4,4,0.970588235294118,-0.0588235294117647,47,2011,4
2011,1,1,1.5,0,47,2011,2
2011,1,2,1.5,0,47,2011,3
2011,1,3,1.5,0,47,2011,4
2011,1,4,1.5,0,47,2012,1
2011,1,5,1.5,0,47,2012,2
2011,1,6,1.5,0,47,2012,3
2011,1,7,1.5,0,47,2012,4
2011,2,1,1.6,0,47,2011,3
2011,2,2,1.6,0,47,2011,4
2011,2,3,1.6,0,47,2012,1
2011,2,4,1.6,0,47,2012,2
2011,2,5,1.6,0,47,2012,3
2011,2,6,1.6,0,47,2012,4
2011,3,1,1.7,0,47,2011,4
2011,3,2,1.7,0,47,2012,1
2011,3,3,1.7,0,47,2012,2
2011,3,4,1.7,0,47,2012,3
2011,3,5,1.7,0,47,2012,4
2011,4,1,0.752941176470588,-0.0588235294117647,47,2012,1
2011,4,2,0.752941176470588,-0.0588235294117647,47,2012,2
2011,4,3,0.752941176470588,-0.0588235294117647,47,2012,3
2011,4,4,0.752941176470588,-0.0588235294117647,47,2012,4
2012,1,1,0.9,0,47,2012,2
2012,1,2,0.9,0,47,2012,3
2012,1,3,0.9,0,47,2012,4
2012,1,4,0.9,0,47,2013,1
2012,1,5,0.9,0,47,2013,2
2012,1,6,0.9,0,47,2013,3
2012,1,7,0.9,0,47,2013,4
2012,2,1,0.8,0,47,2012,3
2012,2,2,0.8,0,47,2012,4
2012,2,3,0.8,0,47,2013,1
2012,2,4,0.8,0,47,2013,2
2012,2,5,0.8,0,47,2013,3
2012,2,6,0.8,0,47,2013,4
2012,3,1,0.74,0,47,2012,4
2012,3,2,0.74,0,47,2013,1
2012,3,3,0.74,0,47,2013,2
2012,3,4,0.74,0,47,2013,3
2012,3,5,0.74,0,47,2013,4
2012,4,1,-0.394117647058824,-0.0588235294117647,47,2013,1
2012,4,2,-0.394117647058824,-0.0588235294117647,47,2013,2
2012,4,3,-0.394117647058824,-0.0588235294117647,47,2013,3
2012,4,4,-0.394117647058824,-0.0588235294117647,47,2013,4
2013,1,1,0.5,0,47,2013,2
2013,1,2,0.5,0,47,2013,3
2013,1,3,0.5,0,47,2013,4
2013,1,4,0.5,0,47,2014,1
2013,1,5,0.5,0,47,2014,2
2013,1,6,0.5,0,47,2014,3
2013,1,7,0.5,0,47,2014,4
2013,2,1,0.5,0,47,2013,3
2013,2,2,0.5,0,47,2013,4
2013,2,3,0.5,0,47,2014,1
2013,2,4,0.5,0,47,2014,2
2013,2,5,0.5,0,47,2014,3
2013,2,6,0.5,0,47,2014,4
2013,3,1,0.6,0,47,2013,4
2013,3,2,0.6,0,47,2014,1
2013,3,3,0.6,0,47,2014,2
2013,3,4,0.6,0,47,2014,3
2013,3,5,0.6,0,47,2014,4
2013,4,1,0.870588235294118,-0.0588235294117647,47,2014,1
2013,4,2,0.870588235294118,-0.0588235294117647,47,2014,2
2013,4,3,0.870588235294118,-0.0588235294117647,47,2014,3
2013,4,4,0.870588235294118,-0.0588235294117647,47,2014,4
2014,1,1,1.1,0,47,2014,2
2014,1,2,1.1,0,47,2014,3
2014,1,3,1.1,0,47,2014,4
2014,1,4,1.1,0,47,2015,1
2014,1,5,1.1,0,47,2015,2
2014,1,6,1.1,0,47,2015,3
2014,1,7,1.1,0,47,2015,4
2014,2,1,1.2,0,47,2014,3
2014,2,2,1.2,0,47,2014,4
2014,2,3,1.2,0,47,2015,1
2014,2,4,1.2,0,47,2015,2
2014,2,5,1.2,0,47,2015,3
2014,2,6,1.2,0,47,2015,4
2014,3,1,1.2,0,47,2014,4
2014,3,2,1.2,0,47,2015,1
2014,3,3,1.2,0,47,2015,2
2014,3,4,1.2,0,47,2015,3
2014,3,5,1.2,0,47,2015,4
2014,4,1,1.01176470588235,-0.0588235294117647,47,2015,1
2014,4,2,1.01176470588235,-0.0588235294117647,47,2015,2
2014,4,3,1.01176470588235,-0.0588235294117647,47,2015,3
2014,4,4,1.01176470588235,-0.0588235294117647,47,2015,4
2015,1,1,1.3,0,47,2015,2
2015,1,2,1.3,0,47,2015,3
2015,1,3,1.3,0,47,2015,4
2015,1,4,1.3,0,47,2016,1
2015,1,5,1.3,0,47,2016,2
2015,1,6,1.3,0,47,2016,3
2015,1,7,1.3,0,47,2016,4
2015,2,1,1.7,0,47,2015,3
2015,2,2,1.7,0,47,2015,4
2015,2,3,1.7,0,47,2016,1
2015,2,4,1.7,0,47,2016,2
2015,2,5,1.7,0,47,2016,3
2015,2,6,1.7,0,47,2016,4
2015,3,1,1.7,0,47,2015,4
2015,3,2,1.7,0,47,2016,1
2015,3,3,1.7,0,47,2016,2
2015,3,4,1.7,0,47,2016,3
2015,3,5,1.7,0,47,2016,4
2015,4,1,1.60588235294118,-0.0588235294117647,47,2016,1
2015,4,2,1.60588235294118,-0.0588235294117647,47,2016,2
2015,4,3,1.60588235294118,-0.0588235294117647,47,2016,3
2015,4,4,1.60588235294118,-0.0588235294117647,47,2016,4
2016,1,1,1.4,0,47,2016,2
2016,1,2,1.4,0,47,2016,3
2016,1,3,1.4,0,47,2016,4
2016,1,4,1.4,0,47,2017,1
2016,1,5,1.4,0,47,2017,2
2016,1,6,1.4,0,47,2017,3
2016,1,7,1.4,0,47,2017,4
2016,2,1,1.4,0,47,2016,3
2016,2,2,1.4,0,47,2016,4
2016,2,3,1.4,0,47,2017,1
2016,2,4,1.4,0,47,2017,2
2016,2,5,1.4,0,47,2017,3
2016,2,6,1.4,0,47,2017,4
2016,3,1,1.2,0,47,2016,4
2016,3,2,1.2,0,47,2017,1
2016,3,3,1.2,0,47,2017,2
2016,3,4,1.2,0,47,2017,3
2016,3,5,1.2,0,47,2017,4
2017,2,1,1.2,0,47,2017,3
2017,2,2,1.2,0,47,2017,4
2017,2,3,1.2,0,47,2018,1
2017,2,4,1.2,0,47,2018,2
2017,2,5,1.2,0,47,2018,3
2017,2,6,1.2,0,47,2018,4
2017,3,1,1.3,0,47,2017,4
2017,3,2,1.3,0,47,2018,1
2017,3,3,1.3,0,47,2018,2
2017,3,4,1.3,0,47,2018,3
2017,3,5,1.3,0,47,2018,4
2018,1,1,1.7,0,47,2018,2
2018,1,2,1.7,0,47,2018,3
2018,1,3,1.7,0,47,2018,4
2018,1,4,1.7,0,47,2019,1
2018,1,5,1.7,0,47,2019,2
2018,1,6,1.7,0,47,2019,3
2018,1,7,1.7,0,47,2019,4
2018,2,1,1.7,0,47,2018,3
2018,2,2,1.7,0,47,2018,4
2018,2,3,1.7,0,47,2019,1
2018,2,4,1.7,0,47,2019,2
2018,2,5,1.7,0,47,2019,3
2018,2,6,1.7,0,47,2019,4
2018,3,1,1.5,0,47,2018,4
2018,3,2,1.5,0,47,2019,1
2018,3,3,1.5,0,47,2019,2
2018,3,4,1.5,0,47,2019,3
2018,3,5,1.5,0,47,2019,4
2018,4,1,1.47647058823529,-0.0588235294117647,47,2019,1
2018,4,2,1.47647058823529,-0.0588235294117647,47,2019,2
2018,4,3,1.47647058823529,-0.0588235294117647,47,2019,3
2018,4,4,1.47647058823529,-0.0588235294117647,47,2019,4
2019,1,1,1.3,0,47,2019,2
2019,1,2,1.3,0,47,2019,3
2019,1,3,1.3,0,47,2019,4
2019,1,4,1.3,0,47,2020,1
2019,1,5,1.3,0,47,2020,2
2019,1,6,1.3,0,47,2020,3
2019,1,7,1.3,0,47,2020,4
2019,2,1,1.3,0,47,2019,3
2019,2,2,1.3,0,47,2019,4
2019,2,3,1.3,0,47,2020,1
2019,2,4,1.3,0,47,2020,2
2019,2,5,1.3,0,47,2020,3
2019,2,6,1.3,0,47,2020,4
2019,3,1,0.8,0,47,2019,4
2019,3,2,0.8,0,47,2020,1
2019,3,3,0.8,0,47,2020,2
2019,3,4,0.8,0,47,2020,3
2019,3,5,0.8,0,47,2020,4
2019,4,1,0.682352941176471,-0.0588235294117647,47,2020,1
2019,4,2,0.682352941176471,-0.0588235294117647,47,2020,2
2019,4,3,0.682352941176471,-0.0588235294117647,47,2020,3
2019,4,4,0.682352941176471,-0.0588235294117647,47,2020,4
2020,1,1,1.2,0,47,2020,2
2020,1,2,1.2,0,47,2020,3
2020,1,3,1.2,0,47,2020,4
2020,1,4,1.2,0,47,2021,1
2020,1,5,1.2,0,47,2021,2
2020,1,6,1.2,0,47,2021,3
2020,1,7,1.2,0,47,2021,4
2020,3,1,6.9,0,47,2020,4
2020,3,2,6.9,0,47,2021,1
2020,3,3,6.9,0,47,2021,2
2020,3,4,6.9,0,47,2021,3
2020,3,5,6.9,0,47,2021,4
2020,4,1,6.7764705882353,-0.0588235294117647,47,2021,1
2020,4,2,6.7764705882353,-0.0588235294117647,47,2021,2
2020,4,3,6.7764705882353,-0.0588235294117647,47,2021,3
2020,4,4,6.7764705882353,-0.0588235294117647,47,2021,4
2021,1,1,2.8,0,47,2021,2
2021,1,2,2.8,0,47,2021,3
2021,1,3,2.8,0,47,2021,4
2021,1,4,2.8,0,47,2022,1
2021,1,5,2.8,0,47,2022,2
2021,1,6,2.8,0,47,2022,3
2021,1,7,2.8,0,47,2022,4
2021,2,1,3.5,0,47,2021,3
2021,2,2,3.5,0,47,2021,4
2021,2,3,3.5,0,47,2022,1
2021,2,4,3.5,0,47,2022,2
2021,2,5,3.5,0,47,2022,3
2021,2,6,3.5,0,47,2022,4
2021,3,1,4.1,0,47,2021,4
2021,3,2,4.1,0,47,2022,1
2021,3,3,4.1,0,47,2022,2
2021,3,4,4.1,0,47,2022,3
2021,3,5,4.1,0,47,2022,4
2021,4,1,4.04705882352941,-0.0588235294117647,47,2022,1
2021,4,2,4.04705882352941,-0.0588235294117647,47,2022,2
2021,4,3,4.04705882352941,-0.0588235294117647,47,2022,3
2021,4,4,4.04705882352941,-0.0588235294117647,47,2022,4
2022,1,1,2.9,0,47,2022,2
2022,1,2,2.9,0,47,2022,3
2022,1,3,2.9,0,47,2022,4
2022,1,4,2.9,0,47,2023,1
2022,1,5,2.9,0,47,2023,2
2022,1,6,2.9,0,47,2023,3
2022,1,7,2.9,0,47,2023,4
2022,2,1,3,0,47,2022,3
2022,2,2,3,0,47,2022,4
2022,2,3,3,0,47,2023,1
2022,2,4,3,0,47,2023,2
2022,2,5,3,0,47,2023,3
2022,2,6,3,0,47,2023,4
2022,3,1,2.2,0,47,2022,4
2022,3,2,2.2,0,47,2023,1
2022,3,3,2.2,0,47,2023,2
2022,3,4,2.2,0,47,2023,3
2022,3,5,2.2,0,47,2023,4
2022,4,1,0.670588235294118,-0.0588235294117647,47,2023,1
2022,4,2,0.670588235294118,-0.0588235294117647,47,2023,2
2022,4,3,0.670588235294118,-0.0588235294117647,47,2023,3
2022,4,4,0.670588235294118,-0.0588235294117647,47,2023,4
2023,1,1,1.8,0,47,2023,2
2023,1,2,1.8,0,47,2023,3
2023,1,3,1.8,0,47,2023,4
2023,1,4,1.8,0,47,2024,1
2023,1,5,1.8,0,47,2024,2
2023,1,6,1.8,0,47,2024,3
2023,1,7,1.8,0,47,2024,4
2023,2,1,1.5,0,47,2023,3
2023,2,2,1.5,0,47,2023,4
2023,2,3,1.5,0,47,2024,1
2023,2,4,1.5,0,47,2024,2
2023,2,5,1.5,0,47,2024,3
2023,2,6,1.5,0,47,2024,4
2023,3,1,1.5,0,47,2023,4
2023,3,2,1.5,0,47,2024,1
2023,3,3,1.5,0,47,2024,2
2023,3,4,1.5,0,47,2024,3
2023,3,5,1.5,0,47,2024,4
2023,4,1,1.23529411764706,-0.0588235294117647,47,2024,1
2023,4,2,1.23529411764706,-0.0588235294117647,47,2024,2
2023,4,3,1.23529411764706,-0.0588235294117647,47,2024,3
2023,4,4,1.23529411764706,-0.0588235294117647,47,2024,4
2024,1,1,1.4,0,47,2024,2
2024,1,2,1.4,0,47,2024,3
2024,1,3,1.4,0,47,2024,4
2024,1,4,1.4,0,47,2025,1
2024,1,5,1.4,0,47,2025,2
2024,1,6,1.4,0,47,2025,3
2024,1,7,1.4,0,47,2025,4
2024,2,1,1.5,0,47,2024,3
2024,2,2,1.5,0,47,2024,4
2024,2,3,1.5,0,47,2025,1
2024,2,4,1.5,0,47,2025,2
2024,2,5,1.5,0,47,2025,3
2024,2,6,1.5,0,47,2025,4
2024,3,1,1.4,0,47,2024,4
2024,3,2,1.4,0,47,2025,1
2024,3,3,1.4,0,47,2025,2
2024,3,4,1.4,0,47,2025,3
2024,3,5,1.4,0,47,2025,4
2024,4,1,1.32941176470588,-0.0588235294117647,47,2025,1
2024,4,2,1.32941176470588,-0.0588235294117647,47,2025,2
2024,4,3,1.32941176470588,-0.0588235294117647,47,2025,3
2024,4,4,1.32941176470588,-0.0588235294117647,47,2025,4
2001,2,1,2.3,0,52,2001,3
2001,2,2,2.3,0,52,2001,4
2001,2,3,2.3,0,52,2002,1
2001,2,4,2.3,0,52,2002,2
2001,2,5,2.3,0,52,2002,3
2001,2,6,2.3,0,52,2002,4
2002,1,1,3.1,0,52,2002,2
2002,1,2,3.1,0,52,2002,3
2002,1,3,3.1,0,52,2002,4
2002,1,4,3.1,0,52,2003,1
2002,1,5,3.1,0,52,2003,2
2002,1,6,3.1,0,52,2003,3
2002,1,7,3.1,0,52,2003,4
2002,2,1,2.9,0,52,2002,3
2002,2,2,2.9,0,52,2002,4
2002,2,3,2.9,0,52,2003,1
2002,2,4,2.9,0,52,2003,2
2002,2,5,2.9,0,52,2003,3
2002,2,6,2.9,0,52,2003,4
2002,3,1,2.7,0,52,2002,4
2002,3,2,2.7,0,52,2003,1
2002,3,3,2.7,0,52,2003,2
2002,3,4,2.7,0,52,2003,3
2002,3,5,2.7,0,52,2003,4
2002,4,1,1.65294117647059,-0.0588235294117647,52,2003,1
2002,4,2,1.65294117647059,-0.0588235294117647,52,2003,2
2002,4,3,1.65294117647059,-0.0588235294117647,52,2003,3
2002,4,4,1.65294117647059,-0.0588235294117647,52,2003,4
2003,1,1,2.2,0,52,2003,2
2003,1,2,2.2,0,52,2003,3
2003,1,3,2.2,0,52,2003,4
2003,1,4,2.2,0,52,2004,1
2003,1,5,2.2,0,52,2004,2
2003,1,6,2.2,0,52,2004,3
2003,1,7,2.2,0,52,2004,4
2003,2,1,2.2,0,52,2003,3
2003,2,2,2.2,0,52,2003,4
2003,2,3,2.2,0,52,2004,1
2003,2,4,2.2,0,52,2004,2
2003,2,5,2.2,0,52,2004,3
2003,2,6,2.2,0,52,2004,4
2003,3,1,1.3,0,52,2003,4
2003,3,2,1.3,0,52,2004,1
2003,3,3,1.3,0,52,2004,2
2003,3,4,1.3,0,52,2004,3
2003,3,5,1.3,0,52,2004,4
2003,4,1,1.45882352941176,-0.0588235294117647,52,2004,1
2003,4,2,1.45882352941176,-0.0588235294117647,52,2004,2
2003,4,3,1.45882352941176,-0.0588235294117647,52,2004,3
2003,4,4,1.45882352941176,-0.0588235294117647,52,2004,4
2004,2,1,1.9,0,52,2004,3
2004,2,2,1.9,0,52,2004,4
2004,2,3,1.9,0,52,2005,1
2004,2,4,1.9,0,52,2005,2
2004,2,5,1.9,0,52,2005,3
2004,2,6,1.9,0,52,2005,4
2004,3,1,2.2,0,52,2004,4
2004,3,2,2.2,0,52,2005,1
2004,3,3,2.2,0,52,2005,2
2004,3,4,2.2,0,52,2005,3
2004,3,5,2.2,0,52,2005,4
2004,4,1,2.32941176470588,-0.0588235294117647,52,2005,1
2004,4,2,2.32941176470588,-0.0588235294117647,52,2005,2
2004,4,3,2.32941176470588,-0.0588235294117647,52,2005,3
2004,4,4,2.32941176470588,-0.0588235294117647,52,2005,4
2005,1,1,2.2,0,52,2005,2
2005,1,2,2.2,0,52,2005,3
2005,1,3,2.2,0,52,2005,4
2005,1,4,2.2,0,52,2006,1
2005,1,5,2.2,0,52,2006,2
2005,1,6,2.2,0,52,2006,3
2005,1,7,2.2,0,52,2006,4
2005,2,1,2.2,0,52,2005,3
2005,2,2,2.2,0,52,2005,4
2005,2,3,2.2,0,52,2006,1
2005,2,4,2.2,0,52,2006,2
2005,2,5,2.2,0,52,2006,3
2005,2,6,2.2,0,52,2006,4
2005,3,1,1.5,0,52,2005,4
2005,3,2,1.5,0,52,2006,1
2005,3,3,1.5,0,52,2006,2
2005,3,4,1.5,0,52,2006,3
2005,3,5,1.5,0,52,2006,4
2005,4,1,1.41176470588235,-0.0588235294117647,52,2006,1
2005,4,2,1.41176470588235,-0.0588235294117647,52,2006,2
2005,4,3,1.41176470588235,-0.0588235294117647,52,2006,3
2005,4,4,1.41176470588235,-0.0588235294117647,52,2006,4
2006,1,1,1.5,0,52,2006,2
2006,1,2,1.5,0,52,2006,3
2006,1,3,1.5,0,52,2006,4
2006,1,4,1.5,0,52,2007,1
2006,1,5,1.5,0,52,2007,2
2006,1,6,1.5,0,52,2007,3
2006,1,7,1.5,0,52,2007,4
2006,4,1,1.43529411764706,-0.0588235294117647,52,2007,1
2006,4,2,1.43529411764706,-0.0588235294117647,52,2007,2
2006,4,3,1.43529411764706,-0.0588235294117647,52,2007,3
2006,4,4,1.43529411764706,-0.0588235294117647,52,2007,4
2007,1,1,1.6,0,52,2007,2
2007,1,2,1.6,0,52,2007,3
2007,1,3,1.6,0,52,2007,4
2007,1,4,1.6,0,52,2008,1
2007,1,5,1.6,0,52,2008,2
2007,1,6,1.6,0,52,2008,3
2007,1,7,1.6,0,52,2008,4
2007,2,1,1.7,0,52,2007,3
2007,2,2,1.7,0,52,2007,4
2007,2,3,1.7,0,52,2008,1
2007,2,4,1.7,0,52,2008,2
2007,2,5,1.7,0,52,2008,3
2007,2,6,1.7,0,52,2008,4
2007,3,1,2.2,0,52,2007,4
2007,3,2,2.2,0,52,2008,1
2007,3,3,2.2,0,52,2008,2
2007,3,4,2.2,0,52,2008,3
2007,3,5,2.2,0,52,2008,4
2007,4,1,1.64705882352941,-0.0588235294117647,52,2008,1
2007,4,2,1.64705882352941,-0.0588235294117647,52,2008,2
2007,4,3,1.64705882352941,-0.0588235294117647,52,2008,3
2007,4,4,1.64705882352941,-0.0588235294117647,52,2008,4
2008,1,1,1.5,0,52,2008,2
2008,1,2,1.5,0,52,2008,3
2008,1,3,1.5,0,52,2008,4
2008,1,4,1.5,0,52,2009,1
2008,1,5,1.5,0,52,2009,2
2008,1,6,1.5,0,52,2009,3
2008,1,7,1.5,0,52,2009,4
2008,2,1,1.3,0,52,2008,3
2008,2,2,1.3,0,52,2008,4
2008,2,3,1.3,0,52,2009,1
2008,2,4,1.3,0,52,2009,2
2008,2,5,1.3,0,52,2009,3
2008,2,6,1.3,0,52,2009,4
2008,3,1,1.1,0,52,2008,4
2008,3,2,1.1,0,52,2009,1
2008,3,3,1.1,0,52,2009,2
2008,3,4,1.1,0,52,2009,3
2008,3,5,1.1,0,52,2009,4
2008,4,1,-0.382352941176471,-0.0588235294117647,52,2009,1
2008,4,2,-0.382352941176471,-0.0588235294117647,52,2009,2
2008,4,3,-0.382352941176471,-0.0588235294117647,52,2009,3
2008,4,4,-0.382352941176471,-0.0588235294117647,52,2009,4
2009,1,1,0.2,0,52,2009,2
2009,1,2,0.2,0,52,2009,3
2009,1,3,0.2,0,52,2009,4
2009,1,4,0.2,0,52,2010,1
2009,1,5,0.2,0,52,2010,2
2009,1,6,0.2,0,52,2010,3
2009,1,7,0.2,0,52,2010,4
2009,2,1,-0.7,0,52,2009,3
2009,2,2,-0.7,0,52,2009,4
2009,2,3,-0.7,0,52,2010,1
2009,2,4,-0.7,0,52,2010,2
2009,2,5,-0.7,0,52,2010,3
2009,2,6,-0.7,0,52,2010,4
2009,3,1,-0.2,0,52,2009,4
2009,3,2,-0.2,0,52,2010,1
2009,3,3,-0.2,0,52,2010,2
2009,3,4,-0.2,0,52,2010,3
2009,3,5,-0.2,0,52,2010,4
2009,4,1,1.17647058823529,-0.0588235294117647,52,2010,1
2009,4,2,1.17647058823529,-0.0588235294117647,52,2010,2
2009,4,3,1.17647058823529,-0.0588235294117647,52,2010,3
2009,4,4,1.17647058823529,-0.0588235294117647,52,2010,4
2010,1,1,1.5,0,52,2010,2
2010,1,2,1.5,0,52,2010,3
2010,1,3,1.5,0,52,2010,4
2010,1,4,1.5,0,52,2011,1
2010,1,5,1.5,0,52,2011,2
2010,1,6,1.5,0,52,2011,3
2010,1,7,1.5,0,52,2011,4
2010,2,1,1.2,0,52,2010,3
2010,2,2,1.2,0,52,2010,4
2010,2,3,1.2,0,52,2011,1
2010,2,4,1.2,0,52,2011,2
2010,2,5,1.2,0,52,2011,3
2010,2,6,1.2,0,52,2011,4
2010,3,1,0.6,0,52,2010,4
2010,3,2,0.6,0,52,2011,1
2010,3,3,0.6,0,52,2011,2
2010,3,4,0.6,0,52,2011,3
2010,3,5,0.6,0,52,2011,4
2010,4,1,1.06470588235294,-0.0588235294117647,52,2011,1
2010,4,2,1.06470588235294,-0.0588235294117647,52,2011,2
2010,4,3,1.06470588235294,-0.0588235294117647,52,2011,3
2010,4,4,1.06470588235294,-0.0588235294117647,52,2011,4
2011,1,1,1.7,0,52,2011,2
2011,1,2,1.7,0,52,2011,3
2011,1,3,1.7,0,52,2011,4
2011,1,4,1.7,0,52,2012,1
2011,1,5,1.7,0,52,2012,2
2011,1,6,1.7,0,52,2012,3
2011,1,7,1.7,0,52,2012,4
2011,2,1,1.5,0,52,2011,3
2011,2,2,1.5,0,52,2011,4
2011,2,3,1.5,0,52,2012,1
2011,2,4,1.5,0,52,2012,2
2011,2,5,1.5,0,52,2012,3
2011,2,6,1.5,0,52,2012,4
2011,3,1,1.5,0,52,2011,4
2011,3,2,1.5,0,52,2012,1
2011,3,3,1.5,0,52,2012,2
2011,3,4,1.5,0,52,2012,3
2011,3,5,1.5,0,52,2012,4
2011,4,1,0.652941176470588,-0.0588235294117647,52,2012,1
2011,4,2,0.652941176470588,-0.0588235294117647,52,2012,2
2011,4,3,0.652941176470588,-0.0588235294117647,52,2012,3
2011,4,4,0.652941176470588,-0.0588235294117647,52,2012,4
2012,1,1,1.2,0,52,2012,2
2012,1,2,1.2,0,52,2012,3
2012,1,3,1.2,0,52,2012,4
2012,1,4,1.2,0,52,2013,1
2012,1,5,1.2,0,52,2013,2
2012,1,6,1.2,0,52,2013,3
2012,1,7,1.2,0,52,2013,4
2012,2,1,1.36,0,52,2012,3
2012,2,2,1.36,0,52,2012,4
2012,2,3,1.36,0,52,2013,1
2012,2,4,1.36,0,52,2013,2
2012,2,5,1.36,0,52,2013,3
2012,2,6,1.36,0,52,2013,4
2012,3,1,0.7,0,52,2012,4
2012,3,2,0.7,0,52,2013,1
2012,3,3,0.7,0,52,2013,2
2012,3,4,0.7,0,52,2013,3
2012,3,5,0.7,0,52,2013,4
2012,4,1,0.0235294117647059,-0.0588235294117647,52,2013,1
2012,4,2,0.0235294117647059,-0.0588235294117647,52,2013,2
2012,4,3,0.0235294117647059,-0.0588235294117647,52,2013,3
2012,4,4,0.0235294117647059,-0.0588235294117647,52,2013,4
2013,1,1,1,0,52,2013,2
2013,1,2,1,0,52,2013,3
2013,1,3,1,0,52,2013,4
2013,1,4,1,0,52,2014,1
2013,1,5,1,0,52,2014,2
2013,1,6,1,0,52,2014,3
2013,1,7,1,0,52,2014,4
2013,2,1,0.8,0,52,2013,3
2013,2,2,0.8,0,52,2013,4
2013,2,3,0.8,0,52,2014,1
2013,2,4,0.8,0,52,2014,2
2013,2,5,0.8,0,52,2014,3
2013,2,6,0.8,0,52,2014,4
2013,3,1,0.8,0,52,2013,4
2013,3,2,0.8,0,52,2014,1
2013,3,3,0.8,0,52,2014,2
2013,3,4,0.8,0,52,2014,3
2013,3,5,0.8,0,52,2014,4
2013,4,1,1.18235294117647,-0.0588235294117647,52,2014,1
2013,4,2,1.18235294117647,-0.0588235294117647,52,2014,2
2013,4,3,1.18235294117647,-0.0588235294117647,52,2014,3
2013,4,4,1.18235294117647,-0.0588235294117647,52,2014,4
2014,1,1,1.256,0,52,2014,2
2014,1,2,1.256,0,52,2014,3
2014,1,3,1.256,0,52,2014,4
2014,1,4,1.256,0,52,2015,1
2014,1,5,1.256,0,52,2015,2
2014,1,6,1.256,0,52,2015,3
2014,1,7,1.256,0,52,2015,4
2014,2,1,1.6,0,52,2014,3
2014,2,2,1.6,0,52,2014,4
2014,2,3,1.6,0,52,2015,1
2014,2,4,1.6,0,52,2015,2
2014,2,5,1.6,0,52,2015,3
2014,2,6,1.6,0,52,2015,4
2014,3,1,1.6,0,52,2014,4
2014,3,2,1.6,0,52,2015,1
2014,3,3,1.6,0,52,2015,2
2014,3,4,1.6,0,52,2015,3
2014,3,5,1.6,0,52,2015,4
2014,4,1,0.911764705882353,-0.0588235294117647,52,2015,1
2014,4,2,0.911764705882353,-0.0588235294117647,52,2015,2
2014,4,3,0.911764705882353,-0.0588235294117647,52,2015,3
2014,4,4,0.911764705882353,-0.0588235294117647,52,2015,4
2015,1,1,1.8,0,52,2015,2
2015,1,2,1.8,0,52,2015,3
2015,1,3,1.8,0,52,2015,4
2015,1,4,1.8,0,52,2016,1
2015,1,5,1.8,0,52,2016,2
2015,1,6,1.8,0,52,2016,3
2015,1,7,1.8,0,52,2016,4
2015,2,1,2,0,52,2015,3
2015,2,2,2,0,52,2015,4
2015,2,3,2,0,52,2016,1
2015,2,4,2,0,52,2016,2
2015,2,5,2,0,52,2016,3
2015,2,6,2,0,52,2016,4
2015,3,1,1.9,0,52,2015,4
2015,3,2,1.9,0,52,2016,1
2015,3,3,1.9,0,52,2016,2
2015,3,4,1.9,0,52,2016,3
2015,3,5,1.9,0,52,2016,4
2015,4,1,1.49411764705882,-0.0588235294117647,52,2016,1
2015,4,2,1.49411764705882,-0.0588235294117647,52,2016,2
2015,4,3,1.49411764705882,-0.0588235294117647,52,2016,3
2015,4,4,1.49411764705882,-0.0588235294117647,52,2016,4
2016,1,1,1.8,0,52,2016,2
2016,1,2,1.8,0,52,2016,3
2016,1,3,1.8,0,52,2016,4
2016,1,4,1.8,0,52,2017,1
2016,1,5,1.8,0,52,2017,2
2016,1,6,1.8,0,52,2017,3
2016,1,7,1.8,0,52,2017,4
2016,2,1,1.4,0,52,2016,3
2016,2,2,1.4,0,52,2016,4
2016,2,3,1.4,0,52,2017,1
2016,2,4,1.4,0,52,2017,2
2016,2,5,1.4,0,52,2017,3
2016,2,6,1.4,0,52,2017,4
2016,4,1,1.07647058823529,-0.0588235294117647,52,2017,1
2016,4,2,1.07647058823529,-0.0588235294117647,52,2017,2
2016,4,3,1.07647058823529,-0.0588235294117647,52,2017,3
2016,4,4,1.07647058823529,-0.0588235294117647,52,2017,4
2017,2,1,1.6,0,52,2017,3
2017,2,2,1.6,0,52,2017,4
2017,2,3,1.6,0,52,2018,1
2017,2,4,1.6,0,52,2018,2
2017,2,5,1.6,0,52,2018,3
2017,2,6,1.6,0,52,2018,4
2017,3,1,1.6,0,52,2017,4
2017,3,2,1.6,0,52,2018,1
2017,3,3,1.6,0,52,2018,2
2017,3,4,1.6,0,52,2018,3
2017,3,5,1.6,0,52,2018,4
2017,4,1,1.88235294117647,-0.0588235294117647,52,2018,1
2017,4,2,1.88235294117647,-0.0588235294117647,52,2018,2
2017,4,3,1.88235294117647,-0.0588235294117647,52,2018,3
2017,4,4,1.88235294117647,-0.0588235294117647,52,2018,4
2018,1,1,1.8,0,52,2018,2
2018,1,2,1.8,0,52,2018,3
2018,1,3,1.8,0,52,2018,4
2018,1,4,1.8,0,52,2019,1
2018,1,5,1.8,0,52,2019,2
2018,1,6,1.8,0,52,2019,3
2018,1,7,1.8,0,52,2019,4
2018,3,1,1.7,0,52,2018,4
2018,3,2,1.7,0,52,2019,1
2018,3,3,1.7,0,52,2019,2
2018,3,4,1.7,0,52,2019,3
2018,3,5,1.7,0,52,2019,4
2019,1,1,1.2,0,52,2019,2
2019,1,2,1.2,0,52,2019,3
2019,1,3,1.2,0,52,2019,4
2019,1,4,1.2,0,52,2020,1
2019,1,5,1.2,0,52,2020,2
2019,1,6,1.2,0,52,2020,3
2019,1,7,1.2,0,52,2020,4
2019,2,1,1,0,52,2019,3
2019,2,2,1,0,52,2019,4
2019,2,3,1,0,52,2020,1
2019,2,4,1,0,52,2020,2
2019,2,5,1,0,52,2020,3
2019,2,6,1,0,52,2020,4
2019,3,1,1,0,52,2019,4
2019,3,2,1,0,52,2020,1
2019,3,3,1,0,52,2020,2
2019,3,4,1,0,52,2020,3
2019,3,5,1,0,52,2020,4
2020,1,1,1.3,0,52,2020,2
2020,1,2,1.3,0,52,2020,3
2020,1,3,1.3,0,52,2020,4
2020,1,4,1.3,0,52,2021,1
2020,1,5,1.3,0,52,2021,2
2020,1,6,1.3,0,52,2021,3
2020,1,7,1.3,0,52,2021,4
2020,2,1,6.4,0,52,2020,3
2020,2,2,6.4,0,52,2020,4
2020,2,3,6.4,0,52,2021,1
2020,2,4,6.4,0,52,2021,2
2020,2,5,6.4,0,52,2021,3
2020,2,6,6.4,0,52,2021,4
2020,3,1,5.8,0,52,2020,4
2020,3,2,5.8,0,52,2021,1
2020,3,3,5.8,0,52,2021,2
2020,3,4,5.8,0,52,2021,3
2020,3,5,5.8,0,52,2021,4
2020,4,1,5.97647058823529,-0.0588235294117647,52,2021,1
2020,4,2,5.97647058823529,-0.0588235294117647,52,2021,2
2020,4,3,5.97647058823529,-0.0588235294117647,52,2021,3
2020,4,4,5.97647058823529,-0.0588235294117647,52,2021,4
2021,2,1,5,0,52,2021,3
2021,2,2,5,0,52,2021,4
2021,2,3,5,0,52,2022,1
2021,2,4,5,0,52,2022,2
2021,2,5,5,0,52,2022,3
2021,2,6,5,0,52,2022,4
2021,3,1,5.8,0,52,2021,4
2021,3,2,5.8,0,52,2022,1
2021,3,3,5.8,0,52,2022,2
2021,3,4,5.8,0,52,2022,3
2021,3,5,5.8,0,52,2022,4
2001,2,1,2.7,0,60,2001,3
2001,2,2,2.7,0,60,2001,4
2001,2,3,2.7,0,60,2002,1
2001,2,4,2.7,0,60,2002,2
2001,2,5,2.7,0,60,2002,3
2001,2,6,2.7,0,60,2002,4
2002,2,1,2.7,0,60,2002,3
2002,2,2,2.7,0,60,2002,4
2002,2,3,2.7,0,60,2003,1
2002,2,4,2.7,0,60,2003,2
2002,2,5,2.7,0,60,2003,3
2002,2,6,2.7,0,60,2003,4
2002,3,1,2.7,0,60,2002,4
2002,3,2,2.7,0,60,2003,1
2002,3,3,2.7,0,60,2003,2
2002,3,4,2.7,0,60,2003,3
2002,3,5,2.7,0,60,2003,4
2002,4,1,2.6,-0.0588235294117647,60,2003,1
2002,4,2,2.6,-0.0588235294117647,60,2003,2
2002,4,3,2.6,-0.0588235294117647,60,2003,3
2002,4,4,2.6,-0.0588235294117647,60,2003,4
2003,1,1,2.3,0,60,2003,2
2003,1,2,2.3,0,60,2003,3
2003,1,3,2.3,0,60,2003,4
2003,1,4,2.3,0,60,2004,1
2003,1,5,2.3,0,60,2004,2
2003,1,6,2.3,0,60,2004,3
2003,1,7,2.3,0,60,2004,4
2003,2,1,2.3,0,60,2003,3
2003,2,2,2.3,0,60,2003,4
2003,2,3,2.3,0,60,2004,1
2003,2,4,2.3,0,60,2004,2
2003,2,5,2.3,0,60,2004,3
2003,2,6,2.3,0,60,2004,4
2003,3,1,2.1,0,60,2003,4
2003,3,2,2.1,0,60,2004,1
2003,3,3,2.1,0,60,2004,2
2003,3,4,2.1,0,60,2004,3
2003,3,5,2.1,0,60,2004,4
2003,4,1,2.09411764705882,-0.0588235294117647,60,2004,1
2003,4,2,2.09411764705882,-0.0588235294117647,60,2004,2
2003,4,3,2.09411764705882,-0.0588235294117647,60,2004,3
2003,4,4,2.09411764705882,-0.0588235294117647,60,2004,4
2004,1,1,2.4,0,60,2004,2
2004,1,2,2.4,0,60,2004,3
2004,1,3,2.4,0,60,2004,4
2004,1,4,2.4,0,60,2005,1
2004,1,5,2.4,0,60,2005,2
2004,1,6,2.4,0,60,2005,3
2004,1,7,2.4,0,60,2005,4
2004,2,1,2.4,0,60,2004,3
2004,2,2,2.4,0,60,2004,4
2004,2,3,2.4,0,60,2005,1
2004,2,4,2.4,0,60,2005,2
2004,2,5,2.4,0,60,2005,3
2004,2,6,2.4,0,60,2005,4
2004,3,1,2.4,0,60,2004,4
2004,3,2,2.4,0,60,2005,1
2004,3,3,2.4,0,60,2005,2
2004,3,4,2.4,0,60,2005,3
2004,3,5,2.4,0,60,2005,4
2004,4,1,2.32352941176471,-0.0588235294117647,60,2005,1
2004,4,2,2.32352941176471,-0.0588235294117647,60,2005,2
2004,4,3,2.32352941176471,-0.0588235294117647,60,2005,3
2004,4,4,2.32352941176471,-0.0588235294117647,60,2005,4
2005,1,1,2.4,0,60,2005,2
2005,1,2,2.4,0,60,2005,3
2005,1,3,2.4,0,60,2005,4
2005,1,4,2.4,0,60,2006,1
2005,1,5,2.4,0,60,2006,2
2005,1,6,2.4,0,60,2006,3
2005,1,7,2.4,0,60,2006,4
2005,2,1,2.3,0,60,2005,3
2005,2,2,2.3,0,60,2005,4
2005,2,3,2.3,0,60,2006,1
2005,2,4,2.3,0,60,2006,2
2005,2,5,2.3,0,60,2006,3
2005,2,6,2.3,0,60,2006,4
2005,3,1,2.3,0,60,2005,4
2005,3,2,2.3,0,60,2006,1
2005,3,3,2.3,0,60,2006,2
2005,3,4,2.3,0,60,2006,3
2005,3,5,2.3,0,60,2006,4
2005,4,1,2.24705882352941,-0.0588235294117647,60,2006,1
2005,4,2,2.24705882352941,-0.0588235294117647,60,2006,2
2005,4,3,2.24705882352941,-0.0588235294117647,60,2006,3
2005,4,4,2.24705882352941,-0.0588235294117647,60,2006,4
2006,1,1,2.5,0,60,2006,2
2006,1,2,2.5,0,60,2006,3
2006,1,3,2.5,0,60,2006,4
2006,1,4,2.5,0,60,2007,1
2006,1,5,2.5,0,60,2007,2
2006,1,6,2.5,0,60,2007,3
2006,1,7,2.5,0,60,2007,4
2006,2,1,2.5,0,60,2006,3
2006,2,2,2.5,0,60,2006,4
2006,2,3,2.5,0,60,2007,1
2006,2,4,2.5,0,60,2007,2
2006,2,5,2.5,0,60,2007,3
2006,2,6,2.5,0,60,2007,4
2006,3,1,2.4,0,60,2006,4
2006,3,2,2.4,0,60,2007,1
2006,3,3,2.4,0,60,2007,2
2006,3,4,2.4,0,60,2007,3
2006,3,5,2.4,0,60,2007,4
2006,4,1,2.17058823529412,-0.0588235294117647,60,2007,1
2006,4,2,2.17058823529412,-0.0588235294117647,60,2007,2
2006,4,3,2.17058823529412,-0.0588235294117647,60,2007,3
2006,4,4,2.17058823529412,-0.0588235294117647,60,2007,4
2007,1,1,2.4,0,60,2007,2
2007,1,2,2.4,0,60,2007,3
2007,1,3,2.4,0,60,2007,4
2007,1,4,2.4,0,60,2008,1
2007,1,5,2.4,0,60,2008,2
2007,1,6,2.4,0,60,2008,3
2007,1,7,2.4,0,60,2008,4
2007,2,1,2.3,0,60,2007,3
2007,2,2,2.3,0,60,2007,4
2007,2,3,2.3,0,60,2008,1
2007,2,4,2.3,0,60,2008,2
2007,2,5,2.3,0,60,2008,3
2007,2,6,2.3,0,60,2008,4
2007,3,1,2.4,0,60,2007,4
2007,3,2,2.4,0,60,2008,1
2007,3,3,2.4,0,60,2008,2
2007,3,4,2.4,0,60,2008,3
2007,3,5,2.4,0,60,2008,4
2007,4,1,1.96470588235294,-0.0588235294117647,60,2008,1
2007,4,2,1.96470588235294,-0.0588235294117647,60,2008,2
2007,4,3,1.96470588235294,-0.0588235294117647,60,2008,3
2007,4,4,1.96470588235294,-0.0588235294117647,60,2008,4
2008,1,1,2.3,0,60,2008,2
2008,1,2,2.3,0,60,2008,3
2008,1,3,2.3,0,60,2008,4
2008,1,4,2.3,0,60,2009,1
2008,1,5,2.3,0,60,2009,2
2008,1,6,2.3,0,60,2009,3
2008,1,7,2.3,0,60,2009,4
2008,2,1,2.3,0,60,2008,3
2008,2,2,2.3,0,60,2008,4
2008,2,3,2.3,0,60,2009,1
2008,2,4,2.3,0,60,2009,2
2008,2,5,2.3,0,60,2009,3
2008,2,6,2.3,0,60,2009,4
2008,3,1,1.3,0,60,2008,4
2008,3,2,1.3,0,60,2009,1
2008,3,3,1.3,0,60,2009,2
2008,3,4,1.3,0,60,2009,3
2008,3,5,1.3,0,60,2009,4
2008,4,1,0.141176470588235,-0.0588235294117647,60,2009,1
2008,4,2,0.141176470588235,-0.0588235294117647,60,2009,2
2008,4,3,0.141176470588235,-0.0588235294117647,60,2009,3
2008,4,4,0.141176470588235,-0.0588235294117647,60,2009,4
2009,1,1,1.3,0,60,2009,2
2009,1,2,1.3,0,60,2009,3
2009,1,3,1.3,0,60,2009,4
2009,1,4,1.3,0,60,2010,1
2009,1,5,1.3,0,60,2010,2
2009,1,6,1.3,0,60,2010,3
2009,1,7,1.3,0,60,2010,4
2009,2,1,0.8,0,60,2009,3
2009,2,2,0.8,0,60,2009,4
2009,2,3,0.8,0,60,2010,1
2009,2,4,0.8,0,60,2010,2
2009,2,5,0.8,0,60,2010,3
2009,2,6,0.8,0,60,2010,4
2001,2,1,3,0,62,2001,3
2001,2,2,3,0,62,2001,4
2001,2,3,3,0,62,2002,1
2001,2,4,3,0,62,2002,2
2001,2,5,3,0,62,2002,3
2001,2,6,3,0,62,2002,4
2001,4,1,1.51470588235294,-0.0588235294117647,62,2002,1
2001,4,2,1.51470588235294,-0.0588235294117647,62,2002,2
2001,4,3,1.51470588235294,-0.0588235294117647,62,2002,3
2001,4,4,1.51470588235294,-0.0588235294117647,62,2002,4
2002,1,1,2.5,0,62,2002,2
2002,1,2,2.5,0,62,2002,3
2002,1,3,2.5,0,62,2002,4
2002,1,4,2.5,0,62,2003,1
2002,1,5,2.5,0,62,2003,2
2002,1,6,2.5,0,62,2003,3
2002,1,7,2.5,0,62,2003,4
2003,2,1,2,0,62,2003,3
2003,2,2,2,0,62,2003,4
2003,2,3,2,0,62,2004,1
2003,2,4,2,0,62,2004,2
2003,2,5,2,0,62,2004,3
2003,2,6,2,0,62,2004,4
2003,4,1,2.08235294117647,-0.0588235294117647,62,2004,1
2003,4,2,2.08235294117647,-0.0588235294117647,62,2004,2
2003,4,3,2.08235294117647,-0.0588235294117647,62,2004,3
2003,4,4,2.08235294117647,-0.0588235294117647,62,2004,4
2004,2,1,2,0,62,2004,3
2004,2,2,2,0,62,2004,4
2004,2,3,2,0,62,2005,1
2004,2,4,2,0,62,2005,2
2004,2,5,2,0,62,2005,3
2004,2,6,2,0,62,2005,4
2007,2,1,2.3,0,62,2007,3
2007,2,2,2.3,0,62,2007,4
2007,2,3,2.3,0,62,2008,1
2007,2,4,2.3,0,62,2008,2
2007,2,5,2.3,0,62,2008,3
2007,2,6,2.3,0,62,2008,4
2021,2,1,4.4,0,62,2021,3
2021,2,2,4.4,0,62,2021,4
2021,2,3,4.4,0,62,2022,1
2021,2,4,4.4,0,62,2022,2
2021,2,5,4.4,0,62,2022,3
2021,2,6,4.4,0,62,2022,4
2001,2,1,2.7,0,63,2001,3
2001,2,2,2.7,0,63,2001,4
2001,2,3,2.7,0,63,2002,1
2001,2,4,2.7,0,63,2002,2
2001,2,5,2.7,0,63,2002,3
2001,2,6,2.7,0,63,2002,4
2001,3,1,2.5,0,63,2001,4
2001,3,2,2.5,0,63,2002,1
2001,3,3,2.5,0,63,2002,2
2001,3,4,2.5,0,63,2002,3
2001,3,5,2.5,0,63,2002,4
2001,4,1,1.40588235294118,-0.0588235294117647,63,2002,1
2001,4,2,1.40588235294118,-0.0588235294117647,63,2002,2
2001,4,3,1.40588235294118,-0.0588235294117647,63,2002,3
2001,4,4,1.40588235294118,-0.0588235294117647,63,2002,4
2002,1,1,3,0,63,2002,2
2002,1,2,3,0,63,2002,3
2002,1,3,3,0,63,2002,4
2002,1,4,3,0,63,2003,1
2002,1,5,3,0,63,2003,2
2002,1,6,3,0,63,2003,3
2002,1,7,3,0,63,2003,4
2002,2,1,2.9,0,63,2002,3
2002,2,2,2.9,0,63,2002,4
2002,2,3,2.9,0,63,2003,1
2002,2,4,2.9,0,63,2003,2
2002,2,5,2.9,0,63,2003,3
2002,2,6,2.9,0,63,2003,4
2002,3,1,2.7,0,63,2002,4
2002,3,2,2.7,0,63,2003,1
2002,3,3,2.7,0,63,2003,2
2002,3,4,2.7,0,63,2003,3
2002,3,5,2.7,0,63,2003,4
2002,4,1,1.44117647058824,-0.0588235294117647,63,2003,1
2002,4,2,1.44117647058824,-0.0588235294117647,63,2003,2
2002,4,3,1.44117647058824,-0.0588235294117647,63,2003,3
2002,4,4,1.44117647058824,-0.0588235294117647,63,2003,4
2003,1,1,2.3,0,63,2003,2
2003,1,2,2.3,0,63,2003,3
2003,1,3,2.3,0,63,2003,4
2003,1,4,2.3,0,63,2004,1
2003,1,5,2.3,0,63,2004,2
2003,1,6,2.3,0,63,2004,3
2003,1,7,2.3,0,63,2004,4
2003,2,1,2.3,0,63,2003,3
2003,2,2,2.3,0,63,2003,4
2003,2,3,2.3,0,63,2004,1
2003,2,4,2.3,0,63,2004,2
2003,2,5,2.3,0,63,2004,3
2003,2,6,2.3,0,63,2004,4
2003,3,1,1.4,0,63,2003,4
2003,3,2,1.4,0,63,2004,1
2003,3,3,1.4,0,63,2004,2
2003,3,4,1.4,0,63,2004,3
2003,3,5,1.4,0,63,2004,4
2004,1,1,2,0,63,2004,2
2004,1,2,2,0,63,2004,3
2004,1,3,2,0,63,2004,4
2004,1,4,2,0,63,2005,1
2004,1,5,2,0,63,2005,2
2004,1,6,2,0,63,2005,3
2004,1,7,2,0,63,2005,4
2004,2,1,2.1,0,63,2004,3
2004,2,2,2.1,0,63,2004,4
2004,2,3,2.1,0,63,2005,1
2004,2,4,2.1,0,63,2005,2
2004,2,5,2.1,0,63,2005,3
2004,2,6,2.1,0,63,2005,4
2004,4,1,1.9,-0.0588235294117647,63,2005,1
2004,4,2,1.9,-0.0588235294117647,63,2005,2
2004,4,3,1.9,-0.0588235294117647,63,2005,3
2004,4,4,1.9,-0.0588235294117647,63,2005,4
2005,1,1,2.3,0,63,2005,2
2005,1,2,2.3,0,63,2005,3
2005,1,3,2.3,0,63,2005,4
2005,1,4,2.3,0,63,2006,1
2005,1,5,2.3,0,63,2006,2
2005,1,6,2.3,0,63,2006,3
2005,1,7,2.3,0,63,2006,4
2005,2,1,2.1,0,63,2005,3
2005,2,2,2.1,0,63,2005,4
2005,2,3,2.1,0,63,2006,1
2005,2,4,2.1,0,63,2006,2
2005,2,5,2.1,0,63,2006,3
2005,2,6,2.1,0,63,2006,4
2005,3,1,1.9,0,63,2005,4
2005,3,2,1.9,0,63,2006,1
2005,3,3,1.9,0,63,2006,2
2005,3,4,1.9,0,63,2006,3
2005,3,5,1.9,0,63,2006,4
2005,4,1,1.92941176470588,-0.0588235294117647,63,2006,1
2005,4,2,1.92941176470588,-0.0588235294117647,63,2006,2
2005,4,3,1.92941176470588,-0.0588235294117647,63,2006,3
2005,4,4,1.92941176470588,-0.0588235294117647,63,2006,4
2006,1,1,2,0,63,2006,2
2006,1,2,2,0,63,2006,3
2006,1,3,2,0,63,2006,4
2006,1,4,2,0,63,2007,1
2006,1,5,2,0,63,2007,2
2006,1,6,2,0,63,2007,3
2006,1,7,2,0,63,2007,4
2006,2,1,1.7,0,63,2006,3
2006,2,2,1.7,0,63,2006,4
2006,2,3,1.7,0,63,2007,1
2006,2,4,1.7,0,63,2007,2
2006,2,5,1.7,0,63,2007,3
2006,2,6,1.7,0,63,2007,4
2006,3,1,1.7,0,63,2006,4
2006,3,2,1.7,0,63,2007,1
2006,3,3,1.7,0,63,2007,2
2006,3,4,1.7,0,63,2007,3
2006,3,5,1.7,0,63,2007,4
2006,4,1,2.06470588235294,-0.0588235294117647,63,2007,1
2006,4,2,2.06470588235294,-0.0588235294117647,63,2007,2
2006,4,3,2.06470588235294,-0.0588235294117647,63,2007,3
2006,4,4,2.06470588235294,-0.0588235294117647,63,2007,4
2007,1,1,2.1,0,63,2007,2
2007,1,2,2.1,0,63,2007,3
2007,1,3,2.1,0,63,2007,4
2007,1,4,2.1,0,63,2008,1
2007,1,5,2.1,0,63,2008,2
2007,1,6,2.1,0,63,2008,3
2007,1,7,2.1,0,63,2008,4
2007,4,1,1.75882352941177,-0.0588235294117647,63,2008,1
2007,4,2,1.75882352941177,-0.0588235294117647,63,2008,2
2007,4,3,1.75882352941177,-0.0588235294117647,63,2008,3
2007,4,4,1.75882352941177,-0.0588235294117647,63,2008,4
2008,1,1,2,0,63,2008,2
2008,1,2,2,0,63,2008,3
2008,1,3,2,0,63,2008,4
2008,1,4,2,0,63,2009,1
2008,1,5,2,0,63,2009,2
2008,1,6,2,0,63,2009,3
2008,1,7,2,0,63,2009,4
2008,2,1,1.6,0,63,2008,3
2008,2,2,1.6,0,63,2008,4
2008,2,3,1.6,0,63,2009,1
2008,2,4,1.6,0,63,2009,2
2008,2,5,1.6,0,63,2009,3
2008,2,6,1.6,0,63,2009,4
2008,3,1,1,0,63,2008,4
2008,3,2,1,0,63,2009,1
2008,3,3,1,0,63,2009,2
2008,3,4,1,0,63,2009,3
2008,3,5,1,0,63,2009,4
2009,3,1,0.3,0,63,2009,4
2009,3,2,0.3,0,63,2010,1
2009,3,3,0.3,0,63,2010,2
2009,3,4,0.3,0,63,2010,3
2009,3,5,0.3,0,63,2010,4
2009,4,1,1.49411764705882,-0.0588235294117647,63,2010,1
2009,4,2,1.49411764705882,-0.0588235294117647,63,2010,2
2009,4,3,1.49411764705882,-0.0588235294117647,63,2010,3
2009,4,4,1.49411764705882,-0.0588235294117647,63,2010,4
2013,1,1,1.2,0,63,2013,2
2013,1,2,1.2,0,63,2013,3
2013,1,3,1.2,0,63,2013,4
2013,1,4,1.2,0,63,2014,1
2013,1,5,1.2,0,63,2014,2
2013,1,6,1.2,0,63,2014,3
2013,1,7,1.2,0,63,2014,4
2014,2,1,1.5,0,63,2014,3
2014,2,2,1.5,0,63,2014,4
2014,2,3,1.5,0,63,2015,1
2014,2,4,1.5,0,63,2015,2
2014,2,5,1.5,0,63,2015,3
2014,2,6,1.5,0,63,2015,4
2014,3,1,1.5,0,63,2014,4
2014,3,2,1.5,0,63,2015,1
2014,3,3,1.5,0,63,2015,2
2014,3,4,1.5,0,63,2015,3
2014,3,5,1.5,0,63,2015,4
2014,4,1,1.22941176470588,-0.0588235294117647,63,2015,1
2014,4,2,1.22941176470588,-0.0588235294117647,63,2015,2
2014,4,3,1.22941176470588,-0.0588235294117647,63,2015,3
2014,4,4,1.22941176470588,-0.0588235294117647,63,2015,4
2016,1,1,1.8,0,63,2016,2
2016,1,2,1.8,0,63,2016,3
2016,1,3,1.8,0,63,2016,4
2016,1,4,1.8,0,63,2017,1
2016,1,5,1.8,0,63,2017,2
2016,1,6,1.8,0,63,2017,3
2016,1,7,1.8,0,63,2017,4
2016,2,1,1.7,0,63,2016,3
2016,2,2,1.7,0,63,2016,4
2016,2,3,1.7,0,63,2017,1
2016,2,4,1.7,0,63,2017,2
2016,2,5,1.7,0,63,2017,3
2016,2,6,1.7,0,63,2017,4
2017,4,1,1.77647058823529,-0.0588235294117647,63,2018,1
2017,4,2,1.77647058823529,-0.0588235294117647,63,2018,2
2017,4,3,1.77647058823529,-0.0588235294117647,63,2018,3
2017,4,4,1.77647058823529,-0.0588235294117647,63,2018,4
2018,1,1,1.7,0,63,2018,2
2018,1,2,1.7,0,63,2018,3
2018,1,3,1.7,0,63,2018,4
2018,1,4,1.7,0,63,2019,1
2018,1,5,1.7,0,63,2019,2
2018,1,6,1.7,0,63,2019,3
2018,1,7,1.7,0,63,2019,4
2018,2,1,1.9,0,63,2018,3
2018,2,2,1.9,0,63,2018,4
2018,2,3,1.9,0,63,2019,1
2018,2,4,1.9,0,63,2019,2
2018,2,5,1.9,0,63,2019,3
2018,2,6,1.9,0,63,2019,4
2018,3,1,1.7,0,63,2018,4
2018,3,2,1.7,0,63,2019,1
2018,3,3,1.7,0,63,2019,2
2018,3,4,1.7,0,63,2019,3
2018,3,5,1.7,0,63,2019,4
2019,2,1,1.2,0,63,2019,3
2019,2,2,1.2,0,63,2019,4
2019,2,3,1.2,0,63,2020,1
2019,2,4,1.2,0,63,2020,2
2019,2,5,1.2,0,63,2020,3
2019,2,6,1.2,0,63,2020,4
2019,3,1,1.1,0,63,2019,4
2019,3,2,1.1,0,63,2020,1
2019,3,3,1.1,0,63,2020,2
2019,3,4,1.1,0,63,2020,3
2019,3,5,1.1,0,63,2020,4
2020,1,1,1,0,63,2020,2
2020,1,2,1,0,63,2020,3
2020,1,3,1,0,63,2020,4
2020,1,4,1,0,63,2021,1
2020,1,5,1,0,63,2021,2
2020,1,6,1,0,63,2021,3
2020,1,7,1,0,63,2021,4
2020,2,1,3.2,0,63,2020,3
2020,2,2,3.2,0,63,2020,4
2020,2,3,3.2,0,63,2021,1
2020,2,4,3.2,0,63,2021,2
2020,2,5,3.2,0,63,2021,3
2020,2,6,3.2,0,63,2021,4
2020,4,1,4.70588235294118,-0.0588235294117647,63,2021,1
2020,4,2,4.70588235294118,-0.0588235294117647,63,2021,2
2020,4,3,4.70588235294118,-0.0588235294117647,63,2021,3
2020,4,4,4.70588235294118,-0.0588235294117647,63,2021,4
2021,1,1,3.5,0,63,2021,2
2021,1,2,3.5,0,63,2021,3
2021,1,3,3.5,0,63,2021,4
2021,1,4,3.5,0,63,2022,1
2021,1,5,3.5,0,63,2022,2
2021,1,6,3.5,0,63,2022,3
2021,1,7,3.5,0,63,2022,4
2021,2,1,3.5,0,63,2021,3
2021,2,2,3.5,0,63,2021,4
2021,2,3,3.5,0,63,2022,1
2021,2,4,3.5,0,63,2022,2
2021,2,5,3.5,0,63,2022,3
2021,2,6,3.5,0,63,2022,4
2021,4,1,3.82941176470588,-0.0588235294117647,63,2022,1
2021,4,2,3.82941176470588,-0.0588235294117647,63,2022,2
2021,4,3,3.82941176470588,-0.0588235294117647,63,2022,3
2021,4,4,3.82941176470588,-0.0588235294117647,63,2022,4
2022,1,1,2.2,0,63,2022,2
2022,1,2,2.2,0,63,2022,3
2022,1,3,2.2,0,63,2022,4
2022,1,4,2.2,0,63,2023,1
2022,1,5,2.2,0,63,2023,2
2022,1,6,2.2,0,63,2023,3
2022,1,7,2.2,0,63,2023,4
2022,2,1,2.3,0,63,2022,3
2022,2,2,2.3,0,63,2022,4
2022,2,3,2.3,0,63,2023,1
2022,2,4,2.3,0,63,2023,2
2022,2,5,2.3,0,63,2023,3
2022,2,6,2.3,0,63,2023,4
2022,3,1,0.3,0,63,2022,4
2022,3,2,0.3,0,63,2023,1
2022,3,3,0.3,0,63,2023,2
2022,3,4,0.3,0,63,2023,3
2022,3,5,0.3,0,63,2023,4
2023,1,1,1.1,0,63,2023,2
2023,1,2,1.1,0,63,2023,3
2023,1,3,1.1,0,63,2023,4
2023,1,4,1.1,0,63,2024,1
2023,1,5,1.1,0,63,2024,2
2023,1,6,1.1,0,63,2024,3
2023,1,7,1.1,0,63,2024,4
2023,2,1,0.7,0,63,2023,3
2023,2,2,0.7,0,63,2023,4
2023,2,3,0.7,0,63,2024,1
2023,2,4,0.7,0,63,2024,2
2023,2,5,0.7,0,63,2024,3
2023,2,6,0.7,0,63,2024,4
2023,4,1,0.394117647058824,-0.0588235294117647,63,2024,1
2023,4,2,0.394117647058824,-0.0588235294117647,63,2024,2
2023,4,3,0.394117647058824,-0.0588235294117647,63,2024,3
2023,4,4,0.394117647058824,-0.0588235294117647,63,2024,4
2024,1,1,1.4,0,63,2024,2
2024,1,2,1.4,0,63,2024,3
2024,1,3,1.4,0,63,2024,4
2024,1,4,1.4,0,63,2025,1
2024,1,5,1.4,0,63,2025,2
2024,1,6,1.4,0,63,2025,3
2024,1,7,1.4,0,63,2025,4
2024,2,1,1.4,0,63,2024,3
2024,2,2,1.4,0,63,2024,4
2024,2,3,1.4,0,63,2025,1
2024,2,4,1.4,0,63,2025,2
2024,2,5,1.4,0,63,2025,3
2024,2,6,1.4,0,63,2025,4
2024,4,1,0.7,-0.0588235294117647,63,2025,1
2024,4,2,0.7,-0.0588235294117647,63,2025,2
2024,4,3,0.7,-0.0588235294117647,63,2025,3
2024,4,4,0.7,-0.0588235294117647,63,2025,4
2001,2,1,2.5,0,71,2001,3
2001,2,2,2.5,0,71,2001,4
2001,2,3,2.5,0,71,2002,1
2001,2,4,2.5,0,71,2002,2
2001,2,5,2.5,0,71,2002,3
2001,2,6,2.5,0,71,2002,4
2001,4,1,1.6,-0.0588235294117647,71,2002,1
2001,4,2,1.6,-0.0588235294117647,71,2002,2
2001,4,3,1.6,-0.0588235294117647,71,2002,3
2001,4,4,1.6,-0.0588235294117647,71,2002,4
2002,3,1,2.4,0,71,2002,4
2002,3,2,2.4,0,71,2003,1
2002,3,3,2.4,0,71,2003,2
2002,3,4,2.4,0,71,2003,3
2002,3,5,2.4,0,71,2003,4
2002,4,1,2.07058823529412,-0.0588235294117647,71,2003,1
2002,4,2,2.07058823529412,-0.0588235294117647,71,2003,2
2002,4,3,2.07058823529412,-0.0588235294117647,71,2003,3
2002,4,4,2.07058823529412,-0.0588235294117647,71,2003,4
2003,1,1,2.2,0,71,2003,2
2003,1,2,2.2,0,71,2003,3
2003,1,3,2.2,0,71,2003,4
2003,1,4,2.2,0,71,2004,1
2003,1,5,2.2,0,71,2004,2
2003,1,6,2.2,0,71,2004,3
2003,1,7,2.2,0,71,2004,4
2003,2,1,1.9,0,71,2003,3
2003,2,2,1.9,0,71,2003,4
2003,2,3,1.9,0,71,2004,1
2003,2,4,1.9,0,71,2004,2
2003,2,5,1.9,0,71,2004,3
2003,2,6,1.9,0,71,2004,4
2003,3,1,1.7,0,71,2003,4
2003,3,2,1.7,0,71,2004,1
2003,3,3,1.7,0,71,2004,2
2003,3,4,1.7,0,71,2004,3
2003,3,5,1.7,0,71,2004,4
2004,1,1,2,0,71,2004,2
2004,1,2,2,0,71,2004,3
2004,1,3,2,0,71,2004,4
2004,1,4,2,0,71,2005,1
2004,1,5,2,0,71,2005,2
2004,1,6,2,0,71,2005,3
2004,1,7,2,0,71,2005,4
2004,2,1,2.3,0,71,2004,3
2004,2,2,2.3,0,71,2004,4
2004,2,3,2.3,0,71,2005,1
2004,2,4,2.3,0,71,2005,2
2004,2,5,2.3,0,71,2005,3
2004,2,6,2.3,0,71,2005,4
2004,3,1,2.3,0,71,2004,4
2004,3,2,2.3,0,71,2005,1
2004,3,3,2.3,0,71,2005,2
2004,3,4,2.3,0,71,2005,3
2004,3,5,2.3,0,71,2005,4
2001,2,1,2.2,0,72,2001,3
2001,2,2,2.2,0,72,2001,4
2001,2,3,2.2,0,72,2002,1
2001,2,4,2.2,0,72,2002,2
2001,2,5,2.2,0,72,2002,3
2001,2,6,2.2,0,72,2002,4
2001,4,1,0.129411764705882,-0.0588235294117647,72,2002,1
2001,4,2,0.129411764705882,-0.0588235294117647,72,2002,2
2001,4,3,0.129411764705882,-0.0588235294117647,72,2002,3
2001,4,4,0.129411764705882,-0.0588235294117647,72,2002,4
2002,1,1,2.7,0,72,2002,2
2002,1,2,2.7,0,72,2002,3
2002,1,3,2.7,0,72,2002,4
2002,1,4,2.7,0,72,2003,1
2002,1,5,2.7,0,72,2003,2
2002,1,6,2.7,0,72,2003,3
2002,1,7,2.7,0,72,2003,4
2002,4,1,2.06470588235294,-0.0588235294117647,72,2003,1
2002,4,2,2.06470588235294,-0.0588235294117647,72,2003,2
2002,4,3,2.06470588235294,-0.0588235294117647,72,2003,3
2002,4,4,2.06470588235294,-0.0588235294117647,72,2003,4
2003,1,1,2.7,0,72,2003,2
2003,1,2,2.7,0,72,2003,3
2003,1,3,2.7,0,72,2003,4
2003,1,4,2.7,0,72,2004,1
2003,1,5,2.7,0,72,2004,2
2003,1,6,2.7,0,72,2004,3
2003,1,7,2.7,0,72,2004,4
2003,2,1,2.2,0,72,2003,3
2003,2,2,2.2,0,72,2003,4
2003,2,3,2.2,0,72,2004,1
2003,2,4,2.2,0,72,2004,2
2003,2,5,2.2,0,72,2004,3
2003,2,6,2.2,0,72,2004,4
2003,3,1,1.6,0,72,2003,4
2003,3,2,1.6,0,72,2004,1
2003,3,3,1.6,0,72,2004,2
2003,3,4,1.6,0,72,2004,3
2003,3,5,1.6,0,72,2004,4
2004,3,1,2.2,0,72,2004,4
2004,3,2,2.2,0,72,2005,1
2004,3,3,2.2,0,72,2005,2
2004,3,4,2.2,0,72,2005,3
2004,3,5,2.2,0,72,2005,4
2005,1,1,2.1,0,72,2005,2
2005,1,2,2.1,0,72,2005,3
2005,1,3,2.1,0,72,2005,4
2005,1,4,2.1,0,72,2006,1
2005,1,5,2.1,0,72,2006,2
2005,1,6,2.1,0,72,2006,3
2005,1,7,2.1,0,72,2006,4
2005,3,1,1.3,0,72,2005,4
2005,3,2,1.3,0,72,2006,1
2005,3,3,1.3,0,72,2006,2
2005,3,4,1.3,0,72,2006,3
2005,3,5,1.3,0,72,2006,4
2006,2,1,1.8,0,72,2006,3
2006,2,2,1.8,0,72,2006,4
2006,2,3,1.8,0,72,2007,1
2006,2,4,1.8,0,72,2007,2
2006,2,5,1.8,0,72,2007,3
2006,2,6,1.8,0,72,2007,4
2006,4,1,1.69647058823529,-0.0588235294117647,72,2007,1
2006,4,2,1.69647058823529,-0.0588235294117647,72,2007,2
2006,4,3,1.69647058823529,-0.0588235294117647,72,2007,3
2006,4,4,1.69647058823529,-0.0588235294117647,72,2007,4
2007,1,1,2,0,72,2007,2
2007,1,2,2,0,72,2007,3
2007,1,3,2,0,72,2007,4
2007,1,4,2,0,72,2008,1
2007,1,5,2,0,72,2008,2
2007,1,6,2,0,72,2008,3
2007,1,7,2,0,72,2008,4
2007,2,1,2.1,0,72,2007,3
2007,2,2,2.1,0,72,2007,4
2007,2,3,2.1,0,72,2008,1
2007,2,4,2.1,0,72,2008,2
2007,2,5,2.1,0,72,2008,3
2007,2,6,2.1,0,72,2008,4
2008,1,1,2,0,72,2008,2
2008,1,2,2,0,72,2008,3
2008,1,3,2,0,72,2008,4
2008,1,4,2,0,72,2009,1
2008,1,5,2,0,72,2009,2
2008,1,6,2,0,72,2009,3
2008,1,7,2,0,72,2009,4
2008,3,1,1.2,0,72,2008,4
2008,3,2,1.2,0,72,2009,1
2008,3,3,1.2,0,72,2009,2
2008,3,4,1.2,0,72,2009,3
2008,3,5,1.2,0,72,2009,4
2008,4,1,0.135294117647059,-0.0588235294117647,72,2009,1
2008,4,2,0.135294117647059,-0.0588235294117647,72,2009,2
2008,4,3,0.135294117647059,-0.0588235294117647,72,2009,3
2008,4,4,0.135294117647059,-0.0588235294117647,72,2009,4
2009,1,1,0.2,0,72,2009,2
2009,1,2,0.2,0,72,2009,3
2009,1,3,0.2,0,72,2009,4
2009,1,4,0.2,0,72,2010,1
2009,1,5,0.2,0,72,2010,2
2009,1,6,0.2,0,72,2010,3
2009,1,7,0.2,0,72,2010,4
2009,2,1,0.4,0,72,2009,3
2009,2,2,0.4,0,72,2009,4
2009,2,3,0.4,0,72,2010,1
2009,2,4,0.4,0,72,2010,2
2009,2,5,0.4,0,72,2010,3
2009,2,6,0.4,0,72,2010,4
2009,3,1,0.4,0,72,2009,4
2009,3,2,0.4,0,72,2010,1
2009,3,3,0.4,0,72,2010,2
2009,3,4,0.4,0,72,2010,3
2009,3,5,0.4,0,72,2010,4
2013,1,1,1,0,72,2013,2
2013,1,2,1,0,72,2013,3
2013,1,3,1,0,72,2013,4
2013,1,4,1,0,72,2014,1
2013,1,5,1,0,72,2014,2
2013,1,6,1,0,72,2014,3
2013,1,7,1,0,72,2014,4
2014,3,1,1.6,0,72,2014,4
2014,3,2,1.6,0,72,2015,1
2014,3,3,1.6,0,72,2015,2
2014,3,4,1.6,0,72,2015,3
2014,3,5,1.6,0,72,2015,4
2015,3,1,1.8,0,72,2015,4
2015,3,2,1.8,0,72,2016,1
2015,3,3,1.8,0,72,2016,2
2015,3,4,1.8,0,72,2016,3
2015,3,5,1.8,0,72,2016,4
2020,1,1,1.2,0,72,2020,2
2020,1,2,1.2,0,72,2020,3
2020,1,3,1.2,0,72,2020,4
2020,1,4,1.2,0,72,2021,1
2020,1,5,1.2,0,72,2021,2
2020,1,6,1.2,0,72,2021,3
2020,1,7,1.2,0,72,2021,4
2020,3,1,6.8,0,72,2020,4
2020,3,2,6.8,0,72,2021,1
2020,3,3,6.8,0,72,2021,2
2020,3,4,6.8,0,72,2021,3
2020,3,5,6.8,0,72,2021,4
2001,2,1,3,0,76,2001,3
2001,2,2,3,0,76,2001,4
2001,2,3,3,0,76,2002,1
2001,2,4,3,0,76,2002,2
2001,2,5,3,0,76,2002,3
2001,2,6,3,0,76,2002,4
2001,4,1,1.5,-0.0588235294117647,76,2002,1
2001,4,2,1.5,-0.0588235294117647,76,2002,2
2001,4,3,1.5,-0.0588235294117647,76,2002,3
2001,4,4,1.5,-0.0588235294117647,76,2002,4
2002,1,1,1.5,0,76,2002,2
2002,1,2,1.5,0,76,2002,3
2002,1,3,1.5,0,76,2002,4
2002,1,4,1.5,0,76,2003,1
2002,1,5,1.5,0,76,2003,2
2002,1,6,1.5,0,76,2003,3
2002,1,7,1.5,0,76,2003,4
2002,2,1,2.75,0,76,2002,3
2002,2,2,2.75,0,76,2002,4
2002,2,3,2.75,0,76,2003,1
2002,2,4,2.75,0,76,2003,2
2002,2,5,2.75,0,76,2003,3
2002,2,6,2.75,0,76,2003,4
2002,3,1,2.3,0,76,2002,4
2002,3,2,2.3,0,76,2003,1
2002,3,3,2.3,0,76,2003,2
2002,3,4,2.3,0,76,2003,3
2002,3,5,2.3,0,76,2003,4
2002,4,1,2.38235294117647,-0.0588235294117647,76,2003,1
2002,4,2,2.38235294117647,-0.0588235294117647,76,2003,2
2002,4,3,2.38235294117647,-0.0588235294117647,76,2003,3
2002,4,4,2.38235294117647,-0.0588235294117647,76,2003,4
2003,1,1,2.2,0,76,2003,2
2003,1,2,2.2,0,76,2003,3
2003,1,3,2.2,0,76,2003,4
2003,1,4,2.2,0,76,2004,1
2003,1,5,2.2,0,76,2004,2
2003,1,6,2.2,0,76,2004,3
2003,1,7,2.2,0,76,2004,4
2003,2,1,1.8,0,76,2003,3
2003,2,2,1.8,0,76,2003,4
2003,2,3,1.8,0,76,2004,1
2003,2,4,1.8,0,76,2004,2
2003,2,5,1.8,0,76,2004,3
2003,2,6,1.8,0,76,2004,4
2003,3,1,1.3,0,76,2003,4
2003,3,2,1.3,0,76,2004,1
2003,3,3,1.3,0,76,2004,2
2003,3,4,1.3,0,76,2004,3
2003,3,5,1.3,0,76,2004,4
2003,4,1,1.45294117647059,-0.0588235294117647,76,2004,1
2003,4,2,1.45294117647059,-0.0588235294117647,76,2004,2
2003,4,3,1.45294117647059,-0.0588235294117647,76,2004,3
2003,4,4,1.45294117647059,-0.0588235294117647,76,2004,4
2004,1,1,2.4,0,76,2004,2
2004,1,2,2.4,0,76,2004,3
2004,1,3,2.4,0,76,2004,4
2004,1,4,2.4,0,76,2005,1
2004,1,5,2.4,0,76,2005,2
2004,1,6,2.4,0,76,2005,3
2004,1,7,2.4,0,76,2005,4
2004,2,1,2.3,0,76,2004,3
2004,2,2,2.3,0,76,2004,4
2004,2,3,2.3,0,76,2005,1
2004,2,4,2.3,0,76,2005,2
2004,2,5,2.3,0,76,2005,3
2004,2,6,2.3,0,76,2005,4
2004,3,1,1.7,0,76,2004,4
2004,3,2,1.7,0,76,2005,1
2004,3,3,1.7,0,76,2005,2
2004,3,4,1.7,0,76,2005,3
2004,3,5,1.7,0,76,2005,4
2004,4,1,1.69411764705882,-0.0588235294117647,76,2005,1
2004,4,2,1.69411764705882,-0.0588235294117647,76,2005,2
2004,4,3,1.69411764705882,-0.0588235294117647,76,2005,3
2004,4,4,1.69411764705882,-0.0588235294117647,76,2005,4
2005,1,1,1.5,0,76,2005,2
2005,1,2,1.5,0,76,2005,3
2005,1,3,1.5,0,76,2005,4
2005,1,4,1.5,0,76,2006,1
2005,1,5,1.5,0,76,2006,2
2005,1,6,1.5,0,76,2006,3
2005,1,7,1.5,0,76,2006,4
2005,2,1,1.3,0,76,2005,3
2005,2,2,1.3,0,76,2005,4
2005,2,3,1.3,0,76,2006,1
2005,2,4,1.3,0,76,2006,2
2005,2,5,1.3,0,76,2006,3
2005,2,6,1.3,0,76,2006,4
2005,3,1,1,0,76,2005,4
2005,3,2,1,0,76,2006,1
2005,3,3,1,0,76,2006,2
2005,3,4,1,0,76,2006,3
2005,3,5,1,0,76,2006,4
2006,1,1,0.8,0,76,2006,2
2006,1,2,0.8,0,76,2006,3
2006,1,3,0.8,0,76,2006,4
2006,1,4,0.8,0,76,2007,1
2006,1,5,0.8,0,76,2007,2
2006,1,6,0.8,0,76,2007,3
2006,1,7,0.8,0,76,2007,4
2006,2,1,0.8,0,76,2006,3
2006,2,2,0.8,0,76,2006,4
2006,2,3,0.8,0,76,2007,1
2006,2,4,0.8,0,76,2007,2
2006,2,5,0.8,0,76,2007,3
2006,2,6,0.8,0,76,2007,4
2006,3,1,1,0,76,2006,4
2006,3,2,1,0,76,2007,1
2006,3,3,1,0,76,2007,2
2006,3,4,1,0,76,2007,3
2006,3,5,1,0,76,2007,4
2006,4,1,1.42941176470588,-0.0588235294117647,76,2007,1
2006,4,2,1.42941176470588,-0.0588235294117647,76,2007,2
2006,4,3,1.42941176470588,-0.0588235294117647,76,2007,3
2006,4,4,1.42941176470588,-0.0588235294117647,76,2007,4
2007,1,1,1.64748763873555,0,76,2007,2
2007,1,2,1.64748763873555,0,76,2007,3
2007,1,3,1.64748763873555,0,76,2007,4
2007,1,4,1.64748763873555,0,76,2008,1
2007,1,5,1.64748763873555,0,76,2008,2
2007,1,6,1.64748763873555,0,76,2008,3
2007,1,7,1.64748763873555,0,76,2008,4
2007,2,1,2,0,76,2007,3
2007,2,2,2,0,76,2007,4
2007,2,3,2,0,76,2008,1
2007,2,4,2,0,76,2008,2
2007,2,5,2,0,76,2008,3
2007,2,6,2,0,76,2008,4
2007,3,1,2.20558405344364,0,76,2007,4
2007,3,2,2.20558405344364,0,76,2008,1
2007,3,3,2.20558405344364,0,76,2008,2
2007,3,4,2.20558405344364,0,76,2008,3
2007,3,5,2.20558405344364,0,76,2008,4
2007,4,1,1.80049114155066,-0.0588235294117647,76,2008,1
2007,4,2,1.80049114155066,-0.0588235294117647,76,2008,2
2007,4,3,1.80049114155066,-0.0588235294117647,76,2008,3
2007,4,4,1.80049114155066,-0.0588235294117647,76,2008,4
2008,1,1,1.3848397781798,0,76,2008,2
2008,1,2,1.3848397781798,0,76,2008,3
2008,1,3,1.3848397781798,0,76,2008,4
2008,1,4,1.3848397781798,0,76,2009,1
2008,1,5,1.3848397781798,0,76,2009,2
2008,1,6,1.3848397781798,0,76,2009,3
2008,1,7,1.3848397781798,0,76,2009,4
2008,2,1,1.3,0,76,2008,3
2008,2,2,1.3,0,76,2008,4
2008,2,3,1.3,0,76,2009,1
2008,2,4,1.3,0,76,2009,2
2008,2,5,1.3,0,76,2009,3
2008,2,6,1.3,0,76,2009,4
2008,3,1,0.8,0,76,2008,4
2008,3,2,0.8,0,76,2009,1
2008,3,3,0.8,0,76,2009,2
2008,3,4,0.8,0,76,2009,3
2008,3,5,0.8,0,76,2009,4
2001,2,1,2.4,0,80,2001,3
2001,2,2,2.4,0,80,2001,4
2001,2,3,2.4,0,80,2002,1
2001,2,4,2.4,0,80,2002,2
2001,2,5,2.4,0,80,2002,3
2001,2,6,2.4,0,80,2002,4
2001,3,1,2.4,0,80,2001,4
2001,3,2,2.4,0,80,2002,1
2001,3,3,2.4,0,80,2002,2
2001,3,4,2.4,0,80,2002,3
2001,3,5,2.4,0,80,2002,4
2001,4,1,1.80588235294118,-0.0588235294117647,80,2002,1
2001,4,2,1.80588235294118,-0.0588235294117647,80,2002,2
2001,4,3,1.80588235294118,-0.0588235294117647,80,2002,3
2001,4,4,1.80588235294118,-0.0588235294117647,80,2002,4
2002,1,1,2.6,0,80,2002,2
2002,1,2,2.6,0,80,2002,3
2002,1,3,2.6,0,80,2002,4
2002,1,4,2.6,0,80,2003,1
2002,1,5,2.6,0,80,2003,2
2002,1,6,2.6,0,80,2003,3
2002,1,7,2.6,0,80,2003,4
2002,2,1,2.5,0,80,2002,3
2002,2,2,2.5,0,80,2002,4
2002,2,3,2.5,0,80,2003,1
2002,2,4,2.5,0,80,2003,2
2002,2,5,2.5,0,80,2003,3
2002,2,6,2.5,0,80,2003,4
2002,3,1,2.5,0,80,2002,4
2002,3,2,2.5,0,80,2003,1
2002,3,3,2.5,0,80,2003,2
2002,3,4,2.5,0,80,2003,3
2002,3,5,2.5,0,80,2003,4
2002,4,1,2.17058823529412,-0.0588235294117647,80,2003,1
2002,4,2,2.17058823529412,-0.0588235294117647,80,2003,2
2002,4,3,2.17058823529412,-0.0588235294117647,80,2003,3
2002,4,4,2.17058823529412,-0.0588235294117647,80,2003,4
2003,1,1,2.2,0,80,2003,2
2003,1,2,2.2,0,80,2003,3
2003,1,3,2.2,0,80,2003,4
2003,1,4,2.2,0,80,2004,1
2003,1,5,2.2,0,80,2004,2
2003,1,6,2.2,0,80,2004,3
2003,1,7,2.2,0,80,2004,4
2003,2,1,1.9,0,80,2003,3
2003,2,2,1.9,0,80,2003,4
2003,2,3,1.9,0,80,2004,1
2003,2,4,1.9,0,80,2004,2
2003,2,5,1.9,0,80,2004,3
2003,2,6,1.9,0,80,2004,4
2003,3,1,1.8,0,80,2003,4
2003,3,2,1.8,0,80,2004,1
2003,3,3,1.8,0,80,2004,2
2003,3,4,1.8,0,80,2004,3
2003,3,5,1.8,0,80,2004,4
2003,4,1,1.88235294117647,-0.0588235294117647,80,2004,1
2003,4,2,1.88235294117647,-0.0588235294117647,80,2004,2
2003,4,3,1.88235294117647,-0.0588235294117647,80,2004,3
2003,4,4,1.88235294117647,-0.0588235294117647,80,2004,4
2004,1,1,2.4,0,80,2004,2
2004,1,2,2.4,0,80,2004,3
2004,1,3,2.4,0,80,2004,4
2004,1,4,2.4,0,80,2005,1
2004,1,5,2.4,0,80,2005,2
2004,1,6,2.4,0,80,2005,3
2004,1,7,2.4,0,80,2005,4
2004,2,1,2.3,0,80,2004,3
2004,2,2,2.3,0,80,2004,4
2004,2,3,2.3,0,80,2005,1
2004,2,4,2.3,0,80,2005,2
2004,2,5,2.3,0,80,2005,3
2004,2,6,2.3,0,80,2005,4
2004,3,1,2.3,0,80,2004,4
2004,3,2,2.3,0,80,2005,1
2004,3,3,2.3,0,80,2005,2
2004,3,4,2.3,0,80,2005,3
2004,3,5,2.3,0,80,2005,4
2004,4,1,2.11764705882353,-0.0588235294117647,80,2005,1
2004,4,2,2.11764705882353,-0.0588235294117647,80,2005,2
2004,4,3,2.11764705882353,-0.0588235294117647,80,2005,3
2004,4,4,2.11764705882353,-0.0588235294117647,80,2005,4
2005,1,1,2.1559,0,80,2005,2
2005,1,2,2.1559,0,80,2005,3
2005,1,3,2.1559,0,80,2005,4
2005,1,4,2.1559,0,80,2006,1
2005,1,5,2.1559,0,80,2006,2
2005,1,6,2.1559,0,80,2006,3
2005,1,7,2.1559,0,80,2006,4
2005,2,1,2.0735,0,80,2005,3
2005,2,2,2.0735,0,80,2005,4
2005,2,3,2.0735,0,80,2006,1
2005,2,4,2.0735,0,80,2006,2
2005,2,5,2.0735,0,80,2006,3
2005,2,6,2.0735,0,80,2006,4
2005,3,1,2,0,80,2005,4
2005,3,2,2,0,80,2006,1
2005,3,3,2,0,80,2006,2
2005,3,4,2,0,80,2006,3
2005,3,5,2,0,80,2006,4
2005,4,1,1.93529411764706,-0.0588235294117647,80,2006,1
2005,4,2,1.93529411764706,-0.0588235294117647,80,2006,2
2005,4,3,1.93529411764706,-0.0588235294117647,80,2006,3
2005,4,4,1.93529411764706,-0.0588235294117647,80,2006,4
2006,1,1,2.0183,0,80,2006,2
2006,1,2,2.0183,0,80,2006,3
2006,1,3,2.0183,0,80,2006,4
2006,1,4,2.0183,0,80,2007,1
2006,1,5,2.0183,0,80,2007,2
2006,1,6,2.0183,0,80,2007,3
2006,1,7,2.0183,0,80,2007,4
2006,2,1,1.9586,0,80,2006,3
2006,2,2,1.9586,0,80,2006,4
2006,2,3,1.9586,0,80,2007,1
2006,2,4,1.9586,0,80,2007,2
2006,2,5,1.9586,0,80,2007,3
2006,2,6,1.9586,0,80,2007,4
2006,3,1,1.9363,0,80,2006,4
2006,3,2,1.9363,0,80,2007,1
2006,3,3,1.9363,0,80,2007,2
2006,3,4,1.9363,0,80,2007,3
2006,3,5,1.9363,0,80,2007,4
2006,4,1,1.97058823529412,-0.0588235294117647,80,2007,1
2006,4,2,1.97058823529412,-0.0588235294117647,80,2007,2
2006,4,3,1.97058823529412,-0.0588235294117647,80,2007,3
2006,4,4,1.97058823529412,-0.0588235294117647,80,2007,4
2007,2,1,2.3,0,80,2007,3
2007,2,2,2.3,0,80,2007,4
2007,2,3,2.3,0,80,2008,1
2007,2,4,2.3,0,80,2008,2
2007,2,5,2.3,0,80,2008,3
2007,2,6,2.3,0,80,2008,4
2007,4,1,2.17058823529412,-0.0588235294117647,80,2008,1
2007,4,2,2.17058823529412,-0.0588235294117647,80,2008,2
2007,4,3,2.17058823529412,-0.0588235294117647,80,2008,3
2007,4,4,2.17058823529412,-0.0588235294117647,80,2008,4
2009,3,1,0.278,0,80,2009,4
2009,3,2,0.278,0,80,2010,1
2009,3,3,0.278,0,80,2010,2
2009,3,4,0.278,0,80,2010,3
2009,3,5,0.278,0,80,2010,4
2010,1,1,1.7,0,80,2010,2
2010,1,2,1.7,0,80,2010,3
2010,1,3,1.7,0,80,2010,4
2010,1,4,1.7,0,80,2011,1
2010,1,5,1.7,0,80,2011,2
2010,1,6,1.7,0,80,2011,3
2010,1,7,1.7,0,80,2011,4
2010,2,1,1.8,0,80,2010,3
2010,2,2,1.8,0,80,2010,4
2010,2,3,1.8,0,80,2011,1
2010,2,4,1.8,0,80,2011,2
2010,2,5,1.8,0,80,2011,3
2010,2,6,1.8,0,80,2011,4
2010,3,1,1.8,0,80,2010,4
2010,3,2,1.8,0,80,2011,1
2010,3,3,1.8,0,80,2011,2
2010,3,4,1.8,0,80,2011,3
2010,3,5,1.8,0,80,2011,4
2010,4,1,2.11764705882353,-0.0588235294117647,80,2011,1
2010,4,2,2.11764705882353,-0.0588235294117647,80,2011,2
2010,4,3,2.11764705882353,-0.0588235294117647,80,2011,3
2010,4,4,2.11764705882353,-0.0588235294117647,80,2011,4
2011,1,1,1.9,0,80,2011,2
2011,1,2,1.9,0,80,2011,3
2011,1,3,1.9,0,80,2011,4
2011,1,4,1.9,0,80,2012,1
2011,1,5,1.9,0,80,2012,2
2011,1,6,1.9,0,80,2012,3
2011,1,7,1.9,0,80,2012,4
2011,2,1,1.9,0,80,2011,3
2011,2,2,1.9,0,80,2011,4
2011,2,3,1.9,0,80,2012,1
2011,2,4,1.9,0,80,2012,2
2011,2,5,1.9,0,80,2012,3
2011,2,6,1.9,0,80,2012,4
2011,4,1,0.952941176470588,-0.0588235294117647,80,2012,1
2011,4,2,0.952941176470588,-0.0588235294117647,80,2012,2
2011,4,3,0.952941176470588,-0.0588235294117647,80,2012,3
2011,4,4,0.952941176470588,-0.0588235294117647,80,2012,4
2012,1,1,1.4,0,80,2012,2
2012,1,2,1.4,0,80,2012,3
2012,1,3,1.4,0,80,2012,4
2012,1,4,1.4,0,80,2013,1
2012,1,5,1.4,0,80,2013,2
2012,1,6,1.4,0,80,2013,3
2012,1,7,1.4,0,80,2013,4
2012,2,1,1,0,80,2012,3
2012,2,2,1,0,80,2012,4
2012,2,3,1,0,80,2013,1
2012,2,4,1,0,80,2013,2
2012,2,5,1,0,80,2013,3
2012,2,6,1,0,80,2013,4
2012,3,1,0.5,0,80,2012,4
2012,3,2,0.5,0,80,2013,1
2012,3,3,0.5,0,80,2013,2
2012,3,4,0.5,0,80,2013,3
2012,3,5,0.5,0,80,2013,4
2014,2,1,1.67,0,80,2014,3
2014,2,2,1.67,0,80,2014,4
2014,2,3,1.67,0,80,2015,1
2014,2,4,1.67,0,80,2015,2
2014,2,5,1.67,0,80,2015,3
2014,2,6,1.67,0,80,2015,4
2014,3,1,1.7935,0,80,2014,4
2014,3,2,1.7935,0,80,2015,1
2014,3,3,1.7935,0,80,2015,2
2014,3,4,1.7935,0,80,2015,3
2014,3,5,1.7935,0,80,2015,4
2014,4,1,1.37069198270588,-0.0588235294117647,80,2015,1
2014,4,2,1.37069198270588,-0.0588235294117647,80,2015,2
2014,4,3,1.37069198270588,-0.0588235294117647,80,2015,3
2014,4,4,1.37069198270588,-0.0588235294117647,80,2015,4
2015,1,1,2.2,0,80,2015,2
2015,1,2,2.2,0,80,2015,3
2015,1,3,2.2,0,80,2015,4
2015,1,4,2.2,0,80,2016,1
2015,1,5,2.2,0,80,2016,2
2015,1,6,2.2,0,80,2016,3
2015,1,7,2.2,0,80,2016,4
2015,2,1,1.9463,0,80,2015,3
2015,2,2,1.9463,0,80,2015,4
2015,2,3,1.9463,0,80,2016,1
2015,2,4,1.9463,0,80,2016,2
2015,2,5,1.9463,0,80,2016,3
2015,2,6,1.9463,0,80,2016,4
2015,3,1,2.2,0,80,2015,4
2015,3,2,2.2,0,80,2016,1
2015,3,3,2.2,0,80,2016,2
2015,3,4,2.2,0,80,2016,3
2015,3,5,2.2,0,80,2016,4
2015,4,1,1.82941176470588,-0.0588235294117647,80,2016,1
2015,4,2,1.82941176470588,-0.0588235294117647,80,2016,2
2015,4,3,1.82941176470588,-0.0588235294117647,80,2016,3
2015,4,4,1.82941176470588,-0.0588235294117647,80,2016,4
2016,1,1,1.9,0,80,2016,2
2016,1,2,1.9,0,80,2016,3
2016,1,3,1.9,0,80,2016,4
2016,1,4,1.9,0,80,2017,1
2016,1,5,1.9,0,80,2017,2
2016,1,6,1.9,0,80,2017,3
2016,1,7,1.9,0,80,2017,4
2016,2,1,1.9,0,80,2016,3
2016,2,2,1.9,0,80,2016,4
2016,2,3,1.9,0,80,2017,1
2016,2,4,1.9,0,80,2017,2
2016,2,5,1.9,0,80,2017,3
2016,2,6,1.9,0,80,2017,4
2016,3,1,1.7,0,80,2016,4
2016,3,2,1.7,0,80,2017,1
2016,3,3,1.7,0,80,2017,2
2016,3,4,1.7,0,80,2017,3
2016,3,5,1.7,0,80,2017,4
2016,4,1,1.29411764705882,-0.0588235294117647,80,2017,1
2016,4,2,1.29411764705882,-0.0588235294117647,80,2017,2
2016,4,3,1.29411764705882,-0.0588235294117647,80,2017,3
2016,4,4,1.29411764705882,-0.0588235294117647,80,2017,4
2017,1,1,1.6,0,80,2017,2
2017,1,2,1.6,0,80,2017,3
2017,1,3,1.6,0,80,2017,4
2017,1,4,1.6,0,80,2018,1
2017,1,5,1.6,0,80,2018,2
2017,1,6,1.6,0,80,2018,3
2017,1,7,1.6,0,80,2018,4
2017,2,1,1.5,0,80,2017,3
2017,2,2,1.5,0,80,2017,4
2017,2,3,1.5,0,80,2018,1
2017,2,4,1.5,0,80,2018,2
2017,2,5,1.5,0,80,2018,3
2017,2,6,1.5,0,80,2018,4
2017,3,1,1.7,0,80,2017,4
2017,3,2,1.7,0,80,2018,1
2017,3,3,1.7,0,80,2018,2
2017,3,4,1.7,0,80,2018,3
2017,3,5,1.7,0,80,2018,4
2017,4,1,1.80941176470588,-0.0588235294117647,80,2018,1
2017,4,2,1.80941176470588,-0.0588235294117647,80,2018,2
2017,4,3,1.80941176470588,-0.0588235294117647,80,2018,3
2017,4,4,1.80941176470588,-0.0588235294117647,80,2018,4
2018,1,1,1.7181,0,80,2018,2
2018,1,2,1.7181,0,80,2018,3
2018,1,3,1.7181,0,80,2018,4
2018,1,4,1.7181,0,80,2019,1
2018,1,5,1.7181,0,80,2019,2
2018,1,6,1.7181,0,80,2019,3
2018,1,7,1.7181,0,80,2019,4
2018,2,1,1.8,0,80,2018,3
2018,2,2,1.8,0,80,2018,4
2018,2,3,1.8,0,80,2019,1
2018,2,4,1.8,0,80,2019,2
2018,2,5,1.8,0,80,2019,3
2018,2,6,1.8,0,80,2019,4
2018,3,1,1.9,0,80,2018,4
2018,3,2,1.9,0,80,2019,1
2018,3,3,1.9,0,80,2019,2
2018,3,4,1.9,0,80,2019,3
2018,3,5,1.9,0,80,2019,4
2018,4,1,1.96764705882353,-0.0588235294117647,80,2019,1
2018,4,2,1.96764705882353,-0.0588235294117647,80,2019,2
2018,4,3,1.96764705882353,-0.0588235294117647,80,2019,3
2018,4,4,1.96764705882353,-0.0588235294117647,80,2019,4
2019,1,1,1.6,0,80,2019,2
2019,1,2,1.6,0,80,2019,3
2019,1,3,1.6,0,80,2019,4
2019,1,4,1.6,0,80,2020,1
2019,1,5,1.6,0,80,2020,2
2019,1,6,1.6,0,80,2020,3
2019,1,7,1.6,0,80,2020,4
2019,2,1,1.5,0,80,2019,3
2019,2,2,1.5,0,80,2019,4
2019,2,3,1.5,0,80,2020,1
2019,2,4,1.5,0,80,2020,2
2019,2,5,1.5,0,80,2020,3
2019,2,6,1.5,0,80,2020,4
2019,3,1,1.7,0,80,2019,4
2019,3,2,1.7,0,80,2020,1
2019,3,3,1.7,0,80,2020,2
2019,3,4,1.7,0,80,2020,3
2019,3,5,1.7,0,80,2020,4
2019,4,1,1.41176470588235,-0.0588235294117647,80,2020,1
2019,4,2,1.41176470588235,-0.0588235294117647,80,2020,2
2019,4,3,1.41176470588235,-0.0588235294117647,80,2020,3
2019,4,4,1.41176470588235,-0.0588235294117647,80,2020,4
2020,1,1,1.4,0,80,2020,2
2020,1,2,1.4,0,80,2020,3
2020,1,3,1.4,0,80,2020,4
2020,1,4,1.4,0,80,2021,1
2020,1,5,1.4,0,80,2021,2
2020,1,6,1.4,0,80,2021,3
2020,1,7,1.4,0,80,2021,4
2020,3,1,4.98,0,80,2020,4
2020,3,2,4.98,0,80,2021,1
2020,3,3,4.98,0,80,2021,2
2020,3,4,4.98,0,80,2021,3
2020,3,5,4.98,0,80,2021,4
2020,4,1,5.38823529411765,-0.0588235294117647,80,2021,1
2020,4,2,5.38823529411765,-0.0588235294117647,80,2021,2
2020,4,3,5.38823529411765,-0.0588235294117647,80,2021,3
2020,4,4,5.38823529411765,-0.0588235294117647,80,2021,4
2021,1,1,2.5,0,80,2021,2
2021,1,2,2.5,0,80,2021,3
2021,1,3,2.5,0,80,2021,4
2021,1,4,2.5,0,80,2022,1
2021,1,5,2.5,0,80,2022,2
2021,1,6,2.5,0,80,2022,3
2021,1,7,2.5,0,80,2022,4
2021,2,1,2.8,0,80,2021,3
2021,2,2,2.8,0,80,2021,4
2021,2,3,2.8,0,80,2022,1
2021,2,4,2.8,0,80,2022,2
2021,2,5,2.8,0,80,2022,3
2021,2,6,2.8,0,80,2022,4
2021,3,1,3.4,0,80,2021,4
2021,3,2,3.4,0,80,2022,1
2021,3,3,3.4,0,80,2022,2
2021,3,4,3.4,0,80,2022,3
2021,3,5,3.4,0,80,2022,4
2021,4,1,3.87647058823529,-0.0588235294117647,80,2022,1
2021,4,2,3.87647058823529,-0.0588235294117647,80,2022,2
2021,4,3,3.87647058823529,-0.0588235294117647,80,2022,3
2021,4,4,3.87647058823529,-0.0588235294117647,80,2022,4
2022,1,1,2.7,0,80,2022,2
2022,1,2,2.7,0,80,2022,3
2022,1,3,2.7,0,80,2022,4
2022,1,4,2.7,0,80,2023,1
2022,1,5,2.7,0,80,2023,2
2022,1,6,2.7,0,80,2023,3
2022,1,7,2.7,0,80,2023,4
2022,2,1,2.5,0,80,2022,3
2022,2,2,2.5,0,80,2022,4
2022,2,3,2.5,0,80,2023,1
2022,2,4,2.5,0,80,2023,2
2022,2,5,2.5,0,80,2023,3
2022,2,6,2.5,0,80,2023,4
2022,3,1,2,0,80,2022,4
2022,3,2,2,0,80,2023,1
2022,3,3,2,0,80,2023,2
2022,3,4,2,0,80,2023,3
2022,3,5,2,0,80,2023,4
2022,4,1,1.54117647058824,-0.0588235294117647,80,2023,1
2022,4,2,1.54117647058824,-0.0588235294117647,80,2023,2
2022,4,3,1.54117647058824,-0.0588235294117647,80,2023,3
2022,4,4,1.54117647058824,-0.0588235294117647,80,2023,4
2023,1,1,1.6,0,80,2023,2
2023,1,2,1.6,0,80,2023,3
2023,1,3,1.6,0,80,2023,4
2023,1,4,1.6,0,80,2024,1
2023,1,5,1.6,0,80,2024,2
2023,1,6,1.6,0,80,2024,3
2023,1,7,1.6,0,80,2024,4
2023,2,1,1.5,0,80,2023,3
2023,2,2,1.5,0,80,2023,4
2023,2,3,1.5,0,80,2024,1
2023,2,4,1.5,0,80,2024,2
2023,2,5,1.5,0,80,2024,3
2023,2,6,1.5,0,80,2024,4
2023,3,1,1.4,0,80,2023,4
2023,3,2,1.4,0,80,2024,1
2023,3,3,1.4,0,80,2024,2
2023,3,4,1.4,0,80,2024,3
2023,3,5,1.4,0,80,2024,4
2023,4,1,1.42941176470588,-0.0588235294117647,80,2024,1
2023,4,2,1.42941176470588,-0.0588235294117647,80,2024,2
2023,4,3,1.42941176470588,-0.0588235294117647,80,2024,3
2023,4,4,1.42941176470588,-0.0588235294117647,80,2024,4
2024,1,1,1.6,0,80,2024,2
2024,1,2,1.6,0,80,2024,3
2024,1,3,1.6,0,80,2024,4
2024,1,4,1.6,0,80,2025,1
2024,1,5,1.6,0,80,2025,2
2024,1,6,1.6,0,80,2025,3
2024,1,7,1.6,0,80,2025,4
2024,2,1,1.5,0,80,2024,3
2024,2,2,1.5,0,80,2024,4
2024,2,3,1.5,0,80,2025,1
2024,2,4,1.5,0,80,2025,2
2024,2,5,1.5,0,80,2025,3
2024,2,6,1.5,0,80,2025,4
2024,3,1,1.6,0,80,2024,4
2024,3,2,1.6,0,80,2025,1
2024,3,3,1.6,0,80,2025,2
2024,3,4,1.6,0,80,2025,3
2024,3,5,1.6,0,80,2025,4
2024,4,1,1.54117647058824,-0.0588235294117647,80,2025,1
2024,4,2,1.54117647058824,-0.0588235294117647,80,2025,2
2024,4,3,1.54117647058824,-0.0588235294117647,80,2025,3
2024,4,4,1.54117647058824,-0.0588235294117647,80,2025,4
2001,2,1,2.9,0,84,2001,3
2001,2,2,2.9,0,84,2001,4
2001,2,3,2.9,0,84,2002,1
2001,2,4,2.9,0,84,2002,2
2001,2,5,2.9,0,84,2002,3
2001,2,6,2.9,0,84,2002,4
2001,3,1,2.6,0,84,2001,4
2001,3,2,2.6,0,84,2002,1
2001,3,3,2.6,0,84,2002,2
2001,3,4,2.6,0,84,2002,3
2001,3,5,2.6,0,84,2002,4
2002,1,1,3.1,0,84,2002,2
2002,1,2,3.1,0,84,2002,3
2002,1,3,3.1,0,84,2002,4
2002,1,4,3.1,0,84,2003,1
2002,1,5,3.1,0,84,2003,2
2002,1,6,3.1,0,84,2003,3
2002,1,7,3.1,0,84,2003,4
2002,2,1,3,0,84,2002,3
2002,2,2,3,0,84,2002,4
2002,2,3,3,0,84,2003,1
2002,2,4,3,0,84,2003,2
2002,2,5,3,0,84,2003,3
2002,2,6,3,0,84,2003,4
2002,3,1,2.8,0,84,2002,4
2002,3,2,2.8,0,84,2003,1
2002,3,3,2.8,0,84,2003,2
2002,3,4,2.8,0,84,2003,3
2002,3,5,2.8,0,84,2003,4
2002,4,1,1.64705882352941,-0.0588235294117647,84,2003,1
2002,4,2,1.64705882352941,-0.0588235294117647,84,2003,2
2002,4,3,1.64705882352941,-0.0588235294117647,84,2003,3
2002,4,4,1.64705882352941,-0.0588235294117647,84,2003,4
2003,1,1,2.4,0,84,2003,2
2003,1,2,2.4,0,84,2003,3
2003,1,3,2.4,0,84,2003,4
2003,1,4,2.4,0,84,2004,1
2003,1,5,2.4,0,84,2004,2
2003,1,6,2.4,0,84,2004,3
2003,1,7,2.4,0,84,2004,4
2003,2,1,2,0,84,2003,3
2003,2,2,2,0,84,2003,4
2003,2,3,2,0,84,2004,1
2003,2,4,2,0,84,2004,2
2003,2,5,2,0,84,2004,3
2003,2,6,2,0,84,2004,4
2003,3,1,1.6,0,84,2003,4
2003,3,2,1.6,0,84,2004,1
2003,3,3,1.6,0,84,2004,2
2003,3,4,1.6,0,84,2004,3
2003,3,5,1.6,0,84,2004,4
2003,4,1,1.55882352941177,-0.0588235294117647,84,2004,1
2003,4,2,1.55882352941177,-0.0588235294117647,84,2004,2
2003,4,3,1.55882352941177,-0.0588235294117647,84,2004,3
2003,4,4,1.55882352941177,-0.0588235294117647,84,2004,4
2004,1,1,2.4,0,84,2004,2
2004,1,2,2.4,0,84,2004,3
2004,1,3,2.4,0,84,2004,4
2004,1,4,2.4,0,84,2005,1
2004,1,5,2.4,0,84,2005,2
2004,1,6,2.4,0,84,2005,3
2004,1,7,2.4,0,84,2005,4
2004,3,1,2.2,0,84,2004,4
2004,3,2,2.2,0,84,2005,1
2004,3,3,2.2,0,84,2005,2
2004,3,4,2.2,0,84,2005,3
2004,3,5,2.2,0,84,2005,4
2004,4,1,2.00588235294118,-0.0588235294117647,84,2005,1
2004,4,2,2.00588235294118,-0.0588235294117647,84,2005,2
2004,4,3,2.00588235294118,-0.0588235294117647,84,2005,3
2004,4,4,2.00588235294118,-0.0588235294117647,84,2005,4
2005,1,1,1.9,0,84,2005,2
2005,1,2,1.9,0,84,2005,3
2005,1,3,1.9,0,84,2005,4
2005,1,4,1.9,0,84,2006,1
2005,1,5,1.9,0,84,2006,2
2005,1,6,1.9,0,84,2006,3
2005,1,7,1.9,0,84,2006,4
2005,2,1,1.8,0,84,2005,3
2005,2,2,1.8,0,84,2005,4
2005,2,3,1.8,0,84,2006,1
2005,2,4,1.8,0,84,2006,2
2005,2,5,1.8,0,84,2006,3
2005,2,6,1.8,0,84,2006,4
2005,3,1,1.6,0,84,2005,4
2005,3,2,1.6,0,84,2006,1
2005,3,3,1.6,0,84,2006,2
2005,3,4,1.6,0,84,2006,3
2005,3,5,1.6,0,84,2006,4
2005,4,1,1.61764705882353,-0.0588235294117647,84,2006,1
2005,4,2,1.61764705882353,-0.0588235294117647,84,2006,2
2005,4,3,1.61764705882353,-0.0588235294117647,84,2006,3
2005,4,4,1.61764705882353,-0.0588235294117647,84,2006,4
2006,1,1,1.6,0,84,2006,2
2006,1,2,1.6,0,84,2006,3
2006,1,3,1.6,0,84,2006,4
2006,1,4,1.6,0,84,2007,1
2006,1,5,1.6,0,84,2007,2
2006,1,6,1.6,0,84,2007,3
2006,1,7,1.6,0,84,2007,4
2006,3,1,1.7,0,84,2006,4
2006,3,2,1.7,0,84,2007,1
2006,3,3,1.7,0,84,2007,2
2006,3,4,1.7,0,84,2007,3
2006,3,5,1.7,0,84,2007,4
2006,4,1,1.65294117647059,-0.0588235294117647,84,2007,1
2006,4,2,1.65294117647059,-0.0588235294117647,84,2007,2
2006,4,3,1.65294117647059,-0.0588235294117647,84,2007,3
2006,4,4,1.65294117647059,-0.0588235294117647,84,2007,4
2007,1,1,1.9,0,84,2007,2
2007,1,2,1.9,0,84,2007,3
2007,1,3,1.9,0,84,2007,4
2007,1,4,1.9,0,84,2008,1
2007,1,5,1.9,0,84,2008,2
2007,1,6,1.9,0,84,2008,3
2007,1,7,1.9,0,84,2008,4
2007,2,1,2,0,84,2007,3
2007,2,2,2,0,84,2007,4
2007,2,3,2,0,84,2008,1
2007,2,4,2,0,84,2008,2
2007,2,5,2,0,84,2008,3
2007,2,6,2,0,84,2008,4
2007,3,1,2.3,0,84,2007,4
2007,3,2,2.3,0,84,2008,1
2007,3,3,2.3,0,84,2008,2
2007,3,4,2.3,0,84,2008,3
2007,3,5,2.3,0,84,2008,4
2007,4,1,1.96470588235294,-0.0588235294117647,84,2008,1
2007,4,2,1.96470588235294,-0.0588235294117647,84,2008,2
2007,4,3,1.96470588235294,-0.0588235294117647,84,2008,3
2007,4,4,1.96470588235294,-0.0588235294117647,84,2008,4
2008,1,1,1.9,0,84,2008,2
2008,1,2,1.9,0,84,2008,3
2008,1,3,1.9,0,84,2008,4
2008,1,4,1.9,0,84,2009,1
2008,1,5,1.9,0,84,2009,2
2008,1,6,1.9,0,84,2009,3
2008,1,7,1.9,0,84,2009,4
2008,2,1,1.6,0,84,2008,3
2008,2,2,1.6,0,84,2008,4
2008,2,3,1.6,0,84,2009,1
2008,2,4,1.6,0,84,2009,2
2008,2,5,1.6,0,84,2009,3
2008,2,6,1.6,0,84,2009,4
2008,3,1,1.1,0,84,2008,4
2008,3,2,1.1,0,84,2009,1
2008,3,3,1.1,0,84,2009,2
2008,3,4,1.1,0,84,2009,3
2008,3,5,1.1,0,84,2009,4
2008,4,1,0.358823529411765,-0.0588235294117647,84,2009,1
2008,4,2,0.358823529411765,-0.0588235294117647,84,2009,2
2008,4,3,0.358823529411765,-0.0588235294117647,84,2009,3
2008,4,4,0.358823529411765,-0.0588235294117647,84,2009,4
2009,1,1,0.2,0,84,2009,2
2009,1,2,0.2,0,84,2009,3
2009,1,3,0.2,0,84,2009,4
2009,1,4,0.2,0,84,2010,1
2009,1,5,0.2,0,84,2010,2
2009,1,6,0.2,0,84,2010,3
2009,1,7,0.2,0,84,2010,4
2009,3,1,0.1,0,84,2009,4
2009,3,2,0.1,0,84,2010,1
2009,3,3,0.1,0,84,2010,2
2009,3,4,0.1,0,84,2010,3
2009,3,5,0.1,0,84,2010,4
2009,4,1,0.341176470588235,-0.0588235294117647,84,2010,1
2009,4,2,0.341176470588235,-0.0588235294117647,84,2010,2
2009,4,3,0.341176470588235,-0.0588235294117647,84,2010,3
2009,4,4,0.341176470588235,-0.0588235294117647,84,2010,4
2010,1,1,1.4,0,84,2010,2
2010,1,2,1.4,0,84,2010,3
2010,1,3,1.4,0,84,2010,4
2010,1,4,1.4,0,84,2011,1
2010,1,5,1.4,0,84,2011,2
2010,1,6,1.4,0,84,2011,3
2010,1,7,1.4,0,84,2011,4
2010,3,1,1.2,0,84,2010,4
2010,3,2,1.2,0,84,2011,1
2010,3,3,1.2,0,84,2011,2
2010,3,4,1.2,0,84,2011,3
2010,3,5,1.2,0,84,2011,4
2010,4,1,1.38823529411765,-0.0588235294117647,84,2011,1
2010,4,2,1.38823529411765,-0.0588235294117647,84,2011,2
2010,4,3,1.38823529411765,-0.0588235294117647,84,2011,3
2010,4,4,1.38823529411765,-0.0588235294117647,84,2011,4
2011,3,1,1.5,0,84,2011,4
2011,3,2,1.5,0,84,2012,1
2011,3,3,1.5,0,84,2012,2
2011,3,4,1.5,0,84,2012,3
2011,3,5,1.5,0,84,2012,4
2011,4,1,0.223529411764706,-0.0588235294117647,84,2012,1
2011,4,2,0.223529411764706,-0.0588235294117647,84,2012,2
2011,4,3,0.223529411764706,-0.0588235294117647,84,2012,3
2011,4,4,0.223529411764706,-0.0588235294117647,84,2012,4
2012,1,1,0.9,0,84,2012,2
2012,1,2,0.9,0,84,2012,3
2012,1,3,0.9,0,84,2012,4
2012,1,4,0.9,0,84,2013,1
2012,1,5,0.9,0,84,2013,2
2012,1,6,0.9,0,84,2013,3
2012,1,7,0.9,0,84,2013,4
2012,2,1,0.8,0,84,2012,3
2012,2,2,0.8,0,84,2012,4
2012,2,3,0.8,0,84,2013,1
2012,2,4,0.8,0,84,2013,2
2012,2,5,0.8,0,84,2013,3
2012,2,6,0.8,0,84,2013,4
2012,3,1,-0.1,0,84,2012,4
2012,3,2,-0.1,0,84,2013,1
2012,3,3,-0.1,0,84,2013,2
2012,3,4,-0.1,0,84,2013,3
2012,3,5,-0.1,0,84,2013,4
2012,4,1,-0.288235294117647,-0.0588235294117647,84,2013,1
2012,4,2,-0.288235294117647,-0.0588235294117647,84,2013,2
2012,4,3,-0.288235294117647,-0.0588235294117647,84,2013,3
2012,4,4,-0.288235294117647,-0.0588235294117647,84,2013,4
2013,1,1,0.5,0,84,2013,2
2013,1,2,0.5,0,84,2013,3
2013,1,3,0.5,0,84,2013,4
2013,1,4,0.5,0,84,2014,1
2013,1,5,0.5,0,84,2014,2
2013,1,6,0.5,0,84,2014,3
2013,1,7,0.5,0,84,2014,4
2013,2,1,0.5,0,84,2013,3
2013,2,2,0.5,0,84,2013,4
2013,2,3,0.5,0,84,2014,1
2013,2,4,0.5,0,84,2014,2
2013,2,5,0.5,0,84,2014,3
2013,2,6,0.5,0,84,2014,4
2013,3,1,0.6,0,84,2013,4
2013,3,2,0.6,0,84,2014,1
2013,3,3,0.6,0,84,2014,2
2013,3,4,0.6,0,84,2014,3
2013,3,5,0.6,0,84,2014,4
2013,4,1,0.870588235294118,-0.0588235294117647,84,2014,1
2013,4,2,0.870588235294118,-0.0588235294117647,84,2014,2
2013,4,3,0.870588235294118,-0.0588235294117647,84,2014,3
2013,4,4,0.870588235294118,-0.0588235294117647,84,2014,4
2014,1,1,1.4,0,84,2014,2
2014,1,2,1.4,0,84,2014,3
2014,1,3,1.4,0,84,2014,4
2014,1,4,1.4,0,84,2015,1
2014,1,5,1.4,0,84,2015,2
2014,1,6,1.4,0,84,2015,3
2014,1,7,1.4,0,84,2015,4
2014,2,1,1.5,0,84,2014,3
2014,2,2,1.5,0,84,2014,4
2014,2,3,1.5,0,84,2015,1
2014,2,4,1.5,0,84,2015,2
2014,2,5,1.5,0,84,2015,3
2014,2,6,1.5,0,84,2015,4
2014,3,1,1.6,0,84,2014,4
2014,3,2,1.6,0,84,2015,1
2014,3,3,1.6,0,84,2015,2
2014,3,4,1.6,0,84,2015,3
2014,3,5,1.6,0,84,2015,4
2014,4,1,1.22352941176471,-0.0588235294117647,84,2015,1
2014,4,2,1.22352941176471,-0.0588235294117647,84,2015,2
2014,4,3,1.22352941176471,-0.0588235294117647,84,2015,3
2014,4,4,1.22352941176471,-0.0588235294117647,84,2015,4
2015,1,1,1.7,0,84,2015,2
2015,1,2,1.7,0,84,2015,3
2015,1,3,1.7,0,84,2015,4
2015,1,4,1.7,0,84,2016,1
2015,1,5,1.7,0,84,2016,2
2015,1,6,1.7,0,84,2016,3
2015,1,7,1.7,0,84,2016,4
2015,2,1,1.9,0,84,2015,3
2015,2,2,1.9,0,84,2015,4
2015,2,3,1.9,0,84,2016,1
2015,2,4,1.9,0,84,2016,2
2015,2,5,1.9,0,84,2016,3
2015,2,6,1.9,0,84,2016,4
2015,3,1,1.9,0,84,2015,4
2015,3,2,1.9,0,84,2016,1
2015,3,3,1.9,0,84,2016,2
2015,3,4,1.9,0,84,2016,3
2015,3,5,1.9,0,84,2016,4
2015,4,1,1.70588235294118,-0.0588235294117647,84,2016,1
2015,4,2,1.70588235294118,-0.0588235294117647,84,2016,2
2015,4,3,1.70588235294118,-0.0588235294117647,84,2016,3
2015,4,4,1.70588235294118,-0.0588235294117647,84,2016,4
2016,1,1,1.8,0,84,2016,2
2016,1,2,1.8,0,84,2016,3
2016,1,3,1.8,0,84,2016,4
2016,1,4,1.8,0,84,2017,1
2016,1,5,1.8,0,84,2017,2
2016,1,6,1.8,0,84,2017,3
2016,1,7,1.8,0,84,2017,4
2016,2,1,1.8,0,84,2016,3
2016,2,2,1.8,0,84,2016,4
2016,2,3,1.8,0,84,2017,1
2016,2,4,1.8,0,84,2017,2
2016,2,5,1.8,0,84,2017,3
2016,2,6,1.8,0,84,2017,4
2016,4,1,1.28235294117647,-0.0588235294117647,84,2017,1
2016,4,2,1.28235294117647,-0.0588235294117647,84,2017,2
2016,4,3,1.28235294117647,-0.0588235294117647,84,2017,3
2016,4,4,1.28235294117647,-0.0588235294117647,84,2017,4
2017,1,1,1.6,0,84,2017,2
2017,1,2,1.6,0,84,2017,3
2017,1,3,1.6,0,84,2017,4
2017,1,4,1.6,0,84,2018,1
2017,1,5,1.6,0,84,2018,2
2017,1,6,1.6,0,84,2018,3
2017,1,7,1.6,0,84,2018,4
2017,2,1,1.6,0,84,2017,3
2017,2,2,1.6,0,84,2017,4
2017,2,3,1.6,0,84,2018,1
2017,2,4,1.6,0,84,2018,2
2017,2,5,1.6,0,84,2018,3
2017,2,6,1.6,0,84,2018,4
2024,1,1,1.43183858,0,84,2024,2
2024,1,2,1.43183858,0,84,2024,3
2024,1,3,1.43183858,0,84,2024,4
2024,1,4,1.43183858,0,84,2025,1
2024,1,5,1.43183858,0,84,2025,2
2024,1,6,1.43183858,0,84,2025,3
2024,1,7,1.43183858,0,84,2025,4
2024,3,1,1.5,0,84,2024,4
2024,3,2,1.5,0,84,2025,1
2024,3,3,1.5,0,84,2025,2
2024,3,4,1.5,0,84,2025,3
2024,3,5,1.5,0,84,2025,4
2024,4,1,1.12352941176471,-0.0588235294117647,84,2025,1
2024,4,2,1.12352941176471,-0.0588235294117647,84,2025,2
2024,4,3,1.12352941176471,-0.0588235294117647,84,2025,3
2024,4,4,1.12352941176471,-0.0588235294117647,84,2025,4
2001,3,1,2.7,0,57,2001,4
2001,3,2,2.7,0,57,2002,1
2001,3,3,2.7,0,57,2002,2
2001,3,4,2.7,0,57,2002,3
2001,3,5,2.7,0,57,2002,4
2001,4,1,1.81764705882353,-0.0588235294117647,57,2002,1
2001,4,2,1.81764705882353,-0.0588235294117647,57,2002,2
2001,4,3,1.81764705882353,-0.0588235294117647,57,2002,3
2001,4,4,1.81764705882353,-0.0588235294117647,57,2002,4
2002,1,1,2.5,0,57,2002,2
2002,1,2,2.5,0,57,2002,3
2002,1,3,2.5,0,57,2002,4
2002,1,4,2.5,0,57,2003,1
2002,1,5,2.5,0,57,2003,2
2002,1,6,2.5,0,57,2003,3
2002,1,7,2.5,0,57,2003,4
2002,2,1,3.2,0,57,2002,3
2002,2,2,3.2,0,57,2002,4
2002,2,3,3.2,0,57,2003,1
2002,2,4,3.2,0,57,2003,2
2002,2,5,3.2,0,57,2003,3
2002,2,6,3.2,0,57,2003,4
2002,3,1,2.8,0,57,2002,4
2002,3,2,2.8,0,57,2003,1
2002,3,3,2.8,0,57,2003,2
2002,3,4,2.8,0,57,2003,3
2002,3,5,2.8,0,57,2003,4
2003,1,1,2.4,0,57,2003,2
2003,1,2,2.4,0,57,2003,3
2003,1,3,2.4,0,57,2003,4
2003,1,4,2.4,0,57,2004,1
2003,1,5,2.4,0,57,2004,2
2003,1,6,2.4,0,57,2004,3
2003,1,7,2.4,0,57,2004,4
2003,3,1,1.9,0,57,2003,4
2003,3,2,1.9,0,57,2004,1
2003,3,3,1.9,0,57,2004,2
2003,3,4,1.9,0,57,2004,3
2003,3,5,1.9,0,57,2004,4
2003,4,1,1.98823529411765,-0.0588235294117647,57,2004,1
2003,4,2,1.98823529411765,-0.0588235294117647,57,2004,2
2003,4,3,1.98823529411765,-0.0588235294117647,57,2004,3
2003,4,4,1.98823529411765,-0.0588235294117647,57,2004,4
2004,1,1,2.2,0,57,2004,2
2004,1,2,2.2,0,57,2004,3
2004,1,3,2.2,0,57,2004,4
2004,1,4,2.2,0,57,2005,1
2004,1,5,2.2,0,57,2005,2
2004,1,6,2.2,0,57,2005,3
2004,1,7,2.2,0,57,2005,4
2004,2,1,2.2,0,57,2004,3
2004,2,2,2.2,0,57,2004,4
2004,2,3,2.2,0,57,2005,1
2004,2,4,2.2,0,57,2005,2
2004,2,5,2.2,0,57,2005,3
2004,2,6,2.2,0,57,2005,4
2004,3,1,2.2,0,57,2004,4
2004,3,2,2.2,0,57,2005,1
2004,3,3,2.2,0,57,2005,2
2004,3,4,2.2,0,57,2005,3
2004,3,5,2.2,0,57,2005,4
2004,4,1,2.00588235294118,-0.0588235294117647,57,2005,1
2004,4,2,2.00588235294118,-0.0588235294117647,57,2005,2
2004,4,3,2.00588235294118,-0.0588235294117647,57,2005,3
2004,4,4,2.00588235294118,-0.0588235294117647,57,2005,4
2005,1,1,2.3,0,57,2005,2
2005,1,2,2.3,0,57,2005,3
2005,1,3,2.3,0,57,2005,4
2005,1,4,2.3,0,57,2006,1
2005,1,5,2.3,0,57,2006,2
2005,1,6,2.3,0,57,2006,3
2005,1,7,2.3,0,57,2006,4
2005,2,1,2,0,57,2005,3
2005,2,2,2,0,57,2005,4
2005,2,3,2,0,57,2006,1
2005,2,4,2,0,57,2006,2
2005,2,5,2,0,57,2006,3
2005,2,6,2,0,57,2006,4
2005,3,1,1.9,0,57,2005,4
2005,3,2,1.9,0,57,2006,1
2005,3,3,1.9,0,57,2006,2
2005,3,4,1.9,0,57,2006,3
2005,3,5,1.9,0,57,2006,4
2005,4,1,1.92941176470588,-0.0588235294117647,57,2006,1
2005,4,2,1.92941176470588,-0.0588235294117647,57,2006,2
2005,4,3,1.92941176470588,-0.0588235294117647,57,2006,3
2005,4,4,1.92941176470588,-0.0588235294117647,57,2006,4
2006,1,1,1.6,0,57,2006,2
2006,1,2,1.6,0,57,2006,3
2006,1,3,1.6,0,57,2006,4
2006,1,4,1.6,0,57,2007,1
2006,1,5,1.6,0,57,2007,2
2006,1,6,1.6,0,57,2007,3
2006,1,7,1.6,0,57,2007,4
2006,2,1,1.7,0,57,2006,3
2006,2,2,1.7,0,57,2006,4
2006,2,3,1.7,0,57,2007,1
2006,2,4,1.7,0,57,2007,2
2006,2,5,1.7,0,57,2007,3
2006,2,6,1.7,0,57,2007,4
2006,3,1,1.8,0,57,2006,4
2006,3,2,1.8,0,57,2007,1
2006,3,3,1.8,0,57,2007,2
2006,3,4,1.8,0,57,2007,3
2006,3,5,1.8,0,57,2007,4
2006,4,1,1.85882352941176,-0.0588235294117647,57,2007,1
2006,4,2,1.85882352941176,-0.0588235294117647,57,2007,2
2006,4,3,1.85882352941176,-0.0588235294117647,57,2007,3
2006,4,4,1.85882352941176,-0.0588235294117647,57,2007,4
2007,1,1,2.2,0,57,2007,2
2007,1,2,2.2,0,57,2007,3
2007,1,3,2.2,0,57,2007,4
2007,1,4,2.2,0,57,2008,1
2007,1,5,2.2,0,57,2008,2
2007,1,6,2.2,0,57,2008,3
2007,1,7,2.2,0,57,2008,4
2007,2,1,2.4,0,57,2007,3
2007,2,2,2.4,0,57,2007,4
2007,2,3,2.4,0,57,2008,1
2007,2,4,2.4,0,57,2008,2
2007,2,5,2.4,0,57,2008,3
2007,2,6,2.4,0,57,2008,4
2007,3,1,2.3,0,57,2007,4
2007,3,2,2.3,0,57,2008,1
2007,3,3,2.3,0,57,2008,2
2007,3,4,2.3,0,57,2008,3
2007,3,5,2.3,0,57,2008,4
2007,4,1,2.06470588235294,-0.0588235294117647,57,2008,1
2007,4,2,2.06470588235294,-0.0588235294117647,57,2008,2
2007,4,3,2.06470588235294,-0.0588235294117647,57,2008,3
2007,4,4,2.06470588235294,-0.0588235294117647,57,2008,4
2008,1,1,2.1,0,57,2008,2
2008,1,2,2.1,0,57,2008,3
2008,1,3,2.1,0,57,2008,4
2008,1,4,2.1,0,57,2009,1
2008,1,5,2.1,0,57,2009,2
2008,1,6,2.1,0,57,2009,3
2008,1,7,2.1,0,57,2009,4
2008,2,1,1.8,0,57,2008,3
2008,2,2,1.8,0,57,2008,4
2008,2,3,1.8,0,57,2009,1
2008,2,4,1.8,0,57,2009,2
2008,2,5,1.8,0,57,2009,3
2008,2,6,1.8,0,57,2009,4
2008,3,1,1.5,0,57,2008,4
2008,3,2,1.5,0,57,2009,1
2008,3,3,1.5,0,57,2009,2
2008,3,4,1.5,0,57,2009,3
2008,3,5,1.5,0,57,2009,4
2008,4,1,0.458823529411765,-0.0588235294117647,57,2009,1
2008,4,2,0.458823529411765,-0.0588235294117647,57,2009,2
2008,4,3,0.458823529411765,-0.0588235294117647,57,2009,3
2008,4,4,0.458823529411765,-0.0588235294117647,57,2009,4
2009,1,1,0.9,0,57,2009,2
2009,1,2,0.9,0,57,2009,3
2009,1,3,0.9,0,57,2009,4
2009,1,4,0.9,0,57,2010,1
2009,1,5,0.9,0,57,2010,2
2009,1,6,0.9,0,57,2010,3
2009,1,7,0.9,0,57,2010,4
2009,2,1,1.3,0,57,2009,3
2009,2,2,1.3,0,57,2009,4
2009,2,3,1.3,0,57,2010,1
2009,2,4,1.3,0,57,2010,2
2009,2,5,1.3,0,57,2010,3
2009,2,6,1.3,0,57,2010,4
2009,3,1,1.3,0,57,2009,4
2009,3,2,1.3,0,57,2010,1
2009,3,3,1.3,0,57,2010,2
2009,3,4,1.3,0,57,2010,3
2009,3,5,1.3,0,57,2010,4
2009,4,1,1.71764705882353,-0.0588235294117647,57,2010,1
2009,4,2,1.71764705882353,-0.0588235294117647,57,2010,2
2009,4,3,1.71764705882353,-0.0588235294117647,57,2010,3
2009,4,4,1.71764705882353,-0.0588235294117647,57,2010,4
2010,1,1,2.2,0,57,2010,2
2010,1,2,2.2,0,57,2010,3
2010,1,3,2.2,0,57,2010,4
2010,1,4,2.2,0,57,2011,1
2010,1,5,2.2,0,57,2011,2
2010,1,6,2.2,0,57,2011,3
2010,1,7,2.2,0,57,2011,4
2010,3,1,1.4,0,57,2010,4
2010,3,2,1.4,0,57,2011,1
2010,3,3,1.4,0,57,2011,2
2010,3,4,1.4,0,57,2011,3
2010,3,5,1.4,0,57,2011,4
2010,4,1,1.39411764705882,-0.0588235294117647,57,2011,1
2010,4,2,1.39411764705882,-0.0588235294117647,57,2011,2
2010,4,3,1.39411764705882,-0.0588235294117647,57,2011,3
2010,4,4,1.39411764705882,-0.0588235294117647,57,2011,4
2011,2,1,1.6,0,57,2011,3
2011,2,2,1.6,0,57,2011,4
2011,2,3,1.6,0,57,2012,1
2011,2,4,1.6,0,57,2012,2
2011,2,5,1.6,0,57,2012,3
2011,2,6,1.6,0,57,2012,4
2011,4,1,0.858823529411765,-0.0588235294117647,57,2012,1
2011,4,2,0.858823529411765,-0.0588235294117647,57,2012,2
2011,4,3,0.858823529411765,-0.0588235294117647,57,2012,3
2011,4,4,0.858823529411765,-0.0588235294117647,57,2012,4
2012,1,1,1.3,0,57,2012,2
2012,1,2,1.3,0,57,2012,3
2012,1,3,1.3,0,57,2012,4
2012,1,4,1.3,0,57,2013,1
2012,1,5,1.3,0,57,2013,2
2012,1,6,1.3,0,57,2013,3
2012,1,7,1.3,0,57,2013,4
2012,2,1,0.8,0,57,2012,3
2012,2,2,0.8,0,57,2012,4
2012,2,3,0.8,0,57,2013,1
2012,2,4,0.8,0,57,2013,2
2012,2,5,0.8,0,57,2013,3
2012,2,6,0.8,0,57,2013,4
2012,4,1,0.135294117647059,-0.0588235294117647,57,2013,1
2012,4,2,0.135294117647059,-0.0588235294117647,57,2013,2
2012,4,3,0.135294117647059,-0.0588235294117647,57,2013,3
2012,4,4,0.135294117647059,-0.0588235294117647,57,2013,4
2013,1,1,1,0,57,2013,2
2013,1,2,1,0,57,2013,3
2013,1,3,1,0,57,2013,4
2013,1,4,1,0,57,2014,1
2013,1,5,1,0,57,2014,2
2013,1,6,1,0,57,2014,3
2013,1,7,1,0,57,2014,4
2013,2,1,1.4,0,57,2013,3
2013,2,2,1.4,0,57,2013,4
2013,2,3,1.4,0,57,2014,1
2013,2,4,1.4,0,57,2014,2
2013,2,5,1.4,0,57,2014,3
2013,2,6,1.4,0,57,2014,4
2013,3,1,1.4,0,57,2013,4
2013,3,2,1.4,0,57,2014,1
2013,3,3,1.4,0,57,2014,2
2013,3,4,1.4,0,57,2014,3
2013,3,5,1.4,0,57,2014,4
2013,4,1,1.5,-0.0588235294117647,57,2014,1
2013,4,2,1.5,-0.0588235294117647,57,2014,2
2013,4,3,1.5,-0.0588235294117647,57,2014,3
2013,4,4,1.5,-0.0588235294117647,57,2014,4
2014,1,1,1.7,0,57,2014,2
2014,1,2,1.7,0,57,2014,3
2014,1,3,1.7,0,57,2014,4
2014,1,4,1.7,0,57,2015,1
2014,1,5,1.7,0,57,2015,2
2014,1,6,1.7,0,57,2015,3
2014,1,7,1.7,0,57,2015,4
2014,2,1,1.6,0,57,2014,3
2014,2,2,1.6,0,57,2014,4
2014,2,3,1.6,0,57,2015,1
2014,2,4,1.6,0,57,2015,2
2014,2,5,1.6,0,57,2015,3
2014,2,6,1.6,0,57,2015,4
2014,3,1,1.6,0,57,2014,4
2014,3,2,1.6,0,57,2015,1
2014,3,3,1.6,0,57,2015,2
2014,3,4,1.6,0,57,2015,3
2014,3,5,1.6,0,57,2015,4
2014,4,1,1.21176470588235,-0.0588235294117647,57,2015,1
2014,4,2,1.21176470588235,-0.0588235294117647,57,2015,2
2014,4,3,1.21176470588235,-0.0588235294117647,57,2015,3
2014,4,4,1.21176470588235,-0.0588235294117647,57,2015,4
2015,1,1,1.2,0,57,2015,2
2015,1,2,1.2,0,57,2015,3
2015,1,3,1.2,0,57,2015,4
2015,1,4,1.2,0,57,2016,1
2015,1,5,1.2,0,57,2016,2
2015,1,6,1.2,0,57,2016,3
2015,1,7,1.2,0,57,2016,4
2015,3,1,1.9,0,57,2015,4
2015,3,2,1.9,0,57,2016,1
2015,3,3,1.9,0,57,2016,2
2015,3,4,1.9,0,57,2016,3
2015,3,5,1.9,0,57,2016,4
2015,4,1,1.81764705882353,-0.0588235294117647,57,2016,1
2015,4,2,1.81764705882353,-0.0588235294117647,57,2016,2
2015,4,3,1.81764705882353,-0.0588235294117647,57,2016,3
2015,4,4,1.81764705882353,-0.0588235294117647,57,2016,4
2016,1,1,1.9,0,57,2016,2
2016,1,2,1.9,0,57,2016,3
2016,1,3,1.9,0,57,2016,4
2016,1,4,1.9,0,57,2017,1
2016,1,5,1.9,0,57,2017,2
2016,1,6,1.9,0,57,2017,3
2016,1,7,1.9,0,57,2017,4
2016,2,1,1.9,0,57,2016,3
2016,2,2,1.9,0,57,2016,4
2016,2,3,1.9,0,57,2017,1
2016,2,4,1.9,0,57,2017,2
2016,2,5,1.9,0,57,2017,3
2016,2,6,1.9,0,57,2017,4
2016,3,1,1.5,0,57,2016,4
2016,3,2,1.5,0,57,2017,1
2016,3,3,1.5,0,57,2017,2
2016,3,4,1.5,0,57,2017,3
2016,3,5,1.5,0,57,2017,4
2019,4,1,0.988235294117647,-0.0588235294117647,57,2020,1
2019,4,2,0.988235294117647,-0.0588235294117647,57,2020,2
2019,4,3,0.988235294117647,-0.0588235294117647,57,2020,3
2019,4,4,0.988235294117647,-0.0588235294117647,57,2020,4
2020,1,1,1,0,57,2020,2
2020,1,2,1,0,57,2020,3
2020,1,3,1,0,57,2020,4
2020,1,4,1,0,57,2021,1
2020,1,5,1,0,57,2021,2
2020,1,6,1,0,57,2021,3
2020,1,7,1,0,57,2021,4
2001,4,1,1.41176470588235,-0.0588235294117647,35,2002,1
2001,4,2,1.41176470588235,-0.0588235294117647,35,2002,2
2001,4,3,1.41176470588235,-0.0588235294117647,35,2002,3
2001,4,4,1.41176470588235,-0.0588235294117647,35,2002,4
2004,3,1,1.9,0,35,2004,4
2004,3,2,1.9,0,35,2005,1
2004,3,3,1.9,0,35,2005,2
2004,3,4,1.9,0,35,2005,3
2004,3,5,1.9,0,35,2005,4
2004,4,1,2,-0.0588235294117647,35,2005,1
2004,4,2,2,-0.0588235294117647,35,2005,2
2004,4,3,2,-0.0588235294117647,35,2005,3
2004,4,4,2,-0.0588235294117647,35,2005,4
2005,3,1,1.7,0,35,2005,4
2005,3,2,1.7,0,35,2006,1
2005,3,3,1.7,0,35,2006,2
2005,3,4,1.7,0,35,2006,3
2005,3,5,1.7,0,35,2006,4
2005,4,1,1.82352941176471,-0.0588235294117647,35,2006,1
2005,4,2,1.82352941176471,-0.0588235294117647,35,2006,2
2005,4,3,1.82352941176471,-0.0588235294117647,35,2006,3
2005,4,4,1.82352941176471,-0.0588235294117647,35,2006,4
2006,2,1,1.8,0,35,2006,3
2006,2,2,1.8,0,35,2006,4
2006,2,3,1.8,0,35,2007,1
2006,2,4,1.8,0,35,2007,2
2006,2,5,1.8,0,35,2007,3
2006,2,6,1.8,0,35,2007,4
2006,3,1,1.9,0,35,2006,4
2006,3,2,1.9,0,35,2007,1
2006,3,3,1.9,0,35,2007,2
2006,3,4,1.9,0,35,2007,3
2006,3,5,1.9,0,35,2007,4
2006,4,1,2.17647058823529,-0.0588235294117647,35,2007,1
2006,4,2,2.17647058823529,-0.0588235294117647,35,2007,2
2006,4,3,2.17647058823529,-0.0588235294117647,35,2007,3
2006,4,4,2.17647058823529,-0.0588235294117647,35,2007,4
2007,1,1,2.4,0,35,2007,2
2007,1,2,2.4,0,35,2007,3
2007,1,3,2.4,0,35,2007,4
2007,1,4,2.4,0,35,2008,1
2007,1,5,2.4,0,35,2008,2
2007,1,6,2.4,0,35,2008,3
2007,1,7,2.4,0,35,2008,4
2007,3,1,2.8,0,35,2007,4
2007,3,2,2.8,0,35,2008,1
2007,3,3,2.8,0,35,2008,2
2007,3,4,2.8,0,35,2008,3
2007,3,5,2.8,0,35,2008,4
2007,4,1,2.6,-0.0588235294117647,35,2008,1
2007,4,2,2.6,-0.0588235294117647,35,2008,2
2007,4,3,2.6,-0.0588235294117647,35,2008,3
2007,4,4,2.6,-0.0588235294117647,35,2008,4
2008,1,1,1.8,0,35,2008,2
2008,1,2,1.8,0,35,2008,3
2008,1,3,1.8,0,35,2008,4
2008,1,4,1.8,0,35,2009,1
2008,1,5,1.8,0,35,2009,2
2008,1,6,1.8,0,35,2009,3
2008,1,7,1.8,0,35,2009,4
2008,2,1,1.8,0,35,2008,3
2008,2,2,1.8,0,35,2008,4
2008,2,3,1.8,0,35,2009,1
2008,2,4,1.8,0,35,2009,2
2008,2,5,1.8,0,35,2009,3
2008,2,6,1.8,0,35,2009,4
2008,3,1,1.8,0,35,2008,4
2008,3,2,1.8,0,35,2009,1
2008,3,3,1.8,0,35,2009,2
2008,3,4,1.8,0,35,2009,3
2008,3,5,1.8,0,35,2009,4
2009,1,1,0.2,0,35,2009,2
2009,1,2,0.2,0,35,2009,3
2009,1,3,0.2,0,35,2009,4
2009,1,4,0.2,0,35,2010,1
2009,1,5,0.2,0,35,2010,2
2009,1,6,0.2,0,35,2010,3
2009,1,7,0.2,0,35,2010,4
2009,2,1,0.2,0,35,2009,3
2009,2,2,0.2,0,35,2009,4
2009,2,3,0.2,0,35,2010,1
2009,2,4,0.2,0,35,2010,2
2009,2,5,0.2,0,35,2010,3
2009,2,6,0.2,0,35,2010,4
2009,3,1,0.3,0,35,2009,4
2009,3,2,0.3,0,35,2010,1
2009,3,3,0.3,0,35,2010,2
2009,3,4,0.3,0,35,2010,3
2009,3,5,0.3,0,35,2010,4
2009,4,1,0.976470588235294,-0.0588235294117647,35,2010,1
2009,4,2,0.976470588235294,-0.0588235294117647,35,2010,2
2009,4,3,0.976470588235294,-0.0588235294117647,35,2010,3
2009,4,4,0.976470588235294,-0.0588235294117647,35,2010,4
2010,4,1,1.48823529411765,-0.0588235294117647,35,2011,1
2010,4,2,1.48823529411765,-0.0588235294117647,35,2011,2
2010,4,3,1.48823529411765,-0.0588235294117647,35,2011,3
2010,4,4,1.48823529411765,-0.0588235294117647,35,2011,4
2012,2,1,1,0,35,2012,3
2012,2,2,1,0,35,2012,4
2012,2,3,1,0,35,2013,1
2012,2,4,1,0,35,2013,2
2012,2,5,1,0,35,2013,3
2012,2,6,1,0,35,2013,4
2013,4,1,1.08235294117647,-0.0588235294117647,35,2014,1
2013,4,2,1.08235294117647,-0.0588235294117647,35,2014,2
2013,4,3,1.08235294117647,-0.0588235294117647,35,2014,3
2013,4,4,1.08235294117647,-0.0588235294117647,35,2014,4
2014,4,1,1.22352941176471,-0.0588235294117647,35,2015,1
2014,4,2,1.22352941176471,-0.0588235294117647,35,2015,2
2014,4,3,1.22352941176471,-0.0588235294117647,35,2015,3
2014,4,4,1.22352941176471,-0.0588235294117647,35,2015,4
2015,4,1,1.5,-0.0588235294117647,35,2016,1
2015,4,2,1.5,-0.0588235294117647,35,2016,2
2015,4,3,1.5,-0.0588235294117647,35,2016,3
2015,4,4,1.5,-0.0588235294117647,35,2016,4
2017,4,1,2,-0.0588235294117647,35,2018,1
2017,4,2,2,-0.0588235294117647,35,2018,2
2017,4,3,2,-0.0588235294117647,35,2018,3
2017,4,4,2,-0.0588235294117647,35,2018,4
2001,4,1,1.81176470588235,-0.0588235294117647,40,2002,1
2001,4,2,1.81176470588235,-0.0588235294117647,40,2002,2
2001,4,3,1.81176470588235,-0.0588235294117647,40,2002,3
2001,4,4,1.81176470588235,-0.0588235294117647,40,2002,4
2002,1,1,2.7,0,40,2002,2
2002,1,2,2.7,0,40,2002,3
2002,1,3,2.7,0,40,2002,4
2002,1,4,2.7,0,40,2003,1
2002,1,5,2.7,0,40,2003,2
2002,1,6,2.7,0,40,2003,3
2002,1,7,2.7,0,40,2003,4
2003,4,1,1.67058823529412,-0.0588235294117647,40,2004,1
2003,4,2,1.67058823529412,-0.0588235294117647,40,2004,2
2003,4,3,1.67058823529412,-0.0588235294117647,40,2004,3
2003,4,4,1.67058823529412,-0.0588235294117647,40,2004,4
2004,2,1,2.3,0,40,2004,3
2004,2,2,2.3,0,40,2004,4
2004,2,3,2.3,0,40,2005,1
2004,2,4,2.3,0,40,2005,2
2004,2,5,2.3,0,40,2005,3
2004,2,6,2.3,0,40,2005,4
2004,3,1,2.2,0,40,2004,4
2004,3,2,2.2,0,40,2005,1
2004,3,3,2.2,0,40,2005,2
2004,3,4,2.2,0,40,2005,3
2004,3,5,2.2,0,40,2005,4
2004,4,1,2.11176470588235,-0.0588235294117647,40,2005,1
2004,4,2,2.11176470588235,-0.0588235294117647,40,2005,2
2004,4,3,2.11176470588235,-0.0588235294117647,40,2005,3
2004,4,4,2.11176470588235,-0.0588235294117647,40,2005,4
2005,2,1,1.8,0,40,2005,3
2005,2,2,1.8,0,40,2005,4
2005,2,3,1.8,0,40,2006,1
2005,2,4,1.8,0,40,2006,2
2005,2,5,1.8,0,40,2006,3
2005,2,6,1.8,0,40,2006,4
2005,4,1,1.51176470588235,-0.0588235294117647,40,2006,1
2005,4,2,1.51176470588235,-0.0588235294117647,40,2006,2
2005,4,3,1.51176470588235,-0.0588235294117647,40,2006,3
2005,4,4,1.51176470588235,-0.0588235294117647,40,2006,4
2006,1,1,2,0,40,2006,2
2006,1,2,2,0,40,2006,3
2006,1,3,2,0,40,2006,4
2006,1,4,2,0,40,2007,1
2006,1,5,2,0,40,2007,2
2006,1,6,2,0,40,2007,3
2006,1,7,2,0,40,2007,4
2006,3,1,1.8,0,40,2006,4
2006,3,2,1.8,0,40,2007,1
2006,3,3,1.8,0,40,2007,2
2006,3,4,1.8,0,40,2007,3
2006,3,5,1.8,0,40,2007,4
2006,4,1,1.95882352941176,-0.0588235294117647,40,2007,1
2006,4,2,1.95882352941176,-0.0588235294117647,40,2007,2
2006,4,3,1.95882352941176,-0.0588235294117647,40,2007,3
2006,4,4,1.95882352941176,-0.0588235294117647,40,2007,4
2007,2,1,2.3,0,40,2007,3
2007,2,2,2.3,0,40,2007,4
2007,2,3,2.3,0,40,2008,1
2007,2,4,2.3,0,40,2008,2
2007,2,5,2.3,0,40,2008,3
2007,2,6,2.3,0,40,2008,4
2007,4,1,1.96470588235294,-0.0588235294117647,40,2008,1
2007,4,2,1.96470588235294,-0.0588235294117647,40,2008,2
2007,4,3,1.96470588235294,-0.0588235294117647,40,2008,3
2007,4,4,1.96470588235294,-0.0588235294117647,40,2008,4
2008,4,1,0.464705882352941,-0.0588235294117647,40,2009,1
2008,4,2,0.464705882352941,-0.0588235294117647,40,2009,2
2008,4,3,0.464705882352941,-0.0588235294117647,40,2009,3
2008,4,4,0.464705882352941,-0.0588235294117647,40,2009,4
2009,3,1,0,0,40,2009,4
2009,3,2,0,0,40,2010,1
2009,3,3,0,0,40,2010,2
2009,3,4,0,0,40,2010,3
2009,3,5,0,0,40,2010,4
2009,4,1,0.970588235294118,-0.0588235294117647,40,2010,1
2009,4,2,0.970588235294118,-0.0588235294117647,40,2010,2
2009,4,3,0.970588235294118,-0.0588235294117647,40,2010,3
2009,4,4,0.970588235294118,-0.0588235294117647,40,2010,4
2002,1,1,2.2,0,65,2002,2
2002,1,2,2.2,0,65,2002,3
2002,1,3,2.2,0,65,2002,4
2002,1,4,2.2,0,65,2003,1
2002,1,5,2.2,0,65,2003,2
2002,1,6,2.2,0,65,2003,3
2002,1,7,2.2,0,65,2003,4
2004,1,1,2,0,65,2004,2
2004,1,2,2,0,65,2004,3
2004,1,3,2,0,65,2004,4
2004,1,4,2,0,65,2005,1
2004,1,5,2,0,65,2005,2
2004,1,6,2,0,65,2005,3
2004,1,7,2,0,65,2005,4
2004,3,1,2.1,0,65,2004,4
2004,3,2,2.1,0,65,2005,1
2004,3,3,2.1,0,65,2005,2
2004,3,4,2.1,0,65,2005,3
2004,3,5,2.1,0,65,2005,4
2006,3,1,1.7,0,65,2006,4
2006,3,2,1.7,0,65,2007,1
2006,3,3,1.7,0,65,2007,2
2006,3,4,1.7,0,65,2007,3
2006,3,5,1.7,0,65,2007,4
2007,3,1,2.6,0,65,2007,4
2007,3,2,2.6,0,65,2008,1
2007,3,3,2.6,0,65,2008,2
2007,3,4,2.6,0,65,2008,3
2007,3,5,2.6,0,65,2008,4
2009,1,1,0.8,0,65,2009,2
2009,1,2,0.8,0,65,2009,3
2009,1,3,0.8,0,65,2009,4
2009,1,4,0.8,0,65,2010,1
2009,1,5,0.8,0,65,2010,2
2009,1,6,0.8,0,65,2010,3
2009,1,7,0.8,0,65,2010,4
2009,2,1,0.2,0,65,2009,3
2009,2,2,0.2,0,65,2009,4
2009,2,3,0.2,0,65,2010,1
2009,2,4,0.2,0,65,2010,2
2009,2,5,0.2,0,65,2010,3
2009,2,6,0.2,0,65,2010,4
2009,4,1,1.07647058823529,-0.0588235294117647,65,2010,1
2009,4,2,1.07647058823529,-0.0588235294117647,65,2010,2
2009,4,3,1.07647058823529,-0.0588235294117647,65,2010,3
2009,4,4,1.07647058823529,-0.0588235294117647,65,2010,4
2010,1,1,1.6,0,65,2010,2
2010,1,2,1.6,0,65,2010,3
2010,1,3,1.6,0,65,2010,4
2010,1,4,1.6,0,65,2011,1
2010,1,5,1.6,0,65,2011,2
2010,1,6,1.6,0,65,2011,3
2010,1,7,1.6,0,65,2011,4
2010,4,1,1.08235294117647,-0.0588235294117647,65,2011,1
2010,4,2,1.08235294117647,-0.0588235294117647,65,2011,2
2010,4,3,1.08235294117647,-0.0588235294117647,65,2011,3
2010,4,4,1.08235294117647,-0.0588235294117647,65,2011,4
2014,2,1,1.9,0,65,2014,3
2014,2,2,1.9,0,65,2014,4
2014,2,3,1.9,0,65,2015,1
2014,2,4,1.9,0,65,2015,2
2014,2,5,1.9,0,65,2015,3
2014,2,6,1.9,0,65,2015,4
2015,4,1,1.93529411764706,-0.0588235294117647,65,2016,1
2015,4,2,1.93529411764706,-0.0588235294117647,65,2016,2
2015,4,3,1.93529411764706,-0.0588235294117647,65,2016,3
2015,4,4,1.93529411764706,-0.0588235294117647,65,2016,4
2020,1,1,1.3,0,65,2020,2
2020,1,2,1.3,0,65,2020,3
2020,1,3,1.3,0,65,2020,4
2020,1,4,1.3,0,65,2021,1
2020,1,5,1.3,0,65,2021,2
2020,1,6,1.3,0,65,2021,3
2020,1,7,1.3,0,65,2021,4
2020,2,1,4,0,65,2020,3
2020,2,2,4,0,65,2020,4
2020,2,3,4,0,65,2021,1
2020,2,4,4,0,65,2021,2
2020,2,5,4,0,65,2021,3
2020,2,6,4,0,65,2021,4
2020,3,1,4.6,0,65,2020,4
2020,3,2,4.6,0,65,2021,1
2020,3,3,4.6,0,65,2021,2
2020,3,4,4.6,0,65,2021,3
2020,3,5,4.6,0,65,2021,4
2020,4,1,6.62941176470588,-0.0588235294117647,65,2021,1
2020,4,2,6.62941176470588,-0.0588235294117647,65,2021,2
2020,4,3,6.62941176470588,-0.0588235294117647,65,2021,3
2020,4,4,6.62941176470588,-0.0588235294117647,65,2021,4
2021,1,1,3.2,0,65,2021,2
2021,1,2,3.2,0,65,2021,3
2021,1,3,3.2,0,65,2021,4
2021,1,4,3.2,0,65,2022,1
2021,1,5,3.2,0,65,2022,2
2021,1,6,3.2,0,65,2022,3
2021,1,7,3.2,0,65,2022,4
2021,2,1,4,0,65,2021,3
2021,2,2,4,0,65,2021,4
2021,2,3,4,0,65,2022,1
2021,2,4,4,0,65,2022,2
2021,2,5,4,0,65,2022,3
2021,2,6,4,0,65,2022,4
2021,3,1,4,0,65,2021,4
2021,3,2,4,0,65,2022,1
2021,3,3,4,0,65,2022,2
2021,3,4,4,0,65,2022,3
2021,3,5,4,0,65,2022,4
2021,4,1,4.27647058823529,-0.0588235294117647,65,2022,1
2021,4,2,4.27647058823529,-0.0588235294117647,65,2022,2
2021,4,3,4.27647058823529,-0.0588235294117647,65,2022,3
2021,4,4,4.27647058823529,-0.0588235294117647,65,2022,4
2022,1,1,2.7,0,65,2022,2
2022,1,2,2.7,0,65,2022,3
2022,1,3,2.7,0,65,2022,4
2022,1,4,2.7,0,65,2023,1
2022,1,5,2.7,0,65,2023,2
2022,1,6,2.7,0,65,2023,3
2022,1,7,2.7,0,65,2023,4
2022,2,1,2.7,0,65,2022,3
2022,2,2,2.7,0,65,2022,4
2022,2,3,2.7,0,65,2023,1
2022,2,4,2.7,0,65,2023,2
2022,2,5,2.7,0,65,2023,3
2022,2,6,2.7,0,65,2023,4
2022,4,1,0.364705882352941,-0.0588235294117647,65,2023,1
2022,4,2,0.364705882352941,-0.0588235294117647,65,2023,2
2022,4,3,0.364705882352941,-0.0588235294117647,65,2023,3
2022,4,4,0.364705882352941,-0.0588235294117647,65,2023,4
2023,2,1,0.8,0,65,2023,3
2023,2,2,0.8,0,65,2023,4
2023,2,3,0.8,0,65,2024,1
2023,2,4,0.8,0,65,2024,2
2023,2,5,0.8,0,65,2024,3
2023,2,6,0.8,0,65,2024,4
2023,3,1,0.7,0,65,2023,4
2023,3,2,0.7,0,65,2024,1
2023,3,3,0.7,0,65,2024,2
2023,3,4,0.7,0,65,2024,3
2023,3,5,0.7,0,65,2024,4
2023,4,1,0.605882352941176,-0.0588235294117647,65,2024,1
2023,4,2,0.605882352941176,-0.0588235294117647,65,2024,2
2023,4,3,0.605882352941176,-0.0588235294117647,65,2024,3
2023,4,4,0.605882352941176,-0.0588235294117647,65,2024,4
2024,1,1,0.2,0,65,2024,2
2024,1,2,0.2,0,65,2024,3
2024,1,3,0.2,0,65,2024,4
2024,1,4,0.2,0,65,2025,1
2024,1,5,0.2,0,65,2025,2
2024,1,6,0.2,0,65,2025,3
2024,1,7,0.2,0,65,2025,4
2024,2,1,1.5,0,65,2024,3
2024,2,2,1.5,0,65,2024,4
2024,2,3,1.5,0,65,2025,1
2024,2,4,1.5,0,65,2025,2
2024,2,5,1.5,0,65,2025,3
2024,2,6,1.5,0,65,2025,4
2002,2,1,3,0,66,2002,3
2002,2,2,3,0,66,2002,4
2002,2,3,3,0,66,2003,1
2002,2,4,3,0,66,2003,2
2002,2,5,3,0,66,2003,3
2002,2,6,3,0,66,2003,4
2002,3,1,3,0,66,2002,4
2002,3,2,3,0,66,2003,1
2002,3,3,3,0,66,2003,2
2002,3,4,3,0,66,2003,3
2002,3,5,3,0,66,2003,4
2002,4,1,1.54705882352941,-0.0588235294117647,66,2003,1
2002,4,2,1.54705882352941,-0.0588235294117647,66,2003,2
2002,4,3,1.54705882352941,-0.0588235294117647,66,2003,3
2002,4,4,1.54705882352941,-0.0588235294117647,66,2003,4
2004,3,1,2.2,0,66,2004,4
2004,3,2,2.2,0,66,2005,1
2004,3,3,2.2,0,66,2005,2
2004,3,4,2.2,0,66,2005,3
2004,3,5,2.2,0,66,2005,4
2003,4,1,2.3,-0.0588235294117647,88,2004,1
2003,4,2,2.3,-0.0588235294117647,88,2004,2
2003,4,3,2.3,-0.0588235294117647,88,2004,3
2003,4,4,2.3,-0.0588235294117647,88,2004,4
2004,1,1,2.3,0,88,2004,2
2004,1,2,2.3,0,88,2004,3
2004,1,3,2.3,0,88,2004,4
2004,1,4,2.3,0,88,2005,1
2004,1,5,2.3,0,88,2005,2
2004,1,6,2.3,0,88,2005,3
2004,1,7,2.3,0,88,2005,4
2004,2,1,2.3,0,88,2004,3
2004,2,2,2.3,0,88,2004,4
2004,2,3,2.3,0,88,2005,1
2004,2,4,2.3,0,88,2005,2
2004,2,5,2.3,0,88,2005,3
2004,2,6,2.3,0,88,2005,4
2004,3,1,2.3,0,88,2004,4
2004,3,2,2.3,0,88,2005,1
2004,3,3,2.3,0,88,2005,2
2004,3,4,2.3,0,88,2005,3
2004,3,5,2.3,0,88,2005,4
2005,1,1,2.2,0,88,2005,2
2005,1,2,2.2,0,88,2005,3
2005,1,3,2.2,0,88,2005,4
2005,1,4,2.2,0,88,2006,1
2005,1,5,2.2,0,88,2006,2
2005,1,6,2.2,0,88,2006,3
2005,1,7,2.2,0,88,2006,4
2005,2,1,2.2,0,88,2005,3
2005,2,2,2.2,0,88,2005,4
2005,2,3,2.2,0,88,2006,1
2005,2,4,2.2,0,88,2006,2
2005,2,5,2.2,0,88,2006,3
2005,2,6,2.2,0,88,2006,4
2005,4,1,1.51764705882353,-0.0588235294117647,88,2006,1
2005,4,2,1.51764705882353,-0.0588235294117647,88,2006,2
2005,4,3,1.51764705882353,-0.0588235294117647,88,2006,3
2005,4,4,1.51764705882353,-0.0588235294117647,88,2006,4
2006,1,1,1.6,0,88,2006,2
2006,1,2,1.6,0,88,2006,3
2006,1,3,1.6,0,88,2006,4
2006,1,4,1.6,0,88,2007,1
2006,1,5,1.6,0,88,2007,2
2006,1,6,1.6,0,88,2007,3
2006,1,7,1.6,0,88,2007,4
2006,2,1,1.8,0,88,2006,3
2006,2,2,1.8,0,88,2006,4
2006,2,3,1.8,0,88,2007,1
2006,2,4,1.8,0,88,2007,2
2006,2,5,1.8,0,88,2007,3
2006,2,6,1.8,0,88,2007,4
2006,4,1,1.96470588235294,-0.0588235294117647,88,2007,1
2006,4,2,1.96470588235294,-0.0588235294117647,88,2007,2
2006,4,3,1.96470588235294,-0.0588235294117647,88,2007,3
2006,4,4,1.96470588235294,-0.0588235294117647,88,2007,4
2007,1,1,2.1,0,88,2007,2
2007,1,2,2.1,0,88,2007,3
2007,1,3,2.1,0,88,2007,4
2007,1,4,2.1,0,88,2008,1
2007,1,5,2.1,0,88,2008,2
2007,1,6,2.1,0,88,2008,3
2007,1,7,2.1,0,88,2008,4
2007,2,1,2.1,0,88,2007,3
2007,2,2,2.1,0,88,2007,4
2007,2,3,2.1,0,88,2008,1
2007,2,4,2.1,0,88,2008,2
2007,2,5,2.1,0,88,2008,3
2007,2,6,2.1,0,88,2008,4
2007,3,1,2.4,0,88,2007,4
2007,3,2,2.4,0,88,2008,1
2007,3,3,2.4,0,88,2008,2
2007,3,4,2.4,0,88,2008,3
2007,3,5,2.4,0,88,2008,4
2008,1,1,2.2,0,88,2008,2
2008,1,2,2.2,0,88,2008,3
2008,1,3,2.2,0,88,2008,4
2008,1,4,2.2,0,88,2009,1
2008,1,5,2.2,0,88,2009,2
2008,1,6,2.2,0,88,2009,3
2008,1,7,2.2,0,88,2009,4
2008,2,1,1.7,0,88,2008,3
2008,2,2,1.7,0,88,2008,4
2008,2,3,1.7,0,88,2009,1
2008,2,4,1.7,0,88,2009,2
2008,2,5,1.7,0,88,2009,3
2008,2,6,1.7,0,88,2009,4
2008,3,1,1.1,0,88,2008,4
2008,3,2,1.1,0,88,2009,1
2008,3,3,1.1,0,88,2009,2
2008,3,4,1.1,0,88,2009,3
2008,3,5,1.1,0,88,2009,4
2008,4,1,0.141176470588235,-0.0588235294117647,88,2009,1
2008,4,2,0.141176470588235,-0.0588235294117647,88,2009,2
2008,4,3,0.141176470588235,-0.0588235294117647,88,2009,3
2008,4,4,0.141176470588235,-0.0588235294117647,88,2009,4
2009,1,1,1,0,88,2009,2
2009,1,2,1,0,88,2009,3
2009,1,3,1,0,88,2009,4
2009,1,4,1,0,88,2010,1
2009,1,5,1,0,88,2010,2
2009,1,6,1,0,88,2010,3
2009,1,7,1,0,88,2010,4
2009,2,1,0.5,0,88,2009,3
2009,2,2,0.5,0,88,2009,4
2009,2,3,0.5,0,88,2010,1
2009,2,4,0.5,0,88,2010,2
2009,2,5,0.5,0,88,2010,3
2009,2,6,0.5,0,88,2010,4
2009,3,1,0.5,0,88,2009,4
2009,3,2,0.5,0,88,2010,1
2009,3,3,0.5,0,88,2010,2
2009,3,4,0.5,0,88,2010,3
2009,3,5,0.5,0,88,2010,4
2009,4,1,1.81176470588235,-0.0588235294117647,88,2010,1
2009,4,2,1.81176470588235,-0.0588235294117647,88,2010,2
2009,4,3,1.81176470588235,-0.0588235294117647,88,2010,3
2009,4,4,1.81176470588235,-0.0588235294117647,88,2010,4
2010,1,1,1.8,0,88,2010,2
2010,1,2,1.8,0,88,2010,3
2010,1,3,1.8,0,88,2010,4
2010,1,4,1.8,0,88,2011,1
2010,1,5,1.8,0,88,2011,2
2010,1,6,1.8,0,88,2011,3
2010,1,7,1.8,0,88,2011,4
2010,3,1,1.4,0,88,2010,4
2010,3,2,1.4,0,88,2011,1
2010,3,3,1.4,0,88,2011,2
2010,3,4,1.4,0,88,2011,3
2010,3,5,1.4,0,88,2011,4
2011,1,1,1.8,0,88,2011,2
2011,1,2,1.8,0,88,2011,3
2011,1,3,1.8,0,88,2011,4
2011,1,4,1.8,0,88,2012,1
2011,1,5,1.8,0,88,2012,2
2011,1,6,1.8,0,88,2012,3
2011,1,7,1.8,0,88,2012,4
2011,2,1,1.8,0,88,2011,3
2011,2,2,1.8,0,88,2011,4
2011,2,3,1.8,0,88,2012,1
2011,2,4,1.8,0,88,2012,2
2011,2,5,1.8,0,88,2012,3
2011,2,6,1.8,0,88,2012,4
2011,3,1,1.8,0,88,2011,4
2011,3,2,1.8,0,88,2012,1
2011,3,3,1.8,0,88,2012,2
2011,3,4,1.8,0,88,2012,3
2011,3,5,1.8,0,88,2012,4
2012,1,1,1.14,0,88,2012,2
2012,1,2,1.14,0,88,2012,3
2012,1,3,1.14,0,88,2012,4
2012,1,4,1.14,0,88,2013,1
2012,1,5,1.14,0,88,2013,2
2012,1,6,1.14,0,88,2013,3
2012,1,7,1.14,0,88,2013,4
2012,2,1,1.2,0,88,2012,3
2012,2,2,1.2,0,88,2012,4
2012,2,3,1.2,0,88,2013,1
2012,2,4,1.2,0,88,2013,2
2012,2,5,1.2,0,88,2013,3
2012,2,6,1.2,0,88,2013,4
2012,3,1,0.5,0,88,2012,4
2012,3,2,0.5,0,88,2013,1
2012,3,3,0.5,0,88,2013,2
2012,3,4,0.5,0,88,2013,3
2012,3,5,0.5,0,88,2013,4
2012,4,1,0.241176470588235,-0.0588235294117647,88,2013,1
2012,4,2,0.241176470588235,-0.0588235294117647,88,2013,2
2012,4,3,0.241176470588235,-0.0588235294117647,88,2013,3
2012,4,4,0.241176470588235,-0.0588235294117647,88,2013,4
2013,2,1,1.319368603,0,88,2013,3
2013,2,2,1.319368603,0,88,2013,4
2013,2,3,1.319368603,0,88,2014,1
2013,2,4,1.319368603,0,88,2014,2
2013,2,5,1.319368603,0,88,2014,3
2013,2,6,1.319368603,0,88,2014,4
2013,3,1,1.2,0,88,2013,4
2013,3,2,1.2,0,88,2014,1
2013,3,3,1.2,0,88,2014,2
2013,3,4,1.2,0,88,2014,3
2013,3,5,1.2,0,88,2014,4
2014,1,1,1.36,0,88,2014,2
2014,1,2,1.36,0,88,2014,3
2014,1,3,1.36,0,88,2014,4
2014,1,4,1.36,0,88,2015,1
2014,1,5,1.36,0,88,2015,2
2014,1,6,1.36,0,88,2015,3
2014,1,7,1.36,0,88,2015,4
2014,2,1,1.5,0,88,2014,3
2014,2,2,1.5,0,88,2014,4
2014,2,3,1.5,0,88,2015,1
2014,2,4,1.5,0,88,2015,2
2014,2,5,1.5,0,88,2015,3
2014,2,6,1.5,0,88,2015,4
2014,3,1,1.5,0,88,2014,4
2014,3,2,1.5,0,88,2015,1
2014,3,3,1.5,0,88,2015,2
2014,3,4,1.5,0,88,2015,3
2014,3,5,1.5,0,88,2015,4
2014,4,1,1.19050814522353,-0.0588235294117647,88,2015,1
2014,4,2,1.19050814522353,-0.0588235294117647,88,2015,2
2014,4,3,1.19050814522353,-0.0588235294117647,88,2015,3
2014,4,4,1.19050814522353,-0.0588235294117647,88,2015,4
2015,1,1,1.8,0,88,2015,2
2015,1,2,1.8,0,88,2015,3
2015,1,3,1.8,0,88,2015,4
2015,1,4,1.8,0,88,2016,1
2015,1,5,1.8,0,88,2016,2
2015,1,6,1.8,0,88,2016,3
2015,1,7,1.8,0,88,2016,4
2015,2,1,1.8,0,88,2015,3
2015,2,2,1.8,0,88,2015,4
2015,2,3,1.8,0,88,2016,1
2015,2,4,1.8,0,88,2016,2
2015,2,5,1.8,0,88,2016,3
2015,2,6,1.8,0,88,2016,4
2015,3,1,1.9,0,88,2015,4
2015,3,2,1.9,0,88,2016,1
2015,3,3,1.9,0,88,2016,2
2015,3,4,1.9,0,88,2016,3
2015,3,5,1.9,0,88,2016,4
2016,1,1,1.7125,0,88,2016,2
2016,1,2,1.7125,0,88,2016,3
2016,1,3,1.7125,0,88,2016,4
2016,1,4,1.7125,0,88,2017,1
2016,1,5,1.7125,0,88,2017,2
2016,1,6,1.7125,0,88,2017,3
2016,1,7,1.7125,0,88,2017,4
2016,2,1,1.625,0,88,2016,3
2016,2,2,1.625,0,88,2016,4
2016,2,3,1.625,0,88,2017,1
2016,2,4,1.625,0,88,2017,2
2016,2,5,1.625,0,88,2017,3
2016,2,6,1.625,0,88,2017,4
2017,2,1,1.5,0,88,2017,3
2017,2,2,1.5,0,88,2017,4
2017,2,3,1.5,0,88,2018,1
2017,2,4,1.5,0,88,2018,2
2017,2,5,1.5,0,88,2018,3
2017,2,6,1.5,0,88,2018,4
2017,3,1,1.9,0,88,2017,4
2017,3,2,1.9,0,88,2018,1
2017,3,3,1.9,0,88,2018,2
2017,3,4,1.9,0,88,2018,3
2017,3,5,1.9,0,88,2018,4
2018,1,1,1.7,0,88,2018,2
2018,1,2,1.7,0,88,2018,3
2018,1,3,1.7,0,88,2018,4
2018,1,4,1.7,0,88,2019,1
2018,1,5,1.7,0,88,2019,2
2018,1,6,1.7,0,88,2019,3
2018,1,7,1.7,0,88,2019,4
2018,2,1,1.986425357,0,88,2018,3
2018,2,2,1.986425357,0,88,2018,4
2018,2,3,1.986425357,0,88,2019,1
2018,2,4,1.986425357,0,88,2019,2
2018,2,5,1.986425357,0,88,2019,3
2018,2,6,1.986425357,0,88,2019,4
2018,3,1,1.8,0,88,2018,4
2018,3,2,1.8,0,88,2019,1
2018,3,3,1.8,0,88,2019,2
2018,3,4,1.8,0,88,2019,3
2018,3,5,1.8,0,88,2019,4
2018,4,1,1.68235294117647,-0.0588235294117647,88,2019,1
2018,4,2,1.68235294117647,-0.0588235294117647,88,2019,2
2018,4,3,1.68235294117647,-0.0588235294117647,88,2019,3
2018,4,4,1.68235294117647,-0.0588235294117647,88,2019,4
2019,1,1,1.5,0,88,2019,2
2019,1,2,1.5,0,88,2019,3
2019,1,3,1.5,0,88,2019,4
2019,1,4,1.5,0,88,2020,1
2019,1,5,1.5,0,88,2020,2
2019,1,6,1.5,0,88,2020,3
2019,1,7,1.5,0,88,2020,4
2019,2,1,1.4,0,88,2019,3
2019,2,2,1.4,0,88,2019,4
2019,2,3,1.4,0,88,2020,1
2019,2,4,1.4,0,88,2020,2
2019,2,5,1.4,0,88,2020,3
2019,2,6,1.4,0,88,2020,4
2019,3,1,1.4,0,88,2019,4
2019,3,2,1.4,0,88,2020,1
2019,3,3,1.4,0,88,2020,2
2019,3,4,1.4,0,88,2020,3
2019,3,5,1.4,0,88,2020,4
2020,1,1,1,0,88,2020,2
2020,1,2,1,0,88,2020,3
2020,1,3,1,0,88,2020,4
2020,1,4,1,0,88,2021,1
2020,1,5,1,0,88,2021,2
2020,1,6,1,0,88,2021,3
2020,1,7,1,0,88,2021,4
2020,3,1,6.1,0,88,2020,4
2020,3,2,6.1,0,88,2021,1
2020,3,3,6.1,0,88,2021,2
2020,3,4,6.1,0,88,2021,3
2020,3,5,6.1,0,88,2021,4
2020,4,1,4.70588235294118,-0.0588235294117647,88,2021,1
2020,4,2,4.70588235294118,-0.0588235294117647,88,2021,2
2020,4,3,4.70588235294118,-0.0588235294117647,88,2021,3
2020,4,4,4.70588235294118,-0.0588235294117647,88,2021,4
2021,1,1,4.5,0,88,2021,2
2021,1,2,4.5,0,88,2021,3
2021,1,3,4.5,0,88,2021,4
2021,1,4,4.5,0,88,2022,1
2021,1,5,4.5,0,88,2022,2
2021,1,6,4.5,0,88,2022,3
2021,1,7,4.5,0,88,2022,4
2021,2,1,4.6,0,88,2021,3
2021,2,2,4.6,0,88,2021,4
2021,2,3,4.6,0,88,2022,1
2021,2,4,4.6,0,88,2022,2
2021,2,5,4.6,0,88,2022,3
2021,2,6,4.6,0,88,2022,4
2021,3,1,4.1,0,88,2021,4
2021,3,2,4.1,0,88,2022,1
2021,3,3,4.1,0,88,2022,2
2021,3,4,4.1,0,88,2022,3
2021,3,5,4.1,0,88,2022,4
2021,4,1,4.78823529411765,-0.0588235294117647,88,2022,1
2021,4,2,4.78823529411765,-0.0588235294117647,88,2022,2
2021,4,3,4.78823529411765,-0.0588235294117647,88,2022,3
2021,4,4,4.78823529411765,-0.0588235294117647,88,2022,4
2022,2,1,1.8,0,88,2022,3
2022,2,2,1.8,0,88,2022,4
2022,2,3,1.8,0,88,2023,1
2022,2,4,1.8,0,88,2023,2
2022,2,5,1.8,0,88,2023,3
2022,2,6,1.8,0,88,2023,4
2022,3,1,1.9,0,88,2022,4
2022,3,2,1.9,0,88,2023,1
2022,3,3,1.9,0,88,2023,2
2022,3,4,1.9,0,88,2023,3
2022,3,5,1.9,0,88,2023,4
2022,4,1,0.0352941176470589,-0.0588235294117647,88,2023,1
2022,4,2,0.0352941176470589,-0.0588235294117647,88,2023,2
2022,4,3,0.0352941176470589,-0.0588235294117647,88,2023,3
2022,4,4,0.0352941176470589,-0.0588235294117647,88,2023,4
2023,1,1,1.5,0,88,2023,2
2023,1,2,1.5,0,88,2023,3
2023,1,3,1.5,0,88,2023,4
2023,1,4,1.5,0,88,2024,1
2023,1,5,1.5,0,88,2024,2
2023,1,6,1.5,0,88,2024,3
2023,1,7,1.5,0,88,2024,4
2023,2,1,1.36109721,0,88,2023,3
2023,2,2,1.36109721,0,88,2023,4
2023,2,3,1.36109721,0,88,2024,1
2023,2,4,1.36109721,0,88,2024,2
2023,2,5,1.36109721,0,88,2024,3
2023,2,6,1.36109721,0,88,2024,4
2023,3,1,0.8,0,88,2023,4
2023,3,2,0.8,0,88,2024,1
2023,3,3,0.8,0,88,2024,2
2023,3,4,0.8,0,88,2024,3
2023,3,5,0.8,0,88,2024,4
2023,4,1,0.711764705882353,-0.0588235294117647,88,2024,1
2023,4,2,0.711764705882353,-0.0588235294117647,88,2024,2
2023,4,3,0.711764705882353,-0.0588235294117647,88,2024,3
2023,4,4,0.711764705882353,-0.0588235294117647,88,2024,4
2024,1,1,1.5,0,88,2024,2
2024,1,2,1.5,0,88,2024,3
2024,1,3,1.5,0,88,2024,4
2024,1,4,1.5,0,88,2025,1
2024,1,5,1.5,0,88,2025,2
2024,1,6,1.5,0,88,2025,3
2024,1,7,1.5,0,88,2025,4
2024,2,1,1.37043239,0,88,2024,3
2024,2,2,1.37043239,0,88,2024,4
2024,2,3,1.37043239,0,88,2025,1
2024,2,4,1.37043239,0,88,2025,2
2024,2,5,1.37043239,0,88,2025,3
2024,2,6,1.37043239,0,88,2025,4
2024,3,1,1.34086456,0,88,2024,4
2024,3,2,1.34086456,0,88,2025,1
2024,3,3,1.34086456,0,88,2025,2
2024,3,4,1.34086456,0,88,2025,3
2024,3,5,1.34086456,0,88,2025,4
2024,4,1,1.33529411764706,-0.0588235294117647,88,2025,1
2024,4,2,1.33529411764706,-0.0588235294117647,88,2025,2
2024,4,3,1.33529411764706,-0.0588235294117647,88,2025,3
2024,4,4,1.33529411764706,-0.0588235294117647,88,2025,4
2004,1,1,2.6,0,97,2004,2
2004,1,2,2.6,0,97,2004,3
2004,1,3,2.6,0,97,2004,4
2004,1,4,2.6,0,97,2005,1
2004,1,5,2.6,0,97,2005,2
2004,1,6,2.6,0,97,2005,3
2004,1,7,2.6,0,97,2005,4
2004,2,1,2.3,0,97,2004,3
2004,2,2,2.3,0,97,2004,4
2004,2,3,2.3,0,97,2005,1
2004,2,4,2.3,0,97,2005,2
2004,2,5,2.3,0,97,2005,3
2004,2,6,2.3,0,97,2005,4
2004,3,1,2.2,0,97,2004,4
2004,3,2,2.2,0,97,2005,1
2004,3,3,2.2,0,97,2005,2
2004,3,4,2.2,0,97,2005,3
2004,3,5,2.2,0,97,2005,4
2004,4,1,2.11176470588235,-0.0588235294117647,97,2005,1
2004,4,2,2.11176470588235,-0.0588235294117647,97,2005,2
2004,4,3,2.11176470588235,-0.0588235294117647,97,2005,3
2004,4,4,2.11176470588235,-0.0588235294117647,97,2005,4
2005,1,1,2.2,0,97,2005,2
2005,1,2,2.2,0,97,2005,3
2005,1,3,2.2,0,97,2005,4
2005,1,4,2.2,0,97,2006,1
2005,1,5,2.2,0,97,2006,2
2005,1,6,2.2,0,97,2006,3
2005,1,7,2.2,0,97,2006,4
2005,2,1,2.1,0,97,2005,3
2005,2,2,2.1,0,97,2005,4
2005,2,3,2.1,0,97,2006,1
2005,2,4,2.1,0,97,2006,2
2005,2,5,2.1,0,97,2006,3
2005,2,6,2.1,0,97,2006,4
2005,3,1,1.9,0,97,2005,4
2005,3,2,1.9,0,97,2006,1
2005,3,3,1.9,0,97,2006,2
2005,3,4,1.9,0,97,2006,3
2005,3,5,1.9,0,97,2006,4
2005,4,1,1.82941176470588,-0.0588235294117647,97,2006,1
2005,4,2,1.82941176470588,-0.0588235294117647,97,2006,2
2005,4,3,1.82941176470588,-0.0588235294117647,97,2006,3
2005,4,4,1.82941176470588,-0.0588235294117647,97,2006,4
2006,1,1,2,0,97,2006,2
2006,1,2,2,0,97,2006,3
2006,1,3,2,0,97,2006,4
2006,1,4,2,0,97,2007,1
2006,1,5,2,0,97,2007,2
2006,1,6,2,0,97,2007,3
2006,1,7,2,0,97,2007,4
2006,2,1,2,0,97,2006,3
2006,2,2,2,0,97,2006,4
2006,2,3,2,0,97,2007,1
2006,2,4,2,0,97,2007,2
2006,2,5,2,0,97,2007,3
2006,2,6,2,0,97,2007,4
2006,3,1,2.1,0,97,2006,4
2006,3,2,2.1,0,97,2007,1
2006,3,3,2.1,0,97,2007,2
2006,3,4,2.1,0,97,2007,3
2006,3,5,2.1,0,97,2007,4
2006,4,1,2.06470588235294,-0.0588235294117647,97,2007,1
2006,4,2,2.06470588235294,-0.0588235294117647,97,2007,2
2006,4,3,2.06470588235294,-0.0588235294117647,97,2007,3
2006,4,4,2.06470588235294,-0.0588235294117647,97,2007,4
2007,1,1,2.3,0,97,2007,2
2007,1,2,2.3,0,97,2007,3
2007,1,3,2.3,0,97,2007,4
2007,1,4,2.3,0,97,2008,1
2007,1,5,2.3,0,97,2008,2
2007,1,6,2.3,0,97,2008,3
2007,1,7,2.3,0,97,2008,4
2007,2,1,2.5,0,97,2007,3
2007,2,2,2.5,0,97,2007,4
2007,2,3,2.5,0,97,2008,1
2007,2,4,2.5,0,97,2008,2
2007,2,5,2.5,0,97,2008,3
2007,2,6,2.5,0,97,2008,4
2007,3,1,2.5,0,97,2007,4
2007,3,2,2.5,0,97,2008,1
2007,3,3,2.5,0,97,2008,2
2007,3,4,2.5,0,97,2008,3
2007,3,5,2.5,0,97,2008,4
2007,4,1,2.07058823529412,-0.0588235294117647,97,2008,1
2007,4,2,2.07058823529412,-0.0588235294117647,97,2008,2
2007,4,3,2.07058823529412,-0.0588235294117647,97,2008,3
2007,4,4,2.07058823529412,-0.0588235294117647,97,2008,4
2008,1,1,2.6,0,97,2008,2
2008,1,2,2.6,0,97,2008,3
2008,1,3,2.6,0,97,2008,4
2008,1,4,2.6,0,97,2009,1
2008,1,5,2.6,0,97,2009,2
2008,1,6,2.6,0,97,2009,3
2008,1,7,2.6,0,97,2009,4
2008,2,1,2.2,0,97,2008,3
2008,2,2,2.2,0,97,2008,4
2008,2,3,2.2,0,97,2009,1
2008,2,4,2.2,0,97,2009,2
2008,2,5,2.2,0,97,2009,3
2008,2,6,2.2,0,97,2009,4
2008,3,1,1.1,0,97,2008,4
2008,3,2,1.1,0,97,2009,1
2008,3,3,1.1,0,97,2009,2
2008,3,4,1.1,0,97,2009,3
2008,3,5,1.1,0,97,2009,4
2009,1,1,1.6,0,97,2009,2
2009,1,2,1.6,0,97,2009,3
2009,1,3,1.6,0,97,2009,4
2009,1,4,1.6,0,97,2010,1
2009,1,5,1.6,0,97,2010,2
2009,1,6,1.6,0,97,2010,3
2009,1,7,1.6,0,97,2010,4
2009,3,1,1.2,0,97,2009,4
2009,3,2,1.2,0,97,2010,1
2009,3,3,1.2,0,97,2010,2
2009,3,4,1.2,0,97,2010,3
2009,3,5,1.2,0,97,2010,4
2009,4,1,2.34117647058824,-0.0588235294117647,97,2010,1
2009,4,2,2.34117647058824,-0.0588235294117647,97,2010,2
2009,4,3,2.34117647058824,-0.0588235294117647,97,2010,3
2009,4,4,2.34117647058824,-0.0588235294117647,97,2010,4
2010,1,1,2.6,0,97,2010,2
2010,1,2,2.6,0,97,2010,3
2010,1,3,2.6,0,97,2010,4
2010,1,4,2.6,0,97,2011,1
2010,1,5,2.6,0,97,2011,2
2010,1,6,2.6,0,97,2011,3
2010,1,7,2.6,0,97,2011,4
2010,2,1,2.6,0,97,2010,3
2010,2,2,2.6,0,97,2010,4
2010,2,3,2.6,0,97,2011,1
2010,2,4,2.6,0,97,2011,2
2010,2,5,2.6,0,97,2011,3
2010,2,6,2.6,0,97,2011,4
2010,3,1,1.8,0,97,2010,4
2010,3,2,1.8,0,97,2011,1
2010,3,3,1.8,0,97,2011,2
2010,3,4,1.8,0,97,2011,3
2010,3,5,1.8,0,97,2011,4
2010,4,1,1.38823529411765,-0.0588235294117647,97,2011,1
2010,4,2,1.38823529411765,-0.0588235294117647,97,2011,2
2010,4,3,1.38823529411765,-0.0588235294117647,97,2011,3
2010,4,4,1.38823529411765,-0.0588235294117647,97,2011,4
2011,1,1,2,0,97,2011,2
2011,1,2,2,0,97,2011,3
2011,1,3,2,0,97,2011,4
2011,1,4,2,0,97,2012,1
2011,1,5,2,0,97,2012,2
2011,1,6,2,0,97,2012,3
2011,1,7,2,0,97,2012,4
2011,2,1,1.6,0,97,2011,3
2011,2,2,1.6,0,97,2011,4
2011,2,3,1.6,0,97,2012,1
2011,2,4,1.6,0,97,2012,2
2011,2,5,1.6,0,97,2012,3
2011,2,6,1.6,0,97,2012,4
2015,1,1,1.323189819,0,97,2015,2
2015,1,2,1.323189819,0,97,2015,3
2015,1,3,1.323189819,0,97,2015,4
2015,1,4,1.323189819,0,97,2016,1
2015,1,5,1.323189819,0,97,2016,2
2015,1,6,1.323189819,0,97,2016,3
2015,1,7,1.323189819,0,97,2016,4
2015,4,1,1.91764705882353,-0.0588235294117647,97,2016,1
2015,4,2,1.91764705882353,-0.0588235294117647,97,2016,2
2015,4,3,1.91764705882353,-0.0588235294117647,97,2016,3
2015,4,4,1.91764705882353,-0.0588235294117647,97,2016,4
2017,2,1,1.5,0,97,2017,3
2017,2,2,1.5,0,97,2017,4
2017,2,3,1.5,0,97,2018,1
2017,2,4,1.5,0,97,2018,2
2017,2,5,1.5,0,97,2018,3
2017,2,6,1.5,0,97,2018,4
2017,3,1,1.6,0,97,2017,4
2017,3,2,1.6,0,97,2018,1
2017,3,3,1.6,0,97,2018,2
2017,3,4,1.6,0,97,2018,3
2017,3,5,1.6,0,97,2018,4
2017,4,1,1.67647058823529,-0.0588235294117647,97,2018,1
2017,4,2,1.67647058823529,-0.0588235294117647,97,2018,2
2017,4,3,1.67647058823529,-0.0588235294117647,97,2018,3
2017,4,4,1.67647058823529,-0.0588235294117647,97,2018,4
2018,2,1,1.9,0,97,2018,3
2018,2,2,1.9,0,97,2018,4
2018,2,3,1.9,0,97,2019,1
2018,2,4,1.9,0,97,2019,2
2018,2,5,1.9,0,97,2019,3
2018,2,6,1.9,0,97,2019,4
2018,3,1,1.7,0,97,2018,4
2018,3,2,1.7,0,97,2019,1
2018,3,3,1.7,0,97,2019,2
2018,3,4,1.7,0,97,2019,3
2018,3,5,1.7,0,97,2019,4
2018,4,1,1.47647058823529,-0.0588235294117647,97,2019,1
2018,4,2,1.47647058823529,-0.0588235294117647,97,2019,2
2018,4,3,1.47647058823529,-0.0588235294117647,97,2019,3
2018,4,4,1.47647058823529,-0.0588235294117647,97,2019,4
2019,1,1,1.5,0,97,2019,2
2019,1,2,1.5,0,97,2019,3
2019,1,3,1.5,0,97,2019,4
2019,1,4,1.5,0,97,2020,1
2019,1,5,1.5,0,97,2020,2
2019,1,6,1.5,0,97,2020,3
2019,1,7,1.5,0,97,2020,4
2019,2,1,1.4975777216,0,97,2019,3
2019,2,2,1.4975777216,0,97,2019,4
2019,2,3,1.4975777216,0,97,2020,1
2019,2,4,1.4975777216,0,97,2020,2
2019,2,5,1.4975777216,0,97,2020,3
2019,2,6,1.4975777216,0,97,2020,4
2019,3,1,1.2,0,97,2019,4
2019,3,2,1.2,0,97,2020,1
2019,3,3,1.2,0,97,2020,2
2019,3,4,1.2,0,97,2020,3
2019,3,5,1.2,0,97,2020,4
2019,4,1,0.994117647058824,-0.0588235294117647,97,2020,1
2019,4,2,0.994117647058824,-0.0588235294117647,97,2020,2
2019,4,3,0.994117647058824,-0.0588235294117647,97,2020,3
2019,4,4,0.994117647058824,-0.0588235294117647,97,2020,4
2020,1,1,1.1,0,97,2020,2
2020,1,2,1.1,0,97,2020,3
2020,1,3,1.1,0,97,2020,4
2020,1,4,1.1,0,97,2021,1
2020,1,5,1.1,0,97,2021,2
2020,1,6,1.1,0,97,2021,3
2020,1,7,1.1,0,97,2021,4
2020,2,1,8.3,0,97,2020,3
2020,2,2,8.3,0,97,2020,4
2020,2,3,8.3,0,97,2021,1
2020,2,4,8.3,0,97,2021,2
2020,2,5,8.3,0,97,2021,3
2020,2,6,8.3,0,97,2021,4
2020,3,1,4.6,0,97,2020,4
2020,3,2,4.6,0,97,2021,1
2020,3,3,4.6,0,97,2021,2
2020,3,4,4.6,0,97,2021,3
2020,3,5,4.6,0,97,2021,4
2020,4,1,4.45294117647059,-0.0588235294117647,97,2021,1
2020,4,2,4.45294117647059,-0.0588235294117647,97,2021,2
2020,4,3,4.45294117647059,-0.0588235294117647,97,2021,3
2020,4,4,4.45294117647059,-0.0588235294117647,97,2021,4
2021,1,1,2.7,0,97,2021,2
2021,1,2,2.7,0,97,2021,3
2021,1,3,2.7,0,97,2021,4
2021,1,4,2.7,0,97,2022,1
2021,1,5,2.7,0,97,2022,2
2021,1,6,2.7,0,97,2022,3
2021,1,7,2.7,0,97,2022,4
2021,2,1,3.5,0,97,2021,3
2021,2,2,3.5,0,97,2021,4
2021,2,3,3.5,0,97,2022,1
2021,2,4,3.5,0,97,2022,2
2021,2,5,3.5,0,97,2022,3
2021,2,6,3.5,0,97,2022,4
2021,3,1,3.5,0,97,2021,4
2021,3,2,3.5,0,97,2022,1
2021,3,3,3.5,0,97,2022,2
2021,3,4,3.5,0,97,2022,3
2021,3,5,3.5,0,97,2022,4
2021,4,1,3.63529411764706,-0.0588235294117647,97,2022,1
2021,4,2,3.63529411764706,-0.0588235294117647,97,2022,2
2021,4,3,3.63529411764706,-0.0588235294117647,97,2022,3
2021,4,4,3.63529411764706,-0.0588235294117647,97,2022,4
2022,1,1,2.1,0,97,2022,2
2022,1,2,2.1,0,97,2022,3
2022,1,3,2.1,0,97,2022,4
2022,1,4,2.1,0,97,2023,1
2022,1,5,2.1,0,97,2023,2
2022,1,6,2.1,0,97,2023,3
2022,1,7,2.1,0,97,2023,4
2022,2,1,1.7,0,97,2022,3
2022,2,2,1.7,0,97,2022,4
2022,2,3,1.7,0,97,2023,1
2022,2,4,1.7,0,97,2023,2
2022,2,5,1.7,0,97,2023,3
2022,2,6,1.7,0,97,2023,4
2022,3,1,1.3,0,97,2022,4
2022,3,2,1.3,0,97,2023,1
2022,3,3,1.3,0,97,2023,2
2022,3,4,1.3,0,97,2023,3
2022,3,5,1.3,0,97,2023,4
2022,4,1,0.141176470588235,-0.0588235294117647,97,2023,1
2022,4,2,0.141176470588235,-0.0588235294117647,97,2023,2
2022,4,3,0.141176470588235,-0.0588235294117647,97,2023,3
2022,4,4,0.141176470588235,-0.0588235294117647,97,2023,4
2023,1,1,0.9,0,97,2023,2
2023,1,2,0.9,0,97,2023,3
2023,1,3,0.9,0,97,2023,4
2023,1,4,0.9,0,97,2024,1
2023,1,5,0.9,0,97,2024,2
2023,1,6,0.9,0,97,2024,3
2023,1,7,0.9,0,97,2024,4
2023,2,1,0.8,0,97,2023,3
2023,2,2,0.8,0,97,2023,4
2023,2,3,0.8,0,97,2024,1
2023,2,4,0.8,0,97,2024,2
2023,2,5,0.8,0,97,2024,3
2023,2,6,0.8,0,97,2024,4
2023,3,1,0.8,0,97,2023,4
2023,3,2,0.8,0,97,2024,1
2023,3,3,0.8,0,97,2024,2
2023,3,4,0.8,0,97,2024,3
2023,3,5,0.8,0,97,2024,4
2023,4,1,0.5,-0.0588235294117647,97,2024,1
2023,4,2,0.5,-0.0588235294117647,97,2024,2
2023,4,3,0.5,-0.0588235294117647,97,2024,3
2023,4,4,0.5,-0.0588235294117647,97,2024,4
2024,1,1,1.1,0,97,2024,2
2024,1,2,1.1,0,97,2024,3
2024,1,3,1.1,0,97,2024,4
2024,1,4,1.1,0,97,2025,1
2024,1,5,1.1,0,97,2025,2
2024,1,6,1.1,0,97,2025,3
2024,1,7,1.1,0,97,2025,4
2024,2,1,1.1,0,97,2024,3
2024,2,2,1.1,0,97,2024,4
2024,2,3,1.1,0,97,2025,1
2024,2,4,1.1,0,97,2025,2
2024,2,5,1.1,0,97,2025,3
2024,2,6,1.1,0,97,2025,4
2024,3,1,1.1,0,97,2024,4
2024,3,2,1.1,0,97,2025,1
2024,3,3,1.1,0,97,2025,2
2024,3,4,1.1,0,97,2025,3
2024,3,5,1.1,0,97,2025,4
2024,4,1,1.12352941176471,-0.0588235294117647,97,2025,1
2024,4,2,1.12352941176471,-0.0588235294117647,97,2025,2
2024,4,3,1.12352941176471,-0.0588235294117647,97,2025,3
2024,4,4,1.12352941176471,-0.0588235294117647,97,2025,4
2004,3,1,2.2,0,98,2004,4
2004,3,2,2.2,0,98,2005,1
2004,3,3,2.2,0,98,2005,2
2004,3,4,2.2,0,98,2005,3
2004,3,5,2.2,0,98,2005,4
2004,4,1,1.8,-0.0588235294117647,98,2005,1
2004,4,2,1.8,-0.0588235294117647,98,2005,2
2004,4,3,1.8,-0.0588235294117647,98,2005,3
2004,4,4,1.8,-0.0588235294117647,98,2005,4
2005,1,1,2.1,0,98,2005,2
2005,1,2,2.1,0,98,2005,3
2005,1,3,2.1,0,98,2005,4
2005,1,4,2.1,0,98,2006,1
2005,1,5,2.1,0,98,2006,2
2005,1,6,2.1,0,98,2006,3
2005,1,7,2.1,0,98,2006,4
2005,2,1,2.2,0,98,2005,3
2005,2,2,2.2,0,98,2005,4
2005,2,3,2.2,0,98,2006,1
2005,2,4,2.2,0,98,2006,2
2005,2,5,2.2,0,98,2006,3
2005,2,6,2.2,0,98,2006,4
2005,3,1,2.3,0,98,2005,4
2005,3,2,2.3,0,98,2006,1
2005,3,3,2.3,0,98,2006,2
2005,3,4,2.3,0,98,2006,3
2005,3,5,2.3,0,98,2006,4
2006,4,1,1.96470588235294,-0.0588235294117647,98,2007,1
2006,4,2,1.96470588235294,-0.0588235294117647,98,2007,2
2006,4,3,1.96470588235294,-0.0588235294117647,98,2007,3
2006,4,4,1.96470588235294,-0.0588235294117647,98,2007,4
2007,1,1,2.2,0,98,2007,2
2007,1,2,2.2,0,98,2007,3
2007,1,3,2.2,0,98,2007,4
2007,1,4,2.2,0,98,2008,1
2007,1,5,2.2,0,98,2008,2
2007,1,6,2.2,0,98,2008,3
2007,1,7,2.2,0,98,2008,4
2007,2,1,2.3,0,98,2007,3
2007,2,2,2.3,0,98,2007,4
2007,2,3,2.3,0,98,2008,1
2007,2,4,2.3,0,98,2008,2
2007,2,5,2.3,0,98,2008,3
2007,2,6,2.3,0,98,2008,4
2007,3,1,2.2,0,98,2007,4
2007,3,2,2.2,0,98,2008,1
2007,3,3,2.2,0,98,2008,2
2007,3,4,2.2,0,98,2008,3
2007,3,5,2.2,0,98,2008,4
2007,4,1,2.07058823529412,-0.0588235294117647,98,2008,1
2007,4,2,2.07058823529412,-0.0588235294117647,98,2008,2
2007,4,3,2.07058823529412,-0.0588235294117647,98,2008,3
2007,4,4,2.07058823529412,-0.0588235294117647,98,2008,4
2008,1,1,2.2,0,98,2008,2
2008,1,2,2.2,0,98,2008,3
2008,1,3,2.2,0,98,2008,4
2008,1,4,2.2,0,98,2009,1
2008,1,5,2.2,0,98,2009,2
2008,1,6,2.2,0,98,2009,3
2008,1,7,2.2,0,98,2009,4
2008,3,1,1.8,0,98,2008,4
2008,3,2,1.8,0,98,2009,1
2008,3,3,1.8,0,98,2009,2
2008,3,4,1.8,0,98,2009,3
2008,3,5,1.8,0,98,2009,4
2008,4,1,0.264705882352941,-0.0588235294117647,98,2009,1
2008,4,2,0.264705882352941,-0.0588235294117647,98,2009,2
2008,4,3,0.264705882352941,-0.0588235294117647,98,2009,3
2008,4,4,0.264705882352941,-0.0588235294117647,98,2009,4
2009,1,1,0.8,0,98,2009,2
2009,1,2,0.8,0,98,2009,3
2009,1,3,0.8,0,98,2009,4
2009,1,4,0.8,0,98,2010,1
2009,1,5,0.8,0,98,2010,2
2009,1,6,0.8,0,98,2010,3
2009,1,7,0.8,0,98,2010,4
2009,2,1,-1,0,98,2009,3
2009,2,2,-1,0,98,2009,4
2009,2,3,-1,0,98,2010,1
2009,2,4,-1,0,98,2010,2
2009,2,5,-1,0,98,2010,3
2009,2,6,-1,0,98,2010,4
2009,3,1,-0.4,0,98,2009,4
2009,3,2,-0.4,0,98,2010,1
2009,3,3,-0.4,0,98,2010,2
2009,3,4,-0.4,0,98,2010,3
2009,3,5,-0.4,0,98,2010,4
2009,4,1,0.988235294117647,-0.0588235294117647,98,2010,1
2009,4,2,0.988235294117647,-0.0588235294117647,98,2010,2
2009,4,3,0.988235294117647,-0.0588235294117647,98,2010,3
2009,4,4,0.988235294117647,-0.0588235294117647,98,2010,4
2010,1,1,2.2,0,98,2010,2
2010,1,2,2.2,0,98,2010,3
2010,1,3,2.2,0,98,2010,4
2010,1,4,2.2,0,98,2011,1
2010,1,5,2.2,0,98,2011,2
2010,1,6,2.2,0,98,2011,3
2010,1,7,2.2,0,98,2011,4
2010,2,1,1.6,0,98,2010,3
2010,2,2,1.6,0,98,2010,4
2010,2,3,1.6,0,98,2011,1
2010,2,4,1.6,0,98,2011,2
2010,2,5,1.6,0,98,2011,3
2010,2,6,1.6,0,98,2011,4
2010,3,1,1.5,0,98,2010,4
2010,3,2,1.5,0,98,2011,1
2010,3,3,1.5,0,98,2011,2
2010,3,4,1.5,0,98,2011,3
2010,3,5,1.5,0,98,2011,4
2010,4,1,1.5,-0.0588235294117647,98,2011,1
2010,4,2,1.5,-0.0588235294117647,98,2011,2
2010,4,3,1.5,-0.0588235294117647,98,2011,3
2010,4,4,1.5,-0.0588235294117647,98,2011,4
2011,1,1,2.1,0,98,2011,2
2011,1,2,2.1,0,98,2011,3
2011,1,3,2.1,0,98,2011,4
2011,1,4,2.1,0,98,2012,1
2011,1,5,2.1,0,98,2012,2
2011,1,6,2.1,0,98,2012,3
2011,1,7,2.1,0,98,2012,4
2011,2,1,1.7,0,98,2011,3
2011,2,2,1.7,0,98,2011,4
2011,2,3,1.7,0,98,2012,1
2011,2,4,1.7,0,98,2012,2
2011,2,5,1.7,0,98,2012,3
2011,2,6,1.7,0,98,2012,4
2011,3,1,1.7,0,98,2011,4
2011,3,2,1.7,0,98,2012,1
2011,3,3,1.7,0,98,2012,2
2011,3,4,1.7,0,98,2012,3
2011,3,5,1.7,0,98,2012,4
2011,4,1,0.858823529411765,-0.0588235294117647,98,2012,1
2011,4,2,0.858823529411765,-0.0588235294117647,98,2012,2
2011,4,3,0.858823529411765,-0.0588235294117647,98,2012,3
2011,4,4,0.858823529411765,-0.0588235294117647,98,2012,4
2012,1,1,1.6,0,98,2012,2
2012,1,2,1.6,0,98,2012,3
2012,1,3,1.6,0,98,2012,4
2012,1,4,1.6,0,98,2013,1
2012,1,5,1.6,0,98,2013,2
2012,1,6,1.6,0,98,2013,3
2012,1,7,1.6,0,98,2013,4
2012,2,1,1.4,0,98,2012,3
2012,2,2,1.4,0,98,2012,4
2012,2,3,1.4,0,98,2013,1
2012,2,4,1.4,0,98,2013,2
2012,2,5,1.4,0,98,2013,3
2012,2,6,1.4,0,98,2013,4
2012,3,1,1,0,98,2012,4
2012,3,2,1,0,98,2013,1
2012,3,3,1,0,98,2013,2
2012,3,4,1,0,98,2013,3
2012,3,5,1,0,98,2013,4
2012,4,1,0.558823529411765,-0.0588235294117647,98,2013,1
2012,4,2,0.558823529411765,-0.0588235294117647,98,2013,2
2012,4,3,0.558823529411765,-0.0588235294117647,98,2013,3
2012,4,4,0.558823529411765,-0.0588235294117647,98,2013,4
2013,1,1,1.5,0,98,2013,2
2013,1,2,1.5,0,98,2013,3
2013,1,3,1.5,0,98,2013,4
2013,1,4,1.5,0,98,2014,1
2013,1,5,1.5,0,98,2014,2
2013,1,6,1.5,0,98,2014,3
2013,1,7,1.5,0,98,2014,4
2013,2,1,1,0,98,2013,3
2013,2,2,1,0,98,2013,4
2013,2,3,1,0,98,2014,1
2013,2,4,1,0,98,2014,2
2013,2,5,1,0,98,2014,3
2013,2,6,1,0,98,2014,4
2013,3,1,0.9,0,98,2013,4
2013,3,2,0.9,0,98,2014,1
2013,3,3,0.9,0,98,2014,2
2013,3,4,0.9,0,98,2014,3
2013,3,5,0.9,0,98,2014,4
2013,4,1,0.876470588235294,-0.0588235294117647,98,2014,1
2013,4,2,0.876470588235294,-0.0588235294117647,98,2014,2
2013,4,3,0.876470588235294,-0.0588235294117647,98,2014,3
2013,4,4,0.876470588235294,-0.0588235294117647,98,2014,4
2014,1,1,1.3,0,98,2014,2
2014,1,2,1.3,0,98,2014,3
2014,1,3,1.3,0,98,2014,4
2014,1,4,1.3,0,98,2015,1
2014,1,5,1.3,0,98,2015,2
2014,1,6,1.3,0,98,2015,3
2014,1,7,1.3,0,98,2015,4
2014,2,1,1.4,0,98,2014,3
2014,2,2,1.4,0,98,2014,4
2014,2,3,1.4,0,98,2015,1
2014,2,4,1.4,0,98,2015,2
2014,2,5,1.4,0,98,2015,3
2014,2,6,1.4,0,98,2015,4
2014,3,1,1.5,0,98,2014,4
2014,3,2,1.5,0,98,2015,1
2014,3,3,1.5,0,98,2015,2
2014,3,4,1.5,0,98,2015,3
2014,3,5,1.5,0,98,2015,4
2014,4,1,1.32941176470588,-0.0588235294117647,98,2015,1
2014,4,2,1.32941176470588,-0.0588235294117647,98,2015,2
2014,4,3,1.32941176470588,-0.0588235294117647,98,2015,3
2014,4,4,1.32941176470588,-0.0588235294117647,98,2015,4
2015,1,1,1.8,0,98,2015,2
2015,1,2,1.8,0,98,2015,3
2015,1,3,1.8,0,98,2015,4
2015,1,4,1.8,0,98,2016,1
2015,1,5,1.8,0,98,2016,2
2015,1,6,1.8,0,98,2016,3
2015,1,7,1.8,0,98,2016,4
2015,2,1,1.8,0,98,2015,3
2015,2,2,1.8,0,98,2015,4
2015,2,3,1.8,0,98,2016,1
2015,2,4,1.8,0,98,2016,2
2015,2,5,1.8,0,98,2016,3
2015,2,6,1.8,0,98,2016,4
2015,3,1,1.8,0,98,2015,4
2015,3,2,1.8,0,98,2016,1
2015,3,3,1.8,0,98,2016,2
2015,3,4,1.8,0,98,2016,3
2015,3,5,1.8,0,98,2016,4
2016,1,1,1.6,0,98,2016,2
2016,1,2,1.6,0,98,2016,3
2016,1,3,1.6,0,98,2016,4
2016,1,4,1.6,0,98,2017,1
2016,1,5,1.6,0,98,2017,2
2016,1,6,1.6,0,98,2017,3
2016,1,7,1.6,0,98,2017,4
2016,2,1,1.5,0,98,2016,3
2016,2,2,1.5,0,98,2016,4
2016,2,3,1.5,0,98,2017,1
2016,2,4,1.5,0,98,2017,2
2016,2,5,1.5,0,98,2017,3
2016,2,6,1.5,0,98,2017,4
2016,3,1,1.5,0,98,2016,4
2016,3,2,1.5,0,98,2017,1
2016,3,3,1.5,0,98,2017,2
2016,3,4,1.5,0,98,2017,3
2016,3,5,1.5,0,98,2017,4
2016,4,1,1.18235294117647,-0.0588235294117647,98,2017,1
2016,4,2,1.18235294117647,-0.0588235294117647,98,2017,2
2016,4,3,1.18235294117647,-0.0588235294117647,98,2017,3
2016,4,4,1.18235294117647,-0.0588235294117647,98,2017,4
2017,1,1,1.52,0,98,2017,2
2017,1,2,1.52,0,98,2017,3
2017,1,3,1.52,0,98,2017,4
2017,1,4,1.52,0,98,2018,1
2017,1,5,1.52,0,98,2018,2
2017,1,6,1.52,0,98,2018,3
2017,1,7,1.52,0,98,2018,4
2017,2,1,1.6,0,98,2017,3
2017,2,2,1.6,0,98,2017,4
2017,2,3,1.6,0,98,2018,1
2017,2,4,1.6,0,98,2018,2
2017,2,5,1.6,0,98,2018,3
2017,2,6,1.6,0,98,2018,4
2017,3,1,1.7,0,98,2017,4
2017,3,2,1.7,0,98,2018,1
2017,3,3,1.7,0,98,2018,2
2017,3,4,1.7,0,98,2018,3
2017,3,5,1.7,0,98,2018,4
2017,4,1,1.88823529411765,-0.0588235294117647,98,2018,1
2017,4,2,1.88823529411765,-0.0588235294117647,98,2018,2
2017,4,3,1.88823529411765,-0.0588235294117647,98,2018,3
2017,4,4,1.88823529411765,-0.0588235294117647,98,2018,4
2018,1,1,1.8,0,98,2018,2
2018,1,2,1.8,0,98,2018,3
2018,1,3,1.8,0,98,2018,4
2018,1,4,1.8,0,98,2019,1
2018,1,5,1.8,0,98,2019,2
2018,1,6,1.8,0,98,2019,3
2018,1,7,1.8,0,98,2019,4
2018,2,1,2,0,98,2018,3
2018,2,2,2,0,98,2018,4
2018,2,3,2,0,98,2019,1
2018,2,4,2,0,98,2019,2
2018,2,5,2,0,98,2019,3
2018,2,6,2,0,98,2019,4
2018,3,1,2,0,98,2018,4
2018,3,2,2,0,98,2019,1
2018,3,3,2,0,98,2019,2
2018,3,4,2,0,98,2019,3
2018,3,5,2,0,98,2019,4
2018,4,1,1.99411764705882,-0.0588235294117647,98,2019,1
2018,4,2,1.99411764705882,-0.0588235294117647,98,2019,2
2018,4,3,1.99411764705882,-0.0588235294117647,98,2019,3
2018,4,4,1.99411764705882,-0.0588235294117647,98,2019,4
2019,1,1,1.6,0,98,2019,2
2019,1,2,1.6,0,98,2019,3
2019,1,3,1.6,0,98,2019,4
2019,1,4,1.6,0,98,2020,1
2019,1,5,1.6,0,98,2020,2
2019,1,6,1.6,0,98,2020,3
2019,1,7,1.6,0,98,2020,4
2019,2,1,1.5,0,98,2019,3
2019,2,2,1.5,0,98,2019,4
2019,2,3,1.5,0,98,2020,1
2019,2,4,1.5,0,98,2020,2
2019,2,5,1.5,0,98,2020,3
2019,2,6,1.5,0,98,2020,4
2019,3,1,1.3,0,98,2019,4
2019,3,2,1.3,0,98,2020,1
2019,3,3,1.3,0,98,2020,2
2019,3,4,1.3,0,98,2020,3
2019,3,5,1.3,0,98,2020,4
2019,4,1,0.888235294117647,-0.0588235294117647,98,2020,1
2019,4,2,0.888235294117647,-0.0588235294117647,98,2020,2
2019,4,3,0.888235294117647,-0.0588235294117647,98,2020,3
2019,4,4,0.888235294117647,-0.0588235294117647,98,2020,4
2020,1,1,0.7,0,98,2020,2
2020,1,2,0.7,0,98,2020,3
2020,1,3,0.7,0,98,2020,4
2020,1,4,0.7,0,98,2021,1
2020,1,5,0.7,0,98,2021,2
2020,1,6,0.7,0,98,2021,3
2020,1,7,0.7,0,98,2021,4
2020,2,1,4.3,0,98,2020,3
2020,2,2,4.3,0,98,2020,4
2020,2,3,4.3,0,98,2021,1
2020,2,4,4.3,0,98,2021,2
2020,2,5,4.3,0,98,2021,3
2020,2,6,4.3,0,98,2021,4
2020,3,1,6.1,0,98,2020,4
2020,3,2,6.1,0,98,2021,1
2020,3,3,6.1,0,98,2021,2
2020,3,4,6.1,0,98,2021,3
2020,3,5,6.1,0,98,2021,4
2020,4,1,4.85882352941176,-0.0588235294117647,98,2021,1
2020,4,2,4.85882352941176,-0.0588235294117647,98,2021,2
2020,4,3,4.85882352941176,-0.0588235294117647,98,2021,3
2020,4,4,4.85882352941176,-0.0588235294117647,98,2021,4
2021,1,1,3.1,0,98,2021,2
2021,1,2,3.1,0,98,2021,3
2021,1,3,3.1,0,98,2021,4
2021,1,4,3.1,0,98,2022,1
2021,1,5,3.1,0,98,2022,2
2021,1,6,3.1,0,98,2022,3
2021,1,7,3.1,0,98,2022,4
2021,2,1,3.6,0,98,2021,3
2021,2,2,3.6,0,98,2021,4
2021,2,3,3.6,0,98,2022,1
2021,2,4,3.6,0,98,2022,2
2021,2,5,3.6,0,98,2022,3
2021,2,6,3.6,0,98,2022,4
2021,3,1,3.9,0,98,2021,4
2021,3,2,3.9,0,98,2022,1
2021,3,3,3.9,0,98,2022,2
2021,3,4,3.9,0,98,2022,3
2021,3,5,3.9,0,98,2022,4
2021,4,1,3.62941176470588,-0.0588235294117647,98,2022,1
2021,4,2,3.62941176470588,-0.0588235294117647,98,2022,2
2021,4,3,3.62941176470588,-0.0588235294117647,98,2022,3
2021,4,4,3.62941176470588,-0.0588235294117647,98,2022,4
2022,1,1,2.2,0,98,2022,2
2022,1,2,2.2,0,98,2022,3
2022,1,3,2.2,0,98,2022,4
2022,1,4,2.2,0,98,2023,1
2022,1,5,2.2,0,98,2023,2
2022,1,6,2.2,0,98,2023,3
2022,1,7,2.2,0,98,2023,4
2022,2,1,1.5,0,98,2022,3
2022,2,2,1.5,0,98,2022,4
2022,2,3,1.5,0,98,2023,1
2022,2,4,1.5,0,98,2023,2
2022,2,5,1.5,0,98,2023,3
2022,2,6,1.5,0,98,2023,4
2022,3,1,-0.1,0,98,2022,4
2022,3,2,-0.1,0,98,2023,1
2022,3,3,-0.1,0,98,2023,2
2022,3,4,-0.1,0,98,2023,3
2022,3,5,-0.1,0,98,2023,4
2022,4,1,-1.13529411764706,-0.0588235294117647,98,2023,1
2022,4,2,-1.13529411764706,-0.0588235294117647,98,2023,2
2022,4,3,-1.13529411764706,-0.0588235294117647,98,2023,3
2022,4,4,-1.13529411764706,-0.0588235294117647,98,2023,4
2023,1,1,1.2,0,98,2023,2
2023,1,2,1.2,0,98,2023,3
2023,1,3,1.2,0,98,2023,4
2023,1,4,1.2,0,98,2024,1
2023,1,5,1.2,0,98,2024,2
2023,1,6,1.2,0,98,2024,3
2023,1,7,1.2,0,98,2024,4
2023,2,1,0.9,0,98,2023,3
2023,2,2,0.9,0,98,2023,4
2023,2,3,0.9,0,98,2024,1
2023,2,4,0.9,0,98,2024,2
2023,2,5,0.9,0,98,2024,3
2023,2,6,0.9,0,98,2024,4
2023,3,1,1,0,98,2023,4
2023,3,2,1,0,98,2024,1
2023,3,3,1,0,98,2024,2
2023,3,4,1,0,98,2024,3
2023,3,5,1,0,98,2024,4
2023,4,1,0.5,-0.0588235294117647,98,2024,1
2023,4,2,0.5,-0.0588235294117647,98,2024,2
2023,4,3,0.5,-0.0588235294117647,98,2024,3
2023,4,4,0.5,-0.0588235294117647,98,2024,4
2024,1,1,1.3,0,98,2024,2
2024,1,2,1.3,0,98,2024,3
2024,1,3,1.3,0,98,2024,4
2024,1,4,1.3,0,98,2025,1
2024,1,5,1.3,0,98,2025,2
2024,1,6,1.3,0,98,2025,3
2024,1,7,1.3,0,98,2025,4
2024,2,1,1.4,0,98,2024,3
2024,2,2,1.4,0,98,2024,4
2024,2,3,1.4,0,98,2025,1
2024,2,4,1.4,0,98,2025,2
2024,2,5,1.4,0,98,2025,3
2024,2,6,1.4,0,98,2025,4
2024,3,1,1.4,0,98,2024,4
2024,3,2,1.4,0,98,2025,1
2024,3,3,1.4,0,98,2025,2
2024,3,4,1.4,0,98,2025,3
2024,3,5,1.4,0,98,2025,4
2024,4,1,1.33529411764706,-0.0588235294117647,98,2025,1
2024,4,2,1.33529411764706,-0.0588235294117647,98,2025,2
2024,4,3,1.33529411764706,-0.0588235294117647,98,2025,3
2024,4,4,1.33529411764706,-0.0588235294117647,98,2025,4
2004,3,1,2.4,0,99,2004,4
2004,3,2,2.4,0,99,2005,1
2004,3,3,2.4,0,99,2005,2
2004,3,4,2.4,0,99,2005,3
2004,3,5,2.4,0,99,2005,4
2004,4,1,2.01176470588235,-0.0588235294117647,99,2005,1
2004,4,2,2.01176470588235,-0.0588235294117647,99,2005,2
2004,4,3,2.01176470588235,-0.0588235294117647,99,2005,3
2004,4,4,2.01176470588235,-0.0588235294117647,99,2005,4
2005,1,1,2.5,0,99,2005,2
2005,1,2,2.5,0,99,2005,3
2005,1,3,2.5,0,99,2005,4
2005,1,4,2.5,0,99,2006,1
2005,1,5,2.5,0,99,2006,2
2005,1,6,2.5,0,99,2006,3
2005,1,7,2.5,0,99,2006,4
2005,2,1,2.3,0,99,2005,3
2005,2,2,2.3,0,99,2005,4
2005,2,3,2.3,0,99,2006,1
2005,2,4,2.3,0,99,2006,2
2005,2,5,2.3,0,99,2006,3
2005,2,6,2.3,0,99,2006,4
2005,4,1,1.72352941176471,-0.0588235294117647,99,2006,1
2005,4,2,1.72352941176471,-0.0588235294117647,99,2006,2
2005,4,3,1.72352941176471,-0.0588235294117647,99,2006,3
2005,4,4,1.72352941176471,-0.0588235294117647,99,2006,4
2006,1,1,2.5,0,99,2006,2
2006,1,2,2.5,0,99,2006,3
2006,1,3,2.5,0,99,2006,4
2006,1,4,2.5,0,99,2007,1
2006,1,5,2.5,0,99,2007,2
2006,1,6,2.5,0,99,2007,3
2006,1,7,2.5,0,99,2007,4
2006,3,1,1.9,0,99,2006,4
2006,3,2,1.9,0,99,2007,1
2006,3,3,1.9,0,99,2007,2
2006,3,4,1.9,0,99,2007,3
2006,3,5,1.9,0,99,2007,4
2006,4,1,1.86470588235294,-0.0588235294117647,99,2007,1
2006,4,2,1.86470588235294,-0.0588235294117647,99,2007,2
2006,4,3,1.86470588235294,-0.0588235294117647,99,2007,3
2006,4,4,1.86470588235294,-0.0588235294117647,99,2007,4
2007,1,1,2.5,0,99,2007,2
2007,1,2,2.5,0,99,2007,3
2007,1,3,2.5,0,99,2007,4
2007,1,4,2.5,0,99,2008,1
2007,1,5,2.5,0,99,2008,2
2007,1,6,2.5,0,99,2008,3
2007,1,7,2.5,0,99,2008,4
2007,2,1,2.5,0,99,2007,3
2007,2,2,2.5,0,99,2007,4
2007,2,3,2.5,0,99,2008,1
2007,2,4,2.5,0,99,2008,2
2007,2,5,2.5,0,99,2008,3
2007,2,6,2.5,0,99,2008,4
2007,3,1,2.1,0,99,2007,4
2007,3,2,2.1,0,99,2008,1
2007,3,3,2.1,0,99,2008,2
2007,3,4,2.1,0,99,2008,3
2007,3,5,2.1,0,99,2008,4
2007,4,1,2.07058823529412,-0.0588235294117647,99,2008,1
2007,4,2,2.07058823529412,-0.0588235294117647,99,2008,2
2007,4,3,2.07058823529412,-0.0588235294117647,99,2008,3
2007,4,4,2.07058823529412,-0.0588235294117647,99,2008,4
2008,1,1,2.1,0,99,2008,2
2008,1,2,2.1,0,99,2008,3
2008,1,3,2.1,0,99,2008,4
2008,1,4,2.1,0,99,2009,1
2008,1,5,2.1,0,99,2009,2
2008,1,6,2.1,0,99,2009,3
2008,1,7,2.1,0,99,2009,4
2008,2,1,1.9,0,99,2008,3
2008,2,2,1.9,0,99,2008,4
2008,2,3,1.9,0,99,2009,1
2008,2,4,1.9,0,99,2009,2
2008,2,5,1.9,0,99,2009,3
2008,2,6,1.9,0,99,2009,4
2009,1,1,1,0,99,2009,2
2009,1,2,1,0,99,2009,3
2009,1,3,1,0,99,2009,4
2009,1,4,1,0,99,2010,1
2009,1,5,1,0,99,2010,2
2009,1,6,1,0,99,2010,3
2009,1,7,1,0,99,2010,4
2009,3,1,0.8,0,99,2009,4
2009,3,2,0.8,0,99,2010,1
2009,3,3,0.8,0,99,2010,2
2009,3,4,0.8,0,99,2010,3
2009,3,5,0.8,0,99,2010,4
2009,4,1,1.91764705882353,-0.0588235294117647,99,2010,1
2009,4,2,1.91764705882353,-0.0588235294117647,99,2010,2
2009,4,3,1.91764705882353,-0.0588235294117647,99,2010,3
2009,4,4,1.91764705882353,-0.0588235294117647,99,2010,4
2010,1,1,2,0,99,2010,2
2010,1,2,2,0,99,2010,3
2010,1,3,2,0,99,2010,4
2010,1,4,2,0,99,2011,1
2010,1,5,2,0,99,2011,2
2010,1,6,2,0,99,2011,3
2010,1,7,2,0,99,2011,4
2010,2,1,2,0,99,2010,3
2010,2,2,2,0,99,2010,4
2010,2,3,2,0,99,2011,1
2010,2,4,2,0,99,2011,2
2010,2,5,2,0,99,2011,3
2010,2,6,2,0,99,2011,4
2010,3,1,1.5,0,99,2010,4
2010,3,2,1.5,0,99,2011,1
2010,3,3,1.5,0,99,2011,2
2010,3,4,1.5,0,99,2011,3
2010,3,5,1.5,0,99,2011,4
2010,4,1,1.5,-0.0588235294117647,99,2011,1
2010,4,2,1.5,-0.0588235294117647,99,2011,2
2010,4,3,1.5,-0.0588235294117647,99,2011,3
2010,4,4,1.5,-0.0588235294117647,99,2011,4
2011,1,1,1.7,0,99,2011,2
2011,1,2,1.7,0,99,2011,3
2011,1,3,1.7,0,99,2011,4
2011,1,4,1.7,0,99,2012,1
2011,1,5,1.7,0,99,2012,2
2011,1,6,1.7,0,99,2012,3
2011,1,7,1.7,0,99,2012,4
2011,2,1,1.7,0,99,2011,3
2011,2,2,1.7,0,99,2011,4
2011,2,3,1.7,0,99,2012,1
2011,2,4,1.7,0,99,2012,2
2011,2,5,1.7,0,99,2012,3
2011,2,6,1.7,0,99,2012,4
2011,3,1,1.7,0,99,2011,4
2011,3,2,1.7,0,99,2012,1
2011,3,3,1.7,0,99,2012,2
2011,3,4,1.7,0,99,2012,3
2011,3,5,1.7,0,99,2012,4
2011,4,1,0.435294117647059,-0.0588235294117647,99,2012,1
2011,4,2,0.435294117647059,-0.0588235294117647,99,2012,2
2011,4,3,0.435294117647059,-0.0588235294117647,99,2012,3
2011,4,4,0.435294117647059,-0.0588235294117647,99,2012,4
2012,1,1,1.2,0,99,2012,2
2012,1,2,1.2,0,99,2012,3
2012,1,3,1.2,0,99,2012,4
2012,1,4,1.2,0,99,2013,1
2012,1,5,1.2,0,99,2013,2
2012,1,6,1.2,0,99,2013,3
2012,1,7,1.2,0,99,2013,4
2012,2,1,0.7,0,99,2012,3
2012,2,2,0.7,0,99,2012,4
2012,2,3,0.7,0,99,2013,1
2012,2,4,0.7,0,99,2013,2
2012,2,5,0.7,0,99,2013,3
2012,2,6,0.7,0,99,2013,4
2012,4,1,0.241176470588235,-0.0588235294117647,99,2013,1
2012,4,2,0.241176470588235,-0.0588235294117647,99,2013,2
2012,4,3,0.241176470588235,-0.0588235294117647,99,2013,3
2012,4,4,0.241176470588235,-0.0588235294117647,99,2013,4
2013,1,1,1,0,99,2013,2
2013,1,2,1,0,99,2013,3
2013,1,3,1,0,99,2013,4
2013,1,4,1,0,99,2014,1
2013,1,5,1,0,99,2014,2
2013,1,6,1,0,99,2014,3
2013,1,7,1,0,99,2014,4
2013,3,1,1,0,99,2013,4
2013,3,2,1,0,99,2014,1
2013,3,3,1,0,99,2014,2
2013,3,4,1,0,99,2014,3
2013,3,5,1,0,99,2014,4
2013,4,1,1.18823529411765,-0.0588235294117647,99,2014,1
2013,4,2,1.18823529411765,-0.0588235294117647,99,2014,2
2013,4,3,1.18823529411765,-0.0588235294117647,99,2014,3
2013,4,4,1.18823529411765,-0.0588235294117647,99,2014,4
2014,1,1,1.4,0,99,2014,2
2014,1,2,1.4,0,99,2014,3
2014,1,3,1.4,0,99,2014,4
2014,1,4,1.4,0,99,2015,1
2014,1,5,1.4,0,99,2015,2
2014,1,6,1.4,0,99,2015,3
2014,1,7,1.4,0,99,2015,4
2014,3,1,1.4,0,99,2014,4
2014,3,2,1.4,0,99,2015,1
2014,3,3,1.4,0,99,2015,2
2014,3,4,1.4,0,99,2015,3
2014,3,5,1.4,0,99,2015,4
2014,4,1,1.11764705882353,-0.0588235294117647,99,2015,1
2014,4,2,1.11764705882353,-0.0588235294117647,99,2015,2
2014,4,3,1.11764705882353,-0.0588235294117647,99,2015,3
2014,4,4,1.11764705882353,-0.0588235294117647,99,2015,4
2015,2,1,1.9,0,99,2015,3
2015,2,2,1.9,0,99,2015,4
2015,2,3,1.9,0,99,2016,1
2015,2,4,1.9,0,99,2016,2
2015,2,5,1.9,0,99,2016,3
2015,2,6,1.9,0,99,2016,4
2015,3,1,1.7,0,99,2015,4
2015,3,2,1.7,0,99,2016,1
2015,3,3,1.7,0,99,2016,2
2015,3,4,1.7,0,99,2016,3
2015,3,5,1.7,0,99,2016,4
2015,4,1,1.71764705882353,-0.0588235294117647,99,2016,1
2015,4,2,1.71764705882353,-0.0588235294117647,99,2016,2
2015,4,3,1.71764705882353,-0.0588235294117647,99,2016,3
2015,4,4,1.71764705882353,-0.0588235294117647,99,2016,4
2016,1,1,1.7,0,99,2016,2
2016,1,2,1.7,0,99,2016,3
2016,1,3,1.7,0,99,2016,4
2016,1,4,1.7,0,99,2017,1
2016,1,5,1.7,0,99,2017,2
2016,1,6,1.7,0,99,2017,3
2016,1,7,1.7,0,99,2017,4
2016,2,1,1.7,0,99,2016,3
2016,2,2,1.7,0,99,2016,4
2016,2,3,1.7,0,99,2017,1
2016,2,4,1.7,0,99,2017,2
2016,2,5,1.7,0,99,2017,3
2016,2,6,1.7,0,99,2017,4
2016,3,1,1.3,0,99,2016,4
2016,3,2,1.3,0,99,2017,1
2016,3,3,1.3,0,99,2017,2
2016,3,4,1.3,0,99,2017,3
2016,3,5,1.3,0,99,2017,4
2016,4,1,1.6,-0.0588235294117647,99,2017,1
2016,4,2,1.6,-0.0588235294117647,99,2017,2
2016,4,3,1.6,-0.0588235294117647,99,2017,3
2016,4,4,1.6,-0.0588235294117647,99,2017,4
2017,1,1,1.6,0,99,2017,2
2017,1,2,1.6,0,99,2017,3
2017,1,3,1.6,0,99,2017,4
2017,1,4,1.6,0,99,2018,1
2017,1,5,1.6,0,99,2018,2
2017,1,6,1.6,0,99,2018,3
2017,1,7,1.6,0,99,2018,4
2017,2,1,1.6,0,99,2017,3
2017,2,2,1.6,0,99,2017,4
2017,2,3,1.6,0,99,2018,1
2017,2,4,1.6,0,99,2018,2
2017,2,5,1.6,0,99,2018,3
2017,2,6,1.6,0,99,2018,4
2017,3,1,2.1,0,99,2017,4
2017,3,2,2.1,0,99,2018,1
2017,3,3,2.1,0,99,2018,2
2017,3,4,2.1,0,99,2018,3
2017,3,5,2.1,0,99,2018,4
2017,4,1,2.2,-0.0588235294117647,99,2018,1
2017,4,2,2.2,-0.0588235294117647,99,2018,2
2017,4,3,2.2,-0.0588235294117647,99,2018,3
2017,4,4,2.2,-0.0588235294117647,99,2018,4
2018,1,1,2.2,0,99,2018,2
2018,1,2,2.2,0,99,2018,3
2018,1,3,2.2,0,99,2018,4
2018,1,4,2.2,0,99,2019,1
2018,1,5,2.2,0,99,2019,2
2018,1,6,2.2,0,99,2019,3
2018,1,7,2.2,0,99,2019,4
2018,2,1,2.2,0,99,2018,3
2018,2,2,2.2,0,99,2018,4
2018,2,3,2.2,0,99,2019,1
2018,2,4,2.2,0,99,2019,2
2018,2,5,2.2,0,99,2019,3
2018,2,6,2.2,0,99,2019,4
2018,3,1,2,0,99,2018,4
2018,3,2,2,0,99,2019,1
2018,3,3,2,0,99,2019,2
2018,3,4,2,0,99,2019,3
2018,3,5,2,0,99,2019,4
2018,4,1,1.78823529411765,-0.0588235294117647,99,2019,1
2018,4,2,1.78823529411765,-0.0588235294117647,99,2019,2
2018,4,3,1.78823529411765,-0.0588235294117647,99,2019,3
2018,4,4,1.78823529411765,-0.0588235294117647,99,2019,4
2019,1,1,1.5,0,99,2019,2
2019,1,2,1.5,0,99,2019,3
2019,1,3,1.5,0,99,2019,4
2019,1,4,1.5,0,99,2020,1
2019,1,5,1.5,0,99,2020,2
2019,1,6,1.5,0,99,2020,3
2019,1,7,1.5,0,99,2020,4
2019,2,1,1.5,0,99,2019,3
2019,2,2,1.5,0,99,2019,4
2019,2,3,1.5,0,99,2020,1
2019,2,4,1.5,0,99,2020,2
2019,2,5,1.5,0,99,2020,3
2019,2,6,1.5,0,99,2020,4
2019,3,1,1.5,0,99,2019,4
2019,3,2,1.5,0,99,2020,1
2019,3,3,1.5,0,99,2020,2
2019,3,4,1.5,0,99,2020,3
2019,3,5,1.5,0,99,2020,4
2019,4,1,1.2,-0.0588235294117647,99,2020,1
2019,4,2,1.2,-0.0588235294117647,99,2020,2
2019,4,3,1.2,-0.0588235294117647,99,2020,3
2019,4,4,1.2,-0.0588235294117647,99,2020,4
2020,1,1,1.4,0,99,2020,2
2020,1,2,1.4,0,99,2020,3
2020,1,3,1.4,0,99,2020,4
2020,1,4,1.4,0,99,2021,1
2020,1,5,1.4,0,99,2021,2
2020,1,6,1.4,0,99,2021,3
2020,1,7,1.4,0,99,2021,4
2020,2,1,3.7,0,99,2020,3
2020,2,2,3.7,0,99,2020,4
2020,2,3,3.7,0,99,2021,1
2020,2,4,3.7,0,99,2021,2
2020,2,5,3.7,0,99,2021,3
2020,2,6,3.7,0,99,2021,4
2020,3,1,5.4,0,99,2020,4
2020,3,2,5.4,0,99,2021,1
2020,3,3,5.4,0,99,2021,2
2020,3,4,5.4,0,99,2021,3
2020,3,5,5.4,0,99,2021,4
2020,4,1,6.04235294117647,-0.0588235294117647,99,2021,1
2020,4,2,6.04235294117647,-0.0588235294117647,99,2021,2
2020,4,3,6.04235294117647,-0.0588235294117647,99,2021,3
2020,4,4,6.04235294117647,-0.0588235294117647,99,2021,4
2021,1,1,4.4,0,99,2021,2
2021,1,2,4.4,0,99,2021,3
2021,1,3,4.4,0,99,2021,4
2021,1,4,4.4,0,99,2022,1
2021,1,5,4.4,0,99,2022,2
2021,1,6,4.4,0,99,2022,3
2021,1,7,4.4,0,99,2022,4
2021,2,1,4.34,0,99,2021,3
2021,2,2,4.34,0,99,2021,4
2021,2,3,4.34,0,99,2022,1
2021,2,4,4.34,0,99,2022,2
2021,2,5,4.34,0,99,2022,3
2021,2,6,4.34,0,99,2022,4
2021,3,1,4.75,0,99,2021,4
2021,3,2,4.75,0,99,2022,1
2021,3,3,4.75,0,99,2022,2
2021,3,4,4.75,0,99,2022,3
2021,3,5,4.75,0,99,2022,4
2021,4,1,3.92941176470588,-0.0588235294117647,99,2022,1
2021,4,2,3.92941176470588,-0.0588235294117647,99,2022,2
2021,4,3,3.92941176470588,-0.0588235294117647,99,2022,3
2021,4,4,3.92941176470588,-0.0588235294117647,99,2022,4
2022,1,1,3.3,0,99,2022,2
2022,1,2,3.3,0,99,2022,3
2022,1,3,3.3,0,99,2022,4
2022,1,4,3.3,0,99,2023,1
2022,1,5,3.3,0,99,2023,2
2022,1,6,3.3,0,99,2023,3
2022,1,7,3.3,0,99,2023,4
2022,2,1,2.4,0,99,2022,3
2022,2,2,2.4,0,99,2022,4
2022,2,3,2.4,0,99,2023,1
2022,2,4,2.4,0,99,2023,2
2022,2,5,2.4,0,99,2023,3
2022,2,6,2.4,0,99,2023,4
2022,3,1,1.5,0,99,2022,4
2022,3,2,1.5,0,99,2023,1
2022,3,3,1.5,0,99,2023,2
2022,3,4,1.5,0,99,2023,3
2022,3,5,1.5,0,99,2023,4
2022,4,1,0.352941176470588,-0.0588235294117647,99,2023,1
2022,4,2,0.352941176470588,-0.0588235294117647,99,2023,2
2022,4,3,0.352941176470588,-0.0588235294117647,99,2023,3
2022,4,4,0.352941176470588,-0.0588235294117647,99,2023,4
2023,1,1,1.8,0,99,2023,2
2023,1,2,1.8,0,99,2023,3
2023,1,3,1.8,0,99,2023,4
2023,1,4,1.8,0,99,2024,1
2023,1,5,1.8,0,99,2024,2
2023,1,6,1.8,0,99,2024,3
2023,1,7,1.8,0,99,2024,4
2023,2,1,1.3,0,99,2023,3
2023,2,2,1.3,0,99,2023,4
2023,2,3,1.3,0,99,2024,1
2023,2,4,1.3,0,99,2024,2
2023,2,5,1.3,0,99,2024,3
2023,2,6,1.3,0,99,2024,4
2023,3,1,1.4,0,99,2023,4
2023,3,2,1.4,0,99,2024,1
2023,3,3,1.4,0,99,2024,2
2023,3,4,1.4,0,99,2024,3
2023,3,5,1.4,0,99,2024,4
2023,4,1,1.13529411764706,-0.0588235294117647,99,2024,1
2023,4,2,1.13529411764706,-0.0588235294117647,99,2024,2
2023,4,3,1.13529411764706,-0.0588235294117647,99,2024,3
2023,4,4,1.13529411764706,-0.0588235294117647,99,2024,4
2024,1,1,1.2,0,99,2024,2
2024,1,2,1.2,0,99,2024,3
2024,1,3,1.2,0,99,2024,4
2024,1,4,1.2,0,99,2025,1
2024,1,5,1.2,0,99,2025,2
2024,1,6,1.2,0,99,2025,3
2024,1,7,1.2,0,99,2025,4
2024,2,1,1.2,0,99,2024,3
2024,2,2,1.2,0,99,2024,4
2024,2,3,1.2,0,99,2025,1
2024,2,4,1.2,0,99,2025,2
2024,2,5,1.2,0,99,2025,3
2024,2,6,1.2,0,99,2025,4
2024,3,1,1.2,0,99,2024,4
2024,3,2,1.2,0,99,2025,1
2024,3,3,1.2,0,99,2025,2
2024,3,4,1.2,0,99,2025,3
2024,3,5,1.2,0,99,2025,4
2024,4,1,1.33529411764706,-0.0588235294117647,99,2025,1
2024,4,2,1.33529411764706,-0.0588235294117647,99,2025,2
2024,4,3,1.33529411764706,-0.0588235294117647,99,2025,3
2024,4,4,1.33529411764706,-0.0588235294117647,99,2025,4
2006,1,1,2,0,100,2006,2
2006,1,2,2,0,100,2006,3
2006,1,3,2,0,100,2006,4
2006,1,4,2,0,100,2007,1
2006,1,5,2,0,100,2007,2
2006,1,6,2,0,100,2007,3
2006,1,7,2,0,100,2007,4
2006,2,1,2,0,100,2006,3
2006,2,2,2,0,100,2006,4
2006,2,3,2,0,100,2007,1
2006,2,4,2,0,100,2007,2
2006,2,5,2,0,100,2007,3
2006,2,6,2,0,100,2007,4
2006,3,1,2,0,100,2006,4
2006,3,2,2,0,100,2007,1
2006,3,3,2,0,100,2007,2
2006,3,4,2,0,100,2007,3
2006,3,5,2,0,100,2007,4
2006,4,1,2.06470588235294,-0.0588235294117647,100,2007,1
2006,4,2,2.06470588235294,-0.0588235294117647,100,2007,2
2006,4,3,2.06470588235294,-0.0588235294117647,100,2007,3
2006,4,4,2.06470588235294,-0.0588235294117647,100,2007,4
2007,1,1,2.2,0,100,2007,2
2007,1,2,2.2,0,100,2007,3
2007,1,3,2.2,0,100,2007,4
2007,1,4,2.2,0,100,2008,1
2007,1,5,2.2,0,100,2008,2
2007,1,6,2.2,0,100,2008,3
2007,1,7,2.2,0,100,2008,4
2007,2,1,2.2,0,100,2007,3
2007,2,2,2.2,0,100,2007,4
2007,2,3,2.2,0,100,2008,1
2007,2,4,2.2,0,100,2008,2
2007,2,5,2.2,0,100,2008,3
2007,2,6,2.2,0,100,2008,4
2007,3,1,2.4,0,100,2007,4
2007,3,2,2.4,0,100,2008,1
2007,3,3,2.4,0,100,2008,2
2007,3,4,2.4,0,100,2008,3
2007,3,5,2.4,0,100,2008,4
2008,2,1,2.1,0,100,2008,3
2008,2,2,2.1,0,100,2008,4
2008,2,3,2.1,0,100,2009,1
2008,2,4,2.1,0,100,2009,2
2008,2,5,2.1,0,100,2009,3
2008,2,6,2.1,0,100,2009,4
2008,3,1,1.8,0,100,2008,4
2008,3,2,1.8,0,100,2009,1
2008,3,3,1.8,0,100,2009,2
2008,3,4,1.8,0,100,2009,3
2008,3,5,1.8,0,100,2009,4
2008,4,1,0.670588235294118,-0.0588235294117647,100,2009,1
2008,4,2,0.670588235294118,-0.0588235294117647,100,2009,2
2008,4,3,0.670588235294118,-0.0588235294117647,100,2009,3
2008,4,4,0.670588235294118,-0.0588235294117647,100,2009,4
2009,1,1,0.9,0,100,2009,2
2009,1,2,0.9,0,100,2009,3
2009,1,3,0.9,0,100,2009,4
2009,1,4,0.9,0,100,2010,1
2009,1,5,0.9,0,100,2010,2
2009,1,6,0.9,0,100,2010,3
2009,1,7,0.9,0,100,2010,4
2006,4,1,1.97058823529412,-0.0588235294117647,58,2007,1
2006,4,2,1.97058823529412,-0.0588235294117647,58,2007,2
2006,4,3,1.97058823529412,-0.0588235294117647,58,2007,3
2006,4,4,1.97058823529412,-0.0588235294117647,58,2007,4
2007,1,1,1.8,0,58,2007,2
2007,1,2,1.8,0,58,2007,3
2007,1,3,1.8,0,58,2007,4
2007,1,4,1.8,0,58,2008,1
2007,1,5,1.8,0,58,2008,2
2007,1,6,1.8,0,58,2008,3
2007,1,7,1.8,0,58,2008,4
2007,2,1,1.8,0,58,2007,3
2007,2,2,1.8,0,58,2007,4
2007,2,3,1.8,0,58,2008,1
2007,2,4,1.8,0,58,2008,2
2007,2,5,1.8,0,58,2008,3
2007,2,6,1.8,0,58,2008,4
2008,1,1,2.3,0,58,2008,2
2008,1,2,2.3,0,58,2008,3
2008,1,3,2.3,0,58,2008,4
2008,1,4,2.3,0,58,2009,1
2008,1,5,2.3,0,58,2009,2
2008,1,6,2.3,0,58,2009,3
2008,1,7,2.3,0,58,2009,4
2008,3,1,1.3,0,58,2008,4
2008,3,2,1.3,0,58,2009,1
2008,3,3,1.3,0,58,2009,2
2008,3,4,1.3,0,58,2009,3
2008,3,5,1.3,0,58,2009,4
2008,4,1,0.0411764705882353,-0.0588235294117647,58,2009,1
2008,4,2,0.0411764705882353,-0.0588235294117647,58,2009,2
2008,4,3,0.0411764705882353,-0.0588235294117647,58,2009,3
2008,4,4,0.0411764705882353,-0.0588235294117647,58,2009,4
2009,1,1,-0.2,0,58,2009,2
2009,1,2,-0.2,0,58,2009,3
2009,1,3,-0.2,0,58,2009,4
2009,1,4,-0.2,0,58,2010,1
2009,1,5,-0.2,0,58,2010,2
2009,1,6,-0.2,0,58,2010,3
2009,1,7,-0.2,0,58,2010,4
2009,2,1,-1.5,0,58,2009,3
2009,2,2,-1.5,0,58,2009,4
2009,2,3,-1.5,0,58,2010,1
2009,2,4,-1.5,0,58,2010,2
2009,2,5,-1.5,0,58,2010,3
2009,2,6,-1.5,0,58,2010,4
2009,4,1,1.5,-0.0588235294117647,58,2010,1
2009,4,2,1.5,-0.0588235294117647,58,2010,2
2009,4,3,1.5,-0.0588235294117647,58,2010,3
2009,4,4,1.5,-0.0588235294117647,58,2010,4
2010,1,1,1.4,0,58,2010,2
2010,1,2,1.4,0,58,2010,3
2010,1,3,1.4,0,58,2010,4
2010,1,4,1.4,0,58,2011,1
2010,1,5,1.4,0,58,2011,2
2010,1,6,1.4,0,58,2011,3
2010,1,7,1.4,0,58,2011,4
2010,2,1,1.9,0,58,2010,3
2010,2,2,1.9,0,58,2010,4
2010,2,3,1.9,0,58,2011,1
2010,2,4,1.9,0,58,2011,2
2010,2,5,1.9,0,58,2011,3
2010,2,6,1.9,0,58,2011,4
2010,4,1,1.93529411764706,-0.0588235294117647,58,2011,1
2010,4,2,1.93529411764706,-0.0588235294117647,58,2011,2
2010,4,3,1.93529411764706,-0.0588235294117647,58,2011,3
2010,4,4,1.93529411764706,-0.0588235294117647,58,2011,4
2012,2,1,0.7,0,58,2012,3
2012,2,2,0.7,0,58,2012,4
2012,2,3,0.7,0,58,2013,1
2012,2,4,0.7,0,58,2013,2
2012,2,5,0.7,0,58,2013,3
2012,2,6,0.7,0,58,2013,4
2012,4,1,0.141176470588235,-0.0588235294117647,58,2013,1
2012,4,2,0.141176470588235,-0.0588235294117647,58,2013,2
2012,4,3,0.141176470588235,-0.0588235294117647,58,2013,3
2012,4,4,0.141176470588235,-0.0588235294117647,58,2013,4
2013,2,1,2.8,0,58,2013,3
2013,2,2,2.8,0,58,2013,4
2013,2,3,2.8,0,58,2014,1
2013,2,4,2.8,0,58,2014,2
2013,2,5,2.8,0,58,2014,3
2013,2,6,2.8,0,58,2014,4
2013,3,1,0.2,0,58,2013,4
2013,3,2,0.2,0,58,2014,1
2013,3,3,0.2,0,58,2014,2
2013,3,4,0.2,0,58,2014,3
2013,3,5,0.2,0,58,2014,4
2013,4,1,1.82941176470588,-0.0588235294117647,58,2014,1
2013,4,2,1.82941176470588,-0.0588235294117647,58,2014,2
2013,4,3,1.82941176470588,-0.0588235294117647,58,2014,3
2013,4,4,1.82941176470588,-0.0588235294117647,58,2014,4
2014,1,1,3.1,0,58,2014,2
2014,1,2,3.1,0,58,2014,3
2014,1,3,3.1,0,58,2014,4
2014,1,4,3.1,0,58,2015,1
2014,1,5,3.1,0,58,2015,2
2014,1,6,3.1,0,58,2015,3
2014,1,7,3.1,0,58,2015,4
2014,4,1,1.12352941176471,-0.0588235294117647,58,2015,1
2014,4,2,1.12352941176471,-0.0588235294117647,58,2015,2
2014,4,3,1.12352941176471,-0.0588235294117647,58,2015,3
2014,4,4,1.12352941176471,-0.0588235294117647,58,2015,4
2007,2,1,2.4,0,8,2007,3
2007,2,2,2.4,0,8,2007,4
2007,2,3,2.4,0,8,2008,1
2007,2,4,2.4,0,8,2008,2
2007,2,5,2.4,0,8,2008,3
2007,2,6,2.4,0,8,2008,4
2007,3,1,2.5,0,8,2007,4
2007,3,2,2.5,0,8,2008,1
2007,3,3,2.5,0,8,2008,2
2007,3,4,2.5,0,8,2008,3
2007,3,5,2.5,0,8,2008,4
2007,4,1,2.17058823529412,-0.0588235294117647,8,2008,1
2007,4,2,2.17058823529412,-0.0588235294117647,8,2008,2
2007,4,3,2.17058823529412,-0.0588235294117647,8,2008,3
2007,4,4,2.17058823529412,-0.0588235294117647,8,2008,4
2008,2,1,1.4,0,8,2008,3
2008,2,2,1.4,0,8,2008,4
2008,2,3,1.4,0,8,2009,1
2008,2,4,1.4,0,8,2009,2
2008,2,5,1.4,0,8,2009,3
2008,2,6,1.4,0,8,2009,4
2008,3,1,1,0,8,2008,4
2008,3,2,1,0,8,2009,1
2008,3,3,1,0,8,2009,2
2008,3,4,1,0,8,2009,3
2008,3,5,1,0,8,2009,4
2008,4,1,0.247058823529412,-0.0588235294117647,8,2009,1
2008,4,2,0.247058823529412,-0.0588235294117647,8,2009,2
2008,4,3,0.247058823529412,-0.0588235294117647,8,2009,3
2008,4,4,0.247058823529412,-0.0588235294117647,8,2009,4
2009,1,1,0.8,0,8,2009,2
2009,1,2,0.8,0,8,2009,3
2009,1,3,0.8,0,8,2009,4
2009,1,4,0.8,0,8,2010,1
2009,1,5,0.8,0,8,2010,2
2009,1,6,0.8,0,8,2010,3
2009,1,7,0.8,0,8,2010,4
2009,2,1,0.1,0,8,2009,3
2009,2,2,0.1,0,8,2009,4
2009,2,3,0.1,0,8,2010,1
2009,2,4,0.1,0,8,2010,2
2009,2,5,0.1,0,8,2010,3
2009,2,6,0.1,0,8,2010,4
2009,3,1,0.1,0,8,2009,4
2009,3,2,0.1,0,8,2010,1
2009,3,3,0.1,0,8,2010,2
2009,3,4,0.1,0,8,2010,3
2009,3,5,0.1,0,8,2010,4
2009,4,1,1.08235294117647,-0.0588235294117647,8,2010,1
2009,4,2,1.08235294117647,-0.0588235294117647,8,2010,2
2009,4,3,1.08235294117647,-0.0588235294117647,8,2010,3
2009,4,4,1.08235294117647,-0.0588235294117647,8,2010,4
2010,1,1,1.3,0,8,2010,2
2010,1,2,1.3,0,8,2010,3
2010,1,3,1.3,0,8,2010,4
2010,1,4,1.3,0,8,2011,1
2010,1,5,1.3,0,8,2011,2
2010,1,6,1.3,0,8,2011,3
2010,1,7,1.3,0,8,2011,4
2010,2,1,1.3,0,8,2010,3
2010,2,2,1.3,0,8,2010,4
2010,2,3,1.3,0,8,2011,1
2010,2,4,1.3,0,8,2011,2
2010,2,5,1.3,0,8,2011,3
2010,2,6,1.3,0,8,2011,4
2010,3,1,1.3,0,8,2010,4
2010,3,2,1.3,0,8,2011,1
2010,3,3,1.3,0,8,2011,2
2010,3,4,1.3,0,8,2011,3
2010,3,5,1.3,0,8,2011,4
2010,4,1,1.28235294117647,-0.0588235294117647,8,2011,1
2010,4,2,1.28235294117647,-0.0588235294117647,8,2011,2
2010,4,3,1.28235294117647,-0.0588235294117647,8,2011,3
2010,4,4,1.28235294117647,-0.0588235294117647,8,2011,4
2011,1,1,1.6,0,8,2011,2
2011,1,2,1.6,0,8,2011,3
2011,1,3,1.6,0,8,2011,4
2011,1,4,1.6,0,8,2012,1
2011,1,5,1.6,0,8,2012,2
2011,1,6,1.6,0,8,2012,3
2011,1,7,1.6,0,8,2012,4
2011,2,1,1.6,0,8,2011,3
2011,2,2,1.6,0,8,2011,4
2011,2,3,1.6,0,8,2012,1
2011,2,4,1.6,0,8,2012,2
2011,2,5,1.6,0,8,2012,3
2011,2,6,1.6,0,8,2012,4
2011,3,1,1.7,0,8,2011,4
2011,3,2,1.7,0,8,2012,1
2011,3,3,1.7,0,8,2012,2
2011,3,4,1.7,0,8,2012,3
2011,3,5,1.7,0,8,2012,4
2011,4,1,0.752941176470588,-0.0588235294117647,8,2012,1
2011,4,2,0.752941176470588,-0.0588235294117647,8,2012,2
2011,4,3,0.752941176470588,-0.0588235294117647,8,2012,3
2011,4,4,0.752941176470588,-0.0588235294117647,8,2012,4
2012,1,1,1.6,0,8,2012,2
2012,1,2,1.6,0,8,2012,3
2012,1,3,1.6,0,8,2012,4
2012,1,4,1.6,0,8,2013,1
2012,1,5,1.6,0,8,2013,2
2012,1,6,1.6,0,8,2013,3
2012,1,7,1.6,0,8,2013,4
2012,2,1,1.6,0,8,2012,3
2012,2,2,1.6,0,8,2012,4
2012,2,3,1.6,0,8,2013,1
2012,2,4,1.6,0,8,2013,2
2012,2,5,1.6,0,8,2013,3
2012,2,6,1.6,0,8,2013,4
2012,3,1,0.6,0,8,2012,4
2012,3,2,0.6,0,8,2013,1
2012,3,3,0.6,0,8,2013,2
2012,3,4,0.6,0,8,2013,3
2012,3,5,0.6,0,8,2013,4
2012,4,1,0.347058823529412,-0.0588235294117647,8,2013,1
2012,4,2,0.347058823529412,-0.0588235294117647,8,2013,2
2012,4,3,0.347058823529412,-0.0588235294117647,8,2013,3
2012,4,4,0.347058823529412,-0.0588235294117647,8,2013,4
2013,1,1,1.2,0,8,2013,2
2013,1,2,1.2,0,8,2013,3
2013,1,3,1.2,0,8,2013,4
2013,1,4,1.2,0,8,2014,1
2013,1,5,1.2,0,8,2014,2
2013,1,6,1.2,0,8,2014,3
2013,1,7,1.2,0,8,2014,4
2013,2,1,1.2,0,8,2013,3
2013,2,2,1.2,0,8,2013,4
2013,2,3,1.2,0,8,2014,1
2013,2,4,1.2,0,8,2014,2
2013,2,5,1.2,0,8,2014,3
2013,2,6,1.2,0,8,2014,4
2013,3,1,1,0,8,2013,4
2013,3,2,1,0,8,2014,1
2013,3,3,1,0,8,2014,2
2013,3,4,1,0,8,2014,3
2013,3,5,1,0,8,2014,4
2013,4,1,1.07647058823529,-0.0588235294117647,8,2014,1
2013,4,2,1.07647058823529,-0.0588235294117647,8,2014,2
2013,4,3,1.07647058823529,-0.0588235294117647,8,2014,3
2013,4,4,1.07647058823529,-0.0588235294117647,8,2014,4
2014,1,1,1.8,0,8,2014,2
2014,1,2,1.8,0,8,2014,3
2014,1,3,1.8,0,8,2014,4
2014,1,4,1.8,0,8,2015,1
2014,1,5,1.8,0,8,2015,2
2014,1,6,1.8,0,8,2015,3
2014,1,7,1.8,0,8,2015,4
2015,2,1,1.8,0,8,2015,3
2015,2,2,1.8,0,8,2015,4
2015,2,3,1.8,0,8,2016,1
2015,2,4,1.8,0,8,2016,2
2015,2,5,1.8,0,8,2016,3
2015,2,6,1.8,0,8,2016,4
2015,4,1,1.81176470588235,-0.0588235294117647,8,2016,1
2015,4,2,1.81176470588235,-0.0588235294117647,8,2016,2
2015,4,3,1.81176470588235,-0.0588235294117647,8,2016,3
2015,4,4,1.81176470588235,-0.0588235294117647,8,2016,4
2016,2,1,1.6,0,8,2016,3
2016,2,2,1.6,0,8,2016,4
2016,2,3,1.6,0,8,2017,1
2016,2,4,1.6,0,8,2017,2
2016,2,5,1.6,0,8,2017,3
2016,2,6,1.6,0,8,2017,4
2017,3,1,1.6,0,8,2017,4
2017,3,2,1.6,0,8,2018,1
2017,3,3,1.6,0,8,2018,2
2017,3,4,1.6,0,8,2018,3
2017,3,5,1.6,0,8,2018,4
2020,1,1,1,0,8,2020,2
2020,1,2,1,0,8,2020,3
2020,1,3,1,0,8,2020,4
2020,1,4,1,0,8,2021,1
2020,1,5,1,0,8,2021,2
2020,1,6,1,0,8,2021,3
2020,1,7,1,0,8,2021,4
2020,2,1,10,0,8,2020,3
2020,2,2,10,0,8,2020,4
2020,2,3,10,0,8,2021,1
2020,2,4,10,0,8,2021,2
2020,2,5,10,0,8,2021,3
2020,2,6,10,0,8,2021,4
2020,4,1,5.76470588235294,-0.0588235294117647,8,2021,1
2020,4,2,5.76470588235294,-0.0588235294117647,8,2021,2
2020,4,3,5.76470588235294,-0.0588235294117647,8,2021,3
2020,4,4,5.76470588235294,-0.0588235294117647,8,2021,4
2021,2,1,4.4,0,8,2021,3
2021,2,2,4.4,0,8,2021,4
2021,2,3,4.4,0,8,2022,1
2021,2,4,4.4,0,8,2022,2
2021,2,5,4.4,0,8,2022,3
2021,2,6,4.4,0,8,2022,4
2022,1,1,2.9,0,8,2022,2
2022,1,2,2.9,0,8,2022,3
2022,1,3,2.9,0,8,2022,4
2022,1,4,2.9,0,8,2023,1
2022,1,5,2.9,0,8,2023,2
2022,1,6,2.9,0,8,2023,3
2022,1,7,2.9,0,8,2023,4
2022,3,1,1.3,0,8,2022,4
2022,3,2,1.3,0,8,2023,1
2022,3,3,1.3,0,8,2023,2
2022,3,4,1.3,0,8,2023,3
2022,3,5,1.3,0,8,2023,4
2022,4,1,0.0294117647058824,-0.0588235294117647,8,2023,1
2022,4,2,0.0294117647058824,-0.0588235294117647,8,2023,2
2022,4,3,0.0294117647058824,-0.0588235294117647,8,2023,3
2022,4,4,0.0294117647058824,-0.0588235294117647,8,2023,4
2023,2,1,1,0,8,2023,3
2023,2,2,1,0,8,2023,4
2023,2,3,1,0,8,2024,1
2023,2,4,1,0,8,2024,2
2023,2,5,1,0,8,2024,3
2023,2,6,1,0,8,2024,4
2023,4,1,0.605882352941176,-0.0588235294117647,8,2024,1
2023,4,2,0.605882352941176,-0.0588235294117647,8,2024,2
2023,4,3,0.605882352941176,-0.0588235294117647,8,2024,3
2023,4,4,0.605882352941176,-0.0588235294117647,8,2024,4
2024,2,1,1.2,0,8,2024,3
2024,2,2,1.2,0,8,2024,4
2024,2,3,1.2,0,8,2025,1
2024,2,4,1.2,0,8,2025,2
2024,2,5,1.2,0,8,2025,3
2024,2,6,1.2,0,8,2025,4
2024,3,1,1.2,0,8,2024,4
2024,3,2,1.2,0,8,2025,1
2024,3,3,1.2,0,8,2025,2
2024,3,4,1.2,0,8,2025,3
2024,3,5,1.2,0,8,2025,4
2024,4,1,1.12352941176471,-0.0588235294117647,8,2025,1
2024,4,2,1.12352941176471,-0.0588235294117647,8,2025,2
2024,4,3,1.12352941176471,-0.0588235294117647,8,2025,3
2024,4,4,1.12352941176471,-0.0588235294117647,8,2025,4
2008,2,1,1.5,0,101,2008,3
2008,2,2,1.5,0,101,2008,4
2008,2,3,1.5,0,101,2009,1
2008,2,4,1.5,0,101,2009,2
2008,2,5,1.5,0,101,2009,3
2008,2,6,1.5,0,101,2009,4
2008,3,1,1.3,0,101,2008,4
2008,3,2,1.3,0,101,2009,1
2008,3,3,1.3,0,101,2009,2
2008,3,4,1.3,0,101,2009,3
2008,3,5,1.3,0,101,2009,4
2008,4,1,0.770588235294118,-0.0588235294117647,101,2009,1
2008,4,2,0.770588235294118,-0.0588235294117647,101,2009,2
2008,4,3,0.770588235294118,-0.0588235294117647,101,2009,3
2008,4,4,0.770588235294118,-0.0588235294117647,101,2009,4
2009,1,1,1.6,0,101,2009,2
2009,1,2,1.6,0,101,2009,3
2009,1,3,1.6,0,101,2009,4
2009,1,4,1.6,0,101,2010,1
2009,1,5,1.6,0,101,2010,2
2009,1,6,1.6,0,101,2010,3
2009,1,7,1.6,0,101,2010,4
2009,2,1,1.2,0,101,2009,3
2009,2,2,1.2,0,101,2009,4
2009,2,3,1.2,0,101,2010,1
2009,2,4,1.2,0,101,2010,2
2009,2,5,1.2,0,101,2010,3
2009,2,6,1.2,0,101,2010,4
2009,3,1,1.3,0,101,2009,4
2009,3,2,1.3,0,101,2010,1
2009,3,3,1.3,0,101,2010,2
2009,3,4,1.3,0,101,2010,3
2009,3,5,1.3,0,101,2010,4
2009,4,1,2.43529411764706,-0.0588235294117647,101,2010,1
2009,4,2,2.43529411764706,-0.0588235294117647,101,2010,2
2009,4,3,2.43529411764706,-0.0588235294117647,101,2010,3
2009,4,4,2.43529411764706,-0.0588235294117647,101,2010,4
2010,1,1,1.3,0,101,2010,2
2010,1,2,1.3,0,101,2010,3
2010,1,3,1.3,0,101,2010,4
2010,1,4,1.3,0,101,2011,1
2010,1,5,1.3,0,101,2011,2
2010,1,6,1.3,0,101,2011,3
2010,1,7,1.3,0,101,2011,4
2010,2,1,1.4,0,101,2010,3
2010,2,2,1.4,0,101,2010,4
2010,2,3,1.4,0,101,2011,1
2010,2,4,1.4,0,101,2011,2
2010,2,5,1.4,0,101,2011,3
2010,2,6,1.4,0,101,2011,4
2010,3,1,1.2,0,101,2010,4
2010,3,2,1.2,0,101,2011,1
2010,3,3,1.2,0,101,2011,2
2010,3,4,1.2,0,101,2011,3
2010,3,5,1.2,0,101,2011,4
2010,4,1,1.38823529411765,-0.0588235294117647,101,2011,1
2010,4,2,1.38823529411765,-0.0588235294117647,101,2011,2
2010,4,3,1.38823529411765,-0.0588235294117647,101,2011,3
2010,4,4,1.38823529411765,-0.0588235294117647,101,2011,4
2011,1,1,2,0,101,2011,2
2011,1,2,2,0,101,2011,3
2011,1,3,2,0,101,2011,4
2011,1,4,2,0,101,2012,1
2011,1,5,2,0,101,2012,2
2011,1,6,2,0,101,2012,3
2011,1,7,2,0,101,2012,4
2011,2,1,1.6,0,101,2011,3
2011,2,2,1.6,0,101,2011,4
2011,2,3,1.6,0,101,2012,1
2011,2,4,1.6,0,101,2012,2
2011,2,5,1.6,0,101,2012,3
2011,2,6,1.6,0,101,2012,4
2011,3,1,1.6,0,101,2011,4
2011,3,2,1.6,0,101,2012,1
2011,3,3,1.6,0,101,2012,2
2011,3,4,1.6,0,101,2012,3
2011,3,5,1.6,0,101,2012,4
2011,4,1,1.17058823529412,-0.0588235294117647,101,2012,1
2011,4,2,1.17058823529412,-0.0588235294117647,101,2012,2
2011,4,3,1.17058823529412,-0.0588235294117647,101,2012,3
2011,4,4,1.17058823529412,-0.0588235294117647,101,2012,4
2012,3,1,0.5672606859,0,101,2012,4
2012,3,2,0.5672606859,0,101,2013,1
2012,3,3,0.5672606859,0,101,2013,2
2012,3,4,0.5672606859,0,101,2013,3
2012,3,5,0.5672606859,0,101,2013,4
2012,4,1,0.235294117647059,-0.0588235294117647,101,2013,1
2012,4,2,0.235294117647059,-0.0588235294117647,101,2013,2
2012,4,3,0.235294117647059,-0.0588235294117647,101,2013,3
2012,4,4,0.235294117647059,-0.0588235294117647,101,2013,4
2013,2,1,1,0,101,2013,3
2013,2,2,1,0,101,2013,4
2013,2,3,1,0,101,2014,1
2013,2,4,1,0,101,2014,2
2013,2,5,1,0,101,2014,3
2013,2,6,1,0,101,2014,4
2013,3,1,0.7686688058,0,101,2013,4
2013,3,2,0.7686688058,0,101,2014,1
2013,3,3,0.7686688058,0,101,2014,2
2013,3,4,0.7686688058,0,101,2014,3
2013,3,5,0.7686688058,0,101,2014,4
2013,4,1,0.870588235294118,-0.0588235294117647,101,2014,1
2013,4,2,0.870588235294118,-0.0588235294117647,101,2014,2
2013,4,3,0.870588235294118,-0.0588235294117647,101,2014,3
2013,4,4,0.870588235294118,-0.0588235294117647,101,2014,4
2014,1,1,1,0,101,2014,2
2014,1,2,1,0,101,2014,3
2014,1,3,1,0,101,2014,4
2014,1,4,1,0,101,2015,1
2014,1,5,1,0,101,2015,2
2014,1,6,1,0,101,2015,3
2014,1,7,1,0,101,2015,4
2014,2,1,1.4,0,101,2014,3
2014,2,2,1.4,0,101,2014,4
2014,2,3,1.4,0,101,2015,1
2014,2,4,1.4,0,101,2015,2
2014,2,5,1.4,0,101,2015,3
2014,2,6,1.4,0,101,2015,4
2014,4,1,1.32941176470588,-0.0588235294117647,101,2015,1
2014,4,2,1.32941176470588,-0.0588235294117647,101,2015,2
2014,4,3,1.32941176470588,-0.0588235294117647,101,2015,3
2014,4,4,1.32941176470588,-0.0588235294117647,101,2015,4
2015,1,1,1.5,0,101,2015,2
2015,1,2,1.5,0,101,2015,3
2015,1,3,1.5,0,101,2015,4
2015,1,4,1.5,0,101,2016,1
2015,1,5,1.5,0,101,2016,2
2015,1,6,1.5,0,101,2016,3
2015,1,7,1.5,0,101,2016,4
2015,2,1,1.7,0,101,2015,3
2015,2,2,1.7,0,101,2015,4
2015,2,3,1.7,0,101,2016,1
2015,2,4,1.7,0,101,2016,2
2015,2,5,1.7,0,101,2016,3
2015,2,6,1.7,0,101,2016,4
2015,3,1,1.6,0,101,2015,4
2015,3,2,1.6,0,101,2016,1
2015,3,3,1.6,0,101,2016,2
2015,3,4,1.6,0,101,2016,3
2015,3,5,1.6,0,101,2016,4
2015,4,1,1.5,-0.0588235294117647,101,2016,1
2015,4,2,1.5,-0.0588235294117647,101,2016,2
2015,4,3,1.5,-0.0588235294117647,101,2016,3
2015,4,4,1.5,-0.0588235294117647,101,2016,4
2016,1,1,1.5,0,101,2016,2
2016,1,2,1.5,0,101,2016,3
2016,1,3,1.5,0,101,2016,4
2016,1,4,1.5,0,101,2017,1
2016,1,5,1.5,0,101,2017,2
2016,1,6,1.5,0,101,2017,3
2016,1,7,1.5,0,101,2017,4
2016,2,1,1.4,0,101,2016,3
2016,2,2,1.4,0,101,2016,4
2016,2,3,1.4,0,101,2017,1
2016,2,4,1.4,0,101,2017,2
2016,2,5,1.4,0,101,2017,3
2016,2,6,1.4,0,101,2017,4
2016,3,1,1.2,0,101,2016,4
2016,3,2,1.2,0,101,2017,1
2016,3,3,1.2,0,101,2017,2
2016,3,4,1.2,0,101,2017,3
2016,3,5,1.2,0,101,2017,4
2016,4,1,1.38823529411765,-0.0588235294117647,101,2017,1
2016,4,2,1.38823529411765,-0.0588235294117647,101,2017,2
2016,4,3,1.38823529411765,-0.0588235294117647,101,2017,3
2016,4,4,1.38823529411765,-0.0588235294117647,101,2017,4
2017,1,1,1.3,0,101,2017,2
2017,1,2,1.3,0,101,2017,3
2017,1,3,1.3,0,101,2017,4
2017,1,4,1.3,0,101,2018,1
2017,1,5,1.3,0,101,2018,2
2017,1,6,1.3,0,101,2018,3
2017,1,7,1.3,0,101,2018,4
2017,2,1,1.5,0,101,2017,3
2017,2,2,1.5,0,101,2017,4
2017,2,3,1.5,0,101,2018,1
2017,2,4,1.5,0,101,2018,2
2017,2,5,1.5,0,101,2018,3
2017,2,6,1.5,0,101,2018,4
2017,3,1,1.7,0,101,2017,4
2017,3,2,1.7,0,101,2018,1
2017,3,3,1.7,0,101,2018,2
2017,3,4,1.7,0,101,2018,3
2017,3,5,1.7,0,101,2018,4
2017,4,1,1.78235294117647,-0.0588235294117647,101,2018,1
2017,4,2,1.78235294117647,-0.0588235294117647,101,2018,2
2017,4,3,1.78235294117647,-0.0588235294117647,101,2018,3
2017,4,4,1.78235294117647,-0.0588235294117647,101,2018,4
2018,1,1,1.8,0,101,2018,2
2018,1,2,1.8,0,101,2018,3
2018,1,3,1.8,0,101,2018,4
2018,1,4,1.8,0,101,2019,1
2018,1,5,1.8,0,101,2019,2
2018,1,6,1.8,0,101,2019,3
2018,1,7,1.8,0,101,2019,4
2018,2,1,1.7,0,101,2018,3
2018,2,2,1.7,0,101,2018,4
2018,2,3,1.7,0,101,2019,1
2018,2,4,1.7,0,101,2019,2
2018,2,5,1.7,0,101,2019,3
2018,2,6,1.7,0,101,2019,4
2018,3,1,1.7,0,101,2018,4
2018,3,2,1.7,0,101,2019,1
2018,3,3,1.7,0,101,2019,2
2018,3,4,1.7,0,101,2019,3
2018,3,5,1.7,0,101,2019,4
2018,4,1,1.57647058823529,-0.0588235294117647,101,2019,1
2018,4,2,1.57647058823529,-0.0588235294117647,101,2019,2
2018,4,3,1.57647058823529,-0.0588235294117647,101,2019,3
2018,4,4,1.57647058823529,-0.0588235294117647,101,2019,4
2019,1,1,1.3,0,101,2019,2
2019,1,2,1.3,0,101,2019,3
2019,1,3,1.3,0,101,2019,4
2019,1,4,1.3,0,101,2020,1
2019,1,5,1.3,0,101,2020,2
2019,1,6,1.3,0,101,2020,3
2019,1,7,1.3,0,101,2020,4
2019,2,1,1,0,101,2019,3
2019,2,2,1,0,101,2019,4
2019,2,3,1,0,101,2020,1
2019,2,4,1,0,101,2020,2
2019,2,5,1,0,101,2020,3
2019,2,6,1,0,101,2020,4
2019,3,1,1.2,0,101,2019,4
2019,3,2,1.2,0,101,2020,1
2019,3,3,1.2,0,101,2020,2
2019,3,4,1.2,0,101,2020,3
2019,3,5,1.2,0,101,2020,4
2019,4,1,0.994117647058824,-0.0588235294117647,101,2020,1
2019,4,2,0.994117647058824,-0.0588235294117647,101,2020,2
2019,4,3,0.994117647058824,-0.0588235294117647,101,2020,3
2019,4,4,0.994117647058824,-0.0588235294117647,101,2020,4
2020,1,1,1.1,0,101,2020,2
2020,1,2,1.1,0,101,2020,3
2020,1,3,1.1,0,101,2020,4
2020,1,4,1.1,0,101,2021,1
2020,1,5,1.1,0,101,2021,2
2020,1,6,1.1,0,101,2021,3
2020,1,7,1.1,0,101,2021,4
2020,2,1,3,0,101,2020,3
2020,2,2,3,0,101,2020,4
2020,2,3,3,0,101,2021,1
2020,2,4,3,0,101,2021,2
2020,2,5,3,0,101,2021,3
2020,2,6,3,0,101,2021,4
2020,3,1,6.4,0,101,2020,4
2020,3,2,6.4,0,101,2021,1
2020,3,3,6.4,0,101,2021,2
2020,3,4,6.4,0,101,2021,3
2020,3,5,6.4,0,101,2021,4
2020,4,1,6.15882352941177,-0.0588235294117647,101,2021,1
2020,4,2,6.15882352941177,-0.0588235294117647,101,2021,2
2020,4,3,6.15882352941177,-0.0588235294117647,101,2021,3
2020,4,4,6.15882352941177,-0.0588235294117647,101,2021,4
2021,1,1,3.5,0,101,2021,2
2021,1,2,3.5,0,101,2021,3
2021,1,3,3.5,0,101,2021,4
2021,1,4,3.5,0,101,2022,1
2021,1,5,3.5,0,101,2022,2
2021,1,6,3.5,0,101,2022,3
2021,1,7,3.5,0,101,2022,4
2021,2,1,4.1,0,101,2021,3
2021,2,2,4.1,0,101,2021,4
2021,2,3,4.1,0,101,2022,1
2021,2,4,4.1,0,101,2022,2
2021,2,5,4.1,0,101,2022,3
2021,2,6,4.1,0,101,2022,4
2021,3,1,4.2,0,101,2021,4
2021,3,2,4.2,0,101,2022,1
2021,3,3,4.2,0,101,2022,2
2021,3,4,4.2,0,101,2022,3
2021,3,5,4.2,0,101,2022,4
2021,4,1,3.83529411764706,-0.0588235294117647,101,2022,1
2021,4,2,3.83529411764706,-0.0588235294117647,101,2022,2
2021,4,3,3.83529411764706,-0.0588235294117647,101,2022,3
2021,4,4,3.83529411764706,-0.0588235294117647,101,2022,4
2022,1,1,1.4,0,101,2022,2
2022,1,2,1.4,0,101,2022,3
2022,1,3,1.4,0,101,2022,4
2022,1,4,1.4,0,101,2023,1
2022,1,5,1.4,0,101,2023,2
2022,1,6,1.4,0,101,2023,3
2022,1,7,1.4,0,101,2023,4
2022,2,1,0.8,0,101,2022,3
2022,2,2,0.8,0,101,2022,4
2022,2,3,0.8,0,101,2023,1
2022,2,4,0.8,0,101,2023,2
2022,2,5,0.8,0,101,2023,3
2022,2,6,0.8,0,101,2023,4
2022,3,1,0.5,0,101,2022,4
2022,3,2,0.5,0,101,2023,1
2022,3,3,0.5,0,101,2023,2
2022,3,4,0.5,0,101,2023,3
2022,3,5,0.5,0,101,2023,4
2022,4,1,-0.194117647058824,-0.0588235294117647,101,2023,1
2022,4,2,-0.194117647058824,-0.0588235294117647,101,2023,2
2022,4,3,-0.194117647058824,-0.0588235294117647,101,2023,3
2022,4,4,-0.194117647058824,-0.0588235294117647,101,2023,4
2023,1,1,0.5,0,101,2023,2
2023,1,2,0.5,0,101,2023,3
2023,1,3,0.5,0,101,2023,4
2023,1,4,0.5,0,101,2024,1
2023,1,5,0.5,0,101,2024,2
2023,1,6,0.5,0,101,2024,3
2023,1,7,0.5,0,101,2024,4
2023,2,1,1,0,101,2023,3
2023,2,2,1,0,101,2023,4
2023,2,3,1,0,101,2024,1
2023,2,4,1,0,101,2024,2
2023,2,5,1,0,101,2024,3
2023,2,6,1,0,101,2024,4
2023,3,1,0.9,0,101,2023,4
2023,3,2,0.9,0,101,2024,1
2023,3,3,0.9,0,101,2024,2
2023,3,4,0.9,0,101,2024,3
2023,3,5,0.9,0,101,2024,4
2023,4,1,0.394117647058824,-0.0588235294117647,101,2024,1
2023,4,2,0.394117647058824,-0.0588235294117647,101,2024,2
2023,4,3,0.394117647058824,-0.0588235294117647,101,2024,3
2023,4,4,0.394117647058824,-0.0588235294117647,101,2024,4
2024,1,1,1.2,0,101,2024,2
2024,1,2,1.2,0,101,2024,3
2024,1,3,1.2,0,101,2024,4
2024,1,4,1.2,0,101,2025,1
2024,1,5,1.2,0,101,2025,2
2024,1,6,1.2,0,101,2025,3
2024,1,7,1.2,0,101,2025,4
2024,2,1,1.3,0,101,2024,3
2024,2,2,1.3,0,101,2024,4
2024,2,3,1.3,0,101,2025,1
2024,2,4,1.3,0,101,2025,2
2024,2,5,1.3,0,101,2025,3
2024,2,6,1.3,0,101,2025,4
2024,3,1,1.4,0,101,2024,4
2024,3,2,1.4,0,101,2025,1
2024,3,3,1.4,0,101,2025,2
2024,3,4,1.4,0,101,2025,3
2024,3,5,1.4,0,101,2025,4
2024,4,1,1.11176470588235,-0.0588235294117647,101,2025,1
2024,4,2,1.11176470588235,-0.0588235294117647,101,2025,2
2024,4,3,1.11176470588235,-0.0588235294117647,101,2025,3
2024,4,4,1.11176470588235,-0.0588235294117647,101,2025,4
2008,2,1,1.1,0,102,2008,3
2008,2,2,1.1,0,102,2008,4
2008,2,3,1.1,0,102,2009,1
2008,2,4,1.1,0,102,2009,2
2008,2,5,1.1,0,102,2009,3
2008,2,6,1.1,0,102,2009,4
2008,3,1,0.4,0,102,2008,4
2008,3,2,0.4,0,102,2009,1
2008,3,3,0.4,0,102,2009,2
2008,3,4,0.4,0,102,2009,3
2008,3,5,0.4,0,102,2009,4
2009,2,1,0.7,0,102,2009,3
2009,2,2,0.7,0,102,2009,4
2009,2,3,0.7,0,102,2010,1
2009,2,4,0.7,0,102,2010,2
2009,2,5,0.7,0,102,2010,3
2009,2,6,0.7,0,102,2010,4
2009,4,1,1.07647058823529,-0.0588235294117647,102,2010,1
2009,4,2,1.07647058823529,-0.0588235294117647,102,2010,2
2009,4,3,1.07647058823529,-0.0588235294117647,102,2010,3
2009,4,4,1.07647058823529,-0.0588235294117647,102,2010,4
2010,1,1,1.2,0,102,2010,2
2010,1,2,1.2,0,102,2010,3
2010,1,3,1.2,0,102,2010,4
2010,1,4,1.2,0,102,2011,1
2010,1,5,1.2,0,102,2011,2
2010,1,6,1.2,0,102,2011,3
2010,1,7,1.2,0,102,2011,4
2010,2,1,1.1,0,102,2010,3
2010,2,2,1.1,0,102,2010,4
2010,2,3,1.1,0,102,2011,1
2010,2,4,1.1,0,102,2011,2
2010,2,5,1.1,0,102,2011,3
2010,2,6,1.1,0,102,2011,4
2010,3,1,1.1,0,102,2010,4
2010,3,2,1.1,0,102,2011,1
2010,3,3,1.1,0,102,2011,2
2010,3,4,1.1,0,102,2011,3
2010,3,5,1.1,0,102,2011,4
2010,4,1,1.17647058823529,-0.0588235294117647,102,2011,1
2010,4,2,1.17647058823529,-0.0588235294117647,102,2011,2
2010,4,3,1.17647058823529,-0.0588235294117647,102,2011,3
2010,4,4,1.17647058823529,-0.0588235294117647,102,2011,4
2011,1,1,1.4,0,102,2011,2
2011,1,2,1.4,0,102,2011,3
2011,1,3,1.4,0,102,2011,4
2011,1,4,1.4,0,102,2012,1
2011,1,5,1.4,0,102,2012,2
2011,1,6,1.4,0,102,2012,3
2011,1,7,1.4,0,102,2012,4
2011,2,1,1.4,0,102,2011,3
2011,2,2,1.4,0,102,2011,4
2011,2,3,1.4,0,102,2012,1
2011,2,4,1.4,0,102,2012,2
2011,2,5,1.4,0,102,2012,3
2011,2,6,1.4,0,102,2012,4
2011,3,1,1.5,0,102,2011,4
2011,3,2,1.5,0,102,2012,1
2011,3,3,1.5,0,102,2012,2
2011,3,4,1.5,0,102,2012,3
2011,3,5,1.5,0,102,2012,4
2011,4,1,1.06470588235294,-0.0588235294117647,102,2012,1
2011,4,2,1.06470588235294,-0.0588235294117647,102,2012,2
2011,4,3,1.06470588235294,-0.0588235294117647,102,2012,3
2011,4,4,1.06470588235294,-0.0588235294117647,102,2012,4
2012,1,1,0.8,0,102,2012,2
2012,1,2,0.8,0,102,2012,3
2012,1,3,0.8,0,102,2012,4
2012,1,4,0.8,0,102,2013,1
2012,1,5,0.8,0,102,2013,2
2012,1,6,0.8,0,102,2013,3
2012,1,7,0.8,0,102,2013,4
2012,2,1,0.5,0,102,2012,3
2012,2,2,0.5,0,102,2012,4
2012,2,3,0.5,0,102,2013,1
2012,2,4,0.5,0,102,2013,2
2012,2,5,0.5,0,102,2013,3
2012,2,6,0.5,0,102,2013,4
2013,3,1,0.4,0,102,2013,4
2013,3,2,0.4,0,102,2014,1
2013,3,3,0.4,0,102,2014,2
2013,3,4,0.4,0,102,2014,3
2013,3,5,0.4,0,102,2014,4
2014,1,1,1.2,0,102,2014,2
2014,1,2,1.2,0,102,2014,3
2014,1,3,1.2,0,102,2014,4
2014,1,4,1.2,0,102,2015,1
2014,1,5,1.2,0,102,2015,2
2014,1,6,1.2,0,102,2015,3
2014,1,7,1.2,0,102,2015,4
2014,2,1,1.2,0,102,2014,3
2014,2,2,1.2,0,102,2014,4
2014,2,3,1.2,0,102,2015,1
2014,2,4,1.2,0,102,2015,2
2014,2,5,1.2,0,102,2015,3
2014,2,6,1.2,0,102,2015,4
2014,3,1,1.3,0,102,2014,4
2014,3,2,1.3,0,102,2015,1
2014,3,3,1.3,0,102,2015,2
2014,3,4,1.3,0,102,2015,3
2014,3,5,1.3,0,102,2015,4
2014,4,1,1.01176470588235,-0.0588235294117647,102,2015,1
2014,4,2,1.01176470588235,-0.0588235294117647,102,2015,2
2014,4,3,1.01176470588235,-0.0588235294117647,102,2015,3
2014,4,4,1.01176470588235,-0.0588235294117647,102,2015,4
2015,1,1,1.5,0,102,2015,2
2015,1,2,1.5,0,102,2015,3
2015,1,3,1.5,0,102,2015,4
2015,1,4,1.5,0,102,2016,1
2015,1,5,1.5,0,102,2016,2
2015,1,6,1.5,0,102,2016,3
2015,1,7,1.5,0,102,2016,4
2015,2,1,1.5981623685,0,102,2015,3
2015,2,2,1.5981623685,0,102,2015,4
2015,2,3,1.5981623685,0,102,2016,1
2015,2,4,1.5981623685,0,102,2016,2
2015,2,5,1.5981623685,0,102,2016,3
2015,2,6,1.5981623685,0,102,2016,4
2015,3,1,1.6091837178,0,102,2015,4
2015,3,2,1.6091837178,0,102,2016,1
2015,3,3,1.6091837178,0,102,2016,2
2015,3,4,1.6091837178,0,102,2016,3
2015,3,5,1.6091837178,0,102,2016,4
2015,4,1,1.51176470588235,-0.0588235294117647,102,2016,1
2015,4,2,1.51176470588235,-0.0588235294117647,102,2016,2
2015,4,3,1.51176470588235,-0.0588235294117647,102,2016,3
2015,4,4,1.51176470588235,-0.0588235294117647,102,2016,4
2016,1,1,1.5,0,102,2016,2
2016,1,2,1.5,0,102,2016,3
2016,1,3,1.5,0,102,2016,4
2016,1,4,1.5,0,102,2017,1
2016,1,5,1.5,0,102,2017,2
2016,1,6,1.5,0,102,2017,3
2016,1,7,1.5,0,102,2017,4
2016,2,1,1.5,0,102,2016,3
2016,2,2,1.5,0,102,2016,4
2016,2,3,1.5,0,102,2017,1
2016,2,4,1.5,0,102,2017,2
2016,2,5,1.5,0,102,2017,3
2016,2,6,1.5,0,102,2017,4
2016,3,1,1.3,0,102,2016,4
2016,3,2,1.3,0,102,2017,1
2016,3,3,1.3,0,102,2017,2
2016,3,4,1.3,0,102,2017,3
2016,3,5,1.3,0,102,2017,4
2016,4,1,1.38823529411765,-0.0588235294117647,102,2017,1
2016,4,2,1.38823529411765,-0.0588235294117647,102,2017,2
2016,4,3,1.38823529411765,-0.0588235294117647,102,2017,3
2016,4,4,1.38823529411765,-0.0588235294117647,102,2017,4
2017,1,1,1.4,0,102,2017,2
2017,1,2,1.4,0,102,2017,3
2017,1,3,1.4,0,102,2017,4
2017,1,4,1.4,0,102,2018,1
2017,1,5,1.4,0,102,2018,2
2017,1,6,1.4,0,102,2018,3
2017,1,7,1.4,0,102,2018,4
2017,2,1,1.5,0,102,2017,3
2017,2,2,1.5,0,102,2017,4
2017,2,3,1.5,0,102,2018,1
2017,2,4,1.5,0,102,2018,2
2017,2,5,1.5,0,102,2018,3
2017,2,6,1.5,0,102,2018,4
2017,3,1,1.6,0,102,2017,4
2017,3,2,1.6,0,102,2018,1
2017,3,3,1.6,0,102,2018,2
2017,3,4,1.6,0,102,2018,3
2017,3,5,1.6,0,102,2018,4
2017,4,1,1.67058823529412,-0.0588235294117647,102,2018,1
2017,4,2,1.67058823529412,-0.0588235294117647,102,2018,2
2017,4,3,1.67058823529412,-0.0588235294117647,102,2018,3
2017,4,4,1.67058823529412,-0.0588235294117647,102,2018,4
2018,2,1,1.5,0,102,2018,3
2018,2,2,1.5,0,102,2018,4
2018,2,3,1.5,0,102,2019,1
2018,2,4,1.5,0,102,2019,2
2018,2,5,1.5,0,102,2019,3
2018,2,6,1.5,0,102,2019,4
2018,3,1,1.9,0,102,2018,4
2018,3,2,1.9,0,102,2019,1
2018,3,3,1.9,0,102,2019,2
2018,3,4,1.9,0,102,2019,3
2018,3,5,1.9,0,102,2019,4
2018,4,1,1.88823529411765,-0.0588235294117647,102,2019,1
2018,4,2,1.88823529411765,-0.0588235294117647,102,2019,2
2018,4,3,1.88823529411765,-0.0588235294117647,102,2019,3
2018,4,4,1.88823529411765,-0.0588235294117647,102,2019,4
2019,1,1,1.1,0,102,2019,2
2019,1,2,1.1,0,102,2019,3
2019,1,3,1.1,0,102,2019,4
2019,1,4,1.1,0,102,2020,1
2019,1,5,1.1,0,102,2020,2
2019,1,6,1.1,0,102,2020,3
2019,1,7,1.1,0,102,2020,4
2019,2,1,1.1,0,102,2019,3
2019,2,2,1.1,0,102,2019,4
2019,2,3,1.1,0,102,2020,1
2019,2,4,1.1,0,102,2020,2
2019,2,5,1.1,0,102,2020,3
2019,2,6,1.1,0,102,2020,4
2019,3,1,1.1,0,102,2019,4
2019,3,2,1.1,0,102,2020,1
2019,3,3,1.1,0,102,2020,2
2019,3,4,1.1,0,102,2020,3
2019,3,5,1.1,0,102,2020,4
2019,4,1,0.882352941176471,-0.0588235294117647,102,2020,1
2019,4,2,0.882352941176471,-0.0588235294117647,102,2020,2
2019,4,3,0.882352941176471,-0.0588235294117647,102,2020,3
2019,4,4,0.882352941176471,-0.0588235294117647,102,2020,4
2020,1,1,0.6,0,102,2020,2
2020,1,2,0.6,0,102,2020,3
2020,1,3,0.6,0,102,2020,4
2020,1,4,0.6,0,102,2021,1
2020,1,5,0.6,0,102,2021,2
2020,1,6,0.6,0,102,2021,3
2020,1,7,0.6,0,102,2021,4
2020,2,1,7.1,0,102,2020,3
2020,2,2,7.1,0,102,2020,4
2020,2,3,7.1,0,102,2021,1
2020,2,4,7.1,0,102,2021,2
2020,2,5,7.1,0,102,2021,3
2020,2,6,7.1,0,102,2021,4
2020,3,1,5.2,0,102,2020,4
2020,3,2,5.2,0,102,2021,1
2020,3,3,5.2,0,102,2021,2
2020,3,4,5.2,0,102,2021,3
2020,3,5,5.2,0,102,2021,4
2021,1,1,2.1,0,102,2021,2
2021,1,2,2.1,0,102,2021,3
2021,1,3,2.1,0,102,2021,4
2021,1,4,2.1,0,102,2022,1
2021,1,5,2.1,0,102,2022,2
2021,1,6,2.1,0,102,2022,3
2021,1,7,2.1,0,102,2022,4
2021,2,1,3.7,0,102,2021,3
2021,2,2,3.7,0,102,2021,4
2021,2,3,3.7,0,102,2022,1
2021,2,4,3.7,0,102,2022,2
2021,2,5,3.7,0,102,2022,3
2021,2,6,3.7,0,102,2022,4
2021,3,1,4.1,0,102,2021,4
2021,3,2,4.1,0,102,2022,1
2021,3,3,4.1,0,102,2022,2
2021,3,4,4.1,0,102,2022,3
2021,3,5,4.1,0,102,2022,4
2021,4,1,3.93529411764706,-0.0588235294117647,102,2022,1
2021,4,2,3.93529411764706,-0.0588235294117647,102,2022,2
2021,4,3,3.93529411764706,-0.0588235294117647,102,2022,3
2021,4,4,3.93529411764706,-0.0588235294117647,102,2022,4
2022,1,1,2.3,0,102,2022,2
2022,1,2,2.3,0,102,2022,3
2022,1,3,2.3,0,102,2022,4
2022,1,4,2.3,0,102,2023,1
2022,1,5,2.3,0,102,2023,2
2022,1,6,2.3,0,102,2023,3
2022,1,7,2.3,0,102,2023,4
2022,2,1,2.1094423893,0,102,2022,3
2022,2,2,2.1094423893,0,102,2022,4
2022,2,3,2.1094423893,0,102,2023,1
2022,2,4,2.1094423893,0,102,2023,2
2022,2,5,2.1094423893,0,102,2023,3
2022,2,6,2.1094423893,0,102,2023,4
2022,4,1,0.976470588235294,-0.0588235294117647,102,2023,1
2022,4,2,0.976470588235294,-0.0588235294117647,102,2023,2
2022,4,3,0.976470588235294,-0.0588235294117647,102,2023,3
2022,4,4,0.976470588235294,-0.0588235294117647,102,2023,4
2023,1,1,0.9712695,0,102,2023,2
2023,1,2,0.9712695,0,102,2023,3
2023,1,3,0.9712695,0,102,2023,4
2023,1,4,0.9712695,0,102,2024,1
2023,1,5,0.9712695,0,102,2024,2
2023,1,6,0.9712695,0,102,2024,3
2023,1,7,0.9712695,0,102,2024,4
2023,2,1,0.9,0,102,2023,3
2023,2,2,0.9,0,102,2023,4
2023,2,3,0.9,0,102,2024,1
2023,2,4,0.9,0,102,2024,2
2023,2,5,0.9,0,102,2024,3
2023,2,6,0.9,0,102,2024,4
2023,3,1,1.1,0,102,2023,4
2023,3,2,1.1,0,102,2024,1
2023,3,3,1.1,0,102,2024,2
2023,3,4,1.1,0,102,2024,3
2023,3,5,1.1,0,102,2024,4
2023,4,1,0.911764705882353,-0.0588235294117647,102,2024,1
2023,4,2,0.911764705882353,-0.0588235294117647,102,2024,2
2023,4,3,0.911764705882353,-0.0588235294117647,102,2024,3
2023,4,4,0.911764705882353,-0.0588235294117647,102,2024,4
2024,1,1,1.1,0,102,2024,2
2024,1,2,1.1,0,102,2024,3
2024,1,3,1.1,0,102,2024,4
2024,1,4,1.1,0,102,2025,1
2024,1,5,1.1,0,102,2025,2
2024,1,6,1.1,0,102,2025,3
2024,1,7,1.1,0,102,2025,4
2024,2,1,1.3,0,102,2024,3
2024,2,2,1.3,0,102,2024,4
2024,2,3,1.3,0,102,2025,1
2024,2,4,1.3,0,102,2025,2
2024,2,5,1.3,0,102,2025,3
2024,2,6,1.3,0,102,2025,4
2024,3,1,1.4,0,102,2024,4
2024,3,2,1.4,0,102,2025,1
2024,3,3,1.4,0,102,2025,2
2024,3,4,1.4,0,102,2025,3
2024,3,5,1.4,0,102,2025,4
2024,4,1,1.01764705882353,-0.0588235294117647,102,2025,1
2024,4,2,1.01764705882353,-0.0588235294117647,102,2025,2
2024,4,3,1.01764705882353,-0.0588235294117647,102,2025,3
2024,4,4,1.01764705882353,-0.0588235294117647,102,2025,4
2008,2,1,2,0,103,2008,3
2008,2,2,2,0,103,2008,4
2008,2,3,2,0,103,2009,1
2008,2,4,2,0,103,2009,2
2008,2,5,2,0,103,2009,3
2008,2,6,2,0,103,2009,4
2008,3,1,1.5,0,103,2008,4
2008,3,2,1.5,0,103,2009,1
2008,3,3,1.5,0,103,2009,2
2008,3,4,1.5,0,103,2009,3
2008,3,5,1.5,0,103,2009,4
2008,4,1,0.670588235294118,-0.0588235294117647,103,2009,1
2008,4,2,0.670588235294118,-0.0588235294117647,103,2009,2
2008,4,3,0.670588235294118,-0.0588235294117647,103,2009,3
2008,4,4,0.670588235294118,-0.0588235294117647,103,2009,4
2009,1,1,1.8,0,103,2009,2
2009,1,2,1.8,0,103,2009,3
2009,1,3,1.8,0,103,2009,4
2009,1,4,1.8,0,103,2010,1
2009,1,5,1.8,0,103,2010,2
2009,1,6,1.8,0,103,2010,3
2009,1,7,1.8,0,103,2010,4
2009,2,1,1.6,0,103,2009,3
2009,2,2,1.6,0,103,2009,4
2009,2,3,1.6,0,103,2010,1
2009,2,4,1.6,0,103,2010,2
2009,2,5,1.6,0,103,2010,3
2009,2,6,1.6,0,103,2010,4
2009,3,1,1.7,0,103,2009,4
2009,3,2,1.7,0,103,2010,1
2009,3,3,1.7,0,103,2010,2
2009,3,4,1.7,0,103,2010,3
2009,3,5,1.7,0,103,2010,4
2009,4,1,2.32941176470588,-0.0588235294117647,103,2010,1
2009,4,2,2.32941176470588,-0.0588235294117647,103,2010,2
2009,4,3,2.32941176470588,-0.0588235294117647,103,2010,3
2009,4,4,2.32941176470588,-0.0588235294117647,103,2010,4
2010,3,1,1.7,0,103,2010,4
2010,3,2,1.7,0,103,2011,1
2010,3,3,1.7,0,103,2011,2
2010,3,4,1.7,0,103,2011,3
2010,3,5,1.7,0,103,2011,4
2010,4,1,1.69411764705882,-0.0588235294117647,103,2011,1
2010,4,2,1.69411764705882,-0.0588235294117647,103,2011,2
2010,4,3,1.69411764705882,-0.0588235294117647,103,2011,3
2010,4,4,1.69411764705882,-0.0588235294117647,103,2011,4
2011,1,1,1.8,0,103,2011,2
2011,1,2,1.8,0,103,2011,3
2011,1,3,1.8,0,103,2011,4
2011,1,4,1.8,0,103,2012,1
2011,1,5,1.8,0,103,2012,2
2011,1,6,1.8,0,103,2012,3
2011,1,7,1.8,0,103,2012,4
2011,4,1,1.38235294117647,-0.0588235294117647,103,2012,1
2011,4,2,1.38235294117647,-0.0588235294117647,103,2012,2
2011,4,3,1.38235294117647,-0.0588235294117647,103,2012,3
2011,4,4,1.38235294117647,-0.0588235294117647,103,2012,4
2012,1,1,1.3,0,103,2012,2
2012,1,2,1.3,0,103,2012,3
2012,1,3,1.3,0,103,2012,4
2012,1,4,1.3,0,103,2013,1
2012,1,5,1.3,0,103,2013,2
2012,1,6,1.3,0,103,2013,3
2012,1,7,1.3,0,103,2013,4
2012,2,1,1.3,0,103,2012,3
2012,2,2,1.3,0,103,2012,4
2012,2,3,1.3,0,103,2013,1
2012,2,4,1.3,0,103,2013,2
2012,2,5,1.3,0,103,2013,3
2012,2,6,1.3,0,103,2013,4
2012,3,1,1.3,0,103,2012,4
2012,3,2,1.3,0,103,2013,1
2012,3,3,1.3,0,103,2013,2
2012,3,4,1.3,0,103,2013,3
2012,3,5,1.3,0,103,2013,4
2012,4,1,0.864705882352941,-0.0588235294117647,103,2013,1
2012,4,2,0.864705882352941,-0.0588235294117647,103,2013,2
2012,4,3,0.864705882352941,-0.0588235294117647,103,2013,3
2012,4,4,0.864705882352941,-0.0588235294117647,103,2013,4
2013,1,1,1.5,0,103,2013,2
2013,1,2,1.5,0,103,2013,3
2013,1,3,1.5,0,103,2013,4
2013,1,4,1.5,0,103,2014,1
2013,1,5,1.5,0,103,2014,2
2013,1,6,1.5,0,103,2014,3
2013,1,7,1.5,0,103,2014,4
2013,2,1,1.5,0,103,2013,3
2013,2,2,1.5,0,103,2013,4
2013,2,3,1.5,0,103,2014,1
2013,2,4,1.5,0,103,2014,2
2013,2,5,1.5,0,103,2014,3
2013,2,6,1.5,0,103,2014,4
2013,3,1,1.5,0,103,2013,4
2013,3,2,1.5,0,103,2014,1
2013,3,3,1.5,0,103,2014,2
2013,3,4,1.5,0,103,2014,3
2013,3,5,1.5,0,103,2014,4
2013,4,1,1.60588235294118,-0.0588235294117647,103,2014,1
2013,4,2,1.60588235294118,-0.0588235294117647,103,2014,2
2013,4,3,1.60588235294118,-0.0588235294117647,103,2014,3
2013,4,4,1.60588235294118,-0.0588235294117647,103,2014,4
2014,1,1,1.5,0,103,2014,2
2014,1,2,1.5,0,103,2014,3
2014,1,3,1.5,0,103,2014,4
2014,1,4,1.5,0,103,2015,1
2014,1,5,1.5,0,103,2015,2
2014,1,6,1.5,0,103,2015,3
2014,1,7,1.5,0,103,2015,4
2014,2,1,1.5,0,103,2014,3
2014,2,2,1.5,0,103,2014,4
2014,2,3,1.5,0,103,2015,1
2014,2,4,1.5,0,103,2015,2
2014,2,5,1.5,0,103,2015,3
2014,2,6,1.5,0,103,2015,4
2014,3,1,1.5,0,103,2014,4
2014,3,2,1.5,0,103,2015,1
2014,3,3,1.5,0,103,2015,2
2014,3,4,1.5,0,103,2015,3
2014,3,5,1.5,0,103,2015,4
2015,1,1,1.6,0,103,2015,2
2015,1,2,1.6,0,103,2015,3
2015,1,3,1.6,0,103,2015,4
2015,1,4,1.6,0,103,2016,1
2015,1,5,1.6,0,103,2016,2
2015,1,6,1.6,0,103,2016,3
2015,1,7,1.6,0,103,2016,4
2015,2,1,1.6,0,103,2015,3
2015,2,2,1.6,0,103,2015,4
2015,2,3,1.6,0,103,2016,1
2015,2,4,1.6,0,103,2016,2
2015,2,5,1.6,0,103,2016,3
2015,2,6,1.6,0,103,2016,4
2015,3,1,1.6,0,103,2015,4
2015,3,2,1.6,0,103,2016,1
2015,3,3,1.6,0,103,2016,2
2015,3,4,1.6,0,103,2016,3
2015,3,5,1.6,0,103,2016,4
2015,4,1,1.60588235294118,-0.0588235294117647,103,2016,1
2015,4,2,1.60588235294118,-0.0588235294117647,103,2016,2
2015,4,3,1.60588235294118,-0.0588235294117647,103,2016,3
2015,4,4,1.60588235294118,-0.0588235294117647,103,2016,4
2016,1,1,1.8,0,103,2016,2
2016,1,2,1.8,0,103,2016,3
2016,1,3,1.8,0,103,2016,4
2016,1,4,1.8,0,103,2017,1
2016,1,5,1.8,0,103,2017,2
2016,1,6,1.8,0,103,2017,3
2016,1,7,1.8,0,103,2017,4
2016,2,1,1.8,0,103,2016,3
2016,2,2,1.8,0,103,2016,4
2016,2,3,1.8,0,103,2017,1
2016,2,4,1.8,0,103,2017,2
2016,2,5,1.8,0,103,2017,3
2016,2,6,1.8,0,103,2017,4
2016,3,1,1.6,0,103,2016,4
2016,3,2,1.6,0,103,2017,1
2016,3,3,1.6,0,103,2017,2
2016,3,4,1.6,0,103,2017,3
2016,3,5,1.6,0,103,2017,4
2016,4,1,1.60588235294118,-0.0588235294117647,103,2017,1
2016,4,2,1.60588235294118,-0.0588235294117647,103,2017,2
2016,4,3,1.60588235294118,-0.0588235294117647,103,2017,3
2016,4,4,1.60588235294118,-0.0588235294117647,103,2017,4
2017,1,1,1.6,0,103,2017,2
2017,1,2,1.6,0,103,2017,3
2017,1,3,1.6,0,103,2017,4
2017,1,4,1.6,0,103,2018,1
2017,1,5,1.6,0,103,2018,2
2017,1,6,1.6,0,103,2018,3
2017,1,7,1.6,0,103,2018,4
2017,2,1,1.6,0,103,2017,3
2017,2,2,1.6,0,103,2017,4
2017,2,3,1.6,0,103,2018,1
2017,2,4,1.6,0,103,2018,2
2017,2,5,1.6,0,103,2018,3
2017,2,6,1.6,0,103,2018,4
2017,3,1,1.7,0,103,2017,4
2017,3,2,1.7,0,103,2018,1
2017,3,3,1.7,0,103,2018,2
2017,3,4,1.7,0,103,2018,3
2017,3,5,1.7,0,103,2018,4
2017,4,1,1.78235294117647,-0.0588235294117647,103,2018,1
2017,4,2,1.78235294117647,-0.0588235294117647,103,2018,2
2017,4,3,1.78235294117647,-0.0588235294117647,103,2018,3
2017,4,4,1.78235294117647,-0.0588235294117647,103,2018,4
2018,1,1,2,0,103,2018,2
2018,1,2,2,0,103,2018,3
2018,1,3,2,0,103,2018,4
2018,1,4,2,0,103,2019,1
2018,1,5,2,0,103,2019,2
2018,1,6,2,0,103,2019,3
2018,1,7,2,0,103,2019,4
2018,2,1,2,0,103,2018,3
2018,2,2,2,0,103,2018,4
2018,2,3,2,0,103,2019,1
2018,2,4,2,0,103,2019,2
2018,2,5,2,0,103,2019,3
2018,2,6,2,0,103,2019,4
2018,3,1,1.9,0,103,2018,4
2018,3,2,1.9,0,103,2019,1
2018,3,3,1.9,0,103,2019,2
2018,3,4,1.9,0,103,2019,3
2018,3,5,1.9,0,103,2019,4
2018,4,1,1.78235294117647,-0.0588235294117647,103,2019,1
2018,4,2,1.78235294117647,-0.0588235294117647,103,2019,2
2018,4,3,1.78235294117647,-0.0588235294117647,103,2019,3
2018,4,4,1.78235294117647,-0.0588235294117647,103,2019,4
2019,1,1,1.4,0,103,2019,2
2019,1,2,1.4,0,103,2019,3
2019,1,3,1.4,0,103,2019,4
2019,1,4,1.4,0,103,2020,1
2019,1,5,1.4,0,103,2020,2
2019,1,6,1.4,0,103,2020,3
2019,1,7,1.4,0,103,2020,4
2019,2,1,1.3,0,103,2019,3
2019,2,2,1.3,0,103,2019,4
2019,2,3,1.3,0,103,2020,1
2019,2,4,1.3,0,103,2020,2
2019,2,5,1.3,0,103,2020,3
2019,2,6,1.3,0,103,2020,4
2019,3,1,1.2,0,103,2019,4
2019,3,2,1.2,0,103,2020,1
2019,3,3,1.2,0,103,2020,2
2019,3,4,1.2,0,103,2020,3
2019,3,5,1.2,0,103,2020,4
2019,4,1,0.994117647058824,-0.0588235294117647,103,2020,1
2019,4,2,0.994117647058824,-0.0588235294117647,103,2020,2
2019,4,3,0.994117647058824,-0.0588235294117647,103,2020,3
2019,4,4,0.994117647058824,-0.0588235294117647,103,2020,4
2020,1,1,1.3,0,103,2020,2
2020,1,2,1.3,0,103,2020,3
2020,1,3,1.3,0,103,2020,4
2020,1,4,1.3,0,103,2021,1
2020,1,5,1.3,0,103,2021,2
2020,1,6,1.3,0,103,2021,3
2020,1,7,1.3,0,103,2021,4
2020,2,1,2.1,0,103,2020,3
2020,2,2,2.1,0,103,2020,4
2020,2,3,2.1,0,103,2021,1
2020,2,4,2.1,0,103,2021,2
2020,2,5,2.1,0,103,2021,3
2020,2,6,2.1,0,103,2021,4
2020,3,1,6,0,103,2020,4
2020,3,2,6,0,103,2021,1
2020,3,3,6,0,103,2021,2
2020,3,4,6,0,103,2021,3
2020,3,5,6,0,103,2021,4
2020,4,1,5.54705882352941,-0.0588235294117647,103,2021,1
2020,4,2,5.54705882352941,-0.0588235294117647,103,2021,2
2020,4,3,5.54705882352941,-0.0588235294117647,103,2021,3
2020,4,4,5.54705882352941,-0.0588235294117647,103,2021,4
2021,1,1,4.3,0,103,2021,2
2021,1,2,4.3,0,103,2021,3
2021,1,3,4.3,0,103,2021,4
2021,1,4,4.3,0,103,2022,1
2021,1,5,4.3,0,103,2022,2
2021,1,6,4.3,0,103,2022,3
2021,1,7,4.3,0,103,2022,4
2021,2,1,4,0,103,2021,3
2021,2,2,4,0,103,2021,4
2021,2,3,4,0,103,2022,1
2021,2,4,4,0,103,2022,2
2021,2,5,4,0,103,2022,3
2021,2,6,4,0,103,2022,4
2021,3,1,4.2,0,103,2021,4
2021,3,2,4.2,0,103,2022,1
2021,3,3,4.2,0,103,2022,2
2021,3,4,4.2,0,103,2022,3
2021,3,5,4.2,0,103,2022,4
2021,4,1,4.15294117647059,-0.0588235294117647,103,2022,1
2021,4,2,4.15294117647059,-0.0588235294117647,103,2022,2
2021,4,3,4.15294117647059,-0.0588235294117647,103,2022,3
2021,4,4,4.15294117647059,-0.0588235294117647,103,2022,4
2022,1,1,2.3,0,103,2022,2
2022,1,2,2.3,0,103,2022,3
2022,1,3,2.3,0,103,2022,4
2022,1,4,2.3,0,103,2023,1
2022,1,5,2.3,0,103,2023,2
2022,1,6,2.3,0,103,2023,3
2022,1,7,2.3,0,103,2023,4
2022,2,1,1.6,0,103,2022,3
2022,2,2,1.6,0,103,2022,4
2022,2,3,1.6,0,103,2023,1
2022,2,4,1.6,0,103,2023,2
2022,2,5,1.6,0,103,2023,3
2022,2,6,1.6,0,103,2023,4
2022,3,1,1.5,0,103,2022,4
2022,3,2,1.5,0,103,2023,1
2022,3,3,1.5,0,103,2023,2
2022,3,4,1.5,0,103,2023,3
2022,3,5,1.5,0,103,2023,4
2023,1,1,0.97507306,0,103,2023,2
2023,1,2,0.97507306,0,103,2023,3
2023,1,3,0.97507306,0,103,2023,4
2023,1,4,0.97507306,0,103,2024,1
2023,1,5,0.97507306,0,103,2024,2
2023,1,6,0.97507306,0,103,2024,3
2023,1,7,0.97507306,0,103,2024,4
2023,3,1,1.00258528,0,103,2023,4
2023,3,2,1.00258528,0,103,2024,1
2023,3,3,1.00258528,0,103,2024,2
2023,3,4,1.00258528,0,103,2024,3
2023,3,5,1.00258528,0,103,2024,4
2023,4,1,0.91764705882353,-0.0588235294117647,103,2024,1
2023,4,2,0.91764705882353,-0.0588235294117647,103,2024,2
2023,4,3,0.91764705882353,-0.0588235294117647,103,2024,3
2023,4,4,0.91764705882353,-0.0588235294117647,103,2024,4
2024,1,1,1.7,0,103,2024,2
2024,1,2,1.7,0,103,2024,3
2024,1,3,1.7,0,103,2024,4
2024,1,4,1.7,0,103,2025,1
2024,1,5,1.7,0,103,2025,2
2024,1,6,1.7,0,103,2025,3
2024,1,7,1.7,0,103,2025,4
2024,2,1,1.5,0,103,2024,3
2024,2,2,1.5,0,103,2024,4
2024,2,3,1.5,0,103,2025,1
2024,2,4,1.5,0,103,2025,2
2024,2,5,1.5,0,103,2025,3
2024,2,6,1.5,0,103,2025,4
2024,3,1,1.4,0,103,2024,4
2024,3,2,1.4,0,103,2025,1
2024,3,3,1.4,0,103,2025,2
2024,3,4,1.4,0,103,2025,3
2024,3,5,1.4,0,103,2025,4
2024,4,1,1.43529411764706,-0.0588235294117647,103,2025,1
2024,4,2,1.43529411764706,-0.0588235294117647,103,2025,2
2024,4,3,1.43529411764706,-0.0588235294117647,103,2025,3
2024,4,4,1.43529411764706,-0.0588235294117647,103,2025,4
2008,2,1,1.5,0,104,2008,3
2008,2,2,1.5,0,104,2008,4
2008,2,3,1.5,0,104,2009,1
2008,2,4,1.5,0,104,2009,2
2008,2,5,1.5,0,104,2009,3
2008,2,6,1.5,0,104,2009,4
2008,3,1,1.6,0,104,2008,4
2008,3,2,1.6,0,104,2009,1
2008,3,3,1.6,0,104,2009,2
2008,3,4,1.6,0,104,2009,3
2008,3,5,1.6,0,104,2009,4
2008,4,1,0.464705882352941,-0.0588235294117647,104,2009,1
2008,4,2,0.464705882352941,-0.0588235294117647,104,2009,2
2008,4,3,0.464705882352941,-0.0588235294117647,104,2009,3
2008,4,4,0.464705882352941,-0.0588235294117647,104,2009,4
2009,3,1,0.5,0,104,2009,4
2009,3,2,0.5,0,104,2010,1
2009,3,3,0.5,0,104,2010,2
2009,3,4,0.5,0,104,2010,3
2009,3,5,0.5,0,104,2010,4
2009,4,1,1.81176470588235,-0.0588235294117647,104,2010,1
2009,4,2,1.81176470588235,-0.0588235294117647,104,2010,2
2009,4,3,1.81176470588235,-0.0588235294117647,104,2010,3
2009,4,4,1.81176470588235,-0.0588235294117647,104,2010,4
2010,3,1,1.8,0,104,2010,4
2010,3,2,1.8,0,104,2011,1
2010,3,3,1.8,0,104,2011,2
2010,3,4,1.8,0,104,2011,3
2010,3,5,1.8,0,104,2011,4
2010,4,1,1.7,-0.0588235294117647,104,2011,1
2010,4,2,1.7,-0.0588235294117647,104,2011,2
2010,4,3,1.7,-0.0588235294117647,104,2011,3
2010,4,4,1.7,-0.0588235294117647,104,2011,4
2011,1,1,1.7,0,104,2011,2
2011,1,2,1.7,0,104,2011,3
2011,1,3,1.7,0,104,2011,4
2011,1,4,1.7,0,104,2012,1
2011,1,5,1.7,0,104,2012,2
2011,1,6,1.7,0,104,2012,3
2011,1,7,1.7,0,104,2012,4
2011,2,1,1.8,0,104,2011,3
2011,2,2,1.8,0,104,2011,4
2011,2,3,1.8,0,104,2012,1
2011,2,4,1.8,0,104,2012,2
2011,2,5,1.8,0,104,2012,3
2011,2,6,1.8,0,104,2012,4
2011,3,1,1.8,0,104,2011,4
2011,3,2,1.8,0,104,2012,1
2011,3,3,1.8,0,104,2012,2
2011,3,4,1.8,0,104,2012,3
2011,3,5,1.8,0,104,2012,4
2011,4,1,0.758823529411765,-0.0588235294117647,104,2012,1
2011,4,2,0.758823529411765,-0.0588235294117647,104,2012,2
2011,4,3,0.758823529411765,-0.0588235294117647,104,2012,3
2011,4,4,0.758823529411765,-0.0588235294117647,104,2012,4
2012,1,1,1,0,104,2012,2
2012,1,2,1,0,104,2012,3
2012,1,3,1,0,104,2012,4
2012,1,4,1,0,104,2013,1
2012,1,5,1,0,104,2013,2
2012,1,6,1,0,104,2013,3
2012,1,7,1,0,104,2013,4
2012,2,1,0.8,0,104,2012,3
2012,2,2,0.8,0,104,2012,4
2012,2,3,0.8,0,104,2013,1
2012,2,4,0.8,0,104,2013,2
2012,2,5,0.8,0,104,2013,3
2012,2,6,0.8,0,104,2013,4
2012,3,1,0.7,0,104,2012,4
2012,3,2,0.7,0,104,2013,1
2012,3,3,0.7,0,104,2013,2
2012,3,4,0.7,0,104,2013,3
2012,3,5,0.7,0,104,2013,4
2012,4,1,0.347058823529412,-0.0588235294117647,104,2013,1
2012,4,2,0.347058823529412,-0.0588235294117647,104,2013,2
2012,4,3,0.347058823529412,-0.0588235294117647,104,2013,3
2012,4,4,0.347058823529412,-0.0588235294117647,104,2013,4
2013,1,1,1,0,104,2013,2
2013,1,2,1,0,104,2013,3
2013,1,3,1,0,104,2013,4
2013,1,4,1,0,104,2014,1
2013,1,5,1,0,104,2014,2
2013,1,6,1,0,104,2014,3
2013,1,7,1,0,104,2014,4
2013,2,1,1.1,0,104,2013,3
2013,2,2,1.1,0,104,2013,4
2013,2,3,1.1,0,104,2014,1
2013,2,4,1.1,0,104,2014,2
2013,2,5,1.1,0,104,2014,3
2013,2,6,1.1,0,104,2014,4
2013,3,1,1,0,104,2013,4
2013,3,2,1,0,104,2014,1
2013,3,3,1,0,104,2014,2
2013,3,4,1,0,104,2014,3
2013,3,5,1,0,104,2014,4
2013,4,1,1.08235294117647,-0.0588235294117647,104,2014,1
2013,4,2,1.08235294117647,-0.0588235294117647,104,2014,2
2013,4,3,1.08235294117647,-0.0588235294117647,104,2014,3
2013,4,4,1.08235294117647,-0.0588235294117647,104,2014,4
2014,1,1,1.4,0,104,2014,2
2014,1,2,1.4,0,104,2014,3
2014,1,3,1.4,0,104,2014,4
2014,1,4,1.4,0,104,2015,1
2014,1,5,1.4,0,104,2015,2
2014,1,6,1.4,0,104,2015,3
2014,1,7,1.4,0,104,2015,4
2014,2,1,1.5,0,104,2014,3
2014,2,2,1.5,0,104,2014,4
2014,2,3,1.5,0,104,2015,1
2014,2,4,1.5,0,104,2015,2
2014,2,5,1.5,0,104,2015,3
2014,2,6,1.5,0,104,2015,4
2014,3,1,1.6,0,104,2014,4
2014,3,2,1.6,0,104,2015,1
2014,3,3,1.6,0,104,2015,2
2014,3,4,1.6,0,104,2015,3
2014,3,5,1.6,0,104,2015,4
2014,4,1,1.22941176470588,-0.0588235294117647,104,2015,1
2014,4,2,1.22941176470588,-0.0588235294117647,104,2015,2
2014,4,3,1.22941176470588,-0.0588235294117647,104,2015,3
2014,4,4,1.22941176470588,-0.0588235294117647,104,2015,4
2015,1,1,1.5,0,104,2015,2
2015,1,2,1.5,0,104,2015,3
2015,1,3,1.5,0,104,2015,4
2015,1,4,1.5,0,104,2016,1
2015,1,5,1.5,0,104,2016,2
2015,1,6,1.5,0,104,2016,3
2015,1,7,1.5,0,104,2016,4
2022,1,1,2.9,0,104,2022,2
2022,1,2,2.9,0,104,2022,3
2022,1,3,2.9,0,104,2022,4
2022,1,4,2.9,0,104,2023,1
2022,1,5,2.9,0,104,2023,2
2022,1,6,2.9,0,104,2023,3
2022,1,7,2.9,0,104,2023,4
2022,2,1,2.4,0,104,2022,3
2022,2,2,2.4,0,104,2022,4
2022,2,3,2.4,0,104,2023,1
2022,2,4,2.4,0,104,2023,2
2022,2,5,2.4,0,104,2023,3
2022,2,6,2.4,0,104,2023,4
2022,3,1,1.8,0,104,2022,4
2022,3,2,1.8,0,104,2023,1
2022,3,3,1.8,0,104,2023,2
2022,3,4,1.8,0,104,2023,3
2022,3,5,1.8,0,104,2023,4
2008,2,1,1.5,0,105,2008,3
2008,2,2,1.5,0,105,2008,4
2008,2,3,1.5,0,105,2009,1
2008,2,4,1.5,0,105,2009,2
2008,2,5,1.5,0,105,2009,3
2008,2,6,1.5,0,105,2009,4
2009,1,1,0.4,0,105,2009,2
2009,1,2,0.4,0,105,2009,3
2009,1,3,0.4,0,105,2009,4
2009,1,4,0.4,0,105,2010,1
2009,1,5,0.4,0,105,2010,2
2009,1,6,0.4,0,105,2010,3
2009,1,7,0.4,0,105,2010,4
2009,3,1,0,0,105,2009,4
2009,3,2,0,0,105,2010,1
2009,3,3,0,0,105,2010,2
2009,3,4,0,0,105,2010,3
2009,3,5,0,0,105,2010,4
2010,1,1,2.35,0,105,2010,2
2010,1,2,2.35,0,105,2010,3
2010,1,3,2.35,0,105,2010,4
2010,1,4,2.35,0,105,2011,1
2010,1,5,2.35,0,105,2011,2
2010,1,6,2.35,0,105,2011,3
2010,1,7,2.35,0,105,2011,4
2010,2,1,1.43,0,105,2010,3
2010,2,2,1.43,0,105,2010,4
2010,2,3,1.43,0,105,2011,1
2010,2,4,1.43,0,105,2011,2
2010,2,5,1.43,0,105,2011,3
2010,2,6,1.43,0,105,2011,4
2010,3,1,1.2,0,105,2010,4
2010,3,2,1.2,0,105,2011,1
2010,3,3,1.2,0,105,2011,2
2010,3,4,1.2,0,105,2011,3
2010,3,5,1.2,0,105,2011,4
2010,4,1,1.27647058823529,-0.0588235294117647,105,2011,1
2010,4,2,1.27647058823529,-0.0588235294117647,105,2011,2
2010,4,3,1.27647058823529,-0.0588235294117647,105,2011,3
2010,4,4,1.27647058823529,-0.0588235294117647,105,2011,4
2011,1,1,1.7,0,105,2011,2
2011,1,2,1.7,0,105,2011,3
2011,1,3,1.7,0,105,2011,4
2011,1,4,1.7,0,105,2012,1
2011,1,5,1.7,0,105,2012,2
2011,1,6,1.7,0,105,2012,3
2011,1,7,1.7,0,105,2012,4
2011,2,1,1.6,0,105,2011,3
2011,2,2,1.6,0,105,2011,4
2011,2,3,1.6,0,105,2012,1
2011,2,4,1.6,0,105,2012,2
2011,2,5,1.6,0,105,2012,3
2011,2,6,1.6,0,105,2012,4
2011,3,1,1.6,0,105,2011,4
2011,3,2,1.6,0,105,2012,1
2011,3,3,1.6,0,105,2012,2
2011,3,4,1.6,0,105,2012,3
2011,3,5,1.6,0,105,2012,4
2011,4,1,0.964705882352941,-0.0588235294117647,105,2012,1
2011,4,2,0.964705882352941,-0.0588235294117647,105,2012,2
2011,4,3,0.964705882352941,-0.0588235294117647,105,2012,3
2011,4,4,0.964705882352941,-0.0588235294117647,105,2012,4
2012,2,1,1,0,105,2012,3
2012,2,2,1,0,105,2012,4
2012,2,3,1,0,105,2013,1
2012,2,4,1,0,105,2013,2
2012,2,5,1,0,105,2013,3
2012,2,6,1,0,105,2013,4
2012,3,1,0.6,0,105,2012,4
2012,3,2,0.6,0,105,2013,1
2012,3,3,0.6,0,105,2013,2
2012,3,4,0.6,0,105,2013,3
2012,3,5,0.6,0,105,2013,4
2012,4,1,0.758823529411765,-0.0588235294117647,105,2013,1
2012,4,2,0.758823529411765,-0.0588235294117647,105,2013,2
2012,4,3,0.758823529411765,-0.0588235294117647,105,2013,3
2012,4,4,0.758823529411765,-0.0588235294117647,105,2013,4
2013,1,1,0.9,0,105,2013,2
2013,1,2,0.9,0,105,2013,3
2013,1,3,0.9,0,105,2013,4
2013,1,4,0.9,0,105,2014,1
2013,1,5,0.9,0,105,2014,2
2013,1,6,0.9,0,105,2014,3
2013,1,7,0.9,0,105,2014,4
2013,2,1,1,0,105,2013,3
2013,2,2,1,0,105,2013,4
2013,2,3,1,0,105,2014,1
2013,2,4,1,0,105,2014,2
2013,2,5,1,0,105,2014,3
2013,2,6,1,0,105,2014,4
2014,1,1,1.6,0,105,2014,2
2014,1,2,1.6,0,105,2014,3
2014,1,3,1.6,0,105,2014,4
2014,1,4,1.6,0,105,2015,1
2014,1,5,1.6,0,105,2015,2
2014,1,6,1.6,0,105,2015,3
2014,1,7,1.6,0,105,2015,4
2014,2,1,1.8,0,105,2014,3
2014,2,2,1.8,0,105,2014,4
2014,2,3,1.8,0,105,2015,1
2014,2,4,1.8,0,105,2015,2
2014,2,5,1.8,0,105,2015,3
2014,2,6,1.8,0,105,2015,4
2014,3,1,1.6,0,105,2014,4
2014,3,2,1.6,0,105,2015,1
2014,3,3,1.6,0,105,2015,2
2014,3,4,1.6,0,105,2015,3
2014,3,5,1.6,0,105,2015,4
2015,1,1,1.5,0,105,2015,2
2015,1,2,1.5,0,105,2015,3
2015,1,3,1.5,0,105,2015,4
2015,1,4,1.5,0,105,2016,1
2015,1,5,1.5,0,105,2016,2
2015,1,6,1.5,0,105,2016,3
2015,1,7,1.5,0,105,2016,4
2015,2,1,1.6,0,105,2015,3
2015,2,2,1.6,0,105,2015,4
2015,2,3,1.6,0,105,2016,1
2015,2,4,1.6,0,105,2016,2
2015,2,5,1.6,0,105,2016,3
2015,2,6,1.6,0,105,2016,4
2015,4,1,1.61176470588235,-0.0588235294117647,105,2016,1
2015,4,2,1.61176470588235,-0.0588235294117647,105,2016,2
2015,4,3,1.61176470588235,-0.0588235294117647,105,2016,3
2015,4,4,1.61176470588235,-0.0588235294117647,105,2016,4
2016,1,1,1.8,0,105,2016,2
2016,1,2,1.8,0,105,2016,3
2016,1,3,1.8,0,105,2016,4
2016,1,4,1.8,0,105,2017,1
2016,1,5,1.8,0,105,2017,2
2016,1,6,1.8,0,105,2017,3
2016,1,7,1.8,0,105,2017,4
2016,2,1,1.5,0,105,2016,3
2016,2,2,1.5,0,105,2016,4
2016,2,3,1.5,0,105,2017,1
2016,2,4,1.5,0,105,2017,2
2016,2,5,1.5,0,105,2017,3
2016,2,6,1.5,0,105,2017,4
2016,3,1,1.4,0,105,2016,4
2016,3,2,1.4,0,105,2017,1
2016,3,3,1.4,0,105,2017,2
2016,3,4,1.4,0,105,2017,3
2016,3,5,1.4,0,105,2017,4
2016,4,1,1.38823529411765,-0.0588235294117647,105,2017,1
2016,4,2,1.38823529411765,-0.0588235294117647,105,2017,2
2016,4,3,1.38823529411765,-0.0588235294117647,105,2017,3
2016,4,4,1.38823529411765,-0.0588235294117647,105,2017,4
2017,1,1,1.6,0,105,2017,2
2017,1,2,1.6,0,105,2017,3
2017,1,3,1.6,0,105,2017,4
2017,1,4,1.6,0,105,2018,1
2017,1,5,1.6,0,105,2018,2
2017,1,6,1.6,0,105,2018,3
2017,1,7,1.6,0,105,2018,4
2020,1,1,1.3,0,105,2020,2
2020,1,2,1.3,0,105,2020,3
2020,1,3,1.3,0,105,2020,4
2020,1,4,1.3,0,105,2021,1
2020,1,5,1.3,0,105,2021,2
2020,1,6,1.3,0,105,2021,3
2020,1,7,1.3,0,105,2021,4
2020,2,1,1.8,0,105,2020,3
2020,2,2,1.8,0,105,2020,4
2020,2,3,1.8,0,105,2021,1
2020,2,4,1.8,0,105,2021,2
2020,2,5,1.8,0,105,2021,3
2020,2,6,1.8,0,105,2021,4
2020,3,1,4.5,0,105,2020,4
2020,3,2,4.5,0,105,2021,1
2020,3,3,4.5,0,105,2021,2
2020,3,4,4.5,0,105,2021,3
2020,3,5,4.5,0,105,2021,4
2020,4,1,5.76470588235294,-0.0588235294117647,105,2021,1
2020,4,2,5.76470588235294,-0.0588235294117647,105,2021,2
2020,4,3,5.76470588235294,-0.0588235294117647,105,2021,3
2020,4,4,5.76470588235294,-0.0588235294117647,105,2021,4
2021,1,1,3.1,0,105,2021,2
2021,1,2,3.1,0,105,2021,3
2021,1,3,3.1,0,105,2021,4
2021,1,4,3.1,0,105,2022,1
2021,1,5,3.1,0,105,2022,2
2021,1,6,3.1,0,105,2022,3
2021,1,7,3.1,0,105,2022,4
2021,2,1,3.8,0,105,2021,3
2021,2,2,3.8,0,105,2021,4
2021,2,3,3.8,0,105,2022,1
2021,2,4,3.8,0,105,2022,2
2021,2,5,3.8,0,105,2022,3
2021,2,6,3.8,0,105,2022,4
2021,3,1,3.8,0,105,2021,4
2021,3,2,3.8,0,105,2022,1
2021,3,3,3.8,0,105,2022,2
2021,3,4,3.8,0,105,2022,3
2021,3,5,3.8,0,105,2022,4
2021,4,1,4.04705882352941,-0.0588235294117647,105,2022,1
2021,4,2,4.04705882352941,-0.0588235294117647,105,2022,2
2021,4,3,4.04705882352941,-0.0588235294117647,105,2022,3
2021,4,4,4.04705882352941,-0.0588235294117647,105,2022,4
2022,1,1,2.5,0,105,2022,2
2022,1,2,2.5,0,105,2022,3
2022,1,3,2.5,0,105,2022,4
2022,1,4,2.5,0,105,2023,1
2022,1,5,2.5,0,105,2023,2
2022,1,6,2.5,0,105,2023,3
2022,1,7,2.5,0,105,2023,4
2022,2,1,2.5,0,105,2022,3
2022,2,2,2.5,0,105,2022,4
2022,2,3,2.5,0,105,2023,1
2022,2,4,2.5,0,105,2023,2
2022,2,5,2.5,0,105,2023,3
2022,2,6,2.5,0,105,2023,4
2022,3,1,2,0,105,2022,4
2022,3,2,2,0,105,2023,1
2022,3,3,2,0,105,2023,2
2022,3,4,2,0,105,2023,3
2022,3,5,2,0,105,2023,4
2022,4,1,0.882352941176471,-0.0588235294117647,105,2023,1
2022,4,2,0.882352941176471,-0.0588235294117647,105,2023,2
2022,4,3,0.882352941176471,-0.0588235294117647,105,2023,3
2022,4,4,0.882352941176471,-0.0588235294117647,105,2023,4
2023,1,1,1.7,0,105,2023,2
2023,1,2,1.7,0,105,2023,3
2023,1,3,1.7,0,105,2023,4
2023,1,4,1.7,0,105,2024,1
2023,1,5,1.7,0,105,2024,2
2023,1,6,1.7,0,105,2024,3
2023,1,7,1.7,0,105,2024,4
2023,2,1,1.6,0,105,2023,3
2023,2,2,1.6,0,105,2023,4
2023,2,3,1.6,0,105,2024,1
2023,2,4,1.6,0,105,2024,2
2023,2,5,1.6,0,105,2024,3
2023,2,6,1.6,0,105,2024,4
2023,3,1,1.5,0,105,2023,4
2023,3,2,1.5,0,105,2024,1
2023,3,3,1.5,0,105,2024,2
2023,3,4,1.5,0,105,2024,3
2023,3,5,1.5,0,105,2024,4
2023,4,1,1.12352941176471,-0.0588235294117647,105,2024,1
2023,4,2,1.12352941176471,-0.0588235294117647,105,2024,2
2023,4,3,1.12352941176471,-0.0588235294117647,105,2024,3
2023,4,4,1.12352941176471,-0.0588235294117647,105,2024,4
2024,1,1,1.5,0,105,2024,2
2024,1,2,1.5,0,105,2024,3
2024,1,3,1.5,0,105,2024,4
2024,1,4,1.5,0,105,2025,1
2024,1,5,1.5,0,105,2025,2
2024,1,6,1.5,0,105,2025,3
2024,1,7,1.5,0,105,2025,4
2024,2,1,1.4,0,105,2024,3
2024,2,2,1.4,0,105,2024,4
2024,2,3,1.4,0,105,2025,1
2024,2,4,1.4,0,105,2025,2
2024,2,5,1.4,0,105,2025,3
2024,2,6,1.4,0,105,2025,4
2024,3,1,1.5,0,105,2024,4
2024,3,2,1.5,0,105,2025,1
2024,3,3,1.5,0,105,2025,2
2024,3,4,1.5,0,105,2025,3
2024,3,5,1.5,0,105,2025,4
2024,4,1,1.32941176470588,-0.0588235294117647,105,2025,1
2024,4,2,1.32941176470588,-0.0588235294117647,105,2025,2
2024,4,3,1.32941176470588,-0.0588235294117647,105,2025,3
2024,4,4,1.32941176470588,-0.0588235294117647,105,2025,4
2008,2,1,1.7,0,107,2008,3
2008,2,2,1.7,0,107,2008,4
2008,2,3,1.7,0,107,2009,1
2008,2,4,1.7,0,107,2009,2
2008,2,5,1.7,0,107,2009,3
2008,2,6,1.7,0,107,2009,4
2008,3,1,1.34178889134419,0,107,2008,4
2008,3,2,1.34178889134419,0,107,2009,1
2008,3,3,1.34178889134419,0,107,2009,2
2008,3,4,1.34178889134419,0,107,2009,3
2008,3,5,1.34178889134419,0,107,2009,4
2008,4,1,0.966069523950118,-0.0588235294117647,107,2009,1
2008,4,2,0.966069523950118,-0.0588235294117647,107,2009,2
2008,4,3,0.966069523950118,-0.0588235294117647,107,2009,3
2008,4,4,0.966069523950118,-0.0588235294117647,107,2009,4
2009,1,1,0.778478947112,0,107,2009,2
2009,1,2,0.778478947112,0,107,2009,3
2009,1,3,0.778478947112,0,107,2009,4
2009,1,4,0.778478947112,0,107,2010,1
2009,1,5,0.778478947112,0,107,2010,2
2009,1,6,0.778478947112,0,107,2010,3
2009,1,7,0.778478947112,0,107,2010,4
2009,2,1,0.4,0,107,2009,3
2009,2,2,0.4,0,107,2009,4
2009,2,3,0.4,0,107,2010,1
2009,2,4,0.4,0,107,2010,2
2009,2,5,0.4,0,107,2010,3
2009,2,6,0.4,0,107,2010,4
2009,3,1,0.647,0,107,2009,4
2009,3,2,0.647,0,107,2010,1
2009,3,3,0.647,0,107,2010,2
2009,3,4,0.647,0,107,2010,3
2009,3,5,0.647,0,107,2010,4
2009,4,1,1.11053529411765,-0.0588235294117647,107,2010,1
2009,4,2,1.11053529411765,-0.0588235294117647,107,2010,2
2009,4,3,1.11053529411765,-0.0588235294117647,107,2010,3
2009,4,4,1.11053529411765,-0.0588235294117647,107,2010,4
2010,1,1,1.3,0,107,2010,2
2010,1,2,1.3,0,107,2010,3
2010,1,3,1.3,0,107,2010,4
2010,1,4,1.3,0,107,2011,1
2010,1,5,1.3,0,107,2011,2
2010,1,6,1.3,0,107,2011,3
2010,1,7,1.3,0,107,2011,4
2010,2,1,1.6232,0,107,2010,3
2010,2,2,1.6232,0,107,2010,4
2010,2,3,1.6232,0,107,2011,1
2010,2,4,1.6232,0,107,2011,2
2010,2,5,1.6232,0,107,2011,3
2010,2,6,1.6232,0,107,2011,4
2010,3,1,1.7333,0,107,2010,4
2010,3,2,1.7333,0,107,2011,1
2010,3,3,1.7333,0,107,2011,2
2010,3,4,1.7333,0,107,2011,3
2010,3,5,1.7333,0,107,2011,4
2010,4,1,1.72026893941176,-0.0588235294117647,107,2011,1
2010,4,2,1.72026893941176,-0.0588235294117647,107,2011,2
2010,4,3,1.72026893941176,-0.0588235294117647,107,2011,3
2010,4,4,1.72026893941176,-0.0588235294117647,107,2011,4
2011,1,1,1.5714367689,0,107,2011,2
2011,1,2,1.5714367689,0,107,2011,3
2011,1,3,1.5714367689,0,107,2011,4
2011,1,4,1.5714367689,0,107,2012,1
2011,1,5,1.5714367689,0,107,2012,2
2011,1,6,1.5714367689,0,107,2012,3
2011,1,7,1.5714367689,0,107,2012,4
2011,2,1,1.7025254667,0,107,2011,3
2011,2,2,1.7025254667,0,107,2011,4
2011,2,3,1.7025254667,0,107,2012,1
2011,2,4,1.7025254667,0,107,2012,2
2011,2,5,1.7025254667,0,107,2012,3
2011,2,6,1.7025254667,0,107,2012,4
2011,3,1,1.5703678064,0,107,2011,4
2011,3,2,1.5703678064,0,107,2012,1
2011,3,3,1.5703678064,0,107,2012,2
2011,3,4,1.5703678064,0,107,2012,3
2011,3,5,1.5703678064,0,107,2012,4
2011,4,1,0.720609676958824,-0.0588235294117647,107,2012,1
2011,4,2,0.720609676958824,-0.0588235294117647,107,2012,2
2011,4,3,0.720609676958824,-0.0588235294117647,107,2012,3
2011,4,4,0.720609676958824,-0.0588235294117647,107,2012,4
2012,1,1,1.1,0,107,2012,2
2012,1,2,1.1,0,107,2012,3
2012,1,3,1.1,0,107,2012,4
2012,1,4,1.1,0,107,2013,1
2012,1,5,1.1,0,107,2013,2
2012,1,6,1.1,0,107,2013,3
2012,1,7,1.1,0,107,2013,4
2012,2,1,0.8898558211,0,107,2012,3
2012,2,2,0.8898558211,0,107,2012,4
2012,2,3,0.8898558211,0,107,2013,1
2012,2,4,0.8898558211,0,107,2013,2
2012,2,5,0.8898558211,0,107,2013,3
2012,2,6,0.8898558211,0,107,2013,4
2012,3,1,0.9235510429,0,107,2012,4
2012,3,2,0.9235510429,0,107,2013,1
2012,3,3,0.9235510429,0,107,2013,2
2012,3,4,0.9235510429,0,107,2013,3
2012,3,5,0.9235510429,0,107,2013,4
2012,4,1,0.867281223723529,-0.0588235294117647,107,2013,1
2012,4,2,0.867281223723529,-0.0588235294117647,107,2013,2
2012,4,3,0.867281223723529,-0.0588235294117647,107,2013,3
2012,4,4,0.867281223723529,-0.0588235294117647,107,2013,4
2013,1,1,1.0674423469,0,107,2013,2
2013,1,2,1.0674423469,0,107,2013,3
2013,1,3,1.0674423469,0,107,2013,4
2013,1,4,1.0674423469,0,107,2014,1
2013,1,5,1.0674423469,0,107,2014,2
2013,1,6,1.0674423469,0,107,2014,3
2013,1,7,1.0674423469,0,107,2014,4
2013,2,1,1.3319473927,0,107,2013,3
2013,2,2,1.3319473927,0,107,2013,4
2013,2,3,1.3319473927,0,107,2014,1
2013,2,4,1.3319473927,0,107,2014,2
2013,2,5,1.3319473927,0,107,2014,3
2013,2,6,1.3319473927,0,107,2014,4
2013,3,1,1.091573069,0,107,2013,4
2013,3,2,1.091573069,0,107,2014,1
2013,3,3,1.091573069,0,107,2014,2
2013,3,4,1.091573069,0,107,2014,3
2013,3,5,1.091573069,0,107,2014,4
2013,4,1,1.08298519804706,-0.0588235294117647,107,2014,1
2013,4,2,1.08298519804706,-0.0588235294117647,107,2014,2
2013,4,3,1.08298519804706,-0.0588235294117647,107,2014,3
2013,4,4,1.08298519804706,-0.0588235294117647,107,2014,4
2014,1,1,1.8479210827,0,107,2014,2
2014,1,2,1.8479210827,0,107,2014,3
2014,1,3,1.8479210827,0,107,2014,4
2014,1,4,1.8479210827,0,107,2015,1
2014,1,5,1.8479210827,0,107,2015,2
2014,1,6,1.8479210827,0,107,2015,3
2014,1,7,1.8479210827,0,107,2015,4
2014,2,1,1.5525793358,0,107,2014,3
2014,2,2,1.5525793358,0,107,2014,4
2014,2,3,1.5525793358,0,107,2015,1
2014,2,4,1.5525793358,0,107,2015,2
2014,2,5,1.5525793358,0,107,2015,3
2014,2,6,1.5525793358,0,107,2015,4
2014,4,1,1.46816800108235,-0.0588235294117647,107,2015,1
2014,4,2,1.46816800108235,-0.0588235294117647,107,2015,2
2014,4,3,1.46816800108235,-0.0588235294117647,107,2015,3
2014,4,4,1.46816800108235,-0.0588235294117647,107,2015,4
2015,1,1,1.6086014193,0,107,2015,2
2015,1,2,1.6086014193,0,107,2015,3
2015,1,3,1.6086014193,0,107,2015,4
2015,1,4,1.6086014193,0,107,2016,1
2015,1,5,1.6086014193,0,107,2016,2
2015,1,6,1.6086014193,0,107,2016,3
2015,1,7,1.6086014193,0,107,2016,4
2015,2,1,2.0389469639,0,107,2015,3
2015,2,2,2.0389469639,0,107,2015,4
2015,2,3,2.0389469639,0,107,2016,1
2015,2,4,2.0389469639,0,107,2016,2
2015,2,5,2.0389469639,0,107,2016,3
2015,2,6,2.0389469639,0,107,2016,4
2015,4,1,1.88596376470588,-0.0588235294117647,107,2016,1
2015,4,2,1.88596376470588,-0.0588235294117647,107,2016,2
2015,4,3,1.88596376470588,-0.0588235294117647,107,2016,3
2015,4,4,1.88596376470588,-0.0588235294117647,107,2016,4
2016,2,1,1.80996,0,107,2016,3
2016,2,2,1.80996,0,107,2016,4
2016,2,3,1.80996,0,107,2017,1
2016,2,4,1.80996,0,107,2017,2
2016,2,5,1.80996,0,107,2017,3
2016,2,6,1.80996,0,107,2017,4
2016,4,1,1.61321530862353,-0.0588235294117647,107,2017,1
2016,4,2,1.61321530862353,-0.0588235294117647,107,2017,2
2016,4,3,1.61321530862353,-0.0588235294117647,107,2017,3
2016,4,4,1.61321530862353,-0.0588235294117647,107,2017,4
2017,1,1,1.665471559,0,107,2017,2
2017,1,2,1.665471559,0,107,2017,3
2017,1,3,1.665471559,0,107,2017,4
2017,1,4,1.665471559,0,107,2018,1
2017,1,5,1.665471559,0,107,2018,2
2017,1,6,1.665471559,0,107,2018,3
2017,1,7,1.665471559,0,107,2018,4
2017,3,1,1.8545111693,0,107,2017,4
2017,3,2,1.8545111693,0,107,2018,1
2017,3,3,1.8545111693,0,107,2018,2
2017,3,4,1.8545111693,0,107,2018,3
2017,3,5,1.8545111693,0,107,2018,4
2017,4,1,1.87702463862353,-0.0588235294117647,107,2018,1
2017,4,2,1.87702463862353,-0.0588235294117647,107,2018,2
2017,4,3,1.87702463862353,-0.0588235294117647,107,2018,3
2017,4,4,1.87702463862353,-0.0588235294117647,107,2018,4
2018,1,1,1.4951401985,0,107,2018,2
2018,1,2,1.4951401985,0,107,2018,3
2018,1,3,1.4951401985,0,107,2018,4
2018,1,4,1.4951401985,0,107,2019,1
2018,1,5,1.4951401985,0,107,2019,2
2018,1,6,1.4951401985,0,107,2019,3
2018,1,7,1.4951401985,0,107,2019,4
2018,2,1,1.3227012257,0,107,2018,3
2018,2,2,1.3227012257,0,107,2018,4
2018,2,3,1.3227012257,0,107,2019,1
2018,2,4,1.3227012257,0,107,2019,2
2018,2,5,1.3227012257,0,107,2019,3
2018,2,6,1.3227012257,0,107,2019,4
2018,3,1,1.7494839502,0,107,2018,4
2018,3,2,1.7494839502,0,107,2019,1
2018,3,3,1.7494839502,0,107,2019,2
2018,3,4,1.7494839502,0,107,2019,3
2018,3,5,1.7494839502,0,107,2019,4
2019,1,1,1.817993,0,107,2019,2
2019,1,2,1.817993,0,107,2019,3
2019,1,3,1.817993,0,107,2019,4
2019,1,4,1.817993,0,107,2020,1
2019,1,5,1.817993,0,107,2020,2
2019,1,6,1.817993,0,107,2020,3
2019,1,7,1.817993,0,107,2020,4
2019,2,1,1.386546972,0,107,2019,3
2019,2,2,1.386546972,0,107,2019,4
2019,2,3,1.386546972,0,107,2020,1
2019,2,4,1.386546972,0,107,2020,2
2019,2,5,1.386546972,0,107,2020,3
2019,2,6,1.386546972,0,107,2020,4
2019,3,1,1.450225,0,107,2019,4
2019,3,2,1.450225,0,107,2020,1
2019,3,3,1.450225,0,107,2020,2
2019,3,4,1.450225,0,107,2020,3
2019,3,5,1.450225,0,107,2020,4
2019,4,1,1.1576128801,-0.0588235294117647,107,2020,1
2019,4,2,1.1576128801,-0.0588235294117647,107,2020,2
2019,4,3,1.1576128801,-0.0588235294117647,107,2020,3
2019,4,4,1.1576128801,-0.0588235294117647,107,2020,4
2020,1,1,1.3731891765,0,107,2020,2
2020,1,2,1.3731891765,0,107,2020,3
2020,1,3,1.3731891765,0,107,2020,4
2020,1,4,1.3731891765,0,107,2021,1
2020,1,5,1.3731891765,0,107,2021,2
2020,1,6,1.3731891765,0,107,2021,3
2020,1,7,1.3731891765,0,107,2021,4
2020,2,1,4.743926195,0,107,2020,3
2020,2,2,4.743926195,0,107,2020,4
2020,2,3,4.743926195,0,107,2021,1
2020,2,4,4.743926195,0,107,2021,2
2020,2,5,4.743926195,0,107,2021,3
2020,2,6,4.743926195,0,107,2021,4
2020,3,1,5.1814323824,0,107,2020,4
2020,3,2,5.1814323824,0,107,2021,1
2020,3,3,5.1814323824,0,107,2021,2
2020,3,4,5.1814323824,0,107,2021,3
2020,3,5,5.1814323824,0,107,2021,4
2020,4,1,5.77147058823529,-0.0588235294117647,107,2021,1
2020,4,2,5.77147058823529,-0.0588235294117647,107,2021,2
2020,4,3,5.77147058823529,-0.0588235294117647,107,2021,3
2020,4,4,5.77147058823529,-0.0588235294117647,107,2021,4
2021,1,1,1.5312782674,0,107,2021,2
2021,1,2,1.5312782674,0,107,2021,3
2021,1,3,1.5312782674,0,107,2021,4
2021,1,4,1.5312782674,0,107,2022,1
2021,1,5,1.5312782674,0,107,2022,2
2021,1,6,1.5312782674,0,107,2022,3
2021,1,7,1.5312782674,0,107,2022,4
2021,2,1,3.96415847,0,107,2021,3
2021,2,2,3.96415847,0,107,2021,4
2021,2,3,3.96415847,0,107,2022,1
2021,2,4,3.96415847,0,107,2022,2
2021,2,5,3.96415847,0,107,2022,3
2021,2,6,3.96415847,0,107,2022,4
2021,3,1,4.2631280605,0,107,2021,4
2021,3,2,4.2631280605,0,107,2022,1
2021,3,3,4.2631280605,0,107,2022,2
2021,3,4,4.2631280605,0,107,2022,3
2021,3,5,4.2631280605,0,107,2022,4
2021,4,1,4.55062602352941,-0.0588235294117647,107,2022,1
2021,4,2,4.55062602352941,-0.0588235294117647,107,2022,2
2021,4,3,4.55062602352941,-0.0588235294117647,107,2022,3
2021,4,4,4.55062602352941,-0.0588235294117647,107,2022,4
2022,1,1,1.4904805836,0,107,2022,2
2022,1,2,1.4904805836,0,107,2022,3
2022,1,3,1.4904805836,0,107,2022,4
2022,1,4,1.4904805836,0,107,2023,1
2022,1,5,1.4904805836,0,107,2023,2
2022,1,6,1.4904805836,0,107,2023,3
2022,1,7,1.4904805836,0,107,2023,4
2022,2,1,1.7941579199,0,107,2022,3
2022,2,2,1.7941579199,0,107,2022,4
2022,2,3,1.7941579199,0,107,2023,1
2022,2,4,1.7941579199,0,107,2023,2
2022,2,5,1.7941579199,0,107,2023,3
2022,2,6,1.7941579199,0,107,2023,4
2022,3,1,1.0372357114,0,107,2022,4
2022,3,2,1.0372357114,0,107,2023,1
2022,3,3,1.0372357114,0,107,2023,2
2022,3,4,1.0372357114,0,107,2023,3
2022,3,5,1.0372357114,0,107,2023,4
2022,4,1,-0.193395227058824,-0.0588235294117647,107,2023,1
2022,4,2,-0.193395227058824,-0.0588235294117647,107,2023,2
2022,4,3,-0.193395227058824,-0.0588235294117647,107,2023,3
2022,4,4,-0.193395227058824,-0.0588235294117647,107,2023,4
2023,1,1,0.9591692,0,107,2023,2
2023,1,2,0.9591692,0,107,2023,3
2023,1,3,0.9591692,0,107,2023,4
2023,1,4,0.9591692,0,107,2024,1
2023,1,5,0.9591692,0,107,2024,2
2023,1,6,0.9591692,0,107,2024,3
2023,1,7,0.9591692,0,107,2024,4
2023,2,1,1.6,0,107,2023,3
2023,2,2,1.6,0,107,2023,4
2023,2,3,1.6,0,107,2024,1
2023,2,4,1.6,0,107,2024,2
2023,2,5,1.6,0,107,2024,3
2023,2,6,1.6,0,107,2024,4
2023,3,1,0.93578973,0,107,2023,4
2023,3,2,0.93578973,0,107,2024,1
2023,3,3,0.93578973,0,107,2024,2
2023,3,4,0.93578973,0,107,2024,3
2023,3,5,0.93578973,0,107,2024,4
2023,4,1,1.04537874823529,-0.0588235294117647,107,2024,1
2023,4,2,1.04537874823529,-0.0588235294117647,107,2024,2
2023,4,3,1.04537874823529,-0.0588235294117647,107,2024,3
2023,4,4,1.04537874823529,-0.0588235294117647,107,2024,4
2024,1,1,1.18427573,0,107,2024,2
2024,1,2,1.18427573,0,107,2024,3
2024,1,3,1.18427573,0,107,2024,4
2024,1,4,1.18427573,0,107,2025,1
2024,1,5,1.18427573,0,107,2025,2
2024,1,6,1.18427573,0,107,2025,3
2024,1,7,1.18427573,0,107,2025,4
2024,2,1,1.06169166,0,107,2024,3
2024,2,2,1.06169166,0,107,2024,4
2024,2,3,1.06169166,0,107,2025,1
2024,2,4,1.06169166,0,107,2025,2
2024,2,5,1.06169166,0,107,2025,3
2024,2,6,1.06169166,0,107,2025,4
2024,3,1,1.44650047,0,107,2024,4
2024,3,2,1.44650047,0,107,2025,1
2024,3,3,1.44650047,0,107,2025,2
2024,3,4,1.44650047,0,107,2025,3
2024,3,5,1.44650047,0,107,2025,4
2024,4,1,1.27621904647059,-0.0588235294117647,107,2025,1
2024,4,2,1.27621904647059,-0.0588235294117647,107,2025,2
2024,4,3,1.27621904647059,-0.0588235294117647,107,2025,3
2024,4,4,1.27621904647059,-0.0588235294117647,107,2025,4
2008,2,1,1.3,0,108,2008,3
2008,2,2,1.3,0,108,2008,4
2008,2,3,1.3,0,108,2009,1
2008,2,4,1.3,0,108,2009,2
2008,2,5,1.3,0,108,2009,3
2008,2,6,1.3,0,108,2009,4
2008,3,1,1.4,0,108,2008,4
2008,3,2,1.4,0,108,2009,1
2008,3,3,1.4,0,108,2009,2
2008,3,4,1.4,0,108,2009,3
2008,3,5,1.4,0,108,2009,4
2008,4,1,1.38557647058824,-0.0588235294117647,108,2009,1
2008,4,2,1.38557647058824,-0.0588235294117647,108,2009,2
2008,4,3,1.38557647058824,-0.0588235294117647,108,2009,3
2008,4,4,1.38557647058824,-0.0588235294117647,108,2009,4
2009,1,1,0.3,0,108,2009,2
2009,1,2,0.3,0,108,2009,3
2009,1,3,0.3,0,108,2009,4
2009,1,4,0.3,0,108,2010,1
2009,1,5,0.3,0,108,2010,2
2009,1,6,0.3,0,108,2010,3
2009,1,7,0.3,0,108,2010,4
2009,2,1,0.4744,0,108,2009,3
2009,2,2,0.4744,0,108,2009,4
2009,2,3,0.4744,0,108,2010,1
2009,2,4,0.4744,0,108,2010,2
2009,2,5,0.4744,0,108,2010,3
2009,2,6,0.4744,0,108,2010,4
2009,3,1,0.1,0,108,2009,4
2009,3,2,0.1,0,108,2010,1
2009,3,3,0.1,0,108,2010,2
2009,3,4,0.1,0,108,2010,3
2009,3,5,0.1,0,108,2010,4
2009,4,1,0.821152941176471,-0.0588235294117647,108,2010,1
2009,4,2,0.821152941176471,-0.0588235294117647,108,2010,2
2009,4,3,0.821152941176471,-0.0588235294117647,108,2010,3
2009,4,4,0.821152941176471,-0.0588235294117647,108,2010,4
2010,1,1,0.9456,0,108,2010,2
2010,1,2,0.9456,0,108,2010,3
2010,1,3,0.9456,0,108,2010,4
2010,1,4,0.9456,0,108,2011,1
2010,1,5,0.9456,0,108,2011,2
2010,1,6,0.9456,0,108,2011,3
2010,1,7,0.9456,0,108,2011,4
2010,2,1,0.96237122,0,108,2010,3
2010,2,2,0.96237122,0,108,2010,4
2010,2,3,0.96237122,0,108,2011,1
2010,2,4,0.96237122,0,108,2011,2
2010,2,5,0.96237122,0,108,2011,3
2010,2,6,0.96237122,0,108,2011,4
2010,3,1,1.1,0,108,2010,4
2010,3,2,1.1,0,108,2011,1
2010,3,3,1.1,0,108,2011,2
2010,3,4,1.1,0,108,2011,3
2010,3,5,1.1,0,108,2011,4
2010,4,1,1.44932875,-0.0588235294117647,108,2011,1
2010,4,2,1.44932875,-0.0588235294117647,108,2011,2
2010,4,3,1.44932875,-0.0588235294117647,108,2011,3
2010,4,4,1.44932875,-0.0588235294117647,108,2011,4
2011,2,1,1.279759,0,108,2011,3
2011,2,2,1.279759,0,108,2011,4
2011,2,3,1.279759,0,108,2012,1
2011,2,4,1.279759,0,108,2012,2
2011,2,5,1.279759,0,108,2012,3
2011,2,6,1.279759,0,108,2012,4
2011,3,1,1.1772045,0,108,2011,4
2011,3,2,1.1772045,0,108,2012,1
2011,3,3,1.1772045,0,108,2012,2
2011,3,4,1.1772045,0,108,2012,3
2011,3,5,1.1772045,0,108,2012,4
2011,4,1,1.12990905882353,-0.0588235294117647,108,2012,1
2011,4,2,1.12990905882353,-0.0588235294117647,108,2012,2
2011,4,3,1.12990905882353,-0.0588235294117647,108,2012,3
2011,4,4,1.12990905882353,-0.0588235294117647,108,2012,4
2012,1,1,1.2380387007,0,108,2012,2
2012,1,2,1.2380387007,0,108,2012,3
2012,1,3,1.2380387007,0,108,2012,4
2012,1,4,1.2380387007,0,108,2013,1
2012,1,5,1.2380387007,0,108,2013,2
2012,1,6,1.2380387007,0,108,2013,3
2012,1,7,1.2380387007,0,108,2013,4
2012,2,1,0.940433635,0,108,2012,3
2012,2,2,0.940433635,0,108,2012,4
2012,2,3,0.940433635,0,108,2013,1
2012,2,4,0.940433635,0,108,2013,2
2012,2,5,0.940433635,0,108,2013,3
2012,2,6,0.940433635,0,108,2013,4
2012,3,1,0.63332375,0,108,2012,4
2012,3,2,0.63332375,0,108,2013,1
2012,3,3,0.63332375,0,108,2013,2
2012,3,4,0.63332375,0,108,2013,3
2012,3,5,0.63332375,0,108,2013,4
2012,4,1,0.603945852941176,-0.0588235294117647,108,2013,1
2012,4,2,0.603945852941176,-0.0588235294117647,108,2013,2
2012,4,3,0.603945852941176,-0.0588235294117647,108,2013,3
2012,4,4,0.603945852941176,-0.0588235294117647,108,2013,4
2013,1,1,1.233365,0,108,2013,2
2013,1,2,1.233365,0,108,2013,3
2013,1,3,1.233365,0,108,2013,4
2013,1,4,1.233365,0,108,2014,1
2013,1,5,1.233365,0,108,2014,2
2013,1,6,1.233365,0,108,2014,3
2013,1,7,1.233365,0,108,2014,4
2013,2,1,0.9927860154,0,108,2013,3
2013,2,2,0.9927860154,0,108,2013,4
2013,2,3,0.9927860154,0,108,2014,1
2013,2,4,0.9927860154,0,108,2014,2
2013,2,5,0.9927860154,0,108,2014,3
2013,2,6,0.9927860154,0,108,2014,4
2013,3,1,0.82658225,0,108,2013,4
2013,3,2,0.82658225,0,108,2014,1
2013,3,3,0.82658225,0,108,2014,2
2013,3,4,0.82658225,0,108,2014,3
2013,3,5,0.82658225,0,108,2014,4
2014,1,1,1.3955025,0,108,2014,2
2014,1,2,1.3955025,0,108,2014,3
2014,1,3,1.3955025,0,108,2014,4
2014,1,4,1.3955025,0,108,2015,1
2014,1,5,1.3955025,0,108,2015,2
2014,1,6,1.3955025,0,108,2015,3
2014,1,7,1.3955025,0,108,2015,4
2014,3,1,1.4880858659,0,108,2014,4
2014,3,2,1.4880858659,0,108,2015,1
2014,3,3,1.4880858659,0,108,2015,2
2014,3,4,1.4880858659,0,108,2015,3
2014,3,5,1.4880858659,0,108,2015,4
2014,4,1,1.64833075,-0.0588235294117647,108,2015,1
2014,4,2,1.64833075,-0.0588235294117647,108,2015,2
2014,4,3,1.64833075,-0.0588235294117647,108,2015,3
2014,4,4,1.64833075,-0.0588235294117647,108,2015,4
2015,2,1,1.7516225,0,108,2015,3
2015,2,2,1.7516225,0,108,2015,4
2015,2,3,1.7516225,0,108,2016,1
2015,2,4,1.7516225,0,108,2016,2
2015,2,5,1.7516225,0,108,2016,3
2015,2,6,1.7516225,0,108,2016,4
2017,1,1,1.5346225,0,108,2017,2
2017,1,2,1.5346225,0,108,2017,3
2017,1,3,1.5346225,0,108,2017,4
2017,1,4,1.5346225,0,108,2018,1
2017,1,5,1.5346225,0,108,2018,2
2017,1,6,1.5346225,0,108,2018,3
2017,1,7,1.5346225,0,108,2018,4
2017,2,1,1.617675426,0,108,2017,3
2017,2,2,1.617675426,0,108,2017,4
2017,2,3,1.617675426,0,108,2018,1
2017,2,4,1.617675426,0,108,2018,2
2017,2,5,1.617675426,0,108,2018,3
2017,2,6,1.617675426,0,108,2018,4
2017,3,1,1.8457217265,0,108,2017,4
2017,3,2,1.8457217265,0,108,2018,1
2017,3,3,1.8457217265,0,108,2018,2
2017,3,4,1.8457217265,0,108,2018,3
2017,3,5,1.8457217265,0,108,2018,4
2017,4,1,2.2,-0.0588235294117647,108,2018,1
2017,4,2,2.2,-0.0588235294117647,108,2018,2
2017,4,3,2.2,-0.0588235294117647,108,2018,3
2017,4,4,2.2,-0.0588235294117647,108,2018,4
2018,1,1,1.7407375,0,108,2018,2
2018,1,2,1.7407375,0,108,2018,3
2018,1,3,1.7407375,0,108,2018,4
2018,1,4,1.7407375,0,108,2019,1
2018,1,5,1.7407375,0,108,2019,2
2018,1,6,1.7407375,0,108,2019,3
2018,1,7,1.7407375,0,108,2019,4
2018,2,1,1.89916,0,108,2018,3
2018,2,2,1.89916,0,108,2018,4
2018,2,3,1.89916,0,108,2019,1
2018,2,4,1.89916,0,108,2019,2
2018,2,5,1.89916,0,108,2019,3
2018,2,6,1.89916,0,108,2019,4
2018,3,1,1.9763225,0,108,2018,4
2018,3,2,1.9763225,0,108,2019,1
2018,3,3,1.9763225,0,108,2019,2
2018,3,4,1.9763225,0,108,2019,3
2018,3,5,1.9763225,0,108,2019,4
2018,4,1,1.70135,-0.0588235294117647,108,2019,1
2018,4,2,1.70135,-0.0588235294117647,108,2019,2
2018,4,3,1.70135,-0.0588235294117647,108,2019,3
2018,4,4,1.70135,-0.0588235294117647,108,2019,4
2019,1,1,1.7294325,0,108,2019,2
2019,1,2,1.7294325,0,108,2019,3
2019,1,3,1.7294325,0,108,2019,4
2019,1,4,1.7294325,0,108,2020,1
2019,1,5,1.7294325,0,108,2020,2
2019,1,6,1.7294325,0,108,2020,3
2019,1,7,1.7294325,0,108,2020,4
2019,2,1,1.22882,0,108,2019,3
2019,2,2,1.22882,0,108,2019,4
2019,2,3,1.22882,0,108,2020,1
2019,2,4,1.22882,0,108,2020,2
2019,2,5,1.22882,0,108,2020,3
2019,2,6,1.22882,0,108,2020,4
2019,3,1,1.1582725,0,108,2019,4
2019,3,2,1.1582725,0,108,2020,1
2019,3,3,1.1582725,0,108,2020,2
2019,3,4,1.1582725,0,108,2020,3
2019,3,5,1.1582725,0,108,2020,4
2020,1,1,1.3455591597,0,108,2020,2
2020,1,2,1.3455591597,0,108,2020,3
2020,1,3,1.3455591597,0,108,2020,4
2020,1,4,1.3455591597,0,108,2021,1
2020,1,5,1.3455591597,0,108,2021,2
2020,1,6,1.3455591597,0,108,2021,3
2020,1,7,1.3455591597,0,108,2021,4
2020,2,1,0.03212125,0,108,2020,3
2020,2,2,0.03212125,0,108,2020,4
2020,2,3,0.03212125,0,108,2021,1
2020,2,4,0.03212125,0,108,2021,2
2020,2,5,0.03212125,0,108,2021,3
2020,2,6,0.03212125,0,108,2021,4
2021,1,1,5.54366,0,108,2021,2
2021,1,2,5.54366,0,108,2021,3
2021,1,3,5.54366,0,108,2021,4
2021,1,4,5.54366,0,108,2022,1
2021,1,5,5.54366,0,108,2022,2
2021,1,6,5.54366,0,108,2022,3
2021,1,7,5.54366,0,108,2022,4
2021,2,1,4.3871038,0,108,2021,3
2021,2,2,4.3871038,0,108,2021,4
2021,2,3,4.3871038,0,108,2022,1
2021,2,4,4.3871038,0,108,2022,2
2021,2,5,4.3871038,0,108,2022,3
2021,2,6,4.3871038,0,108,2022,4
2022,3,1,-1.102535,0,108,2022,4
2022,3,2,-1.102535,0,108,2023,1
2022,3,3,-1.102535,0,108,2023,2
2022,3,4,-1.102535,0,108,2023,3
2022,3,5,-1.102535,0,108,2023,4
2023,1,1,2.9454,0,108,2023,2
2023,1,2,2.9454,0,108,2023,3
2023,1,3,2.9454,0,108,2023,4
2023,1,4,2.9454,0,108,2024,1
2023,1,5,2.9454,0,108,2024,2
2023,1,6,2.9454,0,108,2024,3
2023,1,7,2.9454,0,108,2024,4
2023,2,1,2.92844179,0,108,2023,3
2023,2,2,2.92844179,0,108,2023,4
2023,2,3,2.92844179,0,108,2024,1
2023,2,4,2.92844179,0,108,2024,2
2023,2,5,2.92844179,0,108,2024,3
2023,2,6,2.92844179,0,108,2024,4
2023,4,1,2.73266147058824,-0.0588235294117647,108,2024,1
2023,4,2,2.73266147058824,-0.0588235294117647,108,2024,2
2023,4,3,2.73266147058824,-0.0588235294117647,108,2024,3
2023,4,4,2.73266147058824,-0.0588235294117647,108,2024,4
2024,1,1,0.921125,0,108,2024,2
2024,1,2,0.921125,0,108,2024,3
2024,1,3,0.921125,0,108,2024,4
2024,1,4,0.921125,0,108,2025,1
2024,1,5,0.921125,0,108,2025,2
2024,1,6,0.921125,0,108,2025,3
2024,1,7,0.921125,0,108,2025,4
2024,3,1,-0.56230893,0,108,2024,4
2024,3,2,-0.56230893,0,108,2025,1
2024,3,3,-0.56230893,0,108,2025,2
2024,3,4,-0.56230893,0,108,2025,3
2024,3,5,-0.56230893,0,108,2025,4
2009,3,1,1.4,0,106,2009,4
2009,3,2,1.4,0,106,2010,1
2009,3,3,1.4,0,106,2010,2
2009,3,4,1.4,0,106,2010,3
2009,3,5,1.4,0,106,2010,4
2009,4,1,2.77058823529412,-0.0588235294117647,106,2010,1
2009,4,2,2.77058823529412,-0.0588235294117647,106,2010,2
2009,4,3,2.77058823529412,-0.0588235294117647,106,2010,3
2009,4,4,2.77058823529412,-0.0588235294117647,106,2010,4
2010,2,1,2,0,106,2010,3
2010,2,2,2,0,106,2010,4
2010,2,3,2,0,106,2011,1
2010,2,4,2,0,106,2011,2
2010,2,5,2,0,106,2011,3
2010,2,6,2,0,106,2011,4
2010,3,1,2,0,106,2010,4
2010,3,2,2,0,106,2011,1
2010,3,3,2,0,106,2011,2
2010,3,4,2,0,106,2011,3
2010,3,5,2,0,106,2011,4
2011,1,1,2,0,106,2011,2
2011,1,2,2,0,106,2011,3
2011,1,3,2,0,106,2011,4
2011,1,4,2,0,106,2012,1
2011,1,5,2,0,106,2012,2
2011,1,6,2,0,106,2012,3
2011,1,7,2,0,106,2012,4
2011,2,1,1.5,0,106,2011,3
2011,2,2,1.5,0,106,2011,4
2011,2,3,1.5,0,106,2012,1
2011,2,4,1.5,0,106,2012,2
2011,2,5,1.5,0,106,2012,3
2011,2,6,1.5,0,106,2012,4
2011,4,1,1.38235294117647,-0.0588235294117647,106,2012,1
2011,4,2,1.38235294117647,-0.0588235294117647,106,2012,2
2011,4,3,1.38235294117647,-0.0588235294117647,106,2012,3
2011,4,4,1.38235294117647,-0.0588235294117647,106,2012,4
2012,1,1,1.8,0,106,2012,2
2012,1,2,1.8,0,106,2012,3
2012,1,3,1.8,0,106,2012,4
2012,1,4,1.8,0,106,2013,1
2012,1,5,1.8,0,106,2013,2
2012,1,6,1.8,0,106,2013,3
2012,1,7,1.8,0,106,2013,4
2012,3,1,1,0,106,2012,4
2012,3,2,1,0,106,2013,1
2012,3,3,1,0,106,2013,2
2012,3,4,1,0,106,2013,3
2012,3,5,1,0,106,2013,4
2013,1,1,1.1,0,106,2013,2
2013,1,2,1.1,0,106,2013,3
2013,1,3,1.1,0,106,2013,4
2013,1,4,1.1,0,106,2014,1
2013,1,5,1.1,0,106,2014,2
2013,1,6,1.1,0,106,2014,3
2013,1,7,1.1,0,106,2014,4
2013,2,1,0.8,0,106,2013,3
2013,2,2,0.8,0,106,2013,4
2013,2,3,0.8,0,106,2014,1
2013,2,4,0.8,0,106,2014,2
2013,2,5,0.8,0,106,2014,3
2013,2,6,0.8,0,106,2014,4
2010,2,1,1.3,0,109,2010,3
2010,2,2,1.3,0,109,2010,4
2010,2,3,1.3,0,109,2011,1
2010,2,4,1.3,0,109,2011,2
2010,2,5,1.3,0,109,2011,3
2010,2,6,1.3,0,109,2011,4
2010,3,1,1.25,0,109,2010,4
2010,3,2,1.25,0,109,2011,1
2010,3,3,1.25,0,109,2011,2
2010,3,4,1.25,0,109,2011,3
2010,3,5,1.25,0,109,2011,4
2010,4,1,1.01552941176471,-0.0588235294117647,109,2011,1
2010,4,2,1.01552941176471,-0.0588235294117647,109,2011,2
2010,4,3,1.01552941176471,-0.0588235294117647,109,2011,3
2010,4,4,1.01552941176471,-0.0588235294117647,109,2011,4
2011,1,1,1.3,0,109,2011,2
2011,1,2,1.3,0,109,2011,3
2011,1,3,1.3,0,109,2011,4
2011,1,4,1.3,0,109,2012,1
2011,1,5,1.3,0,109,2012,2
2011,1,6,1.3,0,109,2012,3
2011,1,7,1.3,0,109,2012,4
2011,2,1,1.6,0,109,2011,3
2011,2,2,1.6,0,109,2011,4
2011,2,3,1.6,0,109,2012,1
2011,2,4,1.6,0,109,2012,2
2011,2,5,1.6,0,109,2012,3
2011,2,6,1.6,0,109,2012,4
2011,3,1,1.6,0,109,2011,4
2011,3,2,1.6,0,109,2012,1
2011,3,3,1.6,0,109,2012,2
2011,3,4,1.6,0,109,2012,3
2011,3,5,1.6,0,109,2012,4
2011,4,1,-0.305882352941177,-0.0588235294117647,109,2012,1
2011,4,2,-0.305882352941177,-0.0588235294117647,109,2012,2
2011,4,3,-0.305882352941177,-0.0588235294117647,109,2012,3
2011,4,4,-0.305882352941177,-0.0588235294117647,109,2012,4
2012,1,1,0.8,0,109,2012,2
2012,1,2,0.8,0,109,2012,3
2012,1,3,0.8,0,109,2012,4
2012,1,4,0.8,0,109,2013,1
2012,1,5,0.8,0,109,2013,2
2012,1,6,0.8,0,109,2013,3
2012,1,7,0.8,0,109,2013,4
2012,2,1,0.8,0,109,2012,3
2012,2,2,0.8,0,109,2012,4
2012,2,3,0.8,0,109,2013,1
2012,2,4,0.8,0,109,2013,2
2012,2,5,0.8,0,109,2013,3
2012,2,6,0.8,0,109,2013,4
2017,4,1,1.07647058823529,-0.0588235294117647,109,2018,1
2017,4,2,1.07647058823529,-0.0588235294117647,109,2018,2
2017,4,3,1.07647058823529,-0.0588235294117647,109,2018,3
2017,4,4,1.07647058823529,-0.0588235294117647,109,2018,4
2020,1,1,1.5,0,109,2020,2
2020,1,2,1.5,0,109,2020,3
2020,1,3,1.5,0,109,2020,4
2020,1,4,1.5,0,109,2021,1
2020,1,5,1.5,0,109,2021,2
2020,1,6,1.5,0,109,2021,3
2020,1,7,1.5,0,109,2021,4
2020,3,1,6.7,0,109,2020,4
2020,3,2,6.7,0,109,2021,1
2020,3,3,6.7,0,109,2021,2
2020,3,4,6.7,0,109,2021,3
2020,3,5,6.7,0,109,2021,4
2020,4,1,7.31764705882353,-0.0588235294117647,109,2021,1
2020,4,2,7.31764705882353,-0.0588235294117647,109,2021,2
2020,4,3,7.31764705882353,-0.0588235294117647,109,2021,3
2020,4,4,7.31764705882353,-0.0588235294117647,109,2021,4
2021,1,1,5.5,0,109,2021,2
2021,1,2,5.5,0,109,2021,3
2021,1,3,5.5,0,109,2021,4
2021,1,4,5.5,0,109,2022,1
2021,1,5,5.5,0,109,2022,2
2021,1,6,5.5,0,109,2022,3
2021,1,7,5.5,0,109,2022,4
2021,3,1,5.8,0,109,2021,4
2021,3,2,5.8,0,109,2022,1
2021,3,3,5.8,0,109,2022,2
2021,3,4,5.8,0,109,2022,3
2021,3,5,5.8,0,109,2022,4
2021,4,1,5.28823529411765,-0.0588235294117647,109,2022,1
2021,4,2,5.28823529411765,-0.0588235294117647,109,2022,2
2021,4,3,5.28823529411765,-0.0588235294117647,109,2022,3
2021,4,4,5.28823529411765,-0.0588235294117647,109,2022,4
2022,1,1,3.1,0,109,2022,2
2022,1,2,3.1,0,109,2022,3
2022,1,3,3.1,0,109,2022,4
2022,1,4,3.1,0,109,2023,1
2022,1,5,3.1,0,109,2023,2
2022,1,6,3.1,0,109,2023,3
2022,1,7,3.1,0,109,2023,4
2023,4,1,0.923529411764706,-0.0588235294117647,109,2024,1
2023,4,2,0.923529411764706,-0.0588235294117647,109,2024,2
2023,4,3,0.923529411764706,-0.0588235294117647,109,2024,3
2023,4,4,0.923529411764706,-0.0588235294117647,109,2024,4
2024,2,1,1.3,0,109,2024,3
2024,2,2,1.3,0,109,2024,4
2024,2,3,1.3,0,109,2025,1
2024,2,4,1.3,0,109,2025,2
2024,2,5,1.3,0,109,2025,3
2024,2,6,1.3,0,109,2025,4
2024,3,1,1.3,0,109,2024,4
2024,3,2,1.3,0,109,2025,1
2024,3,3,1.3,0,109,2025,2
2024,3,4,1.3,0,109,2025,3
2024,3,5,1.3,0,109,2025,4
2010,4,1,1.38823529411765,-0.0588235294117647,110,2011,1
2010,4,2,1.38823529411765,-0.0588235294117647,110,2011,2
2010,4,3,1.38823529411765,-0.0588235294117647,110,2011,3
2010,4,4,1.38823529411765,-0.0588235294117647,110,2011,4
2011,1,1,1.6,0,110,2011,2
2011,1,2,1.6,0,110,2011,3
2011,1,3,1.6,0,110,2011,4
2011,1,4,1.6,0,110,2012,1
2011,1,5,1.6,0,110,2012,2
2011,1,6,1.6,0,110,2012,3
2011,1,7,1.6,0,110,2012,4
2011,2,1,1.7,0,110,2011,3
2011,2,2,1.7,0,110,2011,4
2011,2,3,1.7,0,110,2012,1
2011,2,4,1.7,0,110,2012,2
2011,2,5,1.7,0,110,2012,3
2011,2,6,1.7,0,110,2012,4
2011,3,1,1.5,0,110,2011,4
2011,3,2,1.5,0,110,2012,1
2011,3,3,1.5,0,110,2012,2
2011,3,4,1.5,0,110,2012,3
2011,3,5,1.5,0,110,2012,4
2011,4,1,0.535294117647059,-0.0588235294117647,110,2012,1
2011,4,2,0.535294117647059,-0.0588235294117647,110,2012,2
2011,4,3,0.535294117647059,-0.0588235294117647,110,2012,3
2011,4,4,0.535294117647059,-0.0588235294117647,110,2012,4
2012,1,1,1,0,110,2012,2
2012,1,2,1,0,110,2012,3
2012,1,3,1,0,110,2012,4
2012,1,4,1,0,110,2013,1
2012,1,5,1,0,110,2013,2
2012,1,6,1,0,110,2013,3
2012,1,7,1,0,110,2013,4
2012,2,1,1,0,110,2012,3
2012,2,2,1,0,110,2012,4
2012,2,3,1,0,110,2013,1
2012,2,4,1,0,110,2013,2
2012,2,5,1,0,110,2013,3
2012,2,6,1,0,110,2013,4
2012,3,1,1,0,110,2012,4
2012,3,2,1,0,110,2013,1
2012,3,3,1,0,110,2013,2
2012,3,4,1,0,110,2013,3
2012,3,5,1,0,110,2013,4
2012,4,1,0.341176470588235,-0.0588235294117647,110,2013,1
2012,4,2,0.341176470588235,-0.0588235294117647,110,2013,2
2012,4,3,0.341176470588235,-0.0588235294117647,110,2013,3
2012,4,4,0.341176470588235,-0.0588235294117647,110,2013,4
2013,1,1,0.9,0,110,2013,2
2013,1,2,0.9,0,110,2013,3
2013,1,3,0.9,0,110,2013,4
2013,1,4,0.9,0,110,2014,1
2013,1,5,0.9,0,110,2014,2
2013,1,6,0.9,0,110,2014,3
2013,1,7,0.9,0,110,2014,4
2013,2,1,1.1,0,110,2013,3
2013,2,2,1.1,0,110,2013,4
2013,2,3,1.1,0,110,2014,1
2013,2,4,1.1,0,110,2014,2
2013,2,5,1.1,0,110,2014,3
2013,2,6,1.1,0,110,2014,4
2013,3,1,-0.4,0,110,2013,4
2013,3,2,-0.4,0,110,2014,1
2013,3,3,-0.4,0,110,2014,2
2013,3,4,-0.4,0,110,2014,3
2013,3,5,-0.4,0,110,2014,4
2013,4,1,0.976470588235294,-0.0588235294117647,110,2014,1
2013,4,2,0.976470588235294,-0.0588235294117647,110,2014,2
2013,4,3,0.976470588235294,-0.0588235294117647,110,2014,3
2013,4,4,0.976470588235294,-0.0588235294117647,110,2014,4
2014,2,1,1.5,0,110,2014,3
2014,2,2,1.5,0,110,2014,4
2014,2,3,1.5,0,110,2015,1
2014,2,4,1.5,0,110,2015,2
2014,2,5,1.5,0,110,2015,3
2014,2,6,1.5,0,110,2015,4
2014,3,1,1.4,0,110,2014,4
2014,3,2,1.4,0,110,2015,1
2014,3,3,1.4,0,110,2015,2
2014,3,4,1.4,0,110,2015,3
2014,3,5,1.4,0,110,2015,4
2014,4,1,1.22352941176471,-0.0588235294117647,110,2015,1
2014,4,2,1.22352941176471,-0.0588235294117647,110,2015,2
2014,4,3,1.22352941176471,-0.0588235294117647,110,2015,3
2014,4,4,1.22352941176471,-0.0588235294117647,110,2015,4
2015,1,1,1.4,0,110,2015,2
2015,1,2,1.4,0,110,2015,3
2015,1,3,1.4,0,110,2015,4
2015,1,4,1.4,0,110,2016,1
2015,1,5,1.4,0,110,2016,2
2015,1,6,1.4,0,110,2016,3
2015,1,7,1.4,0,110,2016,4
2015,2,1,1.6,0,110,2015,3
2015,2,2,1.6,0,110,2015,4
2015,2,3,1.6,0,110,2016,1
2015,2,4,1.6,0,110,2016,2
2015,2,5,1.6,0,110,2016,3
2015,2,6,1.6,0,110,2016,4
2015,3,1,1.7,0,110,2015,4
2015,3,2,1.7,0,110,2016,1
2015,3,3,1.7,0,110,2016,2
2015,3,4,1.7,0,110,2016,3
2015,3,5,1.7,0,110,2016,4
2015,4,1,1.60588235294118,-0.0588235294117647,110,2016,1
2015,4,2,1.60588235294118,-0.0588235294117647,110,2016,2
2015,4,3,1.60588235294118,-0.0588235294117647,110,2016,3
2015,4,4,1.60588235294118,-0.0588235294117647,110,2016,4
2016,1,1,1.6,0,110,2016,2
2016,1,2,1.6,0,110,2016,3
2016,1,3,1.6,0,110,2016,4
2016,1,4,1.6,0,110,2017,1
2016,1,5,1.6,0,110,2017,2
2016,1,6,1.6,0,110,2017,3
2016,1,7,1.6,0,110,2017,4
2016,2,1,1.6,0,110,2016,3
2016,2,2,1.6,0,110,2016,4
2016,2,3,1.6,0,110,2017,1
2016,2,4,1.6,0,110,2017,2
2016,2,5,1.6,0,110,2017,3
2016,2,6,1.6,0,110,2017,4
2016,3,1,1.6,0,110,2016,4
2016,3,2,1.6,0,110,2017,1
2016,3,3,1.6,0,110,2017,2
2016,3,4,1.6,0,110,2017,3
2016,3,5,1.6,0,110,2017,4
2016,4,1,1.38823529411765,-0.0588235294117647,110,2017,1
2016,4,2,1.38823529411765,-0.0588235294117647,110,2017,2
2016,4,3,1.38823529411765,-0.0588235294117647,110,2017,3
2016,4,4,1.38823529411765,-0.0588235294117647,110,2017,4
2017,1,1,1.5,0,110,2017,2
2017,1,2,1.5,0,110,2017,3
2017,1,3,1.5,0,110,2017,4
2017,1,4,1.5,0,110,2018,1
2017,1,5,1.5,0,110,2018,2
2017,1,6,1.5,0,110,2018,3
2017,1,7,1.5,0,110,2018,4
2017,2,1,1.7,0,110,2017,3
2017,2,2,1.7,0,110,2017,4
2017,2,3,1.7,0,110,2018,1
2017,2,4,1.7,0,110,2018,2
2017,2,5,1.7,0,110,2018,3
2017,2,6,1.7,0,110,2018,4
2017,3,1,1.8,0,110,2017,4
2017,3,2,1.8,0,110,2018,1
2017,3,3,1.8,0,110,2018,2
2017,3,4,1.8,0,110,2018,3
2017,3,5,1.8,0,110,2018,4
2017,4,1,1.98823529411765,-0.0588235294117647,110,2018,1
2017,4,2,1.98823529411765,-0.0588235294117647,110,2018,2
2017,4,3,1.98823529411765,-0.0588235294117647,110,2018,3
2017,4,4,1.98823529411765,-0.0588235294117647,110,2018,4
2018,1,1,2,0,110,2018,2
2018,1,2,2,0,110,2018,3
2018,1,3,2,0,110,2018,4
2018,1,4,2,0,110,2019,1
2018,1,5,2,0,110,2019,2
2018,1,6,2,0,110,2019,3
2018,1,7,2,0,110,2019,4
2018,2,1,1.9,0,110,2018,3
2018,2,2,1.9,0,110,2018,4
2018,2,3,1.9,0,110,2019,1
2018,2,4,1.9,0,110,2019,2
2018,2,5,1.9,0,110,2019,3
2018,2,6,1.9,0,110,2019,4
2018,3,1,1.8,0,110,2018,4
2018,3,2,1.8,0,110,2019,1
2018,3,3,1.8,0,110,2019,2
2018,3,4,1.8,0,110,2019,3
2018,3,5,1.8,0,110,2019,4
2018,4,1,1.78823529411765,-0.0588235294117647,110,2019,1
2018,4,2,1.78823529411765,-0.0588235294117647,110,2019,2
2018,4,3,1.78823529411765,-0.0588235294117647,110,2019,3
2018,4,4,1.78823529411765,-0.0588235294117647,110,2019,4
2019,1,1,1.5296180243,0,110,2019,2
2019,1,2,1.5296180243,0,110,2019,3
2019,1,3,1.5296180243,0,110,2019,4
2019,1,4,1.5296180243,0,110,2020,1
2019,1,5,1.5296180243,0,110,2020,2
2019,1,6,1.5296180243,0,110,2020,3
2019,1,7,1.5296180243,0,110,2020,4
2019,2,1,1.3847165308,0,110,2019,3
2019,2,2,1.3847165308,0,110,2019,4
2019,2,3,1.3847165308,0,110,2020,1
2019,2,4,1.3847165308,0,110,2020,2
2019,2,5,1.3847165308,0,110,2020,3
2019,2,6,1.3847165308,0,110,2020,4
2019,3,1,1.3547674914,0,110,2019,4
2019,3,2,1.3547674914,0,110,2020,1
2019,3,3,1.3547674914,0,110,2020,2
2019,3,4,1.3547674914,0,110,2020,3
2019,3,5,1.3547674914,0,110,2020,4
2019,4,1,1.20433751778235,-0.0588235294117647,110,2020,1
2019,4,2,1.20433751778235,-0.0588235294117647,110,2020,2
2019,4,3,1.20433751778235,-0.0588235294117647,110,2020,3
2019,4,4,1.20433751778235,-0.0588235294117647,110,2020,4
2020,1,1,1.2039665681,0,110,2020,2
2020,1,2,1.2039665681,0,110,2020,3
2020,1,3,1.2039665681,0,110,2020,4
2020,1,4,1.2039665681,0,110,2021,1
2020,1,5,1.2039665681,0,110,2021,2
2020,1,6,1.2039665681,0,110,2021,3
2020,1,7,1.2039665681,0,110,2021,4
2020,2,1,5.8,0,110,2020,3
2020,2,2,5.8,0,110,2020,4
2020,2,3,5.8,0,110,2021,1
2020,2,4,5.8,0,110,2021,2
2020,2,5,5.8,0,110,2021,3
2020,2,6,5.8,0,110,2021,4
2020,3,1,7.5,0,110,2020,4
2020,3,2,7.5,0,110,2021,1
2020,3,3,7.5,0,110,2021,2
2020,3,4,7.5,0,110,2021,3
2020,3,5,7.5,0,110,2021,4
2020,4,1,6.47647058823529,-0.0588235294117647,110,2021,1
2020,4,2,6.47647058823529,-0.0588235294117647,110,2021,2
2020,4,3,6.47647058823529,-0.0588235294117647,110,2021,3
2020,4,4,6.47647058823529,-0.0588235294117647,110,2021,4
2021,1,1,2.6,0,110,2021,2
2021,1,2,2.6,0,110,2021,3
2021,1,3,2.6,0,110,2021,4
2021,1,4,2.6,0,110,2022,1
2021,1,5,2.6,0,110,2022,2
2021,1,6,2.6,0,110,2022,3
2021,1,7,2.6,0,110,2022,4
2021,2,1,3.31,0,110,2021,3
2021,2,2,3.31,0,110,2021,4
2021,2,3,3.31,0,110,2022,1
2021,2,4,3.31,0,110,2022,2
2021,2,5,3.31,0,110,2022,3
2021,2,6,3.31,0,110,2022,4
2021,3,1,4.4,0,110,2021,4
2021,3,2,4.4,0,110,2022,1
2021,3,3,4.4,0,110,2022,2
2021,3,4,4.4,0,110,2022,3
2021,3,5,4.4,0,110,2022,4
2021,4,1,4.55352941176471,-0.0588235294117647,110,2022,1
2021,4,2,4.55352941176471,-0.0588235294117647,110,2022,2
2021,4,3,4.55352941176471,-0.0588235294117647,110,2022,3
2021,4,4,4.55352941176471,-0.0588235294117647,110,2022,4
2022,1,1,4.61,0,110,2022,2
2022,1,2,4.61,0,110,2022,3
2022,1,3,4.61,0,110,2022,4
2022,1,4,4.61,0,110,2023,1
2022,1,5,4.61,0,110,2023,2
2022,1,6,4.61,0,110,2023,3
2022,1,7,4.61,0,110,2023,4
2022,2,1,2.9,0,110,2022,3
2022,2,2,2.9,0,110,2022,4
2022,2,3,2.9,0,110,2023,1
2022,2,4,2.9,0,110,2023,2
2022,2,5,2.9,0,110,2023,3
2022,2,6,2.9,0,110,2023,4
2022,3,1,2.3019731962,0,110,2022,4
2022,3,2,2.3019731962,0,110,2023,1
2022,3,3,2.3019731962,0,110,2023,2
2022,3,4,2.3019731962,0,110,2023,3
2022,3,5,2.3019731962,0,110,2023,4
2022,4,1,0.0893159923529412,-0.0588235294117647,110,2023,1
2022,4,2,0.0893159923529412,-0.0588235294117647,110,2023,2
2022,4,3,0.0893159923529412,-0.0588235294117647,110,2023,3
2022,4,4,0.0893159923529412,-0.0588235294117647,110,2023,4
2023,1,1,0.5057428,0,110,2023,2
2023,1,2,0.5057428,0,110,2023,3
2023,1,3,0.5057428,0,110,2023,4
2023,1,4,0.5057428,0,110,2024,1
2023,1,5,0.5057428,0,110,2024,2
2023,1,6,0.5057428,0,110,2024,3
2023,1,7,0.5057428,0,110,2024,4
2023,2,1,1.63294869,0,110,2023,3
2023,2,2,1.63294869,0,110,2023,4
2023,2,3,1.63294869,0,110,2024,1
2023,2,4,1.63294869,0,110,2024,2
2023,2,5,1.63294869,0,110,2024,3
2023,2,6,1.63294869,0,110,2024,4
2023,3,1,1.72,0,110,2023,4
2023,3,2,1.72,0,110,2024,1
2023,3,3,1.72,0,110,2024,2
2023,3,4,1.72,0,110,2024,3
2023,3,5,1.72,0,110,2024,4
2023,4,1,1.41041153058824,-0.0588235294117647,110,2024,1
2023,4,2,1.41041153058824,-0.0588235294117647,110,2024,2
2023,4,3,1.41041153058824,-0.0588235294117647,110,2024,3
2023,4,4,1.41041153058824,-0.0588235294117647,110,2024,4
2024,1,1,1.62341193,0,110,2024,2
2024,1,2,1.62341193,0,110,2024,3
2024,1,3,1.62341193,0,110,2024,4
2024,1,4,1.62341193,0,110,2025,1
2024,1,5,1.62341193,0,110,2025,2
2024,1,6,1.62341193,0,110,2025,3
2024,1,7,1.62341193,0,110,2025,4
2024,2,1,1.59298504,0,110,2024,3
2024,2,2,1.59298504,0,110,2024,4
2024,2,3,1.59298504,0,110,2025,1
2024,2,4,1.59298504,0,110,2025,2
2024,2,5,1.59298504,0,110,2025,3
2024,2,6,1.59298504,0,110,2025,4
2024,3,1,1.63772908,0,110,2024,4
2024,3,2,1.63772908,0,110,2025,1
2024,3,3,1.63772908,0,110,2025,2
2024,3,4,1.63772908,0,110,2025,3
2024,3,5,1.63772908,0,110,2025,4
2024,4,1,1.51705814647059,-0.0588235294117647,110,2025,1
2024,4,2,1.51705814647059,-0.0588235294117647,110,2025,2
2024,4,3,1.51705814647059,-0.0588235294117647,110,2025,3
2024,4,4,1.51705814647059,-0.0588235294117647,110,2025,4
2011,3,1,2,0,6,2011,4
2011,3,2,2,0,6,2012,1
2011,3,3,2,0,6,2012,2
2011,3,4,2,0,6,2012,3
2011,3,5,2,0,6,2012,4
2011,4,1,1.17058823529412,-0.0588235294117647,6,2012,1
2011,4,2,1.17058823529412,-0.0588235294117647,6,2012,2
2011,4,3,1.17058823529412,-0.0588235294117647,6,2012,3
2011,4,4,1.17058823529412,-0.0588235294117647,6,2012,4
2012,1,1,1.2,0,6,2012,2
2012,1,2,1.2,0,6,2012,3
2012,1,3,1.2,0,6,2012,4
2012,1,4,1.2,0,6,2013,1
2012,1,5,1.2,0,6,2013,2
2012,1,6,1.2,0,6,2013,3
2012,1,7,1.2,0,6,2013,4
2012,2,1,1.2,0,6,2012,3
2012,2,2,1.2,0,6,2012,4
2012,2,3,1.2,0,6,2013,1
2012,2,4,1.2,0,6,2013,2
2012,2,5,1.2,0,6,2013,3
2012,2,6,1.2,0,6,2013,4
2012,3,1,1,0,6,2012,4
2012,3,2,1,0,6,2013,1
2012,3,3,1,0,6,2013,2
2012,3,4,1,0,6,2013,3
2012,3,5,1,0,6,2013,4
2012,4,1,0.652941176470588,-0.0588235294117647,6,2013,1
2012,4,2,0.652941176470588,-0.0588235294117647,6,2013,2
2012,4,3,0.652941176470588,-0.0588235294117647,6,2013,3
2012,4,4,0.652941176470588,-0.0588235294117647,6,2013,4
2013,1,1,1,0,6,2013,2
2013,1,2,1,0,6,2013,3
2013,1,3,1,0,6,2013,4
2013,1,4,1,0,6,2014,1
2013,1,5,1,0,6,2014,2
2013,1,6,1,0,6,2014,3
2013,1,7,1,0,6,2014,4
2013,2,1,1,0,6,2013,3
2013,2,2,1,0,6,2013,4
2013,2,3,1,0,6,2014,1
2013,2,4,1,0,6,2014,2
2013,2,5,1,0,6,2014,3
2013,2,6,1,0,6,2014,4
2013,3,1,1,0,6,2013,4
2013,3,2,1,0,6,2014,1
2013,3,3,1,0,6,2014,2
2013,3,4,1,0,6,2014,3
2013,3,5,1,0,6,2014,4
2013,4,1,1.08823529411765,-0.0588235294117647,6,2014,1
2013,4,2,1.08823529411765,-0.0588235294117647,6,2014,2
2013,4,3,1.08823529411765,-0.0588235294117647,6,2014,3
2013,4,4,1.08823529411765,-0.0588235294117647,6,2014,4
2014,1,1,1.5,0,6,2014,2
2014,1,2,1.5,0,6,2014,3
2014,1,3,1.5,0,6,2014,4
2014,1,4,1.5,0,6,2015,1
2014,1,5,1.5,0,6,2015,2
2014,1,6,1.5,0,6,2015,3
2014,1,7,1.5,0,6,2015,4
2014,2,1,1.5,0,6,2014,3
2014,2,2,1.5,0,6,2014,4
2014,2,3,1.5,0,6,2015,1
2014,2,4,1.5,0,6,2015,2
2014,2,5,1.5,0,6,2015,3
2014,2,6,1.5,0,6,2015,4
2014,3,1,1.5,0,6,2014,4
2014,3,2,1.5,0,6,2015,1
2014,3,3,1.5,0,6,2015,2
2014,3,4,1.5,0,6,2015,3
2014,3,5,1.5,0,6,2015,4
2014,4,1,0.911764705882353,-0.0588235294117647,6,2015,1
2014,4,2,0.911764705882353,-0.0588235294117647,6,2015,2
2014,4,3,0.911764705882353,-0.0588235294117647,6,2015,3
2014,4,4,0.911764705882353,-0.0588235294117647,6,2015,4
2015,1,1,1.7,0,6,2015,2
2015,1,2,1.7,0,6,2015,3
2015,1,3,1.7,0,6,2015,4
2015,1,4,1.7,0,6,2016,1
2015,1,5,1.7,0,6,2016,2
2015,1,6,1.7,0,6,2016,3
2015,1,7,1.7,0,6,2016,4
2015,2,1,1.8,0,6,2015,3
2015,2,2,1.8,0,6,2015,4
2015,2,3,1.8,0,6,2016,1
2015,2,4,1.8,0,6,2016,2
2015,2,5,1.8,0,6,2016,3
2015,2,6,1.8,0,6,2016,4
2015,3,1,1.5,0,6,2015,4
2015,3,2,1.5,0,6,2016,1
2015,3,3,1.5,0,6,2016,2
2015,3,4,1.5,0,6,2016,3
2015,3,5,1.5,0,6,2016,4
2015,4,1,1.50588235294118,-0.0588235294117647,6,2016,1
2015,4,2,1.50588235294118,-0.0588235294117647,6,2016,2
2015,4,3,1.50588235294118,-0.0588235294117647,6,2016,3
2015,4,4,1.50588235294118,-0.0588235294117647,6,2016,4
2016,1,1,1.7,0,6,2016,2
2016,1,2,1.7,0,6,2016,3
2016,1,3,1.7,0,6,2016,4
2016,1,4,1.7,0,6,2017,1
2016,1,5,1.7,0,6,2017,2
2016,1,6,1.7,0,6,2017,3
2016,1,7,1.7,0,6,2017,4
2016,2,1,1.6,0,6,2016,3
2016,2,2,1.6,0,6,2016,4
2016,2,3,1.6,0,6,2017,1
2016,2,4,1.6,0,6,2017,2
2016,2,5,1.6,0,6,2017,3
2016,2,6,1.6,0,6,2017,4
2016,3,1,1.5,0,6,2016,4
2016,3,2,1.5,0,6,2017,1
2016,3,3,1.5,0,6,2017,2
2016,3,4,1.5,0,6,2017,3
2016,3,5,1.5,0,6,2017,4
2016,4,1,1.5,-0.0588235294117647,6,2017,1
2016,4,2,1.5,-0.0588235294117647,6,2017,2
2016,4,3,1.5,-0.0588235294117647,6,2017,3
2016,4,4,1.5,-0.0588235294117647,6,2017,4
2017,1,1,1.8,0,6,2017,2
2017,1,2,1.8,0,6,2017,3
2017,1,3,1.8,0,6,2017,4
2017,1,4,1.8,0,6,2018,1
2017,1,5,1.8,0,6,2018,2
2017,1,6,1.8,0,6,2018,3
2017,1,7,1.8,0,6,2018,4
2017,2,1,1.8,0,6,2017,3
2017,2,2,1.8,0,6,2017,4
2017,2,3,1.8,0,6,2018,1
2017,2,4,1.8,0,6,2018,2
2017,2,5,1.8,0,6,2018,3
2017,2,6,1.8,0,6,2018,4
2017,3,1,1.8,0,6,2017,4
2017,3,2,1.8,0,6,2018,1
2017,3,3,1.8,0,6,2018,2
2017,3,4,1.8,0,6,2018,3
2017,3,5,1.8,0,6,2018,4
2017,4,1,1.98823529411765,-0.0588235294117647,6,2018,1
2017,4,2,1.98823529411765,-0.0588235294117647,6,2018,2
2017,4,3,1.98823529411765,-0.0588235294117647,6,2018,3
2017,4,4,1.98823529411765,-0.0588235294117647,6,2018,4
2018,1,1,2,0,6,2018,2
2018,1,2,2,0,6,2018,3
2018,1,3,2,0,6,2018,4
2018,1,4,2,0,6,2019,1
2018,1,5,2,0,6,2019,2
2018,1,6,2,0,6,2019,3
2018,1,7,2,0,6,2019,4
2018,2,1,2,0,6,2018,3
2018,2,2,2,0,6,2018,4
2018,2,3,2,0,6,2019,1
2018,2,4,2,0,6,2019,2
2018,2,5,2,0,6,2019,3
2018,2,6,2,0,6,2019,4
2018,3,1,2,0,6,2018,4
2018,3,2,2,0,6,2019,1
2018,3,3,2,0,6,2019,2
2018,3,4,2,0,6,2019,3
2018,3,5,2,0,6,2019,4
2018,4,1,2,-0.0588235294117647,6,2019,1
2018,4,2,2,-0.0588235294117647,6,2019,2
2018,4,3,2,-0.0588235294117647,6,2019,3
2018,4,4,2,-0.0588235294117647,6,2019,4
2019,1,1,1.3,0,6,2019,2
2019,1,2,1.3,0,6,2019,3
2019,1,3,1.3,0,6,2019,4
2019,1,4,1.3,0,6,2020,1
2019,1,5,1.3,0,6,2020,2
2019,1,6,1.3,0,6,2020,3
2019,1,7,1.3,0,6,2020,4
2019,2,1,1.3,0,6,2019,3
2019,2,2,1.3,0,6,2019,4
2019,2,3,1.3,0,6,2020,1
2019,2,4,1.3,0,6,2020,2
2019,2,5,1.3,0,6,2020,3
2019,2,6,1.3,0,6,2020,4
2019,3,1,1.2,0,6,2019,4
2019,3,2,1.2,0,6,2020,1
2019,3,3,1.2,0,6,2020,2
2019,3,4,1.2,0,6,2020,3
2019,3,5,1.2,0,6,2020,4
2019,4,1,0.994117647058824,-0.0588235294117647,6,2020,1
2019,4,2,0.994117647058824,-0.0588235294117647,6,2020,2
2019,4,3,0.994117647058824,-0.0588235294117647,6,2020,3
2019,4,4,0.994117647058824,-0.0588235294117647,6,2020,4
2020,1,1,0.9,0,6,2020,2
2020,1,2,0.9,0,6,2020,3
2020,1,3,0.9,0,6,2020,4
2020,1,4,0.9,0,6,2021,1
2020,1,5,0.9,0,6,2021,2
2020,1,6,0.9,0,6,2021,3
2020,1,7,0.9,0,6,2021,4
2020,2,1,1.1,0,6,2020,3
2020,2,2,1.1,0,6,2020,4
2020,2,3,1.1,0,6,2021,1
2020,2,4,1.1,0,6,2021,2
2020,2,5,1.1,0,6,2021,3
2020,2,6,1.1,0,6,2021,4
2020,3,1,4.5,0,6,2020,4
2020,3,2,4.5,0,6,2021,1
2020,3,3,4.5,0,6,2021,2
2020,3,4,4.5,0,6,2021,3
2020,3,5,4.5,0,6,2021,4
2020,4,1,5.20588235294118,-0.0588235294117647,6,2021,1
2020,4,2,5.20588235294118,-0.0588235294117647,6,2021,2
2020,4,3,5.20588235294118,-0.0588235294117647,6,2021,3
2020,4,4,5.20588235294118,-0.0588235294117647,6,2021,4
2021,1,1,3.5,0,6,2021,2
2021,1,2,3.5,0,6,2021,3
2021,1,3,3.5,0,6,2021,4
2021,1,4,3.5,0,6,2022,1
2021,1,5,3.5,0,6,2022,2
2021,1,6,3.5,0,6,2022,3
2021,1,7,3.5,0,6,2022,4
2021,2,1,3.7,0,6,2021,3
2021,2,2,3.7,0,6,2021,4
2021,2,3,3.7,0,6,2022,1
2021,2,4,3.7,0,6,2022,2
2021,2,5,3.7,0,6,2022,3
2021,2,6,3.7,0,6,2022,4
2021,3,1,4.1,0,6,2021,4
2021,3,2,4.1,0,6,2022,1
2021,3,3,4.1,0,6,2022,2
2021,3,4,4.1,0,6,2022,3
2021,3,5,4.1,0,6,2022,4
2021,4,1,3.91764705882353,-0.0588235294117647,6,2022,1
2021,4,2,3.91764705882353,-0.0588235294117647,6,2022,2
2021,4,3,3.91764705882353,-0.0588235294117647,6,2022,3
2021,4,4,3.91764705882353,-0.0588235294117647,6,2022,4
2022,1,1,2.1,0,6,2022,2
2022,1,2,2.1,0,6,2022,3
2022,1,3,2.1,0,6,2022,4
2022,1,4,2.1,0,6,2023,1
2022,1,5,2.1,0,6,2023,2
2022,1,6,2.1,0,6,2023,3
2022,1,7,2.1,0,6,2023,4
2022,2,1,2,0,6,2022,3
2022,2,2,2,0,6,2022,4
2022,2,3,2,0,6,2023,1
2022,2,4,2,0,6,2023,2
2022,2,5,2,0,6,2023,3
2022,2,6,2,0,6,2023,4
2022,3,1,1.5,0,6,2022,4
2022,3,2,1.5,0,6,2023,1
2022,3,3,1.5,0,6,2023,2
2022,3,4,1.5,0,6,2023,3
2022,3,5,1.5,0,6,2023,4
2022,4,1,0.341176470588235,-0.0588235294117647,6,2023,1
2022,4,2,0.341176470588235,-0.0588235294117647,6,2023,2
2022,4,3,0.341176470588235,-0.0588235294117647,6,2023,3
2022,4,4,0.341176470588235,-0.0588235294117647,6,2023,4
2023,1,1,1,0,6,2023,2
2023,1,2,1,0,6,2023,3
2023,1,3,1,0,6,2023,4
2023,1,4,1,0,6,2024,1
2023,1,5,1,0,6,2024,2
2023,1,6,1,0,6,2024,3
2023,1,7,1,0,6,2024,4
2023,2,1,1,0,6,2023,3
2023,2,2,1,0,6,2023,4
2023,2,3,1,0,6,2024,1
2023,2,4,1,0,6,2024,2
2023,2,5,1,0,6,2024,3
2023,2,6,1,0,6,2024,4
2023,3,1,1,0,6,2023,4
2023,3,2,1,0,6,2024,1
2023,3,3,1,0,6,2024,2
2023,3,4,1,0,6,2024,3
2023,3,5,1,0,6,2024,4
2023,4,1,0.811764705882353,-0.0588235294117647,6,2024,1
2023,4,2,0.811764705882353,-0.0588235294117647,6,2024,2
2023,4,3,0.811764705882353,-0.0588235294117647,6,2024,3
2023,4,4,0.811764705882353,-0.0588235294117647,6,2024,4
2024,1,1,1.6,0,6,2024,2
2024,1,2,1.6,0,6,2024,3
2024,1,3,1.6,0,6,2024,4
2024,1,4,1.6,0,6,2025,1
2024,1,5,1.6,0,6,2025,2
2024,1,6,1.6,0,6,2025,3
2024,1,7,1.6,0,6,2025,4
2024,2,1,1.6,0,6,2024,3
2024,2,2,1.6,0,6,2024,4
2024,2,3,1.6,0,6,2025,1
2024,2,4,1.6,0,6,2025,2
2024,2,5,1.6,0,6,2025,3
2024,2,6,1.6,0,6,2025,4
2024,3,1,1.5,0,6,2024,4
2024,3,2,1.5,0,6,2025,1
2024,3,3,1.5,0,6,2025,2
2024,3,4,1.5,0,6,2025,3
2024,3,5,1.5,0,6,2025,4
2024,4,1,1.54705882352941,-0.0588235294117647,6,2025,1
2024,4,2,1.54705882352941,-0.0588235294117647,6,2025,2
2024,4,3,1.54705882352941,-0.0588235294117647,6,2025,3
2024,4,4,1.54705882352941,-0.0588235294117647,6,2025,4
2011,3,1,1.8,0,112,2011,4
2011,3,2,1.8,0,112,2012,1
2011,3,3,1.8,0,112,2012,2
2011,3,4,1.8,0,112,2012,3
2011,3,5,1.8,0,112,2012,4
2011,4,1,1.90588235294118,-0.0588235294117647,112,2012,1
2011,4,2,1.90588235294118,-0.0588235294117647,112,2012,2
2011,4,3,1.90588235294118,-0.0588235294117647,112,2012,3
2011,4,4,1.90588235294118,-0.0588235294117647,112,2012,4
2012,1,1,1.2,0,112,2012,2
2012,1,2,1.2,0,112,2012,3
2012,1,3,1.2,0,112,2012,4
2012,1,4,1.2,0,112,2013,1
2012,1,5,1.2,0,112,2013,2
2012,1,6,1.2,0,112,2013,3
2012,1,7,1.2,0,112,2013,4
2012,2,1,1.2,0,112,2012,3
2012,2,2,1.2,0,112,2012,4
2012,2,3,1.2,0,112,2013,1
2012,2,4,1.2,0,112,2013,2
2012,2,5,1.2,0,112,2013,3
2012,2,6,1.2,0,112,2013,4
2012,3,1,1,0,112,2012,4
2012,3,2,1,0,112,2013,1
2012,3,3,1,0,112,2013,2
2012,3,4,1,0,112,2013,3
2012,3,5,1,0,112,2013,4
2012,4,1,0.226470588235294,-0.0588235294117647,112,2013,1
2012,4,2,0.226470588235294,-0.0588235294117647,112,2013,2
2012,4,3,0.226470588235294,-0.0588235294117647,112,2013,3
2012,4,4,0.226470588235294,-0.0588235294117647,112,2013,4
2013,1,1,1.4,0,112,2013,2
2013,1,2,1.4,0,112,2013,3
2013,1,3,1.4,0,112,2013,4
2013,1,4,1.4,0,112,2014,1
2013,1,5,1.4,0,112,2014,2
2013,1,6,1.4,0,112,2014,3
2013,1,7,1.4,0,112,2014,4
2013,2,1,1.5,0,112,2013,3
2013,2,2,1.5,0,112,2013,4
2013,2,3,1.5,0,112,2014,1
2013,2,4,1.5,0,112,2014,2
2013,2,5,1.5,0,112,2014,3
2013,2,6,1.5,0,112,2014,4
2013,3,1,2,0,112,2013,4
2013,3,2,2,0,112,2014,1
2013,3,3,2,0,112,2014,2
2013,3,4,2,0,112,2014,3
2013,3,5,2,0,112,2014,4
2013,4,1,2.14705882352941,-0.0588235294117647,112,2014,1
2013,4,2,2.14705882352941,-0.0588235294117647,112,2014,2
2013,4,3,2.14705882352941,-0.0588235294117647,112,2014,3
2013,4,4,2.14705882352941,-0.0588235294117647,112,2014,4
2014,1,1,2,0,112,2014,2
2014,1,2,2,0,112,2014,3
2014,1,3,2,0,112,2014,4
2014,1,4,2,0,112,2015,1
2014,1,5,2,0,112,2015,2
2014,1,6,2,0,112,2015,3
2014,1,7,2,0,112,2015,4
2014,2,1,1.8,0,112,2014,3
2014,2,2,1.8,0,112,2014,4
2014,2,3,1.8,0,112,2015,1
2014,2,4,1.8,0,112,2015,2
2014,2,5,1.8,0,112,2015,3
2014,2,6,1.8,0,112,2015,4
2014,3,1,2,0,112,2014,4
2014,3,2,2,0,112,2015,1
2014,3,3,2,0,112,2015,2
2014,3,4,2,0,112,2015,3
2014,3,5,2,0,112,2015,4
2014,4,1,1.42941176470588,-0.0588235294117647,112,2015,1
2014,4,2,1.42941176470588,-0.0588235294117647,112,2015,2
2014,4,3,1.42941176470588,-0.0588235294117647,112,2015,3
2014,4,4,1.42941176470588,-0.0588235294117647,112,2015,4
2015,1,1,1.7,0,112,2015,2
2015,1,2,1.7,0,112,2015,3
2015,1,3,1.7,0,112,2015,4
2015,1,4,1.7,0,112,2016,1
2015,1,5,1.7,0,112,2016,2
2015,1,6,1.7,0,112,2016,3
2015,1,7,1.7,0,112,2016,4
2015,2,1,2.25,0,112,2015,3
2015,2,2,2.25,0,112,2015,4
2015,2,3,2.25,0,112,2016,1
2015,2,4,2.25,0,112,2016,2
2015,2,5,2.25,0,112,2016,3
2015,2,6,2.25,0,112,2016,4
2015,3,1,2.25,0,112,2015,4
2015,3,2,2.25,0,112,2016,1
2015,3,3,2.25,0,112,2016,2
2015,3,4,2.25,0,112,2016,3
2015,3,5,2.25,0,112,2016,4
2015,4,1,2.24117647058824,-0.0588235294117647,112,2016,1
2015,4,2,2.24117647058824,-0.0588235294117647,112,2016,2
2015,4,3,2.24117647058824,-0.0588235294117647,112,2016,3
2015,4,4,2.24117647058824,-0.0588235294117647,112,2016,4
2016,1,1,2.2,0,112,2016,2
2016,1,2,2.2,0,112,2016,3
2016,1,3,2.2,0,112,2016,4
2016,1,4,2.2,0,112,2017,1
2016,1,5,2.2,0,112,2017,2
2016,1,6,2.2,0,112,2017,3
2016,1,7,2.2,0,112,2017,4
2016,2,1,1.8,0,112,2016,3
2016,2,2,1.8,0,112,2016,4
2016,2,3,1.8,0,112,2017,1
2016,2,4,1.8,0,112,2017,2
2016,2,5,1.8,0,112,2017,3
2016,2,6,1.8,0,112,2017,4
2016,3,1,1.5,0,112,2016,4
2016,3,2,1.5,0,112,2017,1
2016,3,3,1.5,0,112,2017,2
2016,3,4,1.5,0,112,2017,3
2016,3,5,1.5,0,112,2017,4
2016,4,1,1.5,-0.0588235294117647,112,2017,1
2016,4,2,1.5,-0.0588235294117647,112,2017,2
2016,4,3,1.5,-0.0588235294117647,112,2017,3
2016,4,4,1.5,-0.0588235294117647,112,2017,4
2017,1,1,1.8,0,112,2017,2
2017,1,2,1.8,0,112,2017,3
2017,1,3,1.8,0,112,2017,4
2017,1,4,1.8,0,112,2018,1
2017,1,5,1.8,0,112,2018,2
2017,1,6,1.8,0,112,2018,3
2017,1,7,1.8,0,112,2018,4
2017,2,1,1.9,0,112,2017,3
2017,2,2,1.9,0,112,2017,4
2017,2,3,1.9,0,112,2018,1
2017,2,4,1.9,0,112,2018,2
2017,2,5,1.9,0,112,2018,3
2017,2,6,1.9,0,112,2018,4
2017,3,1,2.4,0,112,2017,4
2017,3,2,2.4,0,112,2018,1
2017,3,3,2.4,0,112,2018,2
2017,3,4,2.4,0,112,2018,3
2017,3,5,2.4,0,112,2018,4
2017,4,1,2.51176470588235,-0.0588235294117647,112,2018,1
2017,4,2,2.51176470588235,-0.0588235294117647,112,2018,2
2017,4,3,2.51176470588235,-0.0588235294117647,112,2018,3
2017,4,4,2.51176470588235,-0.0588235294117647,112,2018,4
2018,1,1,2.2,0,112,2018,2
2018,1,2,2.2,0,112,2018,3
2018,1,3,2.2,0,112,2018,4
2018,1,4,2.2,0,112,2019,1
2018,1,5,2.2,0,112,2019,2
2018,1,6,2.2,0,112,2019,3
2018,1,7,2.2,0,112,2019,4
2018,2,1,2.6,0,112,2018,3
2018,2,2,2.6,0,112,2018,4
2018,2,3,2.6,0,112,2019,1
2018,2,4,2.6,0,112,2019,2
2018,2,5,2.6,0,112,2019,3
2018,2,6,2.6,0,112,2019,4
2018,3,1,2.5,0,112,2018,4
2018,3,2,2.5,0,112,2019,1
2018,3,3,2.5,0,112,2019,2
2018,3,4,2.5,0,112,2019,3
2018,3,5,2.5,0,112,2019,4
2018,4,1,1.57647058823529,-0.0588235294117647,112,2019,1
2018,4,2,1.57647058823529,-0.0588235294117647,112,2019,2
2018,4,3,1.57647058823529,-0.0588235294117647,112,2019,3
2018,4,4,1.57647058823529,-0.0588235294117647,112,2019,4
2019,1,1,1,0,112,2019,2
2019,1,2,1,0,112,2019,3
2019,1,3,1,0,112,2019,4
2019,1,4,1,0,112,2020,1
2019,1,5,1,0,112,2020,2
2019,1,6,1,0,112,2020,3
2019,1,7,1,0,112,2020,4
2019,2,1,1,0,112,2019,3
2019,2,2,1,0,112,2019,4
2019,2,3,1,0,112,2020,1
2019,2,4,1,0,112,2020,2
2019,2,5,1,0,112,2020,3
2019,2,6,1,0,112,2020,4
2019,3,1,1,0,112,2019,4
2019,3,2,1,0,112,2020,1
2019,3,3,1,0,112,2020,2
2019,3,4,1,0,112,2020,3
2019,3,5,1,0,112,2020,4
2019,4,1,0.994117647058824,-0.0588235294117647,112,2020,1
2019,4,2,0.994117647058824,-0.0588235294117647,112,2020,2
2019,4,3,0.994117647058824,-0.0588235294117647,112,2020,3
2019,4,4,0.994117647058824,-0.0588235294117647,112,2020,4
2020,1,1,1.5,0,112,2020,2
2020,1,2,1.5,0,112,2020,3
2020,1,3,1.5,0,112,2020,4
2020,1,4,1.5,0,112,2021,1
2020,1,5,1.5,0,112,2021,2
2020,1,6,1.5,0,112,2021,3
2020,1,7,1.5,0,112,2021,4
2020,2,1,1.6,0,112,2020,3
2020,2,2,1.6,0,112,2020,4
2020,2,3,1.6,0,112,2021,1
2020,2,4,1.6,0,112,2021,2
2020,2,5,1.6,0,112,2021,3
2020,2,6,1.6,0,112,2021,4
2020,3,1,5.9,0,112,2020,4
2020,3,2,5.9,0,112,2021,1
2020,3,3,5.9,0,112,2021,2
2020,3,4,5.9,0,112,2021,3
2020,3,5,5.9,0,112,2021,4
2020,4,1,5.56470588235294,-0.0588235294117647,112,2021,1
2020,4,2,5.56470588235294,-0.0588235294117647,112,2021,2
2020,4,3,5.56470588235294,-0.0588235294117647,112,2021,3
2020,4,4,5.56470588235294,-0.0588235294117647,112,2021,4
2021,1,1,1.8,0,112,2021,2
2021,1,2,1.8,0,112,2021,3
2021,1,3,1.8,0,112,2021,4
2021,1,4,1.8,0,112,2022,1
2021,1,5,1.8,0,112,2022,2
2021,1,6,1.8,0,112,2022,3
2021,1,7,1.8,0,112,2022,4
2021,2,1,4.4,0,112,2021,3
2021,2,2,4.4,0,112,2021,4
2021,2,3,4.4,0,112,2022,1
2021,2,4,4.4,0,112,2022,2
2021,2,5,4.4,0,112,2022,3
2021,2,6,4.4,0,112,2022,4
2021,3,1,4.4,0,112,2021,4
2021,3,2,4.4,0,112,2022,1
2021,3,3,4.4,0,112,2022,2
2021,3,4,4.4,0,112,2022,3
2021,3,5,4.4,0,112,2022,4
2021,4,1,4.35294117647059,-0.0588235294117647,112,2022,1
2021,4,2,4.35294117647059,-0.0588235294117647,112,2022,2
2021,4,3,4.35294117647059,-0.0588235294117647,112,2022,3
2021,4,4,4.35294117647059,-0.0588235294117647,112,2022,4
2022,1,1,2.6,0,112,2022,2
2022,1,2,2.6,0,112,2022,3
2022,1,3,2.6,0,112,2022,4
2022,1,4,2.6,0,112,2023,1
2022,1,5,2.6,0,112,2023,2
2022,1,6,2.6,0,112,2023,3
2022,1,7,2.6,0,112,2023,4
2022,2,1,1.1,0,112,2022,3
2022,2,2,1.1,0,112,2022,4
2022,2,3,1.1,0,112,2023,1
2022,2,4,1.1,0,112,2023,2
2022,2,5,1.1,0,112,2023,3
2022,2,6,1.1,0,112,2023,4
2022,3,1,0.8,0,112,2022,4
2022,3,2,0.8,0,112,2023,1
2022,3,3,0.8,0,112,2023,2
2022,3,4,0.8,0,112,2023,3
2022,3,5,0.8,0,112,2023,4
2022,4,1,-0.805882352941176,-0.0588235294117647,112,2023,1
2022,4,2,-0.805882352941176,-0.0588235294117647,112,2023,2
2022,4,3,-0.805882352941176,-0.0588235294117647,112,2023,3
2022,4,4,-0.805882352941176,-0.0588235294117647,112,2023,4
2023,1,1,1.2,0,112,2023,2
2023,1,2,1.2,0,112,2023,3
2023,1,3,1.2,0,112,2023,4
2023,1,4,1.2,0,112,2024,1
2023,1,5,1.2,0,112,2024,2
2023,1,6,1.2,0,112,2024,3
2023,1,7,1.2,0,112,2024,4
2023,2,1,0.9,0,112,2023,3
2023,2,2,0.9,0,112,2023,4
2023,2,3,0.9,0,112,2024,1
2023,2,4,0.9,0,112,2024,2
2023,2,5,0.9,0,112,2024,3
2023,2,6,0.9,0,112,2024,4
2023,3,1,1,0,112,2023,4
2023,3,2,1,0,112,2024,1
2023,3,3,1,0,112,2024,2
2023,3,4,1,0,112,2024,3
2023,3,5,1,0,112,2024,4
2023,4,1,0.81764705882353,-0.0588235294117647,112,2024,1
2023,4,2,0.81764705882353,-0.0588235294117647,112,2024,2
2023,4,3,0.81764705882353,-0.0588235294117647,112,2024,3
2023,4,4,0.81764705882353,-0.0588235294117647,112,2024,4
2024,2,1,1.5,0,112,2024,3
2024,2,2,1.5,0,112,2024,4
2024,2,3,1.5,0,112,2025,1
2024,2,4,1.5,0,112,2025,2
2024,2,5,1.5,0,112,2025,3
2024,2,6,1.5,0,112,2025,4
2024,3,1,1.5,0,112,2024,4
2024,3,2,1.5,0,112,2025,1
2024,3,3,1.5,0,112,2025,2
2024,3,4,1.5,0,112,2025,3
2024,3,5,1.5,0,112,2025,4
2011,4,1,0.752941176470588,-0.0588235294117647,113,2012,1
2011,4,2,0.752941176470588,-0.0588235294117647,113,2012,2
2011,4,3,0.752941176470588,-0.0588235294117647,113,2012,3
2011,4,4,0.752941176470588,-0.0588235294117647,113,2012,4
2013,1,1,0,0,113,2013,2
2013,1,2,0,0,113,2013,3
2013,1,3,0,0,113,2013,4
2013,1,4,0,0,113,2014,1
2013,1,5,0,0,113,2014,2
2013,1,6,0,0,113,2014,3
2013,1,7,0,0,113,2014,4
2013,3,1,0.4,0,113,2013,4
2013,3,2,0.4,0,113,2014,1
2013,3,3,0.4,0,113,2014,2
2013,3,4,0.4,0,113,2014,3
2013,3,5,0.4,0,113,2014,4
2013,4,1,0.676470588235294,-0.0588235294117647,113,2014,1
2013,4,2,0.676470588235294,-0.0588235294117647,113,2014,2
2013,4,3,0.676470588235294,-0.0588235294117647,113,2014,3
2013,4,4,0.676470588235294,-0.0588235294117647,113,2014,4
2014,1,1,0.5,0,113,2014,2
2014,1,2,0.5,0,113,2014,3
2014,1,3,0.5,0,113,2014,4
2014,1,4,0.5,0,113,2015,1
2014,1,5,0.5,0,113,2015,2
2014,1,6,0.5,0,113,2015,3
2014,1,7,0.5,0,113,2015,4
2014,3,1,0.5,0,113,2014,4
2014,3,2,0.5,0,113,2015,1
2014,3,3,0.5,0,113,2015,2
2014,3,4,0.5,0,113,2015,3
2014,3,5,0.5,0,113,2015,4
2018,2,1,2.1,0,113,2018,3
2018,2,2,2.1,0,113,2018,4
2018,2,3,2.1,0,113,2019,1
2018,2,4,2.1,0,113,2019,2
2018,2,5,2.1,0,113,2019,3
2018,2,6,2.1,0,113,2019,4
2014,3,1,1.3,0,114,2014,4
2014,3,2,1.3,0,114,2015,1
2014,3,3,1.3,0,114,2015,2
2014,3,4,1.3,0,114,2015,3
2014,3,5,1.3,0,114,2015,4
2014,4,1,1.11764705882353,-0.0588235294117647,114,2015,1
2014,4,2,1.11764705882353,-0.0588235294117647,114,2015,2
2014,4,3,1.11764705882353,-0.0588235294117647,114,2015,3
2014,4,4,1.11764705882353,-0.0588235294117647,114,2015,4
2015,1,1,1.7,0,114,2015,2
2015,1,2,1.7,0,114,2015,3
2015,1,3,1.7,0,114,2015,4
2015,1,4,1.7,0,114,2016,1
2015,1,5,1.7,0,114,2016,2
2015,1,6,1.7,0,114,2016,3
2015,1,7,1.7,0,114,2016,4
2015,2,1,2,0,114,2015,3
2015,2,2,2,0,114,2015,4
2015,2,3,2,0,114,2016,1
2015,2,4,2,0,114,2016,2
2015,2,5,2,0,114,2016,3
2015,2,6,2,0,114,2016,4
2015,3,1,2,0,114,2015,4
2015,3,2,2,0,114,2016,1
2015,3,3,2,0,114,2016,2
2015,3,4,2,0,114,2016,3
2015,3,5,2,0,114,2016,4
2015,4,1,2.02352941176471,-0.0588235294117647,114,2016,1
2015,4,2,2.02352941176471,-0.0588235294117647,114,2016,2
2015,4,3,2.02352941176471,-0.0588235294117647,114,2016,3
2015,4,4,2.02352941176471,-0.0588235294117647,114,2016,4
2016,1,1,1.6,0,114,2016,2
2016,1,2,1.6,0,114,2016,3
2016,1,3,1.6,0,114,2016,4
2016,1,4,1.6,0,114,2017,1
2016,1,5,1.6,0,114,2017,2
2016,1,6,1.6,0,114,2017,3
2016,1,7,1.6,0,114,2017,4
2016,3,1,1.3,0,114,2016,4
2016,3,2,1.3,0,114,2017,1
2016,3,3,1.3,0,114,2017,2
2016,3,4,1.3,0,114,2017,3
2016,3,5,1.3,0,114,2017,4
2017,1,1,1.3,0,114,2017,2
2017,1,2,1.3,0,114,2017,3
2017,1,3,1.3,0,114,2017,4
2017,1,4,1.3,0,114,2018,1
2017,1,5,1.3,0,114,2018,2
2017,1,6,1.3,0,114,2018,3
2017,1,7,1.3,0,114,2018,4
2017,2,1,1.5,0,114,2017,3
2017,2,2,1.5,0,114,2017,4
2017,2,3,1.5,0,114,2018,1
2017,2,4,1.5,0,114,2018,2
2017,2,5,1.5,0,114,2018,3
2017,2,6,1.5,0,114,2018,4
2017,3,1,1.6,0,114,2017,4
2017,3,2,1.6,0,114,2018,1
2017,3,3,1.6,0,114,2018,2
2017,3,4,1.6,0,114,2018,3
2017,3,5,1.6,0,114,2018,4
2017,4,1,1.77647058823529,-0.0588235294117647,114,2018,1
2017,4,2,1.77647058823529,-0.0588235294117647,114,2018,2
2017,4,3,1.77647058823529,-0.0588235294117647,114,2018,3
2017,4,4,1.77647058823529,-0.0588235294117647,114,2018,4
2018,3,1,1.7,0,114,2018,4
2018,3,2,1.7,0,114,2019,1
2018,3,3,1.7,0,114,2019,2
2018,3,4,1.7,0,114,2019,3
2018,3,5,1.7,0,114,2019,4
2018,4,1,1.67647058823529,-0.0588235294117647,114,2019,1
2018,4,2,1.67647058823529,-0.0588235294117647,114,2019,2
2018,4,3,1.67647058823529,-0.0588235294117647,114,2019,3
2018,4,4,1.67647058823529,-0.0588235294117647,114,2019,4
2019,1,1,0.9,0,114,2019,2
2019,1,2,0.9,0,114,2019,3
2019,1,3,0.9,0,114,2019,4
2019,1,4,0.9,0,114,2020,1
2019,1,5,0.9,0,114,2020,2
2019,1,6,0.9,0,114,2020,3
2019,1,7,0.9,0,114,2020,4
2019,2,1,0.9,0,114,2019,3
2019,2,2,0.9,0,114,2019,4
2019,2,3,0.9,0,114,2020,1
2019,2,4,0.9,0,114,2020,2
2019,2,5,0.9,0,114,2020,3
2019,2,6,0.9,0,114,2020,4
2019,3,1,1,0,114,2019,4
2019,3,2,1,0,114,2020,1
2019,3,3,1,0,114,2020,2
2019,3,4,1,0,114,2020,3
2019,3,5,1,0,114,2020,4
2019,4,1,1.1,-0.0588235294117647,114,2020,1
2019,4,2,1.1,-0.0588235294117647,114,2020,2
2019,4,3,1.1,-0.0588235294117647,114,2020,3
2019,4,4,1.1,-0.0588235294117647,114,2020,4
2020,1,1,-0.2,0,114,2020,2
2020,1,2,-0.2,0,114,2020,3
2020,1,3,-0.2,0,114,2020,4
2020,1,4,-0.2,0,114,2021,1
2020,1,5,-0.2,0,114,2021,2
2020,1,6,-0.2,0,114,2021,3
2020,1,7,-0.2,0,114,2021,4
2020,2,1,5.7,0,114,2020,3
2020,2,2,5.7,0,114,2020,4
2020,2,3,5.7,0,114,2021,1
2020,2,4,5.7,0,114,2021,2
2020,2,5,5.7,0,114,2021,3
2020,2,6,5.7,0,114,2021,4
2020,3,1,6.2,0,114,2020,4
2020,3,2,6.2,0,114,2021,1
2020,3,3,6.2,0,114,2021,2
2020,3,4,6.2,0,114,2021,3
2020,3,5,6.2,0,114,2021,4
2020,4,1,6.78823529411765,-0.0588235294117647,114,2021,1
2020,4,2,6.78823529411765,-0.0588235294117647,114,2021,2
2020,4,3,6.78823529411765,-0.0588235294117647,114,2021,3
2020,4,4,6.78823529411765,-0.0588235294117647,114,2021,4
2021,1,1,5,0,114,2021,2
2021,1,2,5,0,114,2021,3
2021,1,3,5,0,114,2021,4
2021,1,4,5,0,114,2022,1
2021,1,5,5,0,114,2022,2
2021,1,6,5,0,114,2022,3
2021,1,7,5,0,114,2022,4
2021,3,1,5.2,0,114,2021,4
2021,3,2,5.2,0,114,2022,1
2021,3,3,5.2,0,114,2022,2
2021,3,4,5.2,0,114,2022,3
2021,3,5,5.2,0,114,2022,4
2021,4,1,5.21176470588235,-0.0588235294117647,114,2022,1
2021,4,2,5.21176470588235,-0.0588235294117647,114,2022,2
2021,4,3,5.21176470588235,-0.0588235294117647,114,2022,3
2021,4,4,5.21176470588235,-0.0588235294117647,114,2022,4
2022,1,1,3,0,114,2022,2
2022,1,2,3,0,114,2022,3
2022,1,3,3,0,114,2022,4
2022,1,4,3,0,114,2023,1
2022,1,5,3,0,114,2023,2
2022,1,6,3,0,114,2023,3
2022,1,7,3,0,114,2023,4
2022,2,1,2.7,0,114,2022,3
2022,2,2,2.7,0,114,2022,4
2022,2,3,2.7,0,114,2023,1
2022,2,4,2.7,0,114,2023,2
2022,2,5,2.7,0,114,2023,3
2022,2,6,2.7,0,114,2023,4
2022,3,1,2.1,0,114,2022,4
2022,3,2,2.1,0,114,2023,1
2022,3,3,2.1,0,114,2023,2
2022,3,4,2.1,0,114,2023,3
2022,3,5,2.1,0,114,2023,4
2022,4,1,0.552941176470588,-0.0588235294117647,114,2023,1
2022,4,2,0.552941176470588,-0.0588235294117647,114,2023,2
2022,4,3,0.552941176470588,-0.0588235294117647,114,2023,3
2022,4,4,0.552941176470588,-0.0588235294117647,114,2023,4
2023,1,1,1.7,0,114,2023,2
2023,1,2,1.7,0,114,2023,3
2023,1,3,1.7,0,114,2023,4
2023,1,4,1.7,0,114,2024,1
2023,1,5,1.7,0,114,2024,2
2023,1,6,1.7,0,114,2024,3
2023,1,7,1.7,0,114,2024,4
2023,2,1,1,0,114,2023,3
2023,2,2,1,0,114,2023,4
2023,2,3,1,0,114,2024,1
2023,2,4,1,0,114,2024,2
2023,2,5,1,0,114,2024,3
2023,2,6,1,0,114,2024,4
2023,3,1,0.3,0,114,2023,4
2023,3,2,0.3,0,114,2024,1
2023,3,3,0.3,0,114,2024,2
2023,3,4,0.3,0,114,2024,3
2023,3,5,0.3,0,114,2024,4
2023,4,1,0.394117647058824,-0.0588235294117647,114,2024,1
2023,4,2,0.394117647058824,-0.0588235294117647,114,2024,2
2023,4,3,0.394117647058824,-0.0588235294117647,114,2024,3
2023,4,4,0.394117647058824,-0.0588235294117647,114,2024,4
2024,1,1,1.6,0,114,2024,2
2024,1,2,1.6,0,114,2024,3
2024,1,3,1.6,0,114,2024,4
2024,1,4,1.6,0,114,2025,1
2024,1,5,1.6,0,114,2025,2
2024,1,6,1.6,0,114,2025,3
2024,1,7,1.6,0,114,2025,4
2024,2,1,1.6,0,114,2024,3
2024,2,2,1.6,0,114,2024,4
2024,2,3,1.6,0,114,2025,1
2024,2,4,1.6,0,114,2025,2
2024,2,5,1.6,0,114,2025,3
2024,2,6,1.6,0,114,2025,4
2024,4,1,1.12352941176471,-0.0588235294117647,114,2025,1
2024,4,2,1.12352941176471,-0.0588235294117647,114,2025,2
2024,4,3,1.12352941176471,-0.0588235294117647,114,2025,3
2024,4,4,1.12352941176471,-0.0588235294117647,114,2025,4
2014,3,1,1.5,0,115,2014,4
2014,3,2,1.5,0,115,2015,1
2014,3,3,1.5,0,115,2015,2
2014,3,4,1.5,0,115,2015,3
2014,3,5,1.5,0,115,2015,4
2014,4,1,1.42941176470588,-0.0588235294117647,115,2015,1
2014,4,2,1.42941176470588,-0.0588235294117647,115,2015,2
2014,4,3,1.42941176470588,-0.0588235294117647,115,2015,3
2014,4,4,1.42941176470588,-0.0588235294117647,115,2015,4
2015,1,1,1.6,0,115,2015,2
2015,1,2,1.6,0,115,2015,3
2015,1,3,1.6,0,115,2015,4
2015,1,4,1.6,0,115,2016,1
2015,1,5,1.6,0,115,2016,2
2015,1,6,1.6,0,115,2016,3
2015,1,7,1.6,0,115,2016,4
2015,2,1,2,0,115,2015,3
2015,2,2,2,0,115,2015,4
2015,2,3,2,0,115,2016,1
2015,2,4,2,0,115,2016,2
2015,2,5,2,0,115,2016,3
2015,2,6,2,0,115,2016,4
2015,3,1,2,0,115,2015,4
2015,3,2,2,0,115,2016,1
2015,3,3,2,0,115,2016,2
2015,3,4,2,0,115,2016,3
2015,3,5,2,0,115,2016,4
2015,4,1,1.92941176470588,-0.0588235294117647,115,2016,1
2015,4,2,1.92941176470588,-0.0588235294117647,115,2016,2
2015,4,3,1.92941176470588,-0.0588235294117647,115,2016,3
2015,4,4,1.92941176470588,-0.0588235294117647,115,2016,4
2016,1,1,1.8,0,115,2016,2
2016,1,2,1.8,0,115,2016,3
2016,1,3,1.8,0,115,2016,4
2016,1,4,1.8,0,115,2017,1
2016,1,5,1.8,0,115,2017,2
2016,1,6,1.8,0,115,2017,3
2016,1,7,1.8,0,115,2017,4
2016,2,1,1.7,0,115,2016,3
2016,2,2,1.7,0,115,2016,4
2016,2,3,1.7,0,115,2017,1
2016,2,4,1.7,0,115,2017,2
2016,2,5,1.7,0,115,2017,3
2016,2,6,1.7,0,115,2017,4
2016,4,1,1.28823529411765,-0.0588235294117647,115,2017,1
2016,4,2,1.28823529411765,-0.0588235294117647,115,2017,2
2016,4,3,1.28823529411765,-0.0588235294117647,115,2017,3
2016,4,4,1.28823529411765,-0.0588235294117647,115,2017,4
2017,1,1,1.2,0,115,2017,2
2017,1,2,1.2,0,115,2017,3
2017,1,3,1.2,0,115,2017,4
2017,1,4,1.2,0,115,2018,1
2017,1,5,1.2,0,115,2018,2
2017,1,6,1.2,0,115,2018,3
2017,1,7,1.2,0,115,2018,4
2017,2,1,1.2,0,115,2017,3
2017,2,2,1.2,0,115,2017,4
2017,2,3,1.2,0,115,2018,1
2017,2,4,1.2,0,115,2018,2
2017,2,5,1.2,0,115,2018,3
2017,2,6,1.2,0,115,2018,4
2017,4,1,1.57647058823529,-0.0588235294117647,115,2018,1
2017,4,2,1.57647058823529,-0.0588235294117647,115,2018,2
2017,4,3,1.57647058823529,-0.0588235294117647,115,2018,3
2017,4,4,1.57647058823529,-0.0588235294117647,115,2018,4
2018,1,1,1.7,0,115,2018,2
2018,1,2,1.7,0,115,2018,3
2018,1,3,1.7,0,115,2018,4
2018,1,4,1.7,0,115,2019,1
2018,1,5,1.7,0,115,2019,2
2018,1,6,1.7,0,115,2019,3
2018,1,7,1.7,0,115,2019,4
2018,2,1,2,0,115,2018,3
2018,2,2,2,0,115,2018,4
2018,2,3,2,0,115,2019,1
2018,2,4,2,0,115,2019,2
2018,2,5,2,0,115,2019,3
2018,2,6,2,0,115,2019,4
2018,3,1,2,0,115,2018,4
2018,3,2,2,0,115,2019,1
2018,3,3,2,0,115,2019,2
2018,3,4,2,0,115,2019,3
2018,3,5,2,0,115,2019,4
2018,4,1,1.78235294117647,-0.0588235294117647,115,2019,1
2018,4,2,1.78235294117647,-0.0588235294117647,115,2019,2
2018,4,3,1.78235294117647,-0.0588235294117647,115,2019,3
2018,4,4,1.78235294117647,-0.0588235294117647,115,2019,4
2019,1,1,1.5,0,115,2019,2
2019,1,2,1.5,0,115,2019,3
2019,1,3,1.5,0,115,2019,4
2019,1,4,1.5,0,115,2020,1
2019,1,5,1.5,0,115,2020,2
2019,1,6,1.5,0,115,2020,3
2019,1,7,1.5,0,115,2020,4
2019,2,1,1.3,0,115,2019,3
2019,2,2,1.3,0,115,2019,4
2019,2,3,1.3,0,115,2020,1
2019,2,4,1.3,0,115,2020,2
2019,2,5,1.3,0,115,2020,3
2019,2,6,1.3,0,115,2020,4
2019,3,1,1.3,0,115,2019,4
2019,3,2,1.3,0,115,2020,1
2019,3,3,1.3,0,115,2020,2
2019,3,4,1.3,0,115,2020,3
2019,3,5,1.3,0,115,2020,4
2019,4,1,0.676470588235294,-0.0588235294117647,115,2020,1
2019,4,2,0.676470588235294,-0.0588235294117647,115,2020,2
2019,4,3,0.676470588235294,-0.0588235294117647,115,2020,3
2019,4,4,0.676470588235294,-0.0588235294117647,115,2020,4
2020,1,1,1.2,0,115,2020,2
2020,1,2,1.2,0,115,2020,3
2020,1,3,1.2,0,115,2020,4
2020,1,4,1.2,0,115,2021,1
2020,1,5,1.2,0,115,2021,2
2020,1,6,1.2,0,115,2021,3
2020,1,7,1.2,0,115,2021,4
2020,2,1,1.8,0,115,2020,3
2020,2,2,1.8,0,115,2020,4
2020,2,3,1.8,0,115,2021,1
2020,2,4,1.8,0,115,2021,2
2020,2,5,1.8,0,115,2021,3
2020,2,6,1.8,0,115,2021,4
2020,3,1,6.2,0,115,2020,4
2020,3,2,6.2,0,115,2021,1
2020,3,3,6.2,0,115,2021,2
2020,3,4,6.2,0,115,2021,3
2020,3,5,6.2,0,115,2021,4
2020,4,1,6.91176470588235,-0.0588235294117647,115,2021,1
2020,4,2,6.91176470588235,-0.0588235294117647,115,2021,2
2020,4,3,6.91176470588235,-0.0588235294117647,115,2021,3
2020,4,4,6.91176470588235,-0.0588235294117647,115,2021,4
2021,1,1,5.4,0,115,2021,2
2021,1,2,5.4,0,115,2021,3
2021,1,3,5.4,0,115,2021,4
2021,1,4,5.4,0,115,2022,1
2021,1,5,5.4,0,115,2022,2
2021,1,6,5.4,0,115,2022,3
2021,1,7,5.4,0,115,2022,4
2021,2,1,5.3,0,115,2021,3
2021,2,2,5.3,0,115,2021,4
2021,2,3,5.3,0,115,2022,1
2021,2,4,5.3,0,115,2022,2
2021,2,5,5.3,0,115,2022,3
2021,2,6,5.3,0,115,2022,4
2021,3,1,5.3,0,115,2021,4
2021,3,2,5.3,0,115,2022,1
2021,3,3,5.3,0,115,2022,2
2021,3,4,5.3,0,115,2022,3
2021,3,5,5.3,0,115,2022,4
2021,4,1,5.31176470588235,-0.0588235294117647,115,2022,1
2021,4,2,5.31176470588235,-0.0588235294117647,115,2022,2
2021,4,3,5.31176470588235,-0.0588235294117647,115,2022,3
2021,4,4,5.31176470588235,-0.0588235294117647,115,2022,4
2022,1,1,2.3448351353,0,115,2022,2
2022,1,2,2.3448351353,0,115,2022,3
2022,1,3,2.3448351353,0,115,2022,4
2022,1,4,2.3448351353,0,115,2023,1
2022,1,5,2.3448351353,0,115,2023,2
2022,1,6,2.3448351353,0,115,2023,3
2022,1,7,2.3448351353,0,115,2023,4
2022,2,1,2.16,0,115,2022,3
2022,2,2,2.16,0,115,2022,4
2022,2,3,2.16,0,115,2023,1
2022,2,4,2.16,0,115,2023,2
2022,2,5,2.16,0,115,2023,3
2022,2,6,2.16,0,115,2023,4
2022,3,1,1.2,0,115,2022,4
2022,3,2,1.2,0,115,2023,1
2022,3,3,1.2,0,115,2023,2
2022,3,4,1.2,0,115,2023,3
2022,3,5,1.2,0,115,2023,4
2022,4,1,0.676470588235294,-0.0588235294117647,115,2023,1
2022,4,2,0.676470588235294,-0.0588235294117647,115,2023,2
2022,4,3,0.676470588235294,-0.0588235294117647,115,2023,3
2022,4,4,0.676470588235294,-0.0588235294117647,115,2023,4
2023,1,1,0.8,0,115,2023,2
2023,1,2,0.8,0,115,2023,3
2023,1,3,0.8,0,115,2023,4
2023,1,4,0.8,0,115,2024,1
2023,1,5,0.8,0,115,2024,2
2023,1,6,0.8,0,115,2024,3
2023,1,7,0.8,0,115,2024,4
2023,2,1,1,0,115,2023,3
2023,2,2,1,0,115,2023,4
2023,2,3,1,0,115,2024,1
2023,2,4,1,0,115,2024,2
2023,2,5,1,0,115,2024,3
2023,2,6,1,0,115,2024,4
2023,3,1,0.964,0,115,2023,4
2023,3,2,0.964,0,115,2024,1
2023,3,3,0.964,0,115,2024,2
2023,3,4,0.964,0,115,2024,3
2023,3,5,0.964,0,115,2024,4
2023,4,1,0.711764705882353,-0.0588235294117647,115,2024,1
2023,4,2,0.711764705882353,-0.0588235294117647,115,2024,2
2023,4,3,0.711764705882353,-0.0588235294117647,115,2024,3
2023,4,4,0.711764705882353,-0.0588235294117647,115,2024,4
2024,1,1,1.15260476,0,115,2024,2
2024,1,2,1.15260476,0,115,2024,3
2024,1,3,1.15260476,0,115,2024,4
2024,1,4,1.15260476,0,115,2025,1
2024,1,5,1.15260476,0,115,2025,2
2024,1,6,1.15260476,0,115,2025,3
2024,1,7,1.15260476,0,115,2025,4
2024,2,1,1.15260476,0,115,2024,3
2024,2,2,1.15260476,0,115,2024,4
2024,2,3,1.15260476,0,115,2025,1
2024,2,4,1.15260476,0,115,2025,2
2024,2,5,1.15260476,0,115,2025,3
2024,2,6,1.15260476,0,115,2025,4
2024,3,1,1.2,0,115,2024,4
2024,3,2,1.2,0,115,2025,1
2024,3,3,1.2,0,115,2025,2
2024,3,4,1.2,0,115,2025,3
2024,3,5,1.2,0,115,2025,4
2024,4,1,1.23529411764706,-0.0588235294117647,115,2025,1
2024,4,2,1.23529411764706,-0.0588235294117647,115,2025,2
2024,4,3,1.23529411764706,-0.0588235294117647,115,2025,3
2024,4,4,1.23529411764706,-0.0588235294117647,115,2025,4
2015,2,1,2.1,0,116,2015,3
2015,2,2,2.1,0,116,2015,4
2015,2,3,2.1,0,116,2016,1
2015,2,4,2.1,0,116,2016,2
2015,2,5,2.1,0,116,2016,3
2015,2,6,2.1,0,116,2016,4
2015,3,1,2,0,116,2015,4
2015,3,2,2,0,116,2016,1
2015,3,3,2,0,116,2016,2
2015,3,4,2,0,116,2016,3
2015,3,5,2,0,116,2016,4
2015,4,1,1.81764705882353,-0.0588235294117647,116,2016,1
2015,4,2,1.81764705882353,-0.0588235294117647,116,2016,2
2015,4,3,1.81764705882353,-0.0588235294117647,116,2016,3
2015,4,4,1.81764705882353,-0.0588235294117647,116,2016,4
2017,1,1,1.8,0,116,2017,2
2017,1,2,1.8,0,116,2017,3
2017,1,3,1.8,0,116,2017,4
2017,1,4,1.8,0,116,2018,1
2017,1,5,1.8,0,116,2018,2
2017,1,6,1.8,0,116,2018,3
2017,1,7,1.8,0,116,2018,4
2017,2,1,1.8,0,116,2017,3
2017,2,2,1.8,0,116,2017,4
2017,2,3,1.8,0,116,2018,1
2017,2,4,1.8,0,116,2018,2
2017,2,5,1.8,0,116,2018,3
2017,2,6,1.8,0,116,2018,4
2017,3,1,1.8,0,116,2017,4
2017,3,2,1.8,0,116,2018,1
2017,3,3,1.8,0,116,2018,2
2017,3,4,1.8,0,116,2018,3
2017,3,5,1.8,0,116,2018,4
2018,1,1,2.2,0,116,2018,2
2018,1,2,2.2,0,116,2018,3
2018,1,3,2.2,0,116,2018,4
2018,1,4,2.2,0,116,2019,1
2018,1,5,2.2,0,116,2019,2
2018,1,6,2.2,0,116,2019,3
2018,1,7,2.2,0,116,2019,4
2018,2,1,2.2,0,116,2018,3
2018,2,2,2.2,0,116,2018,4
2018,2,3,2.2,0,116,2019,1
2018,2,4,2.2,0,116,2019,2
2018,2,5,2.2,0,116,2019,3
2018,2,6,2.2,0,116,2019,4
2018,3,1,2,0,116,2018,4
2018,3,2,2,0,116,2019,1
2018,3,3,2,0,116,2019,2
2018,3,4,2,0,116,2019,3
2018,3,5,2,0,116,2019,4
2018,4,1,1.99411764705882,-0.0588235294117647,116,2019,1
2018,4,2,1.99411764705882,-0.0588235294117647,116,2019,2
2018,4,3,1.99411764705882,-0.0588235294117647,116,2019,3
2018,4,4,1.99411764705882,-0.0588235294117647,116,2019,4
2019,1,1,1.6,0,116,2019,2
2019,1,2,1.6,0,116,2019,3
2019,1,3,1.6,0,116,2019,4
2019,1,4,1.6,0,116,2020,1
2019,1,5,1.6,0,116,2020,2
2019,1,6,1.6,0,116,2020,3
2019,1,7,1.6,0,116,2020,4
2019,2,1,1.6,0,116,2019,3
2019,2,2,1.6,0,116,2019,4
2019,2,3,1.6,0,116,2020,1
2019,2,4,1.6,0,116,2020,2
2019,2,5,1.6,0,116,2020,3
2019,2,6,1.6,0,116,2020,4
2019,3,1,1.4,0,116,2019,4
2019,3,2,1.4,0,116,2020,1
2019,3,3,1.4,0,116,2020,2
2019,3,4,1.4,0,116,2020,3
2019,3,5,1.4,0,116,2020,4
2019,4,1,0.994117647058824,-0.0588235294117647,116,2020,1
2019,4,2,0.994117647058824,-0.0588235294117647,116,2020,2
2019,4,3,0.994117647058824,-0.0588235294117647,116,2020,3
2019,4,4,0.994117647058824,-0.0588235294117647,116,2020,4
2020,1,1,1.52,0,116,2020,2
2020,1,2,1.52,0,116,2020,3
2020,1,3,1.52,0,116,2020,4
2020,1,4,1.52,0,116,2021,1
2020,1,5,1.52,0,116,2021,2
2020,1,6,1.52,0,116,2021,3
2020,1,7,1.52,0,116,2021,4
2020,4,1,6.29411764705882,-0.0588235294117647,116,2021,1
2020,4,2,6.29411764705882,-0.0588235294117647,116,2021,2
2020,4,3,6.29411764705882,-0.0588235294117647,116,2021,3
2020,4,4,6.29411764705882,-0.0588235294117647,116,2021,4
2021,1,1,4.2,0,116,2021,2
2021,1,2,4.2,0,116,2021,3
2021,1,3,4.2,0,116,2021,4
2021,1,4,4.2,0,116,2022,1
2021,1,5,4.2,0,116,2022,2
2021,1,6,4.2,0,116,2022,3
2021,1,7,4.2,0,116,2022,4
2021,3,1,4.6,0,116,2021,4
2021,3,2,4.6,0,116,2022,1
2021,3,3,4.6,0,116,2022,2
2021,3,4,4.6,0,116,2022,3
2021,3,5,4.6,0,116,2022,4
2022,1,1,2.3,0,116,2022,2
2022,1,2,2.3,0,116,2022,3
2022,1,3,2.3,0,116,2022,4
2022,1,4,2.3,0,116,2023,1
2022,1,5,2.3,0,116,2023,2
2022,1,6,2.3,0,116,2023,3
2022,1,7,2.3,0,116,2023,4
2022,2,1,2.5,0,116,2022,3
2022,2,2,2.5,0,116,2022,4
2022,2,3,2.5,0,116,2023,1
2022,2,4,2.5,0,116,2023,2
2022,2,5,2.5,0,116,2023,3
2022,2,6,2.5,0,116,2023,4
2022,4,1,-0.376470588235294,-0.0588235294117647,116,2023,1
2022,4,2,-0.376470588235294,-0.0588235294117647,116,2023,2
2022,4,3,-0.376470588235294,-0.0588235294117647,116,2023,3
2022,4,4,-0.376470588235294,-0.0588235294117647,116,2023,4
2023,1,1,1.3,0,116,2023,2
2023,1,2,1.3,0,116,2023,3
2023,1,3,1.3,0,116,2023,4
2023,1,4,1.3,0,116,2024,1
2023,1,5,1.3,0,116,2024,2
2023,1,6,1.3,0,116,2024,3
2023,1,7,1.3,0,116,2024,4
2023,2,1,1,0,116,2023,3
2023,2,2,1,0,116,2023,4
2023,2,3,1,0,116,2024,1
2023,2,4,1,0,116,2024,2
2023,2,5,1,0,116,2024,3
2023,2,6,1,0,116,2024,4
2017,3,1,1.5,0,118,2017,4
2017,3,2,1.5,0,118,2018,1
2017,3,3,1.5,0,118,2018,2
2017,3,4,1.5,0,118,2018,3
2017,3,5,1.5,0,118,2018,4
2017,4,1,1.67058823529412,-0.0588235294117647,118,2018,1
2017,4,2,1.67058823529412,-0.0588235294117647,118,2018,2
2017,4,3,1.67058823529412,-0.0588235294117647,118,2018,3
2017,4,4,1.67058823529412,-0.0588235294117647,118,2018,4
2018,2,1,1.58,0,118,2018,3
2018,2,2,1.58,0,118,2018,4
2018,2,3,1.58,0,118,2019,1
2018,2,4,1.58,0,118,2019,2
2018,2,5,1.58,0,118,2019,3
2018,2,6,1.58,0,118,2019,4
2018,4,1,1.57058823529412,-0.0588235294117647,118,2019,1
2018,4,2,1.57058823529412,-0.0588235294117647,118,2019,2
2018,4,3,1.57058823529412,-0.0588235294117647,118,2019,3
2018,4,4,1.57058823529412,-0.0588235294117647,118,2019,4
2020,1,1,1.3,0,118,2020,2
2020,1,2,1.3,0,118,2020,3
2020,1,3,1.3,0,118,2020,4
2020,1,4,1.3,0,118,2021,1
2020,1,5,1.3,0,118,2021,2
2020,1,6,1.3,0,118,2021,3
2020,1,7,1.3,0,118,2021,4
2020,3,1,5.9,0,118,2020,4
2020,3,2,5.9,0,118,2021,1
2020,3,3,5.9,0,118,2021,2
2020,3,4,5.9,0,118,2021,3
2020,3,5,5.9,0,118,2021,4
2021,1,1,5.7,0,118,2021,2
2021,1,2,5.7,0,118,2021,3
2021,1,3,5.7,0,118,2021,4
2021,1,4,5.7,0,118,2022,1
2021,1,5,5.7,0,118,2022,2
2021,1,6,5.7,0,118,2022,3
2021,1,7,5.7,0,118,2022,4
2021,3,1,4.8,0,118,2021,4
2021,3,2,4.8,0,118,2022,1
2021,3,3,4.8,0,118,2022,2
2021,3,4,4.8,0,118,2022,3
2021,3,5,4.8,0,118,2022,4
2021,4,1,4.45882352941177,-0.0588235294117647,118,2022,1
2021,4,2,4.45882352941177,-0.0588235294117647,118,2022,2
2021,4,3,4.45882352941177,-0.0588235294117647,118,2022,3
2021,4,4,4.45882352941177,-0.0588235294117647,118,2022,4
2022,1,1,2.7,0,118,2022,2
2022,1,2,2.7,0,118,2022,3
2022,1,3,2.7,0,118,2022,4
2022,1,4,2.7,0,118,2023,1
2022,1,5,2.7,0,118,2023,2
2022,1,6,2.7,0,118,2023,3
2022,1,7,2.7,0,118,2023,4
2022,3,1,2,0,118,2022,4
2022,3,2,2,0,118,2023,1
2022,3,3,2,0,118,2023,2
2022,3,4,2,0,118,2023,3
2022,3,5,2,0,118,2023,4
2022,4,1,-0.3,-0.0588235294117647,118,2023,1
2022,4,2,-0.3,-0.0588235294117647,118,2023,2
2022,4,3,-0.3,-0.0588235294117647,118,2023,3
2022,4,4,-0.3,-0.0588235294117647,118,2023,4
2023,2,1,0.91,0,118,2023,3
2023,2,2,0.91,0,118,2023,4
2023,2,3,0.91,0,118,2024,1
2023,2,4,0.91,0,118,2024,2
2023,2,5,0.91,0,118,2024,3
2023,2,6,0.91,0,118,2024,4
2023,3,1,1,0,118,2023,4
2023,3,2,1,0,118,2024,1
2023,3,3,1,0,118,2024,2
2023,3,4,1,0,118,2024,3
2023,3,5,1,0,118,2024,4
2023,4,1,0.825842270588235,-0.0588235294117647,118,2024,1
2023,4,2,0.825842270588235,-0.0588235294117647,118,2024,2
2023,4,3,0.825842270588235,-0.0588235294117647,118,2024,3
2023,4,4,0.825842270588235,-0.0588235294117647,118,2024,4
2024,1,1,1.52,0,118,2024,2
2024,1,2,1.52,0,118,2024,3
2024,1,3,1.52,0,118,2024,4
2024,1,4,1.52,0,118,2025,1
2024,1,5,1.52,0,118,2025,2
2024,1,6,1.52,0,118,2025,3
2024,1,7,1.52,0,118,2025,4
2024,2,1,1.37,0,118,2024,3
2024,2,2,1.37,0,118,2024,4
2024,2,3,1.37,0,118,2025,1
2024,2,4,1.37,0,118,2025,2
2024,2,5,1.37,0,118,2025,3
2024,2,6,1.37,0,118,2025,4
2024,3,1,0.7,0,118,2024,4
2024,3,2,0.7,0,118,2025,1
2024,3,3,0.7,0,118,2025,2
2024,3,4,0.7,0,118,2025,3
2024,3,5,0.7,0,118,2025,4
2024,4,1,1.22941176470588,-0.0588235294117647,118,2025,1
2024,4,2,1.22941176470588,-0.0588235294117647,118,2025,2
2024,4,3,1.22941176470588,-0.0588235294117647,118,2025,3
2024,4,4,1.22941176470588,-0.0588235294117647,118,2025,4
2017,3,1,1.7,0,119,2017,4
2017,3,2,1.7,0,119,2018,1
2017,3,3,1.7,0,119,2018,2
2017,3,4,1.7,0,119,2018,3
2017,3,5,1.7,0,119,2018,4
2020,1,1,1.2,0,119,2020,2
2020,1,2,1.2,0,119,2020,3
2020,1,3,1.2,0,119,2020,4
2020,1,4,1.2,0,119,2021,1
2020,1,5,1.2,0,119,2021,2
2020,1,6,1.2,0,119,2021,3
2020,1,7,1.2,0,119,2021,4
2020,2,1,2,0,119,2020,3
2020,2,2,2,0,119,2020,4
2020,2,3,2,0,119,2021,1
2020,2,4,2,0,119,2021,2
2020,2,5,2,0,119,2021,3
2020,2,6,2,0,119,2021,4
2020,3,1,2,0,119,2020,4
2020,3,2,2,0,119,2021,1
2020,3,3,2,0,119,2021,2
2020,3,4,2,0,119,2021,3
2020,3,5,2,0,119,2021,4
2021,2,1,3.8,0,119,2021,3
2021,2,2,3.8,0,119,2021,4
2021,2,3,3.8,0,119,2022,1
2021,2,4,3.8,0,119,2022,2
2021,2,5,3.8,0,119,2022,3
2021,2,6,3.8,0,119,2022,4
2022,1,1,2.2,0,119,2022,2
2022,1,2,2.2,0,119,2022,3
2022,1,3,2.2,0,119,2022,4
2022,1,4,2.2,0,119,2023,1
2022,1,5,2.2,0,119,2023,2
2022,1,6,2.2,0,119,2023,3
2022,1,7,2.2,0,119,2023,4
2022,2,1,1.7,0,119,2022,3
2022,2,2,1.7,0,119,2022,4
2022,2,3,1.7,0,119,2023,1
2022,2,4,1.7,0,119,2023,2
2022,2,5,1.7,0,119,2023,3
2022,2,6,1.7,0,119,2023,4
2022,3,1,1.7,0,119,2022,4
2022,3,2,1.7,0,119,2023,1
2022,3,3,1.7,0,119,2023,2
2022,3,4,1.7,0,119,2023,3
2022,3,5,1.7,0,119,2023,4
2022,4,1,-0.164705882352941,-0.0588235294117647,119,2023,1
2022,4,2,-0.164705882352941,-0.0588235294117647,119,2023,2
2022,4,3,-0.164705882352941,-0.0588235294117647,119,2023,3
2022,4,4,-0.164705882352941,-0.0588235294117647,119,2023,4
2023,1,1,1.5,0,119,2023,2
2023,1,2,1.5,0,119,2023,3
2023,1,3,1.5,0,119,2023,4
2023,1,4,1.5,0,119,2024,1
2023,1,5,1.5,0,119,2024,2
2023,1,6,1.5,0,119,2024,3
2023,1,7,1.5,0,119,2024,4
2023,3,1,1.5,0,119,2023,4
2023,3,2,1.5,0,119,2024,1
2023,3,3,1.5,0,119,2024,2
2023,3,4,1.5,0,119,2024,3
2023,3,5,1.5,0,119,2024,4
2023,4,1,1.60588235294118,-0.0588235294117647,119,2024,1
2023,4,2,1.60588235294118,-0.0588235294117647,119,2024,2
2023,4,3,1.60588235294118,-0.0588235294117647,119,2024,3
2023,4,4,1.60588235294118,-0.0588235294117647,119,2024,4
2024,1,1,1,0,119,2024,2
2024,1,2,1,0,119,2024,3
2024,1,3,1,0,119,2024,4
2024,1,4,1,0,119,2025,1
2024,1,5,1,0,119,2025,2
2024,1,6,1,0,119,2025,3
2024,1,7,1,0,119,2025,4
2024,2,1,1.2,0,119,2024,3
2024,2,2,1.2,0,119,2024,4
2024,2,3,1.2,0,119,2025,1
2024,2,4,1.2,0,119,2025,2
2024,2,5,1.2,0,119,2025,3
2024,2,6,1.2,0,119,2025,4
2024,3,1,1.2,0,119,2024,4
2024,3,2,1.2,0,119,2025,1
2024,3,3,1.2,0,119,2025,2
2024,3,4,1.2,0,119,2025,3
2024,3,5,1.2,0,119,2025,4
2019,1,1,0.8,0,127,2019,2
2019,1,2,0.8,0,127,2019,3
2019,1,3,0.8,0,127,2019,4
2019,1,4,0.8,0,127,2020,1
2019,1,5,0.8,0,127,2020,2
2019,1,6,0.8,0,127,2020,3
2019,1,7,0.8,0,127,2020,4
2019,2,1,0.8,0,127,2019,3
2019,2,2,0.8,0,127,2019,4
2019,2,3,0.8,0,127,2020,1
2019,2,4,0.8,0,127,2020,2
2019,2,5,0.8,0,127,2020,3
2019,2,6,0.8,0,127,2020,4
2019,3,1,0.9,0,127,2019,4
2019,3,2,0.9,0,127,2020,1
2019,3,3,0.9,0,127,2020,2
2019,3,4,0.9,0,127,2020,3
2019,3,5,0.9,0,127,2020,4
2019,4,1,0.888235294117647,-0.0588235294117647,127,2020,1
2019,4,2,0.888235294117647,-0.0588235294117647,127,2020,2
2019,4,3,0.888235294117647,-0.0588235294117647,127,2020,3
2019,4,4,0.888235294117647,-0.0588235294117647,127,2020,4
2020,1,1,1.4,0,127,2020,2
2020,1,2,1.4,0,127,2020,3
2020,1,3,1.4,0,127,2020,4
2020,1,4,1.4,0,127,2021,1
2020,1,5,1.4,0,127,2021,2
2020,1,6,1.4,0,127,2021,3
2020,1,7,1.4,0,127,2021,4
2020,3,1,6.1,0,127,2020,4
2020,3,2,6.1,0,127,2021,1
2020,3,3,6.1,0,127,2021,2
2020,3,4,6.1,0,127,2021,3
2020,3,5,6.1,0,127,2021,4
2020,4,1,6.84117647058824,-0.0588235294117647,127,2021,1
2020,4,2,6.84117647058824,-0.0588235294117647,127,2021,2
2020,4,3,6.84117647058824,-0.0588235294117647,127,2021,3
2020,4,4,6.84117647058824,-0.0588235294117647,127,2021,4
2021,1,1,4,0,127,2021,2
2021,1,2,4,0,127,2021,3
2021,1,3,4,0,127,2021,4
2021,1,4,4,0,127,2022,1
2021,1,5,4,0,127,2022,2
2021,1,6,4,0,127,2022,3
2021,1,7,4,0,127,2022,4
2021,2,1,4,0,127,2021,3
2021,2,2,4,0,127,2021,4
2021,2,3,4,0,127,2022,1
2021,2,4,4,0,127,2022,2
2021,2,5,4,0,127,2022,3
2021,2,6,4,0,127,2022,4
2021,3,1,4.8,0,127,2021,4
2021,3,2,4.8,0,127,2022,1
2021,3,3,4.8,0,127,2022,2
2021,3,4,4.8,0,127,2022,3
2021,3,5,4.8,0,127,2022,4
2021,4,1,4.8,-0.0588235294117647,127,2022,1
2021,4,2,4.8,-0.0588235294117647,127,2022,2
2021,4,3,4.8,-0.0588235294117647,127,2022,3
2021,4,4,4.8,-0.0588235294117647,127,2022,4
2022,1,1,3.4,0,127,2022,2
2022,1,2,3.4,0,127,2022,3
2022,1,3,3.4,0,127,2022,4
2022,1,4,3.4,0,127,2023,1
2022,1,5,3.4,0,127,2023,2
2022,1,6,3.4,0,127,2023,3
2022,1,7,3.4,0,127,2023,4
2022,2,1,2.8,0,127,2022,3
2022,2,2,2.8,0,127,2022,4
2022,2,3,2.8,0,127,2023,1
2022,2,4,2.8,0,127,2023,2
2022,2,5,2.8,0,127,2023,3
2022,2,6,2.8,0,127,2023,4
2022,3,1,1,0,127,2022,4
2022,3,2,1,0,127,2023,1
2022,3,3,1,0,127,2023,2
2022,3,4,1,0,127,2023,3
2022,3,5,1,0,127,2023,4
2022,4,1,-1.01764705882353,-0.0588235294117647,127,2023,1
2022,4,2,-1.01764705882353,-0.0588235294117647,127,2023,2
2022,4,3,-1.01764705882353,-0.0588235294117647,127,2023,3
2022,4,4,-1.01764705882353,-0.0588235294117647,127,2023,4
2023,1,1,0.8,0,127,2023,2
2023,1,2,0.8,0,127,2023,3
2023,1,3,0.8,0,127,2023,4
2023,1,4,0.8,0,127,2024,1
2023,1,5,0.8,0,127,2024,2
2023,1,6,0.8,0,127,2024,3
2023,1,7,0.8,0,127,2024,4
2023,2,1,1.2,0,127,2023,3
2023,2,2,1.2,0,127,2023,4
2023,2,3,1.2,0,127,2024,1
2023,2,4,1.2,0,127,2024,2
2023,2,5,1.2,0,127,2024,3
2023,2,6,1.2,0,127,2024,4
2023,3,1,1.2,0,127,2023,4
2023,3,2,1.2,0,127,2024,1
2023,3,3,1.2,0,127,2024,2
2023,3,4,1.2,0,127,2024,3
2023,3,5,1.2,0,127,2024,4
2023,4,1,1.25882352941176,-0.0588235294117647,127,2024,1
2023,4,2,1.25882352941176,-0.0588235294117647,127,2024,2
2023,4,3,1.25882352941176,-0.0588235294117647,127,2024,3
2023,4,4,1.25882352941176,-0.0588235294117647,127,2024,4
2024,1,1,1.2,0,127,2024,2
2024,1,2,1.2,0,127,2024,3
2024,1,3,1.2,0,127,2024,4
2024,1,4,1.2,0,127,2025,1
2024,1,5,1.2,0,127,2025,2
2024,1,6,1.2,0,127,2025,3
2024,1,7,1.2,0,127,2025,4
2024,2,1,1.2,0,127,2024,3
2024,2,2,1.2,0,127,2024,4
2024,2,3,1.2,0,127,2025,1
2024,2,4,1.2,0,127,2025,2
2024,2,5,1.2,0,127,2025,3
2024,2,6,1.2,0,127,2025,4
2024,3,1,1.2,0,127,2024,4
2024,3,2,1.2,0,127,2025,1
2024,3,3,1.2,0,127,2025,2
2024,3,4,1.2,0,127,2025,3
2024,3,5,1.2,0,127,2025,4
2024,4,1,1.22352941176471,-0.0588235294117647,127,2025,1
2024,4,2,1.22352941176471,-0.0588235294117647,127,2025,2
2024,4,3,1.22352941176471,-0.0588235294117647,127,2025,3
2024,4,4,1.22352941176471,-0.0588235294117647,127,2025,4
2019,1,1,1.5,0,128,2019,2
2019,1,2,1.5,0,128,2019,3
2019,1,3,1.5,0,128,2019,4
2019,1,4,1.5,0,128,2020,1
2019,1,5,1.5,0,128,2020,2
2019,1,6,1.5,0,128,2020,3
2019,1,7,1.5,0,128,2020,4
2019,2,1,1.5,0,128,2019,3
2019,2,2,1.5,0,128,2019,4
2019,2,3,1.5,0,128,2020,1
2019,2,4,1.5,0,128,2020,2
2019,2,5,1.5,0,128,2020,3
2019,2,6,1.5,0,128,2020,4
2019,3,1,1.3,0,128,2019,4
2019,3,2,1.3,0,128,2020,1
2019,3,3,1.3,0,128,2020,2
2019,3,4,1.3,0,128,2020,3
2019,3,5,1.3,0,128,2020,4
2019,4,1,1.20588235294118,-0.0588235294117647,128,2020,1
2019,4,2,1.20588235294118,-0.0588235294117647,128,2020,2
2019,4,3,1.20588235294118,-0.0588235294117647,128,2020,3
2019,4,4,1.20588235294118,-0.0588235294117647,128,2020,4
2020,1,1,1.3,0,128,2020,2
2020,1,2,1.3,0,128,2020,3
2020,1,3,1.3,0,128,2020,4
2020,1,4,1.3,0,128,2021,1
2020,1,5,1.3,0,128,2021,2
2020,1,6,1.3,0,128,2021,3
2020,1,7,1.3,0,128,2021,4
2020,2,1,4,0,128,2020,3
2020,2,2,4,0,128,2020,4
2020,2,3,4,0,128,2021,1
2020,2,4,4,0,128,2021,2
2020,2,5,4,0,128,2021,3
2020,2,6,4,0,128,2021,4
2020,3,1,7,0,128,2020,4
2020,3,2,7,0,128,2021,1
2020,3,3,7,0,128,2021,2
2020,3,4,7,0,128,2021,3
2020,3,5,7,0,128,2021,4
2020,4,1,6.82352941176471,-0.0588235294117647,128,2021,1
2020,4,2,6.82352941176471,-0.0588235294117647,128,2021,2
2020,4,3,6.82352941176471,-0.0588235294117647,128,2021,3
2020,4,4,6.82352941176471,-0.0588235294117647,128,2021,4
2021,1,1,3.7,0,128,2021,2
2021,1,2,3.7,0,128,2021,3
2021,1,3,3.7,0,128,2021,4
2021,1,4,3.7,0,128,2022,1
2021,1,5,3.7,0,128,2022,2
2021,1,6,3.7,0,128,2022,3
2021,1,7,3.7,0,128,2022,4
2021,2,1,3.7,0,128,2021,3
2021,2,2,3.7,0,128,2021,4
2021,2,3,3.7,0,128,2022,1
2021,2,4,3.7,0,128,2022,2
2021,2,5,3.7,0,128,2022,3
2021,2,6,3.7,0,128,2022,4
2021,3,1,4,0,128,2021,4
2021,3,2,4,0,128,2022,1
2021,3,3,4,0,128,2022,2
2021,3,4,4,0,128,2022,3
2021,3,5,4,0,128,2022,4
2021,4,1,3.97058823529412,-0.0588235294117647,128,2022,1
2021,4,2,3.97058823529412,-0.0588235294117647,128,2022,2
2021,4,3,3.97058823529412,-0.0588235294117647,128,2022,3
2021,4,4,3.97058823529412,-0.0588235294117647,128,2022,4
2022,1,1,2.5,0,128,2022,2
2022,1,2,2.5,0,128,2022,3
2022,1,3,2.5,0,128,2022,4
2022,1,4,2.5,0,128,2023,1
2022,1,5,2.5,0,128,2023,2
2022,1,6,2.5,0,128,2023,3
2022,1,7,2.5,0,128,2023,4
2022,2,1,3,0,128,2022,3
2022,2,2,3,0,128,2022,4
2022,2,3,3,0,128,2023,1
2022,2,4,3,0,128,2023,2
2022,2,5,3,0,128,2023,3
2022,2,6,3,0,128,2023,4
2022,3,1,2.5,0,128,2022,4
2022,3,2,2.5,0,128,2023,1
2022,3,3,2.5,0,128,2023,2
2022,3,4,2.5,0,128,2023,3
2022,3,5,2.5,0,128,2023,4
2022,4,1,0.352941176470588,-0.0588235294117647,128,2023,1
2022,4,2,0.352941176470588,-0.0588235294117647,128,2023,2
2022,4,3,0.352941176470588,-0.0588235294117647,128,2023,3
2022,4,4,0.352941176470588,-0.0588235294117647,128,2023,4
2023,1,1,1.5,0,128,2023,2
2023,1,2,1.5,0,128,2023,3
2023,1,3,1.5,0,128,2023,4
2023,1,4,1.5,0,128,2024,1
2023,1,5,1.5,0,128,2024,2
2023,1,6,1.5,0,128,2024,3
2023,1,7,1.5,0,128,2024,4
2023,2,1,1.5,0,128,2023,3
2023,2,2,1.5,0,128,2023,4
2023,2,3,1.5,0,128,2024,1
2023,2,4,1.5,0,128,2024,2
2023,2,5,1.5,0,128,2024,3
2023,2,6,1.5,0,128,2024,4
2023,3,1,1.5,0,128,2023,4
2023,3,2,1.5,0,128,2024,1
2023,3,3,1.5,0,128,2024,2
2023,3,4,1.5,0,128,2024,3
2023,3,5,1.5,0,128,2024,4
2023,4,1,1.02941176470588,-0.0588235294117647,128,2024,1
2023,4,2,1.02941176470588,-0.0588235294117647,128,2024,2
2023,4,3,1.02941176470588,-0.0588235294117647,128,2024,3
2023,4,4,1.02941176470588,-0.0588235294117647,128,2024,4
2024,1,1,1.4,0,128,2024,2
2024,1,2,1.4,0,128,2024,3
2024,1,3,1.4,0,128,2024,4
2024,1,4,1.4,0,128,2025,1
2024,1,5,1.4,0,128,2025,2
2024,1,6,1.4,0,128,2025,3
2024,1,7,1.4,0,128,2025,4
2024,2,1,1.4,0,128,2024,3
2024,2,2,1.4,0,128,2024,4
2024,2,3,1.4,0,128,2025,1
2024,2,4,1.4,0,128,2025,2
2024,2,5,1.4,0,128,2025,3
2024,2,6,1.4,0,128,2025,4
2024,3,1,1.4,0,128,2024,4
2024,3,2,1.4,0,128,2025,1
2024,3,3,1.4,0,128,2025,2
2024,3,4,1.4,0,128,2025,3
2024,3,5,1.4,0,128,2025,4
2024,4,1,1.22941176470588,-0.0588235294117647,128,2025,1
2024,4,2,1.22941176470588,-0.0588235294117647,128,2025,2
2024,4,3,1.22941176470588,-0.0588235294117647,128,2025,3
2024,4,4,1.22941176470588,-0.0588235294117647,128,2025,4
2019,4,1,1.20833631551765,-0.0588235294117647,121,2020,1
2019,4,2,1.20833631551765,-0.0588235294117647,121,2020,2
2019,4,3,1.20833631551765,-0.0588235294117647,121,2020,3
2019,4,4,1.20833631551765,-0.0588235294117647,121,2020,4
2020,1,1,1.5,0,121,2020,2
2020,1,2,1.5,0,121,2020,3
2020,1,3,1.5,0,121,2020,4
2020,1,4,1.5,0,121,2021,1
2020,1,5,1.5,0,121,2021,2
2020,1,6,1.5,0,121,2021,3
2020,1,7,1.5,0,121,2021,4
2020,2,1,4.9,0,121,2020,3
2020,2,2,4.9,0,121,2020,4
2020,2,3,4.9,0,121,2021,1
2020,2,4,4.9,0,121,2021,2
2020,2,5,4.9,0,121,2021,3
2020,2,6,4.9,0,121,2021,4
2020,3,1,6.5,0,121,2020,4
2020,3,2,6.5,0,121,2021,1
2020,3,3,6.5,0,121,2021,2
2020,3,4,6.5,0,121,2021,3
2020,3,5,6.5,0,121,2021,4
2020,4,1,5.32352941176471,-0.0588235294117647,121,2021,1
2020,4,2,5.32352941176471,-0.0588235294117647,121,2021,2
2020,4,3,5.32352941176471,-0.0588235294117647,121,2021,3
2020,4,4,5.32352941176471,-0.0588235294117647,121,2021,4
2021,1,1,5,0,121,2021,2
2021,1,2,5,0,121,2021,3
2021,1,3,5,0,121,2021,4
2021,1,4,5,0,121,2022,1
2021,1,5,5,0,121,2022,2
2021,1,6,5,0,121,2022,3
2021,1,7,5,0,121,2022,4
2021,2,1,5.0514050699,0,121,2021,3
2021,2,2,5.0514050699,0,121,2021,4
2021,2,3,5.0514050699,0,121,2022,1
2021,2,4,5.0514050699,0,121,2022,2
2021,2,5,5.0514050699,0,121,2022,3
2021,2,6,5.0514050699,0,121,2022,4
2021,3,1,5.1,0,121,2021,4
2021,3,2,5.1,0,121,2022,1
2021,3,3,5.1,0,121,2022,2
2021,3,4,5.1,0,121,2022,3
2021,3,5,5.1,0,121,2022,4
2021,4,1,5.25681676470588,-0.0588235294117647,121,2022,1
2021,4,2,5.25681676470588,-0.0588235294117647,121,2022,2
2021,4,3,5.25681676470588,-0.0588235294117647,121,2022,3
2021,4,4,5.25681676470588,-0.0588235294117647,121,2022,4
2022,1,1,3.06,0,121,2022,2
2022,1,2,3.06,0,121,2022,3
2022,1,3,3.06,0,121,2022,4
2022,1,4,3.06,0,121,2023,1
2022,1,5,3.06,0,121,2023,2
2022,1,6,3.06,0,121,2023,3
2022,1,7,3.06,0,121,2023,4
2022,2,1,2.7653058837,0,121,2022,3
2022,2,2,2.7653058837,0,121,2022,4
2022,2,3,2.7653058837,0,121,2023,1
2022,2,4,2.7653058837,0,121,2023,2
2022,2,5,2.7653058837,0,121,2023,3
2022,2,6,2.7653058837,0,121,2023,4
2022,3,1,2.0623179731,0,121,2022,4
2022,3,2,2.0623179731,0,121,2023,1
2022,3,3,2.0623179731,0,121,2023,2
2022,3,4,2.0623179731,0,121,2023,3
2022,3,5,2.0623179731,0,121,2023,4
2022,4,1,0.254041471176471,-0.0588235294117647,121,2023,1
2022,4,2,0.254041471176471,-0.0588235294117647,121,2023,2
2022,4,3,0.254041471176471,-0.0588235294117647,121,2023,3
2022,4,4,0.254041471176471,-0.0588235294117647,121,2023,4
2023,1,1,0.6864345,0,121,2023,2
2023,1,2,0.6864345,0,121,2023,3
2023,1,3,0.6864345,0,121,2023,4
2023,1,4,0.6864345,0,121,2024,1
2023,1,5,0.6864345,0,121,2024,2
2023,1,6,0.6864345,0,121,2024,3
2023,1,7,0.6864345,0,121,2024,4
2023,2,1,0.85808325,0,121,2023,3
2023,2,2,0.85808325,0,121,2023,4
2023,2,3,0.85808325,0,121,2024,1
2023,2,4,0.85808325,0,121,2024,2
2023,2,5,0.85808325,0,121,2024,3
2023,2,6,0.85808325,0,121,2024,4
2023,3,1,0.81146405,0,121,2023,4
2023,3,2,0.81146405,0,121,2024,1
2023,3,3,0.81146405,0,121,2024,2
2023,3,4,0.81146405,0,121,2024,3
2023,3,5,0.81146405,0,121,2024,4
2023,4,1,0.649037782352941,-0.0588235294117647,121,2024,1
2023,4,2,0.649037782352941,-0.0588235294117647,121,2024,2
2023,4,3,0.649037782352941,-0.0588235294117647,121,2024,3
2023,4,4,0.649037782352941,-0.0588235294117647,121,2024,4
2024,1,1,0.95303313,0,121,2024,2
2024,1,2,0.95303313,0,121,2024,3
2024,1,3,0.95303313,0,121,2024,4
2024,1,4,0.95303313,0,121,2025,1
2024,1,5,0.95303313,0,121,2025,2
2024,1,6,0.95303313,0,121,2025,3
2024,1,7,0.95303313,0,121,2025,4
2024,2,1,0.95303313,0,121,2024,3
2024,2,2,0.95303313,0,121,2024,4
2024,2,3,0.95303313,0,121,2025,1
2024,2,4,0.95303313,0,121,2025,2
2024,2,5,0.95303313,0,121,2025,3
2024,2,6,0.95303313,0,121,2025,4
2024,3,1,1.1404562,0,121,2024,4
2024,3,2,1.1404562,0,121,2025,1
2024,3,3,1.1404562,0,121,2025,2
2024,3,4,1.1404562,0,121,2025,3
2024,3,5,1.1404562,0,121,2025,4
2024,4,1,1.04896378117647,-0.0588235294117647,121,2025,1
2024,4,2,1.04896378117647,-0.0588235294117647,121,2025,2
2024,4,3,1.04896378117647,-0.0588235294117647,121,2025,3
2024,4,4,1.04896378117647,-0.0588235294117647,121,2025,4
2020,1,1,1,0,117,2020,2
2020,1,2,1,0,117,2020,3
2020,1,3,1,0,117,2020,4
2020,1,4,1,0,117,2021,1
2020,1,5,1,0,117,2021,2
2020,1,6,1,0,117,2021,3
2020,1,7,1,0,117,2021,4
2020,2,1,10,0,117,2020,3
2020,2,2,10,0,117,2020,4
2020,2,3,10,0,117,2021,1
2020,2,4,10,0,117,2021,2
2020,2,5,10,0,117,2021,3
2020,2,6,10,0,117,2021,4
2020,3,1,10,0,117,2020,4
2020,3,2,10,0,117,2021,1
2020,3,3,10,0,117,2021,2
2020,3,4,10,0,117,2021,3
2020,3,5,10,0,117,2021,4
2020,4,1,5.73529411764706,-0.0588235294117647,117,2021,1
2020,4,2,5.73529411764706,-0.0588235294117647,117,2021,2
2020,4,3,5.73529411764706,-0.0588235294117647,117,2021,3
2020,4,4,5.73529411764706,-0.0588235294117647,117,2021,4
2021,1,1,4,0,117,2021,2
2021,1,2,4,0,117,2021,3
2021,1,3,4,0,117,2021,4
2021,1,4,4,0,117,2022,1
2021,1,5,4,0,117,2022,2
2021,1,6,4,0,117,2022,3
2021,1,7,4,0,117,2022,4
2021,2,1,4.5,0,117,2021,3
2021,2,2,4.5,0,117,2021,4
2021,2,3,4.5,0,117,2022,1
2021,2,4,4.5,0,117,2022,2
2021,2,5,4.5,0,117,2022,3
2021,2,6,4.5,0,117,2022,4
2021,3,1,4.2,0,117,2021,4
2021,3,2,4.2,0,117,2022,1
2021,3,3,4.2,0,117,2022,2
2021,3,4,4.2,0,117,2022,3
2021,3,5,4.2,0,117,2022,4
2021,4,1,4.44705882352941,-0.0588235294117647,117,2022,1
2021,4,2,4.44705882352941,-0.0588235294117647,117,2022,2
2021,4,3,4.44705882352941,-0.0588235294117647,117,2022,3
2021,4,4,4.44705882352941,-0.0588235294117647,117,2022,4
2022,1,1,2,0,117,2022,2
2022,1,2,2,0,117,2022,3
2022,1,3,2,0,117,2022,4
2022,1,4,2,0,117,2023,1
2022,1,5,2,0,117,2023,2
2022,1,6,2,0,117,2023,3
2022,1,7,2,0,117,2023,4
2022,2,1,2,0,117,2022,3
2022,2,2,2,0,117,2022,4
2022,2,3,2,0,117,2023,1
2022,2,4,2,0,117,2023,2
2022,2,5,2,0,117,2023,3
2022,2,6,2,0,117,2023,4
2022,3,1,1.8,0,117,2022,4
2022,3,2,1.8,0,117,2023,1
2022,3,3,1.8,0,117,2023,2
2022,3,4,1.8,0,117,2023,3
2022,3,5,1.8,0,117,2023,4
2022,4,1,-1.77058823529412,-0.0588235294117647,117,2023,1
2022,4,2,-1.77058823529412,-0.0588235294117647,117,2023,2
2022,4,3,-1.77058823529412,-0.0588235294117647,117,2023,3
2022,4,4,-1.77058823529412,-0.0588235294117647,117,2023,4
2023,1,1,1,0,117,2023,2
2023,1,2,1,0,117,2023,3
2023,1,3,1,0,117,2023,4
2023,1,4,1,0,117,2024,1
2023,1,5,1,0,117,2024,2
2023,1,6,1,0,117,2024,3
2023,1,7,1,0,117,2024,4
2023,2,1,0,0,117,2023,3
2023,2,2,0,0,117,2023,4
2023,2,3,0,0,117,2024,1
2023,2,4,0,0,117,2024,2
2023,2,5,0,0,117,2024,3
2023,2,6,0,0,117,2024,4
2023,3,1,0.3,0,117,2023,4
2023,3,2,0.3,0,117,2024,1
2023,3,3,0.3,0,117,2024,2
2023,3,4,0.3,0,117,2024,3
2023,3,5,0.3,0,117,2024,4
2023,4,1,-0.0176470588235294,-0.0588235294117647,117,2024,1
2023,4,2,-0.0176470588235294,-0.0588235294117647,117,2024,2
2023,4,3,-0.0176470588235294,-0.0588235294117647,117,2024,3
2023,4,4,-0.0176470588235294,-0.0588235294117647,117,2024,4
2024,1,1,1,0,117,2024,2
2024,1,2,1,0,117,2024,3
2024,1,3,1,0,117,2024,4
2024,1,4,1,0,117,2025,1
2024,1,5,1,0,117,2025,2
2024,1,6,1,0,117,2025,3
2024,1,7,1,0,117,2025,4
2024,2,1,1.2,0,117,2024,3
2024,2,2,1.2,0,117,2024,4
2024,2,3,1.2,0,117,2025,1
2024,2,4,1.2,0,117,2025,2
2024,2,5,1.2,0,117,2025,3
2024,2,6,1.2,0,117,2025,4
2024,3,1,1.2,0,117,2024,4
2024,3,2,1.2,0,117,2025,1
2024,3,3,1.2,0,117,2025,2
2024,3,4,1.2,0,117,2025,3
2024,3,5,1.2,0,117,2025,4
2024,4,1,1.01764705882353,-0.0588235294117647,117,2025,1
2024,4,2,1.01764705882353,-0.0588235294117647,117,2025,2
2024,4,3,1.01764705882353,-0.0588235294117647,117,2025,3
2024,4,4,1.01764705882353,-0.0588235294117647,117,2025,4
2020,3,1,4.5,0,131,2020,4
2020,3,2,4.5,0,131,2021,1
2020,3,3,4.5,0,131,2021,2
2020,3,4,4.5,0,131,2021,3
2020,3,5,4.5,0,131,2021,4
2020,4,1,4.14705882352941,-0.0588235294117647,131,2021,1
2020,4,2,4.14705882352941,-0.0588235294117647,131,2021,2
2020,4,3,4.14705882352941,-0.0588235294117647,131,2021,3
2020,4,4,4.14705882352941,-0.0588235294117647,131,2021,4
2022,1,1,2.7,0,135,2022,2
2022,1,2,2.7,0,135,2022,3
2022,1,3,2.7,0,135,2022,4
2022,1,4,2.7,0,135,2023,1
2022,1,5,2.7,0,135,2023,2
2022,1,6,2.7,0,135,2023,3
2022,1,7,2.7,0,135,2023,4
2022,2,1,2.3,0,135,2022,3
2022,2,2,2.3,0,135,2022,4
2022,2,3,2.3,0,135,2023,1
2022,2,4,2.3,0,135,2023,2
2022,2,5,2.3,0,135,2023,3
2022,2,6,2.3,0,135,2023,4
2022,3,1,0.2,0,135,2022,4
2022,3,2,0.2,0,135,2023,1
2022,3,3,0.2,0,135,2023,2
2022,3,4,0.2,0,135,2023,3
2022,3,5,0.2,0,135,2023,4
2022,4,1,-0.394117647058824,-0.0588235294117647,135,2023,1
2022,4,2,-0.394117647058824,-0.0588235294117647,135,2023,2
2022,4,3,-0.394117647058824,-0.0588235294117647,135,2023,3
2022,4,4,-0.394117647058824,-0.0588235294117647,135,2023,4
2023,1,1,1.2,0,135,2023,2
2023,1,2,1.2,0,135,2023,3
2023,1,3,1.2,0,135,2023,4
2023,1,4,1.2,0,135,2024,1
2023,1,5,1.2,0,135,2024,2
2023,1,6,1.2,0,135,2024,3
2023,1,7,1.2,0,135,2024,4
2023,2,1,1,0,135,2023,3
2023,2,2,1,0,135,2023,4
2023,2,3,1,0,135,2024,1
2023,2,4,1,0,135,2024,2
2023,2,5,1,0,135,2024,3
2023,2,6,1,0,135,2024,4
2023,3,1,1,0,135,2023,4
2023,3,2,1,0,135,2024,1
2023,3,3,1,0,135,2024,2
2023,3,4,1,0,135,2024,3
2023,3,5,1,0,135,2024,4
2023,4,1,0.717647058823529,-0.0588235294117647,135,2024,1
2023,4,2,0.717647058823529,-0.0588235294117647,135,2024,2
2023,4,3,0.717647058823529,-0.0588235294117647,135,2024,3
2023,4,4,0.717647058823529,-0.0588235294117647,135,2024,4
2024,1,1,1,0,135,2024,2
2024,1,2,1,0,135,2024,3
2024,1,3,1,0,135,2024,4
2024,1,4,1,0,135,2025,1
2024,1,5,1,0,135,2025,2
2024,1,6,1,0,135,2025,3
2024,1,7,1,0,135,2025,4
2024,2,1,1,0,135,2024,3
2024,2,2,1,0,135,2024,4
2024,2,3,1,0,135,2025,1
2024,2,4,1,0,135,2025,2
2024,2,5,1,0,135,2025,3
2024,2,6,1,0,135,2025,4
2024,3,1,1.2,0,135,2024,4
2024,3,2,1.2,0,135,2025,1
2024,3,3,1.2,0,135,2025,2
2024,3,4,1.2,0,135,2025,3
2024,3,5,1.2,0,135,2025,4
2024,4,1,1.01764705882353,-0.0588235294117647,135,2025,1
2024,4,2,1.01764705882353,-0.0588235294117647,135,2025,2
2024,4,3,1.01764705882353,-0.0588235294117647,135,2025,3
2024,4,4,1.01764705882353,-0.0588235294117647,135,2025,4
2023,1,1,0.7,0,136,2023,2
2023,1,2,0.7,0,136,2023,3
2023,1,3,0.7,0,136,2023,4
2023,1,4,0.7,0,136,2024,1
2023,1,5,0.7,0,136,2024,2
2023,1,6,0.7,0,136,2024,3
2023,1,7,0.7,0,136,2024,4
2023,2,1,0.7,0,136,2023,3
2023,2,2,0.7,0,136,2023,4
2023,2,3,0.7,0,136,2024,1
2023,2,4,0.7,0,136,2024,2
2023,2,5,0.7,0,136,2024,3
2023,2,6,0.7,0,136,2024,4
2023,3,1,1.2,0,136,2023,4
2023,3,2,1.2,0,136,2024,1
2023,3,3,1.2,0,136,2024,2
2023,3,4,1.2,0,136,2024,3
2023,3,5,1.2,0,136,2024,4
2023,2,1,1.27,0,137,2023,3
2023,2,2,1.27,0,137,2023,4
2023,2,3,1.27,0,137,2024,1
2023,2,4,1.27,0,137,2024,2
2023,2,5,1.27,0,137,2024,3
2023,2,6,1.27,0,137,2024,4
2023,3,1,1.008,0,137,2023,4
2023,3,2,1.008,0,137,2024,1
2023,3,3,1.008,0,137,2024,2
2023,3,4,1.008,0,137,2024,3
2023,3,5,1.008,0,137,2024,4
2023,4,1,0.653529411764706,-0.0588235294117647,137,2024,1
2023,4,2,0.653529411764706,-0.0588235294117647,137,2024,2
2023,4,3,0.653529411764706,-0.0588235294117647,137,2024,3
2023,4,4,0.653529411764706,-0.0588235294117647,137,2024,4
2024,1,1,1.22697502,0,137,2024,2
2024,1,2,1.22697502,0,137,2024,3
2024,1,3,1.22697502,0,137,2024,4
2024,1,4,1.22697502,0,137,2025,1
2024,1,5,1.22697502,0,137,2025,2
2024,1,6,1.22697502,0,137,2025,3
2024,1,7,1.22697502,0,137,2025,4
2024,2,1,1.25388454,0,137,2024,3
2024,2,2,1.25388454,0,137,2024,4
2024,2,3,1.25388454,0,137,2025,1
2024,2,4,1.25388454,0,137,2025,2
2024,2,5,1.25388454,0,137,2025,3
2024,2,6,1.25388454,0,137,2025,4
2024,3,1,1.22575269,0,137,2024,4
2024,3,2,1.22575269,0,137,2025,1
2024,3,3,1.22575269,0,137,2025,2
2024,3,4,1.22575269,0,137,2025,3
2024,3,5,1.22575269,0,137,2025,4
2024,4,1,1.00952044176471,-0.0588235294117647,137,2025,1
2024,4,2,1.00952044176471,-0.0588235294117647,137,2025,2
2024,4,3,1.00952044176471,-0.0588235294117647,137,2025,3
2024,4,4,1.00952044176471,-0.0588235294117647,137,2025,4
