origin_quarter,origin_year,cy_logLik,cyandny_logLik,cy_rw_sd,cyandny_rw_sd,forecaster_id
1,2001,90.5115044289082,92.3700686109845,1.98822318042858,1.96341565793223,1
2,2001,91.771128908542,93.533400034334,1.9636926916454,1.94102425957695,1
3,2001,94.8302581814572,96.5392888898078,2.03406189978095,2.01199111719632,1
4,2001,97.543716937052,99.0984302653876,2.10874383615737,2.08413541528504,1
1,2002,101.060568498483,102.973937537462,2.08503697466669,2.06150885397029,1
2,2002,103.627745598541,105.463684438681,2.12060291937573,2.09762920874559,1
4,2002,105.417281205847,106.94357464558,2.06780603287579,2.04534473273656,1
1,2003,108.258373522184,110.187477996308,2.02184274175253,2.00273566423228,1
4,2003,112.323040637553,113.814235988929,1.9998298273299,1.97981996219384,1
1,2004,117.412399360749,119.315306137387,2.05305965379257,2.03406828862907,1
2,2004,118.822336840606,120.609473051988,2.03868429776978,2.02022404245873,1
4,2004,120.942989090934,122.439582307483,2.01001905292471,1.99138223900773,1
2,2005,125.867107894755,127.637844694464,1.98318246629225,1.96675237479669,1
3,2005,121.63584791177,123.17672202534,1.79008454149634,1.77439097528629,1
1,2006,125.626877761833,127.819688047218,1.73868673592772,1.73031337519892,1
2,2006,126.773874734997,128.46428135996,1.74600175909257,1.73391340049907,1
4,2006,126.952730083987,128.427986677354,1.67719192206825,1.66837806520233,1
1,2007,130.94607596897,132.647344647441,1.69140402927385,1.67829547831828,1
2,2007,132.410067836824,134.045036087248,1.68749028743023,1.67614850801058,1
4,2007,134.474866653569,135.864217579035,1.6780097079708,1.66678309024823,1
1,2008,138.212411493272,139.930856355762,1.67756647340024,1.66631497521445,1
2,2008,139.963926436549,141.582806156875,1.68338586483649,1.67208340910923,1
4,2008,144.559541969004,146.167962929896,1.71808679266521,1.70951798480978,1
1,2009,146.819024130955,149.536942246483,1.69825215382172,1.71157130812309,1
2,2009,153.148356163175,155.379200770317,1.80564424024328,1.80798644908383,1
3,2009,165.458439308901,167.199297242433,2.02264046414812,2.00951436394781,1
4,2009,168.995302792508,171.245055866147,2.11960321068146,2.11908495344397,1
1,2010,170.977393825738,172.937328836125,2.1051968303096,2.0922519986508,1
2,2010,173.425029763881,175.285932486701,2.12043540915125,2.10718728600563,1
4,2010,175.932637371165,177.635878957369,2.10297009927357,2.09109404322573,1
1,2012,187.893622111315,190.325547361091,2.07872871416053,2.07190990173725,1
2,2012,190.324773479135,192.66482148998,2.08509528608371,2.079915160788,1
2,2013,197.346097019166,199.713285949669,2.04766865559115,2.04464955783588,1
4,2013,202.704814511496,204.930452940391,2.08811016117483,2.08144359489395,1
1,2014,203.81947078697,206.221957947489,2.04973025884005,2.04388227600974,1
2,2014,205.388683693101,207.685608780929,2.03980345330233,2.03440351431594,1
4,2014,208.601249069239,210.834184799542,2.02754267298436,2.02199969014964,1
1,2015,212.82995933704,215.568482032954,2.04566470629695,2.0413936280313,1
2,2015,215.252994166823,217.658794562764,2.06432656967709,2.05956918207331,1
4,2015,217.340774242627,219.645386340606,2.02663020197312,2.02162677357906,1
1,2016,218.984369261959,221.455268644451,2.00709708862422,2.00193165310795,1
3,2016,221.980886207984,224.374256096917,1.9921431799332,1.98648827051018,1
4,2016,224.998934293292,227.282354588582,2.01064187759869,2.00577716108288,1
1,2017,226.775340581956,229.232141211996,1.99455536515475,1.98954684158203,1
2,2017,228.770315085005,231.135862245898,1.99355987046432,1.98927187071284,1
3,2017,229.700512421111,232.0819524875,1.97881148046725,1.97338734238688,1
4,2017,231.529304466165,233.81056159002,1.97351992494915,1.96920371028678,1
1,2018,232.915901058366,235.357655167177,1.95206454726496,1.94740068826523,1
2,2018,234.406042085635,236.757447174992,1.94230293009953,1.93834395064004,1
4,2018,238.447041597934,240.697343976543,1.94777590290705,1.94340756118189,1
1,2019,240.353346098611,242.777955830535,1.93599309900145,1.93156001525479,1
2,2019,241.877928886947,244.209450479646,1.92775487552676,1.92391693094126,1
4,2019,250.091018711086,252.344540660999,2.00690221934556,2.00238571718431,1
1,2020,256.434214200485,258.886307931215,2.07365618657848,2.06886493908644,1
2,2020,259.980943407138,263.603933875426,2.07829307480123,2.07275423276685,1
4,2020,372.118236794465,378.177548738614,3.98617539144807,4.50477233757453,1
1,2021,464.795726475257,468.553079583972,10.7511306886948,10.7665988952447,1
2,2021,468.401367980043,471.884338632923,11.2222441886552,11.1825889372826,1
3,2021,474.12824552005,477.728450178051,11.2611242249965,11.2341644817383,1
1,2022,479.07256353777,482.711630884142,11.1584648762,11.1213385848465,1
2,2022,482.956187299145,486.380815551172,11.1683207434305,11.1319114146087,1
4,2022,488.666636280714,492.053905861244,11.0980088143868,11.0653009601007,1
2,2023,493.519022657846,496.909417619316,10.7590428232549,10.7252024053769,1
3,2023,493.758876779969,497.289666292412,10.549558298385,10.5192901100775,1
4,2023,496.012848178715,499.322599192465,10.4373471474521,10.4089631722521,1
1,2024,499.549133819024,503.122804891718,10.319317580004,10.2868358772439,1
2,2024,503.087071953814,506.44578923984,10.3104686538879,10.2792419098619,1
3,2024,500.997189022722,504.473077039857,9.94141552189883,9.9137565950593,1
4,2024,503.351383167451,506.616803154045,9.85040254122269,9.82476356033968,1
1,2001,90.5173553775847,92.3758125527877,1.98858360099134,1.96374869131836,2
2,2001,91.8088325338393,93.5630586297304,1.96505986979647,1.94213834113439,2
4,2001,98.1586139478086,100.712436622705,2.11489157477583,2.14411923581444,2
1,2002,101.204796563879,103.214775618041,2.08363003386125,2.06262919033262,2
2,2002,103.561360836172,105.397433954691,2.11738976095914,2.09456628579599,2
3,2002,105.145910256382,106.881273963673,2.09502779296742,2.0744602721535,2
4,2002,105.410963688025,106.94064044456,2.06762689426402,2.04532422084524,2
3,2003,110.654874803849,112.372745812426,1.987027817346,1.96936218369311,2
1,2004,117.440819707119,119.332844148665,2.05425851402356,2.03467508649617,2
2,2004,118.91776061857,120.708716092942,2.03910415718129,2.02109520241938,2
4,2004,120.977371765674,122.496557870504,2.01177495331937,1.9939311787625,2
2,2005,125.942979222211,127.727284127335,1.98620799269887,1.97011490417822,2
1,2006,125.60575750332,127.800701625331,1.73830107660991,1.73000168633375,2
2,2006,126.688886590707,128.332486790387,1.74469992917105,1.7308307415948,2
4,2006,126.851914653874,128.360881822639,1.6757937618147,1.66789443201013,2
1,2007,130.96103770659,132.662438716803,1.6916854806793,1.67858456194979,2
2,2007,132.621275973932,134.340774316595,1.68936155477791,1.6813675913824,2
4,2007,134.358935244586,135.715693471998,1.6735479566241,1.66206593678682,2
1,2008,138.080043702961,139.792992474239,1.67606154488941,1.66436666074155,2
2,2008,139.989061879009,141.598076052267,1.68401606089917,1.67249559624654,2
4,2008,143.419258533906,144.878224567528,1.70639878699854,1.69700631362896,2
1,2009,146.977254314888,149.340562850353,1.70305747898346,1.70707392625315,2
1,2010,170.961673445283,172.903496333132,2.10481951867342,2.09136100879317,2
2,2010,173.495214953327,175.3639132481,2.12233307508133,2.10927264431656,2
4,2010,175.419575077793,177.095906069403,2.09204575703403,2.08113691985245,2
2,2011,179.650373341288,181.488715593703,2.05666263113883,2.04471147577724,2
4,2011,185.671945264401,187.984578516635,2.09104045787042,2.08513879980007,2
1,2012,187.893652320929,190.331576022402,2.07877239951228,2.07219263789173,2
2,2012,190.288835109382,192.657387745191,2.08544463167269,2.08117986006396,2
4,2012,193.236140437487,195.532312131811,2.06433110615395,2.05913503864796,2
1,2013,195.204587965215,197.633284584905,2.04816540229002,2.04239188774808,2
2,2013,197.389432467743,199.762612766829,2.04824080693964,2.045497708827,2
4,2013,202.702107828895,204.926316217956,2.08810486734446,2.08140122816439,2
2,2014,205.391868485302,207.705395066695,2.03977246730371,2.03459486761103,2
4,2014,208.601648167941,210.844308179311,2.02752237099637,2.02209082638537,2
1,2015,212.82836221788,215.574379915688,2.04565677034226,2.04149328112296,2
2,2015,215.260561816834,217.665493575654,2.06439325361677,2.05965259928743,2
4,2015,217.345595155435,219.653228338034,2.02663955145721,2.02171714831224,2
1,2016,218.987997456528,221.460728244917,2.00713788885566,2.00203071524948,2
1,2017,226.783766062945,229.240725945263,1.99463238064357,1.98963610855448,2
3,2017,229.687135849341,232.064225111649,1.97879145147056,1.97327193965824,2
4,2017,231.499285479785,233.764798590877,1.97347150219889,1.96887970225585,2
1,2018,232.918878774888,235.357259813303,1.95208953711851,1.94737296272833,2
2,2018,234.406734037506,236.753684784823,1.94230875192439,1.93830729060249,2
3,2018,235.688767452922,238.049337442894,1.93551144066648,1.93040226295968,2
4,2018,238.45492390227,240.71469950305,1.94778907215373,1.94355684632045,2
1,2019,240.325125065783,242.757204110698,1.93577157273561,1.93140428848618,2
2,2019,241.897022479743,244.230570142041,1.92790410060874,1.92415160849346,2
4,2019,250.091623192643,252.351992358287,2.00690458192198,2.0024711124015,2
1,2020,256.446005403278,258.89788367011,2.0737686374015,2.06903378668208,2
2,2020,260.01493246656,262.670416024912,2.06888637282795,2.06649373496021,2
4,2020,370.040649737872,376.972559111922,3.9604592217545,4.54623707202929,2
1,2021,463.789159411508,467.845792367665,10.7687545976725,10.826184160062,2
2,2021,468.451948348466,471.881817266668,11.220622736716,11.1810015545364,2
4,2021,475.587617651623,478.946524699975,11.2898512117717,11.2563695135482,2
1,2022,479.160997989854,482.800267837152,11.1627161317867,11.1257617407754,2
4,2023,496.000228947213,499.310721523339,10.4370182849746,10.4087669253125,2
2,2024,503.084144259026,506.442257878966,10.3102577795284,10.2790301191253,2
4,2024,503.348687395017,506.613986886744,9.85038878494394,9.82472060010028,2
1,2001,90.5119307666144,92.3865623564443,1.98828563434175,1.96421124845125,3
2,2001,91.7871351284762,93.5415090966243,1.96425944758102,1.94133226859457,3
3,2001,94.7400773232697,96.6741697796146,2.03711607315506,2.02541767962394,3
4,2001,97.4836069331517,99.1423413854741,2.10224800367369,2.08348324379746,3
1,2002,101.132418278722,103.153756950822,2.08395096522016,2.0639300934042,3
2,2002,103.576769795252,105.410297399809,2.11745340728758,2.09458861932307,3
4,2002,105.418276270742,106.944107079705,2.06780648648692,2.04534490433661,3
1,2003,108.265399270797,110.152133609539,2.02219037888335,2.00139492419629,3
2,2003,108.736763224049,110.595033014536,1.96938598013548,1.95407356453172,3
4,2003,112.799052627419,114.522923223273,1.98997711383892,1.98128147258811,3
2,2004,118.857895050138,120.6471037439,2.0400927337906,2.02168305650527,3
2,2005,125.968334847046,127.752439466514,1.98484584923763,1.96925872431771,3
4,2005,124.688582717961,126.102406996492,1.84470469447092,1.82880265599193,3
2,2006,126.662206051267,128.312504439069,1.74368840863488,1.7301148642667,3
4,2006,126.9581221186,128.283828874151,1.68103965175159,1.66771542013147,3
1,2007,130.946260270571,132.666005136305,1.69140351309076,1.6787191012348,3
2,2007,132.720192400729,134.354924752489,1.68961049261987,1.6788487316913,3
3,2007,133.31943359843,134.854713332477,1.67846967095475,1.66699223901863,3
4,2007,134.315438674887,135.67426335508,1.67349456404659,1.66204018316238,3
1,2009,147.183761649033,149.761000681573,1.69860972356567,1.70196154942009,3
2,2009,153.669958444129,155.478852566595,1.81919016109416,1.81024839945064,3
4,2009,168.373614601429,170.083988808456,2.11663378024599,2.10653385119573,3
2,2010,173.574361322265,175.472803624702,2.12414285471355,2.11195010225296,3
4,2010,175.433087407243,177.110441716146,2.09218724123418,2.08167733010657,3
1,2011,178.656533187491,180.589193318274,2.07689025739259,2.06426447825103,3
2,2011,179.71152323153,181.555827408539,2.05817981407188,2.04632702986585,3
4,2011,185.754485777681,188.189275710297,2.09117979220062,2.0877959955919,3
3,2012,192.359948142117,194.735724940391,2.09506755439129,2.08695863479239,3
4,2012,193.151956702302,195.419799089004,2.06411552083303,2.05779546301386,3
1,2013,195.200179033181,197.620474365444,2.04813366047958,2.04156843721083,3
2,2013,197.384646017245,199.727622792285,2.04803461882004,2.04432886539433,3
4,2013,202.729586629334,204.953698445824,2.08817060754525,2.0814660432316,3
2,2014,205.383315740867,207.689117834861,2.0397509404997,2.03445308029389,3
1,2001,90.5104923864926,92.3873705518847,1.98822004042169,1.96426996107884,4
2,2001,91.7821440780868,93.5768402645424,1.96423320281015,1.94296616987163,4
4,2001,97.4836069331517,99.350811493273,2.10224800367369,2.09413072966984,4
1,2002,101.06121165096,103.037954409398,2.08436251894556,2.06334711995356,4
2,2002,103.853060386073,105.745215178589,2.13137470275286,2.11109300250085,4
3,2002,105.830434427099,107.700841777765,2.11095798326528,2.09770077462621,4
4,2002,105.413467404534,106.988316880985,2.06762780003228,2.04738846315752,4
1,2003,108.26284485237,110.201733920397,2.02199100047968,2.00323343772666,4
2,2003,108.744567921342,110.66138923974,1.96941515379332,1.95675401763914,4
4,2003,112.27043235151,113.815205230586,1.99349243306687,1.97623285701284,4
1,2004,117.429422908545,119.321074931057,2.05383689445407,2.03426247552527,4
2,2004,118.858525813019,120.647811273259,2.04009549799311,2.02169869274873,4
3,2004,120.322808612782,121.99187083643,2.03854751657861,2.01938010910392,4
4,2004,120.980379747355,122.498851023733,2.01177608967496,1.99393172656854,4
1,2005,125.750007292433,127.639697724016,2.04448755002396,2.02655353083458,4
2,2005,125.905529640733,127.684596388738,1.98462520836144,1.96848096056471,4
4,2005,124.707426961715,126.160742919722,1.84843889805073,1.83371081480323,4
1,2006,125.60575750332,127.806199977361,1.73830107660991,1.73014904490223,4
2,2006,126.78750848774,128.604173572326,1.74729493636192,1.73869945440055,4
3,2006,126.919469489804,128.624614714709,1.71420641817308,1.70585270382186,4
4,2006,127.059478569473,128.449295084256,1.68106620025185,1.66969080989923,4
1,2007,130.965967601292,132.674848972992,1.69143240220724,1.67841378274661,4
2,2007,132.690862106658,134.431070936618,1.69265398503621,1.68496051037108,4
3,2007,133.321130968647,134.810416982409,1.678136614902,1.6655545946227,4
4,2007,134.202425240012,135.556592424098,1.67104974239827,1.659451680544,4
1,2008,138.223223643991,139.977546374849,1.67879937877557,1.66841638121397,4
2,2008,139.967972596304,141.572072175455,1.68338756082977,1.67173582588683,4
4,2008,143.354120475723,144.897668732888,1.70480443673574,1.69696983447715,4
1,2009,146.607068641941,148.985858613395,1.69416839999022,1.69874643639765,4
2,2009,153.231795334273,155.663649687595,1.80593671779342,1.81437986977329,4
4,2009,169.650526283758,171.418794371788,2.14177834328119,2.12810995982889,4
1,2010,170.968034277311,172.922980445873,2.1050300981314,2.09190269488459,4
2,2010,173.520842313434,175.406224254921,2.12320062376237,2.11050424606108,4
3,2010,174.272004726554,176.137968754319,2.09925184261064,2.08936096833849,4
4,2010,175.669144082672,177.348440855075,2.09711423288627,2.08662979052776,4
1,2011,178.637441435043,180.584798658961,2.07652385366255,2.06432459405828,4
2,2011,179.636583202439,181.482755652765,2.05634527148885,2.04459001073229,4
3,2011,181.972322319424,183.833061731902,2.0765269203552,2.06670030475557,4
4,2011,185.687156672856,187.938051651938,2.09107403994789,2.08390551753856,4
1,2012,187.924609030102,190.381246647265,2.07924964361748,2.07233967227578,4
2,2012,190.146263917618,192.554667989506,2.08359496245413,2.07930243946973,4
4,2012,193.158563158555,195.437288250266,2.06414244143708,2.05824640328246,4
1,2013,195.191411774748,197.638219500974,2.04802264292906,2.04253048018826,4
2,2013,197.323630805766,199.739787778734,2.04743278958192,2.04550518477323,4
3,2013,200.306961853098,202.730080069395,2.08007695248395,2.07399135598647,4
4,2013,202.705891716736,204.93098103158,2.08809934471373,2.08140597170514,4
1,2014,203.774899071726,206.174286632246,2.04942598457243,2.04345596776508,4
2,2014,205.38445679082,207.682785826473,2.03976331678872,2.03437895787598,4
3,2014,206.945011681939,209.285318961513,2.03740118903949,2.03054440354878,4
1,2015,212.822647992513,215.564346387978,2.04562260958246,2.04137308560393,4
2,2015,215.250925655446,217.653409295947,2.06430772654432,2.05948624844345,4
3,2015,216.702478111818,219.122387589288,2.05816513073884,2.05197230951802,4
4,2015,217.340465842028,219.641357262988,2.02662970611585,2.02159642258933,4
2,2016,221.15599989124,223.534763805736,2.00979116503454,2.00529179502906,4
3,2016,222.011674192219,224.418598374634,1.99218424766814,1.98679312573978,4
4,2016,225.002058803694,227.284269221241,2.01064786041522,2.00576646375037,4
1,2017,226.775006194072,229.231867910617,1.99455102929941,1.98954113168479,4
2,2017,228.770054116717,231.135592001222,1.99355841726539,1.98927054271787,4
3,2017,229.690764782616,232.073162860025,1.978796963504,1.97337192533384,4
4,2017,231.511793231603,233.790988023106,1.97349406822404,1.96911073630935,4
2,2018,234.405691230596,236.755561626687,1.94229878393072,1.93831727598382,4
3,2018,235.698926827123,238.055817165625,1.93552997048396,1.93038865542509,4
4,2018,238.448071967604,240.698301922146,1.94777678768516,1.94340864809838,4
1,2019,240.33508650382,242.760903487094,1.93585299279227,1.9314245273698,4
2,2019,241.886997958342,244.217403583118,1.92782952959529,1.92399364804002,4
4,2019,250.100550984585,252.353699357152,2.00692459570098,2.00240318135506,4
1,2020,256.440191218348,258.893867702336,2.07371345987066,2.06888626889155,4
2,2020,260.067679748025,263.12783143217,2.07356450907613,2.06934503185793,4
3,2020,280.179209275512,290.649909539795,2.44124022652811,2.55240899736553,4
4,2020,384.608300852379,388.718005520674,4.21159213943025,4.58705293772004,4
1,2021,464.351740873413,468.204098535588,10.7501970670528,10.7816068863533,4
2,2021,468.374971071764,471.830392318834,11.2209461945989,11.1810726057438,4
3,2021,472.857957384019,476.473996709309,11.2474276774157,11.2216719427061,4
4,2021,475.677653085833,479.05704435535,11.2968373206016,11.2624087416749,4
1,2022,479.149262487939,482.787519829917,11.1614988634208,11.1242728602686,4
4,2022,488.581375345712,491.949365764094,11.0927606228904,11.0604753556287,4
2,2023,493.492276144904,496.882803341697,10.7586998561787,10.7249192678688,4
3,2023,493.727806878289,497.253436719947,10.5494018552505,10.5189846913406,4
4,2023,496.000127405102,499.30925012553,10.4370461062181,10.4087237005887,4
1,2024,499.511382834606,503.089789399919,10.3179210671671,10.2856752721503,4
2,2024,503.07964227299,506.442302653481,10.3098929432553,10.2790200999672,4
4,2024,503.348288226753,506.613800018679,9.8503180589663,9.82468220548122,4
1,2001,90.5104923864926,92.3693967284859,1.98822004042169,1.96341469894773,5
2,2001,91.7935576638091,93.5558894718902,1.96429327038236,1.94136442217673,5
3,2001,94.7331651639268,96.5346748525086,2.0314630925584,2.01428274717582,5
4,2001,97.4663173258951,99.4223365277815,2.10340897129462,2.09945521448231,5
2,2002,103.783418609098,105.650385710385,2.12435945361048,2.10374341447361,5
3,2002,105.143963590849,107.084174882226,2.10466531049554,2.09414754617663,5
4,2002,105.782186305747,107.617479275503,2.08476816776259,2.07560291282507,5
1,2003,108.276811170014,110.186849678528,2.02201996429987,2.00192601122905,5
2,2003,108.767804660222,110.591827553355,1.97011839180041,1.95368929662633,5
4,2003,112.418188818693,113.942580097449,1.99355489617939,1.97550408223938,5
2,2004,118.880026990473,120.688931395667,2.04019026369103,2.02209325589377,5
4,2004,120.935883322382,122.432394029878,2.01001629185665,1.99138032518958,5
1,2005,125.710338751716,127.598403841142,2.04316950056775,2.02510594663422,5
2,2005,125.87802418114,127.652533073385,1.98322072648312,1.9670151979862,5
3,2005,121.675904156171,123.276505030454,1.79133998247482,1.77728019658535,5
4,2005,124.707426961715,126.202714806524,1.84843889805073,1.83502773109977,5
1,2006,125.635187766,127.830629594198,1.7387821861978,1.73026093064683,5
2,2006,126.794830711673,128.496771407186,1.7460500777476,1.73446359761376,5
3,2006,126.900145920407,128.502425551921,1.71356507483613,1.70236840668447,5
4,2006,126.99998208811,128.473342318824,1.67720046626897,1.66838533365555,5
1,2007,130.951559118467,132.67235174319,1.69153335460159,1.67899328785764,5
2,2007,132.722222586279,134.428393457962,1.69451136713827,1.6855023331339,5
4,2007,134.301791236266,135.64656426181,1.67346955035633,1.66148560841746,5
1,2008,138.135272895051,139.868709473836,1.67745108438621,1.66625484477187,5
3,2008,144.645837503574,146.719371962244,1.76735671698203,1.76877791710976,5
4,2008,144.198514905031,145.787117789343,1.71933545651903,1.71004594366272,5
1,2009,146.718431234254,148.970700432024,1.69509243657447,1.69762222074238,5
2,2009,152.719521344589,155.735886434557,1.7907240110975,1.81462810761926,5
4,2009,168.616376948374,170.321675397519,2.11683801381927,2.10659198083369,5
2,2010,173.610951598006,175.480860212138,2.1252061441373,2.11215681399788,5
3,2010,174.091877049008,175.869811508531,2.09574635849347,2.0838850063464,5
4,2010,175.619478216401,177.315616126968,2.09649912831038,2.08502313704107,5
1,2011,178.638413603404,180.564716453708,2.07654158666994,2.06380329181115,5
2,2011,179.696894750815,181.565999284739,2.05755710916733,2.04639334673752,5
3,2011,182.090551396651,184.118755954773,2.07910869162002,2.07220325901953,5
4,2011,185.654312172993,187.908849541505,2.09099121842996,2.08394945892272,5
1,2012,187.969383243191,190.445976240187,2.07979958205815,2.07277805635635,5
4,2012,193.205913140793,195.46619030455,2.06426154621351,2.05827646898572,5
4,2013,202.721880979047,204.946118971974,2.08811179920224,2.08139447215101,5
1,2014,203.76419935896,206.165713441874,2.04927425302323,2.04329648203541,5
2,2014,205.383128290259,207.682739553687,2.03974706869032,2.03434716736653,5
1,2015,212.825198053184,215.562229939105,2.04563785212659,2.04132969104962,5
2,2015,215.25222988888,217.653997557958,2.06430877509746,2.05946742129203,5
1,2016,218.977056065343,221.447907269999,2.00703526917272,2.0018596513545,5
2,2016,221.159711650656,223.539794887595,2.00982535560658,2.00536357345675,5
3,2016,222.017706861869,224.41585135888,1.99219982043668,1.98668553260829,5
2,2017,228.775528360597,231.14153102004,1.99360101433329,1.98933258044096,5
4,2017,231.516727443985,233.800883956121,1.97350195958159,1.96919408895043,5
1,2018,232.933262340034,235.379507667882,1.95217258016571,1.94763562059242,5
4,2018,238.444008829587,240.692871429412,1.94777080979439,1.94337734929669,5
1,2019,240.362775937317,242.787702666522,1.93606995981358,1.93165530246671,5
4,2019,250.089149269058,252.342718134559,2.00690241914628,2.00238551132967,5
1,2020,256.434265607383,258.889076349491,2.07365845005477,2.06890698311355,5
2,2020,259.918572382112,262.619137047262,2.07097004702424,2.0669859004237,5
3,2020,281.027227173839,288.525198505531,2.44381875594792,2.52703252334061,5
4,2020,378.358846437236,383.317897190986,4.0849924783233,4.53250696026549,5
1,2021,464.698343174593,468.494231236596,10.7600445302963,10.7822344271985,5
2,2021,468.233295473062,471.691296219251,11.2182584846292,11.1797807879176,5
4,2021,475.656860336088,479.017481395959,11.2929759013141,11.2590601995407,5
1,2022,479.169905984163,482.808377034988,11.1629620189843,11.1257834411129,5
2,2022,482.931871241414,486.365148190558,11.1679082001397,11.1323385933054,5
3,2022,487.326884869164,490.908345910467,11.289398580043,11.2560583590054,5
4,2022,488.715887121926,492.141922893846,11.1005320427284,11.068300399713,5
1,2023,490.137886062541,493.756658490759,10.7894618209241,10.7553047024195,5
2,2023,493.490638570403,496.881018052029,10.758577112092,10.724787378666,5
4,2023,495.999536929837,499.312313441624,10.4371644665059,10.4089229012203,5
1,2024,499.516799702593,503.091248541119,10.3181424868329,10.2856177683837,5
2,2024,503.081094611003,506.439506092499,10.3100155587545,10.2788287088983,5
4,2024,503.345862443912,506.612115358002,9.85025384368315,9.82462380600781,5
1,2001,90.5198008656037,92.3844378616675,1.98859120922909,1.96412278394567,7
2,2001,91.8266049294369,93.6268358055946,1.96604305770626,1.94552983498224,7
3,2001,94.795904551878,96.7471225695324,2.0371785519371,2.02719698044195,7
1,2002,101.077336663577,103.091162991507,2.08507941912545,2.06562551628332,7
2,2002,103.925426233973,105.820689744027,2.13529196199616,2.11448033216955,7
4,2002,105.434291484083,106.97124717354,2.06781256625338,2.04590063295698,7
1,2003,108.26284485237,110.28626313804,2.02199100047968,2.00666500043549,7
2,2003,108.771149845212,110.66018043512,1.97101850301941,1.95638997796574,7
4,2003,112.092982693636,113.889274727652,1.98968091675076,1.98284306824416,7
1,2004,117.442049671578,119.337203415776,2.05341828706342,2.03384879598886,7
2,2004,118.83791784839,120.630949502133,2.03930426010759,2.02105051576581,7
3,2004,120.337307708037,122.023828190542,2.03887405938767,2.02023352214534,7
4,2004,121.192329303778,122.850839291275,2.01185928070791,1.99987398538235,7
1,2005,125.710338751716,127.616804436871,2.04316950056775,2.02563120738522,7
2,2005,125.791193400137,127.553824388511,1.98073207647808,1.96396381892616,7
4,2005,124.669433153304,126.221288705886,1.8433804099889,1.83226818682056,7
1,2006,125.601058553902,127.794397098151,1.73821969905252,1.72985330173342,7
2,2006,126.727020751543,128.42327747599,1.74589379777988,1.73341785610657,7
4,2006,126.939681733183,128.645277940847,1.67581411308847,1.67354982212126,7
1,2007,130.94372773888,132.645840975253,1.6914042586341,1.67831542382662,7
2,2007,132.501784850589,134.203857285101,1.6905421547265,1.68087480196579,7
3,2007,133.354486019185,134.910788423799,1.67898791672604,1.6679424100158,7
4,2007,134.358935244586,135.715693471998,1.6735479566241,1.66206593678682,7
1,2008,138.280090767872,140.024904671403,1.67959460545954,1.66903987792166,7
2,2008,139.987615584878,141.623527509798,1.68397980805034,1.67305749380655,7
3,2008,145.175358599525,147.095311320957,1.76774692074586,1.76642751032287,7
4,2008,143.751817131663,145.191589442557,1.70581209241989,1.69572446280731,7
1,2009,146.978191188444,150.06944548519,1.70105717248839,1.72400787935214,7
2,2009,152.404123293779,156.171806212436,1.78395886815903,1.82549938726439,7
3,2009,161.979009521969,163.910921132735,1.94929385750174,1.94557017697272,7
4,2009,168.491476595541,170.189925123077,2.1167347536651,2.1061859866145,7
1,2010,170.961060150466,172.898983975487,2.10479118043205,2.09122036886427,7
2,2010,173.422280714934,175.285013773305,2.12042794638401,2.10724268719684,7
3,2010,174.231209255561,176.182046549806,2.09916943181033,2.09090867161642,7
4,2010,175.477642797718,177.189892136181,2.09247302290299,2.08373495859667,7
1,2011,178.643945113887,180.600908923808,2.07663951649846,2.06471314200703,7
2,2011,179.626657914576,181.472353923963,2.0560402387899,2.0442953727891,7
3,2011,182.11346036983,183.975274583692,2.07924411751002,2.06939564311161,7
4,2011,185.656167679633,187.912772659386,2.09099721225639,2.08393446602288,7
1,2012,187.999091993426,190.489572100344,2.08019672251449,2.0730848541609,7
2,2012,190.159450935454,192.565832187171,2.08374685123945,2.07957055405127,7
3,2012,192.25495884625,194.634886718696,2.09478088217629,2.08696247969414,7
4,2012,193.149479199508,195.39929259271,2.06411710606134,2.05767040038059,7
1,2013,195.1625732076,197.621961034862,2.04767414117699,2.04187184667153,7
2,2013,197.323630805766,199.697761818996,2.04743278958192,2.04450567125253,7
3,2013,200.311466853947,202.713740016673,2.08010780184249,2.07371619833003,7
3,2014,206.959162518851,209.30565307698,2.0374297804552,2.03072914817775,7
4,2014,208.596585327196,210.864187927971,2.027490203827,2.02228453839206,7
1,2015,212.827654893297,215.57188216948,2.0456493484213,2.04145441521979,7
2,2015,215.265721711332,217.678280600249,2.0643191862585,2.05950915030942,7
2,2016,221.1698952055,223.548587842549,2.00991680677224,2.00542457739912,7
2,2017,228.767528544703,231.13292957903,1.99353742921243,1.98924162184767,7
3,2017,229.694477265789,232.078733444093,1.97880541483321,1.97342118693814,7
4,2017,231.523344928421,233.800723476087,1.97351475567306,1.96913859987541,7
2,2018,234.405277209685,236.752437926067,1.94229706467391,1.93828332196148,7
3,2018,235.693040356335,238.052805121826,1.93551868385154,1.93041132845335,7
4,2018,238.449012971544,240.700790184935,1.94777941387681,1.9434346670853,7
2,2019,241.885846895348,244.217091650503,1.92781902267109,1.92399927112337,7
3,2019,244.076959308332,246.426185567896,1.93733099840795,1.93226632929555,7
4,2019,250.090025975844,252.347376826095,2.00690275471896,2.00242994663061,7
3,2020,279.815787252568,291.603129568824,2.44111393165319,2.56474703187232,7
4,2020,387.602547262168,391.72316367327,4.26881028430319,4.66457007867503,7
1,2021,461.116341447961,465.016962899881,10.6449344076274,10.6680451452022,7
2,2021,468.556130804343,472.030992419316,11.2243670962105,11.1831744067707,7
3,2021,472.791449210902,476.432488832492,11.2476107328016,11.2247229980614,7
4,2021,475.76159924487,479.12045546508,11.2883708021653,11.2549460662523,7
1,2022,479.115762556442,482.75575069862,11.1599148210699,11.122322883164,7
2,2022,482.944877733593,486.374280994022,11.1689132289038,11.133103764305,7
3,2022,486.997656043871,490.579251820301,11.2832823158944,11.2492243532987,7
3,2023,493.742590283335,497.268095959019,10.5500368414061,10.5195976377768,7
4,2023,496.012848178715,499.322599192465,10.4373471474521,10.4089631722521,7
1,2024,499.526896061283,503.101536027075,10.3188557104305,10.2864598017719,7
2,2024,503.087057081703,506.445236451324,10.3104087277876,10.2791879856529,7
3,2024,500.989454568204,504.465136526271,9.9414092026883,9.91377446555467,7
4,2024,503.3500699545,506.615564817861,9.85048539262682,9.82479120841463,7
1,2001,90.5190147589457,92.4000762591775,1.98858875303193,1.96475214839316,9
2,2001,91.7871351284762,93.5620694018551,1.96425944758102,1.94241964517748,9
4,2001,97.6989875759742,99.7311920377966,2.10353099643427,2.10470812737672,9
2,2002,104.102512145612,106.092091184396,2.13604215250351,2.12289645925216,9
3,2002,104.956291225079,106.943640528437,2.10450008324838,2.09566823346335,9
2,2003,108.766684681191,110.568471196388,1.97066306606116,1.95297988107014,9
3,2003,110.825374536021,112.479911583369,1.99323919784151,1.97309711769952,9
1,2004,117.420070548914,119.31366393355,2.05349445972817,2.0339670529669,9
2,2004,118.905292988439,120.703681190064,2.0411510836758,2.02331508396285,9
3,2004,120.326208380119,122.004256536352,2.03886381971605,2.01996100397758,9
4,2004,121.188239629845,122.881204625249,2.01596983023176,2.00497954281278,9
1,2005,125.757905503421,127.655051532714,2.04505253195992,2.02740437484081,9
2,2005,125.9470278796,127.719521382495,1.9847709691672,1.96853361530813,9
3,2005,121.673018032113,123.213663251131,1.79030542135775,1.77464354670504,9
4,2005,124.904024573432,126.480953821188,1.85461177023469,1.84375809436879,9
2,2006,126.764795527595,128.457892910149,1.74659226330559,1.73434136648272,9
3,2006,126.943899850553,128.527729419966,1.71358768903535,1.70172506020608,9
4,2006,126.952730083987,128.376240509632,1.67719192206825,1.6669051076336,9
3,2007,133.522724592158,135.301825240628,1.68368208449812,1.67844411996938,9
4,2007,134.667169155041,136.16349450794,1.68091237993935,1.67215943839697,9
1,2001,90.51033180348,92.3828857730114,1.98819966841851,1.96402663732357,10
2,2001,91.8085306780785,93.5973060530286,1.96437204135966,1.94360843610863,10
4,2001,97.5552540954689,99.110983798741,2.10875103726866,2.0841403307538,10
3,2002,105.592417305546,107.497000674768,2.10948160784087,2.09775835707974,10
4,2002,105.421078005701,106.945690170312,2.06799944215622,2.04547012163022,10
1,2003,108.306339486278,110.280065692822,2.02194488844489,2.00390901289112,10
3,2003,111.110687433456,112.890417060282,1.98885933623065,1.97249512799037,10
4,2003,112.789650940237,114.631563802333,1.98909811289283,1.98553399455118,10
2,2004,118.843481696979,120.63141180872,2.03951179430778,2.0210672953951,10
4,2004,120.94514452352,122.471477954571,2.01054610575609,1.99298105715775,10
1,2005,125.712892379712,127.600258380356,2.04359777459839,2.02553858794508,10
1,2006,125.630478425062,127.825145397711,1.73870383878011,1.73044328959076,10
2,2006,126.857725501449,128.691066458011,1.74903931564392,1.74111494931602,10
3,2006,126.981592305748,128.805545613569,1.71592838903771,1.71111474606651,10
4,2006,127.232817156117,129.191637025202,1.67625465948186,1.68152608850123,10
1,2007,130.952860138269,132.654518504067,1.69150294242048,1.6784159986401,10
2,2007,132.48301318341,134.130608924416,1.68892599001747,1.67804852831407,10
3,2007,133.327769160907,134.828930142975,1.67830924132777,1.66598248870184,10
4,2007,134.240305150522,135.583083701278,1.67205171772781,1.66012989244695,10
2,2008,139.970383898441,141.575078603893,1.68339580611099,1.6717420181403,10
3,2008,144.307322865002,146.006793228539,1.75339327982867,1.74591637063291,10
4,2008,143.433649607633,144.894835540335,1.70649454776224,1.6971475305971,10
1,2009,146.70169033065,148.956665289238,1.69529460844871,1.69762363821889,10
2,2009,152.568034088603,155.305828846795,1.79016410685135,1.80548553823609,10
4,2009,168.99813465731,170.717534236106,2.12954860609045,2.11680866740514,10
1,2010,170.965620087395,172.916132885228,2.1049615040919,2.09171541025226,10
2,2010,173.549004297177,175.479307995108,2.12393684073904,2.11243620574154,10
3,2010,174.107343583072,175.916360006203,2.09571852824009,2.08443469796121,10
3,2016,222.037088260723,224.450241132275,1.99222831361802,1.98699421595006,10
1,2017,226.774686739853,229.23507713006,1.99454933790515,1.98957783249947,10
3,2017,229.684712810893,232.068812558281,1.9787850051305,1.97335380929205,10
3,2018,235.685845345353,238.047245452002,1.93550671537602,1.93039460181537,10
1,2019,240.329529493228,242.754978866672,1.93580751335846,1.93136011947206,10
3,2019,244.106905910893,246.461714227478,1.93738783949192,1.93246317482745,10
4,2019,250.103514864931,252.356827873073,2.00692967865421,2.00242217143666,10
1,2020,256.435020225744,258.889242916829,2.07366530532241,2.06887416360606,10
4,2020,382.436461448236,386.476817191815,4.17790204919039,4.53103134401548,10
2,2022,482.932747646981,486.356653121407,11.1679638570325,11.1317214689654,10
1,2001,90.5217961783378,92.3845695772552,1.98849813464196,1.96378589348494,11
2,2001,91.8085306780785,93.5973060530286,1.96437204135966,1.94360843610863,11
3,2001,94.6311396879923,96.5469640528942,2.03134990902651,2.0186056437536,11
4,2001,97.5442663499724,99.5407140624401,2.10755067555019,2.10550615136738,11
1,2002,101.658179289622,103.809983190893,2.0852595059373,2.06702374262091,11
2,2002,103.675970767325,105.517963830178,2.12080329328542,2.09772414272358,11
3,2002,105.216293113529,106.912945706469,2.09114305113637,2.06825761267495,11
4,2002,105.613562292323,107.139128408659,2.07025287739427,2.04767950748582,11
1,2003,108.30238971263,110.460025310863,2.02351052155417,2.01457002765729,11
2,2003,108.746195789354,110.721531601327,1.96955947750983,1.95922146962843,11
3,2003,110.608308473857,112.412132894048,1.98698826833341,1.97288822476782,11
4,2003,112.31424078112,114.016355905389,1.98977376135734,1.97951403691596,11
1,2004,117.412764562041,119.304194257093,2.0532312584918,2.03366118584772,11
2,2004,118.823955111292,120.612715705785,2.03869142447152,2.02031908267426,11
3,2004,120.343939895277,122.042970261448,2.03970522393343,2.02155108795106,11
2,2005,125.807203093236,127.569881067373,1.98078803036607,1.96398790007204,11
3,2005,121.742461921939,123.397286555369,1.79478653077017,1.7824892883394,11
4,2005,124.612009146921,126.025156029696,1.84468491359276,1.82878947833411,11
1,2006,125.629733947609,127.824115317174,1.73864216465441,1.7303602033397,11
2,2006,126.7341770471,128.524691484116,1.74591027032074,1.73642263376647,11
3,2006,126.894637545571,128.521911750558,1.71356222208651,1.70311440797109,11
4,2006,127.269413148394,129.453752319695,1.67699664029963,1.68864264075106,11
1,2007,130.94607596897,132.654899335602,1.69140402927385,1.67853085267041,11
2,2007,132.490641888739,134.178512893019,1.69051754452422,1.68029571828968,11
3,2007,133.362970820858,134.847878974209,1.67815984553962,1.66546477197522,11
4,2007,134.198734922434,135.540672743376,1.67102533560926,1.65908422656059,11
1,2009,147.206754188862,150.179446454398,1.69724585609071,1.70818855907814,11
1,2010,170.969283471409,172.905936948033,2.10503193484373,2.09141308547977,11
1,2001,90.5145626220064,92.3767168708798,1.9883533963677,1.96375000221997,14
2,2001,91.8238586084943,93.575784250587,1.96513909715978,1.94183719299758,14
3,2001,95.00520295219,97.0681820637003,2.04122933106475,2.03774103381893,14
1,2002,101.123420371044,103.104488022926,2.08595787970896,2.06470631891763,14
2,2002,103.719722573891,105.573777443434,2.12409391181,2.10144713113357,14
3,2002,105.531112131459,107.268117024056,2.09989535196609,2.07945323128624,14
4,2002,105.424748694075,106.950440415088,2.06780894041081,2.0453465394546,14
1,2003,108.259567224669,110.181492508791,2.02187317990388,2.00245590503002,14
2,2003,108.759672908407,110.570465672865,1.96950524062673,1.95260688741195,14
3,2003,110.688842443719,112.33430243343,1.99075310047921,1.97048038350666,14
4,2003,112.168982290485,113.841778508077,1.98971281102567,1.97796788120199,14
1,2004,117.409930730831,119.33477354277,2.05295684699893,2.03447716725187,14
2,2004,118.816645680543,120.604854393789,2.03825711047337,2.01989431093862,14
3,2004,120.366319443444,122.09647029122,2.03972589823601,2.02258150953946,14
4,2004,121.03349562674,122.561601346168,2.01179686315343,1.99443737829223,14
1,2005,125.710338751716,127.604696005875,2.04316950056775,2.02526483827004,14
2,2005,125.825272804731,127.596013370579,1.98187161936886,1.96543321834099,14
3,2005,121.698854491425,123.286769616351,1.79278624376242,1.77837912792635,14
4,2005,124.594213462235,126.031658877483,1.84468160671563,1.82959387233929,14
1,2006,125.609791507915,127.805164884912,1.73838279382466,1.7301166157441,14
2,2006,126.686392574321,128.395408203385,1.74469420134187,1.7326241349681,14
1,2007,130.96103770659,132.717754227864,1.6916854806793,1.68018098486764,14
3,2007,133.396721929744,135.039107006722,1.67901160520161,1.66988963181419,14
4,2007,134.333318737265,135.70302838666,1.67335256450398,1.66198096633781,14
1,2008,138.317363262497,140.071668272132,1.68042679000225,1.67014017658998,14
2,2008,139.990548515185,141.595847063713,1.68337573222245,1.67185262855502,14
3,2008,144.637734507057,146.309952466993,1.75776921598005,1.74965055474684,14
4,2008,143.559129393918,145.002264043238,1.70599074702202,1.69606664872638,14
1,2009,147.62029684497,150.98844597156,1.71311325196505,1.74459078774473,14
2,2009,152.363482469765,156.070905687081,1.78322417496032,1.82289773671414,14
3,2009,166.130553712647,167.877589561683,2.03449887620887,2.02129405476595,14
4,2009,168.491476595541,170.199245820009,2.1167347536651,2.10656143004773,14
1,2010,170.974638459562,172.914430271658,2.10502238480374,2.09151585953188,14
2,2010,173.408833060575,175.270868940568,2.12000082593114,2.10676075092371,14
3,2010,174.051900990251,175.852694808364,2.09450075554609,2.08326453818544,14
4,2010,175.273733635542,177.015433819155,2.08855843576185,2.08051133701602,14
1,2011,178.638787963359,180.565729384401,2.07655607949273,2.0638337340328,14
2,2011,179.631486837281,181.469359824947,2.05613757123829,2.04416260380192,14
3,2011,182.11346036983,183.975274583692,2.07924411751002,2.06939564311161,14
4,2011,185.72931722301,187.980155933104,2.09117176111663,2.08397284790238,14
1,2012,187.910965911894,190.375818200621,2.07904858580098,2.07231625000891,14
3,2013,200.560341112415,203.019769498781,2.08026811268028,2.07514037701353,14
4,2013,202.699755056316,204.928529359772,2.0881017592681,2.08143282621635,14
1,2014,203.773272073683,206.169495727684,2.04942476984672,2.04338840156557,14
2,2014,205.391131012217,207.694598718987,2.03977466176792,2.03435712509736,14
3,2014,206.942272969105,209.276763920467,2.03743152774863,2.03050669682145,14
4,2014,208.584901930236,210.80959974747,2.02750009450287,2.02173484618354,14
1,2015,212.82152224949,215.558355788795,2.04561488270644,2.04129301983453,14
3,2015,216.701022144187,219.120709073539,2.05816490306485,2.05196873836549,14
4,2015,217.376240404972,219.69546616405,2.02669123802445,2.02201380559893,14
4,2016,225.029017036001,227.320235051748,2.01066785456023,2.00580087399582,14
1,2017,226.775340581956,229.232299607678,1.99455536515475,1.98954422365551,14
2,2017,228.775803743861,231.141024076939,1.99355644791605,1.9892527228682,14
3,2017,229.6866704734,232.070607270997,1.97878592702088,1.9733554253939,14
4,2017,231.50512102402,233.773202271373,1.97347964452935,1.96893317835032,14
1,2018,232.917412160654,235.356986273013,1.95206973774176,1.94738596531135,14
2,2018,234.409935748323,236.758488923427,1.94229763754672,1.93829874648858,14
3,2018,235.687081444065,238.043372532141,1.93550714372332,1.93033264662241,14
1,2019,240.441436283768,242.878793179792,1.93667441106538,1.93265511764019,14
2,2019,241.916554215376,244.274971724504,1.92806385058085,1.92476560395212,14
3,2019,244.123197532592,246.490267695957,1.93735494821222,1.93254850317434,14
4,2019,250.124461286917,252.405099556605,2.00696937208684,2.00289998369819,14
1,2020,256.504639707569,258.958776384166,2.07432423749756,2.06973481204999,14
2,2020,259.376112174021,262.801768033915,2.07201557826195,2.07038809917521,14
3,2020,282.759303705786,291.100425992458,2.44333706412165,2.53558525940881,14
1,2021,465.07750196346,468.811704010532,10.7637386732862,10.7745760807377,14
2,2021,468.298031686216,471.73566238708,11.2171986087523,11.1778330568662,14
3,2021,472.572076173506,476.166455387057,11.2567477094559,11.230099318698,14
4,2021,475.918848297785,479.289757226873,11.2818316165355,11.2485121903712,14
1,2022,479.035385305333,482.672875369392,11.1524510849695,11.1151996907965,14
3,2022,487.724388318734,491.423116641959,11.2931754683064,11.2568416617308,14
4,2022,488.487667694556,491.834876043875,11.0863509794581,11.0547926218352,14
1,2023,490.126663920552,493.739076647526,10.7886042022787,10.7536568143286,14
2,2023,493.512138204498,496.904107620531,10.7595856792343,10.7260148865115,14
3,2023,493.714479031991,497.239944845238,10.5491571103915,10.5187174070487,14
4,2023,495.997406801309,499.306768311373,10.4370331307739,10.4087052999714,14
1,2024,499.524976853558,503.102952026865,10.3181074991758,10.2855600794517,14
2,2024,503.0802483713,506.440304036375,10.3098855809421,10.2788356971699,14
3,2024,500.994497922082,504.473118583247,9.94240942450154,9.91475289866481,14
4,2024,503.357238979919,506.626779209957,9.85087083974302,9.82515144155039,14
1,2001,90.5106270968454,92.375798600732,1.98820059042317,1.96367011367508,15
2,2001,91.7871351284762,93.5415090966243,1.96425944758102,1.94133226859457,15
3,2001,94.5665276994707,96.2851302722921,2.02829962819963,2.00633263285244,15
4,2001,97.5619043270947,99.2824384710048,2.10405835221839,2.08856773718464,15
1,2002,101.196715601149,103.122515570683,2.08950203021758,2.0668172528728,15
2,2002,104.179004092467,106.153197331595,2.14014807121117,2.12593830766577,15
3,2002,105.809381349722,108.318104894083,2.13529335378655,2.15256189730487,15
4,2002,105.602397454572,107.184310631652,2.07639269371191,2.05617935649554,15
1,2003,108.323868019479,110.205352692105,2.02391817486975,2.00280684866528,15
3,2003,110.88253076357,112.556346063828,1.99328819747156,1.9737038862128,15
4,2003,112.627540056343,114.15501421837,2.01420995338929,1.99500282316486,15
1,2004,117.444875872135,119.337030749584,2.0542687682623,2.03468001536761,15
2,2004,118.950099068965,120.755354071444,2.04349353742128,2.02577755915322,15
3,2004,120.33590359031,122.012649427932,2.03855960829769,2.0195833221409,15
4,2004,120.987496124991,122.525877164158,2.0117788569502,1.99471580160906,15
1,2005,125.733608852216,127.628736563949,2.04338413042767,2.02541717103041,15
2,2005,125.999465480585,127.772899533404,1.98566321201099,1.96952897156273,15
4,2005,124.566940661231,125.990091506359,1.84371377117459,1.82819895786345,15
1,2006,125.635957410949,127.830907730116,1.73868763631038,1.7304317267573,15
2,2006,126.706991564604,128.383431779807,1.74379127447003,1.73132746804192,15
3,2006,126.928077727951,128.431778796271,1.71390996971398,1.7000240451557,15
4,2006,126.890870426203,128.409431289181,1.677175242388,1.66950170953299,15
1,2007,130.944942188516,132.650990930607,1.69138983686029,1.67843123385941,15
2,2007,132.45162085786,134.099515772833,1.68893517592964,1.67787313235271,15
3,2007,133.363092568605,134.861634688378,1.6784941477725,1.66628105900508,15
4,2007,134.231889200496,135.622766792184,1.67107310647786,1.66045511509506,15
1,2008,138.150200980188,139.883258491042,1.67747506770931,1.6664298510417,15
2,2008,139.964954103226,141.580319403071,1.68333725617484,1.67203448544133,15
3,2008,144.318212424431,146.04472684316,1.75541812885642,1.74850244816391,15
4,2008,144.198514905031,145.658484983065,1.71933545651903,1.70873333419302,15
1,2009,146.621521123206,148.786723600268,1.69340777007053,1.69093134989732,15
2,2009,152.763272589993,155.562489233279,1.79520821126324,1.81211798470113,15
3,2009,164.005019315689,165.725627798937,1.99974832636636,1.98817859369842,15
4,2009,168.439041704022,170.122992158534,2.11923383942059,2.10776491894744,15
1,2010,170.974638459562,172.936460671161,2.10502238480374,2.09216233559151,15
2,2010,173.42090697134,175.282110564115,2.12042210737085,2.10718075920464,15
3,2010,174.153431970403,175.978796212559,2.09732006888315,2.08646920688673,15
4,2010,175.46431261709,177.156530590029,2.0924012637929,2.0828054148146,15
1,2011,178.637572497284,180.578676727119,2.07652389868741,2.06414622454465,15
2,2011,179.672678826602,181.518998931109,2.05704994113438,2.04530375034207,15
3,2011,181.882533505361,183.673695094968,2.07417972077821,2.06321084430631,15
4,2011,185.655905434722,187.912989249993,2.09100115838529,2.0839327915185,15
1,2012,187.889334554762,190.347514350452,2.07878333178805,2.07219739664318,15
2,2012,190.185781683709,192.581957627984,2.08409593803753,2.07996285045733,15
3,2012,192.253695260782,194.648573218627,2.09475474685505,2.08726321254289,15
4,2012,193.163163644333,195.432499159718,2.06415261286506,2.05813816853417,15
1,2013,195.165235649344,197.623049410281,2.04769539723273,2.04203922898092,15
2,2013,197.309555874892,199.734968440199,2.04720670701736,2.04536127570349,15
3,2013,200.348383356607,202.776984857992,2.0802061203084,2.07449172562248,15
4,2013,202.707670177277,204.931748790404,2.08809877702847,2.08138831068333,15
1,2014,203.804790960003,206.202310939156,2.04966040684322,2.04367992675369,15
2,2014,205.388683693101,207.686726785686,2.03980345330233,2.03443349595001,15
3,2014,206.951167746626,209.299885776302,2.03740556490036,2.03070331491242,15
4,2014,208.615081893988,210.853447131658,2.0275610214469,2.02214336469901,15
1,2015,212.826532870713,215.567173457908,2.04564443274743,2.04139685517755,15
2,2015,215.25068437686,217.652955920634,2.06429892583439,2.05946701702785,15
3,2015,216.704404909098,219.125769233138,2.05816797014748,2.05200277020088,15
4,2015,217.341137438747,219.643570789683,2.02662997658903,2.02160848557145,15
1,2016,218.977056065343,221.447907269999,2.00703526917272,2.0018596513545,15
2,2016,221.159711650656,223.538800115978,2.00982535560658,2.00534220732309,15
3,2016,221.985845042093,224.380833752312,1.9921529175884,1.98653811345766,15
4,2016,224.999320955669,227.282968316518,2.01064221918447,2.00577549285635,15
1,2017,226.775340581956,229.232444976094,1.99455536515475,1.98955405902134,15
2,2017,228.77161190816,231.136975905425,1.99357367048063,1.98928094440145,15
3,2017,229.691967752916,232.074294786651,1.97879805197579,1.97337311225649,15
4,2017,231.511884290411,233.781305255167,1.97349230351031,1.96897858087077,15
1,2018,232.924652150554,235.364049233599,1.95213588663389,1.94747404250887,15
2,2018,234.409054621064,236.758010479146,1.94232767219597,1.93836479364794,15
3,2018,235.686947458213,238.043374149651,1.9355049928979,1.93031127821633,15
4,2018,238.448071967604,240.698301922146,1.94777678768516,1.94340864809838,15
1,2019,240.375845670106,242.799355158676,1.93619551502238,1.93174078580227,15
2,2019,241.892825937093,244.2250799214,1.92787581748174,1.9240913893689,15
3,2019,244.078314793235,246.427048542319,1.93733033103095,1.9322573401881,15
4,2019,250.089149269058,252.34817781534,2.00690241914628,2.00242971802886,15
1,2020,256.437927408644,258.888085467748,2.07369289058123,2.06890569207406,15
1,2023,490.127619293545,493.741960118469,10.7888292288607,10.7542288193684,15
3,2023,493.7480702601,497.274144401771,10.5498046013727,10.5194042343476,15
1,2024,499.532508986423,503.106407899306,10.3189832834478,10.2865312327767,15
2,2024,503.084698930439,506.443227229235,10.3103072090675,10.279087528588,15
3,2024,500.985957739491,504.461646995465,9.94132583907127,9.91367985759562,15
4,2024,503.347196030212,506.612585751352,9.85028841857206,9.82463579384935,15
1,2001,90.5207831702991,92.3946311110794,1.98825201455087,1.96396314863305,16
1,2002,101.057827410332,102.989161281941,2.08376576093021,2.06077449536993,16
2,2002,103.799014640944,105.722317006415,2.12770254138002,2.1095434165442,16
4,2002,105.414317387229,106.944273652155,2.06762817163905,2.04532518496603,16
1,2003,108.259213292935,110.172168922411,2.02184448371454,2.00227110807937,16
2,2003,108.78339404912,110.554148226541,1.97144594029046,1.95221495057199,16
3,2003,110.643053817848,112.296286955058,1.98891243262749,1.96898828906161,16
4,2003,112.27043235151,113.783337302749,1.99349243306687,1.97481847133471,16
1,2004,117.407506434588,119.301436739264,2.05304730896323,2.03355121625107,16
2,2004,118.816645680543,120.606353053555,2.03825711047337,2.01982816974116,16
3,2004,120.529685308422,122.282051487154,2.04541536382496,2.02957856935188,16
4,2004,121.067394395415,122.56492621673,2.01070184024833,1.99211870805311,16
1,2005,125.716668458785,127.621477771195,2.0427106240783,2.02500733128518,16
2,2005,125.743663688525,127.528208710328,1.97837111750384,1.96272594925093,16
3,2005,121.731493234359,123.44212284008,1.79280368275599,1.78194463912393,16
4,2005,124.725043295558,126.341914724318,1.84844259817141,1.83907043717872,16
1,2006,125.647573994979,127.844648710511,1.73899686777173,1.73086931590472,16
2,2006,126.706991564604,128.42311037117,1.74379127447003,1.73265569552302,16
3,2006,126.935838690249,128.453557119031,1.71391397279056,1.70036769736115,16
4,2006,127.258680012981,128.581230507967,1.68741966849683,1.6737885941253,16
1,2007,130.951559118467,132.654604878122,1.69153335460159,1.67848620987679,16
2,2007,132.601162225647,134.294484008619,1.69242732715013,1.68276990309281,16
3,2007,133.339342068785,134.823879579546,1.67814918055069,1.66545579008756,16
4,2007,134.482155772302,135.977515411449,1.677941237329,1.66913658952484,16
1,2008,138.338806439117,140.181623361405,1.68220684226212,1.67309473782601,16
2,2008,139.970383898441,141.580373757887,1.68339580611099,1.67182590489579,16
3,2008,144.637734507057,146.309952466993,1.75776921598005,1.74965055474684,16
4,2008,143.686373725006,145.126894613858,1.70886990275164,1.698638439306,16
1,2009,146.819024130955,149.475067832028,1.69825215382172,1.71008599679751,16
2,2009,152.577758597367,155.437120577621,1.78920579320803,1.808167348165,16
3,2009,164.540530065219,166.267220347015,2.01088576682639,1.99777441893316,16
4,2009,168.339811913127,170.028469202416,2.1225463700279,2.11059762871109,16
1,2010,170.978121994214,172.914733440227,2.1048292865889,2.09120515149272,16
2,2010,173.469288773758,175.342107179339,2.12158728566241,2.10866375988217,16
3,2010,174.05865675511,175.822768322313,2.09450532410669,2.08241616415765,16
4,2010,175.64765019733,177.332933115272,2.0969364480763,2.08556928507869,16
1,2011,178.647494507773,180.577336857751,2.07672430839732,2.0640485674257,16
2,2011,179.711797719182,181.568804071257,2.05755663492845,2.04614277974198,16
3,2011,181.731144636029,183.480415209587,2.07034048040942,2.05894442198208,16
4,2011,185.666583586451,187.930273208618,2.09103257797972,2.08396571594956,16
1,2012,187.896217503686,190.353089178923,2.07871096504971,2.07223219276023,16
2,2012,190.309673904013,192.679345476069,2.08570923312807,2.08154291637587,16
3,2012,192.248995907502,194.638943251552,2.09475625423697,2.08717405661676,16
4,2012,193.154654166124,195.426891873846,2.06413374529069,2.05810348591275,16
1,2013,195.171211568094,197.603460176171,2.04777834643078,2.04188649989898,16
2,2013,197.389432467743,199.782218588912,2.04824080693964,2.04601147913347,16
3,2013,200.322627662112,202.732492644093,2.08011627887932,2.07387777595958,16
4,2013,202.70761783824,204.933112320384,2.08812298516208,2.0813972499388,16
1,2014,203.804578437925,206.207985242348,2.04979508834226,2.04400755274739,16
2,2014,205.402220358789,207.701932720561,2.03993295811362,2.03464274200133,16
3,2014,206.945011681939,209.29406567777,2.03740118903949,2.03069878075578,16
4,2014,208.633108514082,210.860618227696,2.02761128919832,2.0220777562895,16
1,2015,212.818968087037,215.565367309155,2.04559998079983,2.04136036678417,16
2,2015,215.251555666971,217.655156242217,2.06430701269105,2.05950369163712,16
3,2015,216.704139076114,219.124713859643,2.05816552786863,2.05198250593577,16
4,2015,217.340465842028,219.642714179217,2.02662970611585,2.02160994192949,16
1,2016,218.984369261959,221.454226633251,2.00709708862422,2.00187992066564,16
2,2016,221.16336240551,223.542011411214,2.00985655976248,2.0053460504775,16
3,2016,222.001729052375,224.415125524024,1.99216737821442,1.98684152708933,16
4,2016,225.000328386872,227.282448835394,2.01064349805137,2.00576435725865,16
1,2017,226.77988027466,229.238038028165,1.99459688451275,1.98957256860307,16
2,2017,228.767528544703,231.136787128754,1.99353742921243,1.98929938502794,16
3,2017,229.683254805717,232.071626343954,1.97878311693332,1.97338178315238,16
4,2017,231.50664198269,233.779400096128,1.97348441202136,1.96900488435607,16
1,2018,232.917412160654,235.356986273013,1.95206973774176,1.94738596531135,16
2,2018,234.406734037506,236.755171908441,1.94230875192439,1.93832619969092,16
3,2018,235.687274281582,238.043247301022,1.93550380931189,1.93031302981191,16
4,2018,238.449012971544,240.699085904209,1.94777941387681,1.94341154363382,16
1,2019,240.353346098611,242.777955830535,1.93599309900145,1.93156001525479,16
2,2019,241.875998489151,244.207103351481,1.9277385145551,1.92388600656126,16
3,2019,244.078827136282,246.430234335531,1.93733518714354,1.93230720842998,16
4,2019,250.090897557092,252.344077809106,2.00690446046487,2.00238425126305,16
1,2020,256.435020225744,258.885736832829,2.07366530532241,2.0688497919813,16
2,2020,267.192423007365,277.412168662428,2.12067142039739,2.11728344414231,16
3,2020,280.376891812672,292.099584578686,2.44117497041367,2.5632775118253,16
4,2020,384.244044868501,388.566656667879,4.19376090566044,4.59721561428148,16
1,2021,465.7649279868,469.8416169448,10.8476620779162,10.9188534835804,16
2,2021,468.520277309808,471.945485449502,11.2209514058142,11.181938521568,16
3,2021,473.97695935534,477.598897034197,11.2597769770144,11.2363643294187,16
4,2021,475.628703649531,479.021723763113,11.2965717419197,11.2623465938531,16
1,2022,479.16767419034,482.806435134061,11.1619914302065,11.1249673266441,16
2,2022,482.936340200561,486.360420205705,11.1680438561063,11.1317585309219,16
3,2022,487.245434131,490.82320101356,11.2873961016032,11.2535464127372,16
4,2022,488.566784965869,491.931959707369,11.0910244488923,11.0588885115061,16
1,2023,490.127619293545,493.74262569894,10.7888292288607,10.7542807282428,16
2,2023,493.491268100114,496.882396888713,10.7586200894238,10.7249072371408,16
4,2023,495.99867509355,499.309137400069,10.437079835139,10.4087814760131,16
1,2024,499.515085297822,503.090456049766,10.3181067830062,10.2856431040261,16
2,2024,503.081094611003,506.440104632386,10.3100155587545,10.2788791756138,16
3,2024,500.973670145862,504.450145362659,9.94121124668988,9.91356157413391,16
4,2024,503.346272529334,506.612452641217,9.85026246206363,9.8246250416547,16
1,2001,90.594763640621,92.4813578737986,1.98846210613466,1.96416715168659,17
2,2001,91.7667124811317,93.516609770288,1.96339065160302,1.94019375792072,17
4,2001,97.6926136487904,99.2393624638734,2.11642849262832,2.09116902916374,17
1,2002,101.175405424228,103.086702280271,2.08890301895784,2.06523190929377,17
2,2002,104.044714238872,105.954012593409,2.13579637056334,2.11754567885319,17
3,2002,105.400202920647,107.82299961336,2.12364734430809,2.13587946309389,17
4,2002,105.875630344371,107.496696408581,2.06780168821527,2.05044695463685,17
1,2003,108.47498507449,110.356506325547,2.02553354286564,2.00452202245793,17
2,2003,108.757713388374,110.558042678433,1.97008062275978,1.9524666165438,17
3,2003,110.704081249574,112.357504966216,1.9907661246859,1.9707361522071,17
4,2003,112.315516794103,113.859132967899,1.99351150879223,1.97624555867498,17
1,2004,117.424142803711,119.346131390329,2.05308927298524,2.03437944488293,17
2,2004,118.885768592698,120.682842769966,2.0410649669932,2.0230161355697,17
3,2004,120.337307708037,122.016068907847,2.03887405938767,2.01996860569136,17
4,2004,120.951562841641,122.471243623728,2.01065598976905,1.99289142560025,17
1,2005,125.750007292433,127.637802043614,2.04448755002396,2.0264047052344,17
2,2005,125.929457979529,127.719826091035,1.98470924012679,1.9692094924907,17
3,2005,121.673018032113,123.222506384058,1.79030542135775,1.77500234073144,17
1,2001,90.51033180348,92.3726815898756,1.98819966841851,1.96354704567639,19
2,2001,91.8010848542278,93.6177034937821,1.96501907905401,1.94516547611483,19
3,2001,94.5702391685135,96.2603189886674,2.02830371825397,2.00499349104561,19
4,2001,97.7815488387748,99.5876322055339,2.10240559781983,2.0921024210523,19
2,2002,103.632792863937,105.478299352436,2.12062381774086,2.09828444217998,19
3,2002,105.293267210356,107.167541385617,2.10479640695634,2.09126322607124,19
4,2002,105.549122124564,107.080539767159,2.07075807109617,2.04852299048013,19
1,2003,108.260588621632,110.196447514136,2.02198631916565,2.00322837605832,19
3,2003,110.660644853777,112.411909210891,1.98769492051054,1.97131066614403,19
4,2003,112.27043235151,113.797662312942,1.99349243306687,1.97546216961944,19
3,2004,120.337307708037,122.016068907847,2.03887405938767,2.01996860569136,19
4,2004,120.942989090934,122.444499084853,2.01001905292471,1.99159744661874,19
1,2005,125.77935499652,127.673885453972,2.04455471239401,2.02693805850716,19
2,2005,125.825272804731,127.591601274009,1.98187161936886,1.96525357395189,19
3,2005,121.678612450842,123.244369392921,1.79045177243179,1.7753637604905,19
4,2005,124.581784319327,126.056707222132,1.84335955476645,1.82958575774205,19
1,2006,125.624574498326,127.819276119838,1.73859890524445,1.73033000744844,19
4,2006,127.483143960221,129.505301940461,1.67594020853018,1.68336976086473,19
1,2007,130.948358694203,132.662950511975,1.69152888102672,1.67877115252692,19
2,2007,132.627798066205,134.40251910254,1.69427216699814,1.68616256876854,19
3,2007,133.336477050637,134.838172480936,1.67831115375468,1.66598614816887,19
4,2007,134.194564276765,135.541314872546,1.67103390064667,1.65921934955964,19
3,2008,144.716002625956,146.687316030316,1.76240645151261,1.76209114739683,19
4,2008,143.419258533906,144.878224567528,1.70639878699854,1.69700631362896,19
2,2009,152.547493388043,156.185711834839,1.78802785310509,1.82655699358704,19
3,2009,162.792020447986,164.586687242071,1.96852566070456,1.96037442305096,19
1,2001,90.516621428175,92.3834531912698,1.98823908450358,1.96394721486735,20
1,2002,101.226561368151,103.180130687655,2.08545047375863,2.06250108374525,20
4,2002,105.424748694075,106.949113353588,2.06780894041081,2.04527095402091,20
1,2003,108.269928888249,110.299860768372,2.02192184595191,2.00656974985813,20
2,2003,108.743509712581,110.66390605273,1.96965026946806,1.9558143175621,20
3,2003,111.164221940135,112.986746531907,1.98935657121003,1.97439673869841,20
4,2003,112.192766617512,113.721953238874,1.99345957806557,1.97544028008745,20
1,2004,117.420070548914,119.31366393355,2.05349445972817,2.0339670529669,20
2,2004,118.874314875575,120.690430773098,2.03891289996949,2.02080111348224,20
3,2004,120.374610932441,122.052725084897,2.03859532415006,2.01960910731782,20
4,2004,120.961959111164,122.473453520916,2.01066019011792,1.99250075478027,20
1,2005,125.734723915418,127.622189264866,2.04397453767759,2.02590892632837,20
2,2005,125.80403810991,127.568166542453,1.98077691097403,1.96412369007669,20
3,2005,121.713259678653,123.365240720214,1.79279394339615,1.78024723405187,20
4,2005,124.601523673316,126.013066972706,1.84468362097107,1.82875583103963,20
1,2006,125.609791507915,127.802340420245,1.73838279382466,1.72996139101578,20
2,2006,126.719541781938,128.375276160793,1.74477042603901,1.73145463564167,20
3,2006,126.893667305894,128.467901687882,1.71356173399135,1.70170339724867,20
4,2006,127.343595664899,129.61218056565,1.67701383614461,1.69116369224042,20
1,2007,130.947670769985,132.652932481944,1.69139364612965,1.67835052451033,20
2,2007,132.322366173155,133.967108437737,1.68608550535962,1.67475898798017,20
3,2007,133.341494376082,134.875841928085,1.67898421582959,1.66745687908929,20
4,2007,134.293544368244,135.63788518713,1.67344642084977,1.66146385532664,20
1,2008,138.223223643991,139.962870505932,1.67879937877557,1.66801411781216,20
3,2008,144.713903523358,146.355762916696,1.75782166526823,1.74892102297178,20
4,2008,143.766146329498,145.217779454117,1.70868228947208,1.69854181078455,20
1,2009,146.696966026371,149.262261594787,1.69607322186269,1.70522659881833,20
2,2009,152.733251708794,155.246516949744,1.79511633757267,1.804468469231,20
3,2009,162.631953353528,164.63275539351,1.95893106550558,1.95700127377131,20
4,2009,168.553046978723,170.259564038511,2.11678628042688,2.10657633389547,20
1,2010,170.974684049597,172.9356563279,2.10519355063626,2.09224814256898,20
3,2010,174.109975433625,175.876342165065,2.09576218045295,2.08367283557617,20
4,2010,175.433087407243,177.109023609148,2.09218724123418,2.08143350884371,20
1,2011,178.65244721641,180.579517421088,2.07689156713999,2.06415973031513,20
2,2011,179.687985498159,181.531381714522,2.0575642412156,2.04570890658336,20
3,2011,181.719272638231,183.469593460372,2.0703239298178,2.05885663612274,20
4,2011,185.654295573668,187.91032062139,2.09099377908754,2.08393748532022,20
1,2012,187.889334554762,190.332358309962,2.07878333178805,2.07203897224472,20
2,2012,190.174435991944,192.560218694347,2.08396082522716,2.07953511951058,20
3,2012,192.250856145173,194.633114464701,2.09476539800764,2.08702233990714,20
4,2012,193.19653838714,195.459090289794,2.06422556688996,2.05823646843559,20
1,2013,195.162299152898,197.614988998073,2.04767095577334,2.04185438521024,20
2,2013,197.298725060094,199.68094967639,2.04712639061872,2.04431364390699,20
4,2013,202.705196744944,204.929288506918,2.08810172488803,2.08138982272795,20
1,2014,203.793484564752,206.188270418648,2.04965686658078,2.04360500163261,20
2,2014,205.388392096061,207.685271020241,2.03980978431968,2.03440802337847,20
3,2014,206.93126988107,209.268758758615,2.03738982538924,2.03046908027387,20
4,2014,208.59072612252,210.808561740312,2.02751032398282,2.02166232217694,20
1,2015,212.822647992513,215.564346387978,2.04562260958246,2.04137308560393,20
2,2015,215.250548610309,217.653378198482,2.06430170452335,2.05948180270317,20
3,2015,216.704404909098,219.125769233138,2.05816797014748,2.05200277020088,20
4,2015,217.34214922175,219.645462248581,2.0266329220397,2.02164017114848,20
1,2016,218.984369261959,221.456464972736,2.00709708862422,2.00196453887966,20
2,2016,221.168209690972,223.54779445444,2.00989717132256,2.00544086523344,20
3,2016,222.001729052375,224.410235544055,1.99216737821442,1.9867717214558,20
4,2016,224.999168399333,227.286126088129,2.01064247991938,2.00582001403828,20
1,2017,226.77988027466,229.236763829216,1.99459688451275,1.98959482939562,20
2,2017,228.767528544703,231.13292957903,1.99353742921243,1.98924162184767,20
3,2017,229.683438745544,232.065162358766,1.97878426834872,1.97332180391346,20
1,2018,232.917144266038,235.359326049781,1.95207529119308,1.94743114855267,20
2,2018,234.405691230596,236.755561626687,1.94229878393072,1.93831727598382,20
3,2018,235.692793622701,238.04893695901,1.93550449313993,1.93031280499066,20
4,2018,238.444707146024,240.694129332732,1.94777192303669,1.9433870383813,20
1,2019,240.345068533049,242.770928919631,1.93592578368286,1.93151282248604,20
2,2019,241.877557565656,244.213411082912,1.9277536402985,1.92396892858276,20
3,2019,244.078855463295,246.42870159528,1.93733651886903,1.93228716387055,20
4,2019,250.095688636301,252.348831060603,2.00691439222199,2.00239666195478,20
1,2020,256.437824766582,258.888100117568,2.07366890347706,2.06887206725672,20
2,2020,259.980943407138,264.013121277398,2.07829307480123,2.07437839829537,20
3,2020,280.137326793634,289.039012755964,2.44209028541168,2.53976201309508,20
4,2020,384.608300852379,388.718005520674,4.21159213943025,4.58705293772004,20
1,2021,464.864480031856,469.022267701417,10.8119026666577,10.8903858252075,20
2,2021,468.519725639229,471.958018323713,11.2220474332066,11.181573235374,20
3,2021,473.21182429027,476.839885918639,11.2514289439916,11.2278771394122,20
4,2021,475.723045141402,479.08239066937,11.2887782525224,11.2551273447153,20
1,2022,479.158244805889,482.796589186916,11.1617408044753,11.1242285487482,20
2,2022,482.933915947744,486.358018673395,11.168086713408,11.1318401502182,20
3,2022,487.188872656313,490.767491033074,11.2869293790614,11.2532047548978,20
1,2023,490.131153573631,493.745738519538,10.7890047547284,10.7544773046718,20
2,2023,493.490638570403,496.881342489735,10.758577112092,10.7248100022396,20
3,2023,493.724073020752,497.249712463458,10.5493471366061,10.5189350812505,20
4,2023,495.999021626115,499.308273367784,10.4371287149997,10.4087826411371,20
1,2024,499.516024423623,503.090204967279,10.3181645736524,10.2856460276658,20
2,2024,503.082971644429,506.441087258887,10.3101738120489,10.2789464934938,20
3,2024,500.991264574597,504.466951067743,9.94136827493375,9.91372156194519,20
4,2024,503.350070028296,506.615439752013,9.85044118604341,9.82475592533333,20
1,2001,90.5263512175698,92.38979364937,1.98861156516308,1.96413042292549,22
2,2001,91.8412886370487,93.628952761712,1.96721298823723,1.94560265506595,22
3,2001,94.8302581814572,96.591559756747,2.03406189978095,2.01483418734043,22
4,2001,97.4236293280659,99.0406959215383,2.1022176271162,2.08105341771062,22
1,2002,101.011238928155,102.980156039583,2.08241255507898,2.06180444815799,22
2,2002,103.409955347334,105.238601525034,2.10898049533293,2.08611616221574,22
3,2002,104.553158528601,106.268437189267,2.08444546207728,2.06278196044659,22
4,2002,105.413467404534,106.949527784187,2.06762780003228,2.04564049930137,22
1,2003,108.261204166379,110.192212157135,2.02190374874331,2.00312438698241,22
2,2003,108.732361164807,110.53327775506,1.96940315748549,1.95147545176369,22
4,2003,112.431919140592,114.129508654089,1.98982310904136,1.97954673028861,22
1,2004,117.406788718248,119.298131382311,2.05304550034869,2.03348842235128,22
2,2004,118.824723236826,120.611833470845,2.03869479084686,2.0202285159147,22
3,2004,120.326208380119,121.99597921505,2.03886381971605,2.01968710269232,22
4,2004,120.955036708271,122.456209912257,2.0100237802124,1.99160057965866,22
1,2005,125.734723915418,127.622189264866,2.04397453767759,2.02590892632837,22
2,2005,125.859929362294,127.632524829538,1.98315731254924,1.96674438685706,22
4,2005,124.590942231118,126.003660801874,1.84468096327761,1.82878595870588,22
1,2006,125.61744768095,127.812877949029,1.7385190742176,1.73027640675904,22
2,2006,126.816138887026,128.567558969423,1.74736106132911,1.7371699929198,22
3,2006,126.927345396748,128.635553693355,1.7142104884901,1.70585668470009,22
4,2006,127.172934097355,129.060570114288,1.67586822722107,1.67906923934281,22
1,2007,130.951559118467,132.654604878122,1.69153335460159,1.67848620987679,22
2,2007,132.366704023852,133.993710097865,1.68738543126532,1.67544572778573,22
3,2007,133.420986416771,134.905403161843,1.6785267541864,1.66580595806138,22
4,2007,134.314562689219,135.703703841507,1.67336678929452,1.66242008202055,22
1,2008,138.238321830683,139.97663605957,1.67953183020339,1.66862279633345,22
2,2008,139.970383898441,141.575817572653,1.68339580611099,1.67175239970478,22
4,2008,143.493538856189,144.934343852438,1.70609494289421,1.69612506194696,22
1,2009,146.726845277736,149.268821657802,1.69671909185205,1.70536534992244,22
2,2009,152.875959584924,155.811427803262,1.7954822630478,1.81719023277643,22
3,2009,165.363215554507,167.083306913106,2.02256466365004,2.00945116994481,22
4,2009,168.491476595541,170.199245820009,2.1167347536651,2.10656143004773,22
1,2010,170.960549748682,172.900693388062,2.10481256728498,2.09128575802053,22
2,2010,173.42090697134,175.281688524492,2.12042210737085,2.10716061805153,22
3,2010,174.00604643516,175.750646888288,2.09355835389525,2.08104801899392,22
4,2010,175.682082100315,177.364608828702,2.09720337071814,2.08703383121818,22
1,2011,178.637441435043,180.565112960389,2.07652385366255,2.06382082361732,22
2,2011,179.66858409807,181.515877034678,2.05705236250557,2.04531130808082,22
4,2011,185.658386050735,187.9160948496,2.0910072796069,2.08393101420454,22
1,2012,187.910200272551,190.359957621366,2.07907122843034,2.0721917347968,22
2,2012,190.179842371814,192.547331813456,2.08402656983702,2.07926647262181,22
3,2012,192.248995907502,194.629089555986,2.09475625423697,2.08702988260539,22
4,2012,193.15206175228,195.400891322238,2.06412163182904,2.05768100866745,22
1,2013,195.163886825936,197.597044260132,2.04768860157349,2.04167657217205,22
2,2013,197.288278275946,199.674521902841,2.04699800450644,2.04423341088639,22
3,2013,200.403467696917,202.811652461654,2.08025303502251,2.0741805490398,22
4,2013,202.699746052854,204.925590793752,2.08810127296295,2.08140153223899,22
1,2014,203.774899071726,206.169374503111,2.04942598457243,2.04333238811291,22
2,2014,205.38530719187,207.6830662206,2.03977407241508,2.03438576908769,22
3,2014,206.925795670653,209.264981423682,2.03737570488488,2.03045220437827,22
1,2015,212.82152224949,215.56203773869,2.04561488270644,2.04134219563426,22
3,2015,216.70665898494,219.126934628172,2.05816912114713,2.05198710932666,22
4,2015,217.341412257252,219.64260478768,2.02663111172539,2.02159467182549,22
1,2016,218.982002564592,221.45309012795,2.00708164087715,2.00192040167941,22
3,2016,221.995132037444,224.395029719926,1.99216936163474,1.98665367318963,22
4,2016,224.998934293292,227.284007983657,2.01064187759869,2.00579344809469,22
1,2017,226.777071767876,229.233902233891,1.99457121316425,1.9895650693772,22
2,2017,228.765972333357,231.131851594161,1.99352429452877,1.98923221673297,22
3,2017,229.682632128821,232.065200573188,1.97878312265282,1.97331592306131,22
4,2017,231.50664198269,233.779400096128,1.97348441202136,1.96900488435607,22
1,2018,232.916356058631,235.355075484286,1.9520667090488,1.94737054437854,22
2,2018,234.406734037506,236.753684784823,1.94230875192439,1.93830729060249,22
3,2018,235.688948622637,238.046064106408,1.93550477183955,1.93033487876445,22
4,2018,238.448071967604,240.698301922146,1.94777678768516,1.94340864809838,22
1,2019,240.362775937317,242.789449639091,1.93606995981358,1.93170130568379,22
2,2019,241.882492764426,244.218061195192,1.92779222599765,1.9240323406611,22
3,2019,244.078855463295,246.430156939476,1.93733651886903,1.93230864303908,22
4,2019,250.089149269058,252.345663511819,2.00690241914628,2.00240873703168,22
1,2020,256.436490500307,258.885650404491,2.07367606119232,2.06886417843623,22
4,2020,385.440884519738,389.362746017293,4.24858225909218,4.60291310058883,22
1,2021,464.520732749393,468.411016572172,10.7666637690006,10.804519021406,22
2,2021,468.3201217889,471.753755663155,11.2186818318227,11.1793445014136,22
3,2021,472.884969242938,476.523238035334,11.2480318458848,11.2252316447729,22
4,2021,475.784264468248,479.144382335525,11.2897516717294,11.2560138076342,22
1,2022,479.178205158757,482.817000025655,11.1627228339621,11.125692997138,22
2,2022,482.934095888969,486.358006078152,11.1679521054914,11.1317243356185,22
1,2001,90.5150273528032,92.3816116914482,1.98821426658811,1.96367839703593,23
2,2001,91.7871351284762,93.5415090966243,1.96425944758102,1.94133226859457,23
3,2001,94.6488491332397,96.5165990116419,2.03136959017572,2.01703699994047,23
1,2003,108.258658394272,110.237207084404,2.02189846779581,2.00499376336371,23
2,2003,108.74604501321,110.615530536425,1.96965976122647,1.95489970331166,23
3,2003,111.167316962935,112.972358523619,1.98812590375129,1.97253319911426,23
4,2003,112.364768950998,114.007841633789,1.99353232403311,1.98060837145003,23
1,2004,117.4249898156,119.316656098848,2.05382570228277,2.03425727289302,23
2,2004,118.945406764517,120.743413138309,2.0423263443753,2.0244934402169,23
3,2004,120.333753068953,122.01121816767,2.03875659010199,2.01996838150267,23
4,2004,121.116470664843,122.778921489049,2.01182944472233,1.99985458461934,23
1,2005,125.72150023032,127.613092737062,2.04353517842478,2.02571255309267,23
2,2005,125.825272804731,127.602286813571,1.98187161936886,1.96567465209804,23
3,2005,121.681529222606,123.266941641202,1.79277698863227,1.77837174024843,23
1,2006,125.64093874628,127.834105918607,1.73883324557701,1.73048973865147,23
2,2006,126.695242809267,128.412504250907,1.74471453979695,1.73315001352741,23
3,2006,126.893667305894,128.467901687882,1.71356173399135,1.70170339724867,23
4,2006,127.243271803453,129.127284973529,1.67588455352303,1.67908270563482,23
1,2007,130.971486987225,132.686159300728,1.69201764052072,1.67931494374781,23
2,2007,132.486990310817,134.124903277538,1.69050429914694,1.67863276710293,23
3,2007,133.362970820858,134.874752424654,1.67815984553962,1.66602502763427,23
4,2007,134.314562689219,135.703703841507,1.67336678929452,1.66242008202055,23
1,2008,138.317363262497,140.057136445579,1.68042679000225,1.66972468164632,23
2,2008,139.972436641275,141.585919688994,1.68360280184276,1.67218768558845,23
3,2008,144.567268424996,146.242612097936,1.75772031013303,1.74960923001255,23
4,2008,143.354120475723,144.849476141229,1.70480443673574,1.6959698438576,23
1,2009,147.079700652062,150.570521648394,1.70323374768455,1.73606902280223,23
2,2009,152.431874376135,156.458836394973,1.78399835691526,1.83239069258168,23
3,2009,164.729209065029,166.510940556715,2.00031543503658,1.99098740844079,23
4,2009,168.919381302717,170.604797597784,2.12348925118275,2.11188024646147,23
1,2010,170.960540824433,172.897082940265,2.10481888315792,2.09119951292278,23
3,2010,174.102494255019,175.906587281126,2.09575656494025,2.08452690742728,23
4,2010,175.669144082672,177.346962950703,2.09711423288627,2.08632760517415,23
1,2011,178.638013669737,180.566627435399,2.07654112190873,2.06386168305795,23
2,2011,179.648852190218,181.486783445475,2.05665011203344,2.04467310489386,23
3,2011,181.882533505361,183.687110781992,2.07417972077821,2.06345133375261,23
4,2011,185.702037092239,187.956289143265,2.09110923010125,2.08418896271368,23
1,2012,187.956220560716,190.414015626878,2.0796241150054,2.07258010745856,23
2,2012,190.150126539509,192.536641635683,2.08364246240162,2.07902400544071,23
3,2012,192.250856145173,194.624956551181,2.09476539800764,2.08691538081168,23
4,2012,193.158563158555,195.400459177814,2.06414244143708,2.05763731853799,23
1,2013,195.166367620743,197.626265047815,2.04771971891785,2.04215517689132,23
2,2013,197.297158139031,199.690496171416,2.04686581934009,2.04415022507098,23
3,2013,200.340637291823,202.731258963305,2.08016308790362,2.07362802326233,23
4,2013,202.701292387229,204.931334891439,2.08811091870526,2.08152763449307,23
1,2014,203.767407901517,206.159000771255,2.04933330100608,2.04313280917911,23
2,2014,205.384776598856,207.681231352359,2.03975329552666,2.03432821246891,23
3,2014,206.925795670653,209.25898677545,2.03737570488488,2.03035235716406,23
4,2014,208.582916282446,210.793491088521,2.02749342013376,2.02149502881794,23
1,2015,212.819390211621,215.555921786068,2.04560309012627,2.04126956554801,23
2,2015,215.249912003638,217.651665700961,2.06429756733979,2.05945809657956,23
3,2015,216.702285871239,219.122692310839,2.05816579703876,2.05198317050895,23
4,2015,217.34316100239,219.643439998032,2.02663390657844,2.02159963942552,23
1,2016,218.968507517948,221.439678609224,2.00695535222043,2.00176126105308,23
2,2016,221.155617193483,223.535471858024,2.00978855485114,2.00529927192628,23
3,2016,221.998278379485,224.394768480174,1.99217279514882,1.98660510212004,23
4,2016,224.999417465326,227.284388487354,2.01064196306529,2.00579436824009,23
1,2017,226.776017323353,229.2330602906,1.99455899600763,1.98954706858683,23
2,2017,228.765972333357,231.132989075153,1.99352429452877,1.98924599091544,23
3,2017,229.686149630985,232.069445916363,1.97878888178504,1.97336122349668,23
4,2017,231.50989959039,233.789578687477,1.97348971909255,1.96910405634356,23
1,2018,232.915826435853,235.354369858453,1.95206272785039,1.94735853327282,23
2,2018,234.408066728039,236.755912287128,1.94231765564847,1.93833294375602,23
3,2018,235.696181817114,238.052897016192,1.93550790767764,1.93031211205539,23
4,2018,238.444008829587,240.695023030341,1.94777080979439,1.94339894391596,23
1,2019,240.353346098611,242.779601629024,1.93599309900145,1.93160150132237,23
2,2019,241.875077956257,244.211227661879,1.92773442767292,1.92392345230754,23
3,2019,244.09019902516,246.441986989401,1.93735736171022,1.93235734347786,23
4,2019,250.100550984585,252.353699357152,2.00692459570098,2.00240318135506,23
1,2020,256.43409086028,258.88386547008,2.07365671783406,2.06884284877936,23
2,2020,259.430836674948,262.905842443372,2.07216986678491,2.07069367148313,23
3,2020,280.997576322568,289.80581658568,2.44318957676516,2.54512841078248,23
4,2020,390.792480446398,394.238668752055,4.38564378140536,4.67484394396746,23
1,2021,464.437695785298,468.336570574233,10.7526423363609,10.7926654243007,23
2,2021,468.463022686612,471.900481306208,11.2219006476784,11.181739941777,23
3,2021,472.809899260414,476.448936410672,11.2468864837096,11.2241954095325,23
4,2021,475.864348508093,479.232102703516,11.2928349182308,11.2588316338531,23
1,2022,479.149608865979,482.790787860084,11.1626227628758,11.1259622626363,23
2,2022,482.93309023218,486.358732649654,11.1679263342169,11.1318700100633,23
3,2022,487.205437427292,490.783098743521,11.2871500550972,11.2532606097282,23
4,2022,488.644280452427,492.020488912481,11.0959955203371,11.0633481745578,23
1,2023,490.137316516947,493.751178589586,10.7893201002534,10.7547834202481,23
2,2023,493.489775575687,496.885863119938,10.7584848453172,10.7251231129304,23
3,2023,493.715187784641,497.240743526836,10.5491839748303,10.5187405709043,23
4,2023,496.000397661776,499.310413279889,10.437219755889,10.4088689487439,23
1,2024,499.511852366631,503.086427759387,10.3179506853854,10.2854764349408,23
2,2024,503.079601060037,506.438218122489,10.3099110082358,10.278736067076,23
3,2024,500.96651841382,504.442193183982,9.94116544472472,9.9135328136767,23
4,2024,503.345922195031,506.611399147452,9.85025433181568,9.82460071804787,23
1,2001,90.5474936861051,92.425666595763,1.98833500921625,1.96400742796655,24
2,2001,91.8088325338393,93.6055254874995,1.96505986979647,1.94444648874893,24
3,2001,94.795904551878,96.8224517158263,2.0371785519371,2.03101884011806,24
4,2001,97.4389745942812,99.1618519494504,2.10339361528116,2.08728286842091,24
2,2002,103.561360836172,105.397433954691,2.11738976095914,2.09456628579599,24
3,2002,105.03691503812,106.823856155725,2.0949340394833,2.07707312900568,24
4,2002,105.414542526982,106.944420122279,2.06780502539908,2.04551750390004,24
1,2003,108.293972034261,110.370878497089,2.02210995561585,2.00821431578128,24
2,2003,108.784912901259,110.62193267552,1.97073133083862,1.95489044070014,24
3,2003,110.877937624199,112.556505147578,1.99091463918871,1.97148086194734,24
4,2003,112.418188818693,113.979690246037,1.99355489617939,1.9771719883007,24
1,2004,117.444184788581,119.336390433679,2.05426701207429,2.03467925449046,24
2,2004,118.884442281051,120.676339493084,2.04020967158471,2.0220692413839,24
3,2004,120.32283504235,122.000982951551,2.0387465109782,2.01996178664535,24
4,2004,121.219182420702,122.985308733045,2.01598202845193,2.00789086818698,24
1,2005,125.734723915418,127.634090609088,2.04397453767759,2.02648547814455,24
2,2005,125.825272804731,127.602286813571,1.98187161936886,1.96567465209804,24
3,2005,121.742461921939,123.424128218733,1.79478653077017,1.78331926261648,24
4,2005,124.625094071118,126.049153716856,1.84468877192984,1.82921078660769,24
1,2006,125.671201575108,127.868963593805,1.73944826794635,1.73139843734873,24
2,2006,126.655002585175,128.393272630135,1.74367187357363,1.73262652307488,24
3,2006,126.902151524257,128.54040887395,1.71344226908856,1.70318369763057,24
4,2006,127.324597929373,128.809954318422,1.6811259673265,1.67273403895244,24
1,2007,130.969009317827,132.687571283664,1.69208688055214,1.67942917114777,24
2,2007,132.566170566856,134.233783431294,1.69233898154282,1.6816440849533,24
3,2007,133.458059729151,134.948206690971,1.67855011464398,1.66590218329272,24
4,2007,134.198734922434,135.540672743376,1.67102533560926,1.65908422656059,24
2,2008,139.992984963833,141.596433788923,1.68338434070668,1.67175651447742,24
3,2008,145.01777726195,146.948131946734,1.76763503173629,1.76632939397596,24
4,2008,143.354120475723,144.897668732888,1.70480443673574,1.69696983447715,24
1,2009,146.881650560633,149.899037430018,1.6983490459224,1.71976765396066,24
2,2009,155.660526239314,159.159748945144,1.7880783913533,1.83856433837524,24
3,2009,164.683638281332,166.407738970285,2.00584536216386,1.99421682499255,24
1,2010,170.96919153594,172.925103029831,2.1048250389652,2.0916408531991,24
2,2010,173.458980034922,175.328799720647,2.12094898388411,2.10800287956747,24
3,2010,174.004124864823,175.777676432789,2.09355463012795,2.08168102785556,24
4,2010,175.899409715996,177.579835364684,2.10264991601121,2.09199403199267,24
1,2011,178.656766804732,180.607389558016,2.07695221745403,2.06485836785829,24
2,2011,179.63525137221,181.473385889735,2.05613942653512,2.04416312669692,24
3,2011,181.99939658483,183.805840356274,2.07657574440595,2.06581202113879,24
4,2011,185.702972836183,187.952617562788,2.09112518908862,2.08398017591943,24
1,2012,187.906851272769,190.353751436698,2.07901466310772,2.07215437472813,24
2,2012,190.174435991944,192.54474360935,2.08396082522716,2.07922413289182,24
3,2012,192.258909382943,194.627761148136,2.09477150486507,2.08684364715095,24
4,2012,193.169306910628,195.410314053309,2.06415446893864,2.05765160833826,24
1,2013,195.16245853721,197.613208722248,2.04767187578907,2.04177235755127,24
2,2013,197.257695233044,199.655981433759,2.04662254420345,2.04399808347701,24
3,2013,200.353297201895,202.76687465675,2.08017327480149,2.07410147399591,24
4,2013,202.700305944302,204.924649819094,2.08810532438193,2.08139038084242,24
1,2014,203.77653114953,206.173189731686,2.04944852161697,2.04341820470977,24
2,2014,205.383676284973,207.682788914357,2.03975275398829,2.03437307471175,24
3,2014,206.942818588033,209.281862956603,2.03741504478699,2.03055854953039,24
4,2014,208.608945927213,210.825466421318,2.02755299712106,2.02174609702016,24
1,2015,212.822735637099,215.561758914721,2.04562221821818,2.0413367662266,24
2,2015,215.253680546384,217.655655397052,2.06433308644108,2.05950666537871,24
3,2015,216.705622517038,219.125431348339,2.05816881993004,2.05197722081776,24
4,2015,217.34053661874,219.64199389524,2.02662976571306,2.02160085803925,24
1,2016,218.977230261586,221.447148080685,2.00703256654527,2.00182286035425,24
2,2016,221.159918803138,223.538653557068,2.00982750860744,2.00533344070743,24
3,2016,221.995035234968,224.405877328633,1.99216596770002,1.98680579675892,24
4,2016,224.99964718117,227.281803234066,2.01064269537425,2.00576644128478,24
1,2017,226.774760495801,229.231763113264,1.99455000362862,1.98954153249756,24
2,2017,228.783536453703,231.148844200412,1.99366751865146,1.9893743932153,24
3,2017,229.696602059107,232.084524766906,1.9788015971908,1.97346123362771,24
4,2017,231.50989959039,233.782155968575,1.97348971909255,1.96901229964727,24
1,2018,232.918003568521,235.364619163269,1.95208022763218,1.94749288424563,24
2,2018,234.407940062079,236.763051424085,1.94231660097277,1.93841851234741,24
3,2018,235.690072560902,238.045126632143,1.93550411346844,1.93030250341686,24
4,2018,238.444150039695,240.693427266857,1.94777095403812,1.94338252694077,24
1,2019,240.33508650382,242.759365555336,1.93585299279227,1.93139193359699,24
2,2019,241.875107773937,244.208305842865,1.92773315964541,1.92389228249138,24
3,2019,244.081105654545,246.436695831268,1.93733974048841,1.93237295481334,24
4,2019,250.093672813413,252.346842899611,2.00691084978125,2.00238943660536,24
1,2020,256.434879279495,258.885545961379,2.07365643252722,2.06885347170171,24
2,2020,261.385979974479,266.175976014525,2.08716182014544,2.08071033439991,24
3,2020,279.962359833133,291.262920701365,2.44352637810835,2.53620715710037,24
4,2020,383.119812417114,387.500684182761,4.18109952812199,4.58866361706396,24
1,2021,464.248391429289,468.072696528668,10.7336771086493,10.7606654128174,24
2,2021,468.501919170428,471.971051162217,11.2246652183101,11.1839332196749,24
3,2021,472.083493344826,475.708730035064,11.2386118457986,11.2129461833857,24
4,2021,475.787914921429,479.154172119056,11.2851543005125,11.2525872976708,24
1,2022,479.161224469407,482.800906218221,11.1622667478114,11.1254372156065,24
2,2022,482.933854726432,486.357867229658,11.1679717704495,11.1317551828166,24
3,2022,487.014047812339,490.598536530927,11.2844513091028,11.25101033503,24
4,2022,488.828690126791,492.260094653322,11.1051215362274,11.072077007539,24
1,2023,490.147796829543,493.772025710135,10.7900203785456,10.7564104278056,24
2,2023,493.490529681338,496.88144534512,10.7584995414784,10.7247824889427,24
3,2023,493.71489831242,497.240610206341,10.5491836674554,10.5187321466458,24
4,2023,495.999011654233,499.309721298891,10.4371351116814,10.4088233702914,24
1,2024,499.513182121963,503.090553184521,10.3179911506472,10.2856390219835,24
2,2024,503.081969245452,506.44044683955,10.3100849110161,10.2789039620989,24
3,2024,500.995141305811,504.470906203269,9.94145929356439,9.91383818412949,24
1,2001,90.5106270968454,92.3696752659215,1.98820059042317,1.96342004524446,26
2,2001,91.7825890218798,93.5612254409055,1.96423554674417,1.94241778302186,26
3,2001,94.8187599477857,96.8027204111198,2.03720412656831,2.02906901219102,26
4,2001,97.4330616378078,99.1247639435439,2.10222258268961,2.08488756500004,26
1,2002,101.014664681178,102.969905789176,2.08274563011447,2.0611820718764,26
2,2002,103.620978916031,105.451070899942,2.11226900305431,2.08944702983056,26
3,2002,105.216293113529,106.912945706469,2.09114305113637,2.06825761267495,26
4,2002,105.571917018572,107.097453283264,2.07023703152131,2.04766870649855,26
1,2003,108.30238971263,110.460025310863,2.02351052155417,2.01457002765729,26
2,2003,108.751021212201,110.72188005853,1.96957751128776,1.95922200956726,26
3,2003,110.620004232086,112.426456766666,1.98699819467174,1.97289671846886,26
4,2003,112.31424078112,114.016355905389,1.98977376135734,1.97951403691596,26
1,2004,117.412764562041,119.304194257093,2.0532312584918,2.03366118584772,26
2,2004,118.83791784839,120.625489527295,2.03930426010759,2.02084252672117,26
3,2004,120.339008656044,122.036793230277,2.0397006584541,2.02154709783449,26
4,2004,120.998720897817,122.54447418274,2.01178323882004,1.99503753234784,26
1,2005,125.72150023032,127.610519546968,2.04353517842478,2.02547931911056,26
2,2005,125.905529640733,127.684596388738,1.98462520836144,1.96848096056471,26
3,2005,121.638647873589,123.215717979025,1.79043048547848,1.77572727797711,26
4,2005,124.707426961715,126.160742919722,1.84843889805073,1.83371081480323,26
1,2006,125.620479072315,127.813915340525,1.73855787788296,1.73008988075453,26
2,2006,126.778985202896,128.505581934795,1.74727525279065,1.7358661499043,26
3,2006,126.917331898653,128.523538009488,1.71420531652078,1.70325148870152,26
4,2006,126.990780050843,128.636792694091,1.67582359685375,1.67196490133467,26
1,2007,130.943433798628,132.64513987775,1.6913877309537,1.67828799722515,26
2,2007,132.501784850589,134.182994654548,1.6905421547265,1.68029817357019,26
3,2007,133.362970820858,134.862532961538,1.67815984553962,1.66575615117063,26
4,2007,134.33068073775,135.711831672504,1.67293387919354,1.66162349508726,26
1,2008,138.529885208388,140.515676226497,1.68454460607626,1.68076106180156,26
2,2008,140.037191757322,141.656879935971,1.68520289965267,1.67385498868928,26
3,2008,145.899041050062,147.989206780958,1.77958189304683,1.78316411868551,26
4,2008,143.419258533906,144.910384121091,1.70639878699854,1.69782171377355,26
1,2009,147.426881718775,150.166868463549,1.7099170735135,1.7251009559792,26
2,2009,152.368981414074,155.756544050062,1.78314895379754,1.81474448834748,26
1,2010,171.084833094128,173.09049060117,2.10789800462524,2.09625901625856,26
4,2010,175.265863057387,176.949661355523,2.08850524130536,2.07842151218223,26
1,2011,178.66095976387,180.587121683219,2.07710716788113,2.06435402615512,26
2,2011,179.631486837281,181.475163054659,2.05613757123829,2.04428209398685,26
3,2011,182.25199509179,184.242682781351,2.08222257983729,2.07479234504843,26
4,2011,185.688197994174,187.938181982011,2.09108814021377,2.08393045955204,26
2,2012,190.205660116142,192.562401808321,2.08436683407429,2.07947995038331,26
3,2012,192.25534137816,194.639236994233,2.09475513368977,2.08710098978734,26
4,2012,193.197220312877,195.4819452107,2.0642413026795,2.05868412957962,26
1,2013,195.180875824121,197.597430649195,2.04790417659722,2.0417892161443,26
2,2013,197.339016499126,199.70909497211,2.0476129466786,2.04461981878469,26
3,2013,200.412676509316,202.817373652732,2.0803053811149,2.07423047142786,26
4,2013,202.700050934109,204.925097912476,2.08809946252595,2.08140634467914,26
1,2014,203.774899071726,206.169374503111,2.04942598457243,2.04333238811291,26
2,2014,205.383499416654,207.680908471156,2.03974582743659,2.03433045841658,26
3,2014,206.93126988107,209.265757587045,2.03738982538924,2.03041352352482,26
4,2014,208.575728067038,210.782612462964,2.02747579759497,2.02136195470557,26
2,2015,215.252015915908,217.656486064625,2.06431720553263,2.05947446456608,26
1,2016,218.973158024926,221.443167310937,2.00699876158758,2.00179197766369,26
2,2016,221.159711650656,223.538345558262,2.00982535560658,2.0053256858075,26
3,2016,221.998278379485,224.394768480174,1.99217279514882,1.98660510212004,26
1,2017,226.775340581956,229.232141211996,1.99455536515475,1.98954684158203,26
4,2017,231.499986023831,233.766009969211,1.97347217858644,1.96888783762208,26
1,2018,232.915775741944,235.355559570054,1.95206334052563,1.94736807122967,26
2,2018,234.405295229173,236.752354791882,1.94229714776902,1.93828361662725,26
3,2018,235.687274281582,238.043247301022,1.93550380931189,1.93031302981191,26
4,2018,238.446061525382,240.696534018075,1.94777391496565,1.94340498119042,26
1,2019,240.373357919944,242.800472752946,1.93615636134385,1.93181224213629,26
2,2019,241.89997662603,244.235034153132,1.92793111080957,1.92421572294526,26
3,2019,244.085524916955,246.434459558462,1.93733133971957,1.93226082497424,26
4,2019,250.099936491,252.365102948158,2.00692036321328,2.00257971397932,26
1,2020,256.454291611419,258.907901125744,2.07383970539644,2.06915439467177,26
2,2020,261.39159931925,266.025522558751,2.07607587830208,2.07848927007627,26
3,2020,281.045835023327,291.982123048011,2.44238549118434,2.57361069951864,26
4,2020,390.613848545725,394.168852204129,4.37673882203269,4.6896296068297,26
1,2021,464.407192215269,468.17070817634,10.7424927052876,10.7578170781775,26
2,2021,468.295939528694,471.768251894976,11.2225744407237,11.1840992982348,26
3,2021,473.278214534858,476.871794157777,11.2500896636966,11.22180661907,26
4,2021,475.62232068232,478.987080247809,11.2835401763882,11.2507552360773,26
1,2022,479.112775067381,482.75073693372,11.1592819105303,11.1219060994174,26
2,2022,482.935094145355,486.35950061189,11.1679362773744,11.1317794446846,26
3,2022,487.172906116142,490.752734213395,11.2867154021458,11.2531355471015,26
4,2022,488.630044636771,492.00497286585,11.0948460775015,11.0623239816982,26
1,2023,490.137316516947,493.757488288837,10.7893201002534,10.7553325520766,26
2,2023,493.489358019913,496.880258778508,10.7584729347401,10.72473038955,26
3,2023,493.713297417458,497.238912008718,10.5490759615644,10.518674534086,26
4,2023,495.998962739461,499.308737159234,10.4371178226205,10.4087833914634,26
1,2024,499.511625845809,503.086764080601,10.3179276808578,10.2855578519025,26
2,2024,503.079997318339,506.43992026261,10.3099464392833,10.2788652672072,26
3,2024,500.973670145862,504.449637250965,9.94121124668988,9.91355542960605,26
4,2024,503.345740558734,506.611107614929,9.85024988703273,9.8245856206252,26
1,2001,90.5141414733841,92.3725357584037,1.98821150972942,1.96339835279425,29
2,2001,91.771128908542,93.5214198595896,1.9636926916454,1.94049303555523,29
3,2001,94.7093268818032,96.7204876222041,2.03392717641192,2.02524519341223,29
4,2001,97.4836069331517,99.350811493273,2.10224800367369,2.09413072966984,29
1,2002,101.034916174215,103.013105127407,2.08370889727041,2.06311603983603,29
2,2002,103.695657190548,105.541485016547,2.12399344167037,2.1013903484131,29
3,2002,105.267140843117,106.98888451326,2.09513408759796,2.07383476623496,29
4,2002,105.423090252415,106.969392342567,2.0678082079833,2.0463025235828,29
2,2003,108.747627628498,110.683968201636,1.96946021630997,1.9576667443471,29
3,2003,110.660644853777,112.411909210891,1.98769492051054,1.97131066614403,29
4,2003,112.31424078112,114.055118453958,1.98977376135734,1.98114588552029,29
1,2004,117.409721032774,119.301816613453,2.05322358182287,2.03368179568495,29
2,2004,118.823955111292,120.612715705785,2.03869142447152,2.02031908267426,29
3,2004,120.33590359031,122.012649427932,2.03855960829769,2.0195833221409,29
4,2004,120.977371765674,122.486384130706,2.01177495331937,1.99355520766565,29
1,2005,125.762707549014,127.650729932261,2.04451661309982,2.02641853230804,29
1,2006,125.611386402928,127.806699354976,1.73839489482401,1.73012473591623,29
2,2006,126.688886590707,128.393072623854,1.74469992917105,1.73262182445674,29
3,2006,126.889984675564,128.397972410729,1.7134594927341,1.69974810255232,29
4,2007,134.290698075408,135.632726933211,1.67342446558425,1.66143082656277,29
1,2008,138.140082365317,139.859083184591,1.67745684964228,1.66597465084791,29
2,2008,139.960990703027,141.581868342895,1.68330730375135,1.67203139697657,29
3,2008,144.845618562248,147.256534280929,1.77293446970038,1.78282462276684,29
4,2008,143.425424364783,144.9797972051,1.7065376900604,1.69954755495342,29
1,2009,147.676674365951,150.828546380923,1.69922230758192,1.71152951893485,29
2,2009,153.917387480353,155.893126984481,1.80741491775874,1.8061700418176,29
3,2009,167.10750375854,168.968352061332,2.05882150809702,2.04691594790315,29
4,2009,168.329184580917,170.015048077905,2.1190920696727,2.10731308284744,29
1,2010,170.986171340451,172.983081506114,2.10542699775282,2.09351231390598,29
2,2010,173.434653775044,175.295422719329,2.12045511340557,2.10719909425038,29
3,2010,174.019791869473,175.762066477244,2.09356883617299,2.08101876580221,29
4,2010,175.477642797718,177.189892136181,2.09247302290299,2.08373495859667,29
1,2011,178.647370611894,180.603911098162,2.07676748416891,2.064748941837,29
2,2011,179.637703649589,181.475157370248,2.05635037877577,2.04437064649664,29
3,2011,181.871679343582,183.663934411003,2.07414910422888,2.06315981016218,29
4,2011,185.658701070967,187.91075303902,2.0910021057459,2.08388232024933,29
1,2012,187.939798022657,190.391818609038,2.07887415539461,2.07206326576861,29
2,2012,190.170907419366,192.552431182475,2.08386206754873,2.07931922021637,29
3,2012,192.306273696936,194.681224189127,2.09475998477995,2.08697828671028,29
4,2012,193.154654166124,195.397319472296,2.06413374529069,2.05762591745811,29
2,2013,197.237329153061,199.57089421017,2.04628788375715,2.04195873251598,29
3,2013,200.296984073578,202.674310599956,2.08015457415937,2.07335601558228,29
4,2013,202.699755056316,204.931043448387,2.0881017592681,2.08151311393973,29
3,2014,206.929228057393,209.264477459778,2.03736861159009,2.0303375055815,29
4,2014,208.582864014234,210.794075344737,2.02748782548072,2.02148731349261,29
1,2015,212.822647992513,215.561262845403,2.04562260958246,2.04133220691033,29
3,2015,216.703828185959,219.123968651782,2.05816996375247,2.05198756592318,29
4,2015,217.353058303294,219.653159089481,2.0266454561443,2.02160899959324,29
1,2016,218.970308496224,221.440231744501,2.00697212627204,2.00175949335343,29
2,2016,221.156597864066,223.535245113537,2.00979654034397,2.0052955662153,29
3,2016,222.017323754281,224.421502543659,1.99221594937112,1.98682989163554,29
4,2016,225.000698672258,227.283288129796,2.01064266538918,2.00576638263865,29
1,2017,226.774686739853,229.231737113145,1.99454933790515,1.98954222086495,29
2,2017,228.779579010154,231.14554354827,1.99363268650545,1.9893678641879,29
3,2017,229.714150679959,232.103087935637,1.97883113250539,1.973548131953,29
4,2017,231.511793231603,233.787013573996,1.97349406822404,1.96906116650216,29
1,2018,232.922984270305,235.362610276816,1.9521253912828,1.94746654876188,29
2,2018,234.407592905242,236.756053527646,1.94230966626197,1.93832638871601,29
3,2018,235.694444951263,238.049729003822,1.93550706488502,1.93031873050579,29
4,2018,238.449459113645,240.699600461193,1.94777837436608,1.94341038954225,29
4,2020,367.577152492618,374.543619319235,3.91556318724048,4.47355738116669,29
1,2021,465.324391184132,469.132782721923,10.7943104066791,10.8200528027522,29
2,2021,468.362091661552,471.804734001718,11.2200595011811,11.1802869111385,29
3,2021,472.802721463884,476.463784751691,11.2484712870941,11.2277238968152,29
4,2021,475.728189579146,479.087196971321,11.2884220658654,11.2548346339649,29
1,2022,479.081113607441,482.719071381609,11.1589214561251,11.1216053407252,29
2,2022,482.937635582372,486.36189187213,11.1683194624706,11.1320354530685,29
3,2022,487.142767761455,490.722056177246,11.2863075124286,11.2526418861949,29
4,2022,488.624338354812,492.016713018889,11.0957180808754,11.0635237192376,29
1,2023,490.12852202318,493.747065758168,10.7888921579719,10.7546206986953,29
2,2023,493.491915768062,496.882337515583,10.7586107940915,10.7248397425506,29
3,2023,493.7370896376,497.263325566124,10.5495280013325,10.5191379284102,29
4,2023,496.001891339405,499.311157324564,10.4372547246252,10.4088966621082,29
1,2024,499.526888393865,503.100485553334,10.3185860520644,10.2860395944095,29
2,2024,503.082521065406,506.440678440988,10.310144258056,10.2789258106018,29
3,2024,500.984007937449,504.45969861851,9.94131021531683,9.91366459719525,29
1,2001,90.5119307666144,92.3802308800557,1.98828563434175,1.9639107918146,31
2,2001,91.7974379796845,93.5609779742965,1.96499987119296,1.94241008671866,31
3,2001,94.6061710994982,96.3637469380921,2.02949856052599,2.0096434726282,31
4,2001,97.6920599863079,100.081697553483,2.10762832748916,2.12681477794791,31
1,2002,101.034916174215,103.100130501542,2.08370889727041,2.06711264825514,31
2,2002,103.561889719772,105.398926152584,2.1173919783125,2.09463408648316,31
3,2002,105.331128779439,107.085762622733,2.09972036862785,2.08016073425235,31
4,2002,105.419324820181,106.993335903471,2.06762998330291,2.04738967834565,31
1,2003,108.257861218889,110.201905974649,2.02186963135959,2.00347611127082,31
2,2003,108.75671617843,110.696280311881,1.96959880182761,1.95810587641973,31
4,2003,112.370996026134,114.109406583241,1.98979756336153,1.9811616052517,31
1,2004,117.420070548914,119.316853566186,2.05349445972817,2.03406673715406,31
2,2004,118.814424070359,120.603014819419,2.03824733428935,2.01980639254424,31
3,2004,120.341663253073,122.019918468775,2.03970312417696,2.02087478369271,31
4,2004,120.955036708271,122.463240405196,2.0100237802124,1.99188337371205,31
1,2005,125.701241575561,127.59851352893,2.04287755841386,2.02507427482748,31
2,2005,125.790138400249,127.553575520663,1.98072837836655,1.96399664573818,31
3,2005,121.742461921939,123.453825716147,1.79478653077017,1.78423855638365,31
4,2005,124.552411340375,125.979787310826,1.84335256540816,1.82797468568277,31
1,2006,125.630500767436,127.823233697248,1.73873334448619,1.73034790535385,31
2,2006,126.686392574321,128.414435666726,1.74469420134187,1.73315196375275,31
3,2006,126.889984675564,128.421405031904,1.7134594927341,1.70039490376806,31
1,2007,130.94372773888,132.661308938936,1.6914042586341,1.6787157097164,31
2,2007,132.391780057665,134.031046778548,1.68744819551908,1.67613343127553,31
4,2007,134.239260640005,135.789081798034,1.67082588308438,1.66399840964385,31
1,2008,138.189829079342,139.949429724169,1.67874274118718,1.66797954523322,31
3,2008,144.159617446206,145.683567583375,1.74631580720919,1.733984708128,31
4,2008,145.422492136633,147.529861060774,1.73400974200159,1.731874190864,31
2,2009,154.77445738296,157.142753183796,1.7986078263714,1.81226977132991,31
3,2009,166.670474799477,168.529464669589,2.00164059266039,1.99425542360995,31
4,2009,168.210018592484,169.924551868581,2.1164875411672,2.10649802972193,31
1,2010,170.980534699067,172.94991663437,2.10502796883761,2.09241852730162,31
2,2010,173.487685320994,175.34929062224,2.12166398073439,2.10843047338633,31
3,2010,174.039848150271,175.805713709241,2.09448212682629,2.08237421157642,31
4,2010,175.748441236978,177.434163199402,2.09756685927507,2.08764388661667,31
1,2011,178.642830607985,180.582939840875,2.07655774611523,2.06411910777363,31
2,2011,179.650339341147,181.492855946989,2.05664633830616,2.04478716565519,31
3,2011,182.25199509179,184.161515838311,2.08222257983729,2.0731786894923,31
4,2011,185.652431302042,187.907790733459,2.09099163723066,2.0839420901141,31
1,2012,187.89545435032,190.330090376847,2.07876071268319,2.07193474274018,31
2,2012,190.174435991944,192.560218694347,2.08396082522716,2.07953511951058,31
4,2012,193.18207843891,195.435506525229,2.06417972570975,2.05794933992256,31
1,2013,195.206036124656,197.676124796693,2.04785800004296,2.04254477540736,31
2,2013,197.414634501626,199.741398516359,2.0484898240896,2.04429251933037,31
4,2013,202.705179300583,204.937028845272,2.08810998374341,2.0814483195421,31
1,2014,203.783591362969,206.180444850285,2.04953382885146,2.0435246441591,31
2,2014,205.394430264454,207.702717401312,2.03978830769879,2.03438521908919,31
4,2014,208.603181204218,210.8358898028,2.02754443476422,2.0220022228706,31
1,2015,212.82995933704,215.571523579942,2.04566470629695,2.04144306760549,31
2,2015,215.251735045743,217.653508280377,2.06431538134803,2.05947875547654,31
3,2015,216.704139076114,219.124022047408,2.05816552786863,2.05197282182005,31
4,2015,217.340747427441,219.642737890623,2.02663012439718,2.02161251499122,31
1,2016,218.982002564592,221.452258703015,2.00708164087715,2.00189208631452,31
2,2016,221.16336240551,223.542677567812,2.00985655976248,2.00538550592544,31
3,2016,221.977768660969,224.368039996913,1.99213687907079,1.98642461736052,31
4,2016,225.004575794086,227.295697963503,2.01065289652164,2.0059112561564,31
1,2017,226.777071767876,229.235167719406,1.99457121316425,1.9895935382503,31
2,2017,228.770315085005,231.135768088616,1.99355987046432,1.98924619319595,31
3,2017,229.693341621889,232.071897073761,1.97879918556976,1.97331420101693,31
1,2018,232.922633639066,235.364500553637,1.95211187359569,1.94748405010737,31
1,2020,256.438088231203,258.887735329736,2.07368258197486,2.06888160650583,31
2,2020,260.360565719285,263.366053824336,2.0710960850263,2.0687310513885,31
1,2001,90.5145626220064,92.3729348123752,1.9883533963677,1.96352638202226,32
2,2001,91.7821440780868,93.5355220618101,1.96423320281015,1.94113824904812,32
3,2001,94.5966984474632,96.3784017656678,2.02948807021112,2.0107324332902,32
4,2001,97.6420102424132,99.6355361215281,2.10233119942122,2.10140838658993,32
2,2002,103.931513464246,105.828079245202,2.13531766067383,2.11509520599049,32
3,2002,106.179532747876,108.194315425963,2.12435273538172,2.11852387490928,32
4,2002,105.434291484083,106.994667364973,2.06781256625338,2.04698602070081,32
1,2003,108.260588621632,110.173588108385,2.02198631916565,2.00228451687449,32
2,2003,108.74604501321,110.711773558668,1.96965976122647,1.95881637393118,32
3,2003,110.654633263903,112.440507581212,1.98892230148903,1.97407128302076,32
4,2003,112.315516794103,113.930394859709,1.99351150879223,1.97931778999472,32
1,2004,117.429422908545,119.321074931057,2.05383689445407,2.03426247552527,32
2,2004,118.858525813019,120.656048247953,2.04009549799311,2.02203067318518,32
3,2004,120.337307708037,122.007301924538,2.03887405938767,2.01969439120171,32
4,2004,120.971192795206,122.478877791009,2.01003012620643,1.99188756803769,32
1,2005,125.695244791637,127.586625223641,2.04286386510709,2.02492725593969,32
2,2005,125.795218924363,127.558142701612,1.98074611436521,1.96400348451655,32
3,2005,121.824448221195,123.658163672882,1.79734859410849,1.79049170250696,32
1,2006,125.603909731795,127.805034294085,1.73827788190179,1.73013815244897,32
4,2006,127.343595664899,129.61218056565,1.67701383614461,1.69116369224042,32
1,2007,130.956788502951,132.658592893845,1.69140636774953,1.67833644983621,32
4,2007,134.301207232045,135.649923632859,1.6733845499851,1.66151116667491,32
1,2008,138.245828577012,139.969954742927,1.67883292452604,1.66768028670022,32
2,2008,139.965742987937,141.569042392217,1.68331869280167,1.67166791533,32
3,2008,144.502505298805,146.246241262976,1.75767494225762,1.7513350700978,32
4,2008,143.523771362048,144.965671563712,1.70604160442266,1.69609449177642,32
1,2009,147.192756491268,150.382184833035,1.70567850824311,1.73130677832754,32
2,2009,153.661647306501,155.681144567851,1.80057134569555,1.80070721973162,32
1,2011,178.64939724084,180.583228192222,2.07677112814362,2.06423812897171,32
4,2011,185.68456960432,187.935623737233,2.09108530678167,2.08391107403421,32
1,2012,187.917334664868,190.38101661316,2.07914328962228,2.07234019329201,32
1,2013,195.162358359945,197.595564803981,2.04767165433389,2.04160326154013,32
1,2016,218.984369261959,221.458111487104,2.00709708862422,2.00200210338817,32
2,2016,221.161130274571,223.543997831063,2.00983890336363,2.00543147219592,32
4,2016,225.000023273482,227.289322595997,2.01064401453777,2.00585519143973,32
1,2017,226.781337792949,229.23818082009,1.99460624366143,1.98960173296201,32
2,2017,228.765972333357,231.131851594161,1.99352429452877,1.98923221673297,32
3,2017,229.685443253788,232.06645352822,1.978788221248,1.97332869002066,32
4,2017,231.50276055915,233.773543819427,1.97347644969743,1.96895742199739,32
1,2018,232.916886064629,235.357592395461,1.95207122164533,1.94740594194365,32
2,2018,234.406042085635,236.753471530093,1.94230293009953,1.93830252390552,32
3,2018,235.688634656832,238.048694091386,1.93550393694246,1.9303548214761,32
4,2018,238.449012971544,240.700790184935,1.94777941387681,1.9434346670853,32
1,2019,240.373357919944,242.79641236131,1.93615636134385,1.93167407846112,32
4,2019,250.089016837213,252.347195694904,2.00690246835403,2.00243554382108,32
2,2020,260.174549321369,264.460833830044,2.07925759551315,2.07582851996121,32
3,2020,280.096701175442,290.890677966354,2.44136322469126,2.56063343188211,32
4,2020,388.781984812747,392.42413955424,4.32317122897982,4.64318973100857,32
3,2021,472.848683237715,476.436868638579,11.2457418997447,11.2159739320855,32
2,2022,482.949223695178,486.373015232921,11.1683610865374,11.132117529956,32
1,2023,490.12680353647,493.740847478781,10.7887726658817,10.7541450503868,32
2,2023,493.493379255795,496.883736227512,10.7587995555807,10.7250070117251,32
3,2023,493.751910638073,497.278582328091,10.5498550815851,10.5194851459127,32
4,2023,496.004630681427,499.313778512282,10.4372543441591,10.4089038533948,32
2,2024,503.08411406618,506.442220335332,10.3102519715348,10.2790244254218,32
4,2024,503.347126084654,506.612472895546,9.85032471212772,9.82464840910356,32
1,2001,90.5190147589457,92.4000762591775,1.98858875303193,1.96475214839316,33
2,2001,91.7724728661336,93.5238560419522,1.9636997473096,1.94058331579681,33
3,2001,94.5916642875655,96.3804632680706,2.02948249203161,2.01073392114579,33
4,2001,97.6848150616603,99.5364020062612,2.10235480304812,2.09419637784798,33
1,2002,101.244644901963,103.168298622874,2.09267770362042,2.06967222301536,33
2,2002,103.799014640944,105.692200111846,2.12770254138002,2.10797312226783,33
3,2002,104.450589710511,106.181372691037,2.08435697016057,2.06332290496797,33
4,2002,105.434291484083,106.959851678617,2.06781256625338,2.04534896405616,33
1,2003,108.276811170014,110.170784939076,2.02201996429987,2.00134808577601,33
2,2003,108.837542629314,110.598430699088,1.97360313694302,1.95404429677866,33
3,2003,110.681517518488,112.370366255297,1.988945202532,1.9702095820895,33
4,2003,112.27043235151,113.887060257524,1.99349243306687,1.97930521681633,33
2,2004,118.884442281051,120.676339493084,2.04020967158471,2.0220692413839,33
3,2004,120.42224513027,122.22194216465,2.04296032291121,2.02854789630915,33
4,2004,120.942989090934,122.444499084853,2.01001905292471,1.99159744661874,33
1,2005,125.701241575561,127.593758815514,2.04287755841386,2.02493486898694,33
2,2005,125.9470278796,127.734150976657,1.9847709691672,1.96923111440339,33
3,2005,121.946071155864,123.941546334137,1.80047096061718,1.79827607936703,33
4,2005,124.568530121578,126.096124984495,1.84335600379656,1.83124584262886,33
1,2006,125.620479072315,127.813152897669,1.73855787788296,1.73016978842667,33
2,2006,127.048823956601,128.880332212463,1.75088936838304,1.74409555002435,33
3,2006,126.921451290189,128.42201585098,1.71390654163656,1.69995199777554,33
4,2006,127.254449135681,129.610104974131,1.68057562206503,1.69673740174283,33
1,2007,130.943433798628,132.646318766929,1.6913877309537,1.6783284387626,33
2,2007,132.433320057259,134.07730179725,1.68755225229544,1.67659684410031,33
1,2008,138.126882418713,139.825451113577,1.67693316571495,1.66494004986901,33
2,2008,139.965426331396,141.568786080965,1.68339065293957,1.67174625329234,33
3,2008,143.950629672757,145.569263397712,1.7494377624476,1.73956720749216,33
1,2009,146.801287815191,148.87614245205,1.69373808837991,1.68824942129344,33
2,2009,154.360757368847,157.409522524515,1.7907027787377,1.82386655299894,33
3,2009,164.632058106895,166.3405823366,2.00024257842295,1.98789420458388,33
4,2009,168.816924339445,170.518768303678,2.11699930805819,2.10664294207258,33
1,2010,170.977393825738,172.914696084002,2.1051968303096,2.09159874475652,33
3,2010,173.980884138528,175.722825322082,2.09294509620753,2.08039809396836,33
4,2010,175.891254860589,177.576372864269,2.10254410142633,2.09108243745425,33
1,2011,178.659316308724,180.586788330309,2.07689781173053,2.06416335113963,33
2,2011,179.648852190218,181.492114851963,2.05665011203344,2.04479363971112,33
3,2011,181.871679343582,183.67751845132,2.07414910422888,2.06339805141877,33
4,2011,185.670995272875,187.920640716109,2.09104433198663,2.08390683625374,33
1,2012,187.915092089279,190.363704755365,2.07901707720784,2.07212564794311,33
2,2012,190.169562565269,192.558744009146,2.08389719682913,2.07949380661637,33
3,2012,192.253695260782,194.625720940722,2.09475474685505,2.08692131814329,33
4,2012,193.161741587199,195.408835768221,2.06411239830248,2.05757791608187,33
1,2013,195.177349336734,197.602034217395,2.04776967578182,2.04170667648054,33
3,2017,229.694739568367,232.076441484243,1.97880574527084,1.97338171005822,33
4,2017,231.513794643028,233.792769508634,1.97349592485875,1.96911364502898,33
1,2018,232.919505347419,235.35886151185,1.95209557291967,1.94742282852741,33
2,2018,234.407592905242,236.760773065332,1.94230966626197,1.93837756672362,33
3,2018,235.699305421929,238.054435851955,1.93552643938718,1.93030434538462,33
4,2018,238.446061525382,240.696534018075,1.94777391496565,1.94340498119042,33
1,2019,240.364942731357,242.790330458828,1.9361050881372,1.93171015029942,33
2,2019,241.892709825512,244.22394278111,1.92785611046337,1.92404306516146,33
3,2019,244.07691631085,246.427313640744,1.93733073405046,1.93228064495365,33
4,2019,250.091013535071,252.344231013021,2.0069062895794,2.00238518494929,33
4,2023,495.999643402578,499.308729716627,10.4370988530052,10.4087647525545,33
1,2024,499.519151531957,503.092927377718,10.3185194089633,10.2860090740321,33
2,2024,503.085955586753,506.444658432174,10.3101713155855,10.2789427215198,33
3,2024,500.972880403405,504.44991144933,9.94123515297511,9.91358475943524,33
4,2024,503.346192008385,506.612291042153,9.85026318542595,9.82465071862164,33
1,2001,90.513585302534,92.3729660040382,1.98822963551677,1.96341978169974,34
1,2001,90.5154149084159,92.3817393813488,1.98847829274175,1.96401548314933,36
2,2001,91.7734415255392,93.5236420614946,1.96342601750461,1.94027071748434,36
3,2001,94.5793458160094,96.2532311476351,2.0288687491079,2.00463965809355,36
4,2001,97.6452783534052,99.3306931332904,2.10410120449734,2.08700640415416,36
1,2002,101.210396375072,103.13419549365,2.08796438671802,2.06429288016999,36
2,2002,103.92289799544,105.821899922448,2.13166884601314,2.11262412004681,36
3,2002,104.863326656958,106.717343417764,2.09931036525741,2.08416568548642,36
4,2002,105.655992642413,107.34054350482,2.07641260323308,2.06113478330617,36
1,2003,108.274163402894,110.169239555211,2.02220857381736,2.00162314749431,36
3,2003,111.257274916445,113.153577334819,2.0138822132158,2.00344127831356,36
4,2003,112.107525924979,113.704958899094,1.99342345791125,1.97810973541124,36
2,2004,118.882258645801,120.673795774853,2.04104950124174,2.02266428888415,36
3,2004,120.319281490247,121.996645048044,2.03885742137031,2.01995610232439,36
1,2005,125.800818607076,127.693902603221,2.045766554382,2.02800895058597,36
2,2005,126.052283558349,127.841897438237,1.98818732397135,1.97271916977742,36
4,2005,125.173520207424,126.907358522497,1.86317291220731,1.85722211588134,36
1,2006,125.603406495723,127.796209206068,1.73823813549877,1.72981172455884,36
2,2006,126.7341770471,128.397395410141,1.74591027032074,1.7326705073437,36
4,2006,126.770223603397,128.102813471677,1.67714910868332,1.66409375216501,36
1,2007,130.986349119603,132.700777373211,1.69229168568704,1.67960588045292,36
2,2007,132.291511404435,133.899903235641,1.68496764920796,1.67271474234763,36
3,2007,133.354486019185,134.859835370303,1.67898791672604,1.66673889607081,36
1,2008,138.120159823946,139.814807854708,1.67648731891731,1.66435529387818,36
4,2008,145.285429982894,147.229588728301,1.7345301146355,1.72946479676684,36
1,2009,147.006926577119,149.657475374452,1.69839627696809,1.70437078414082,36
1,2010,170.997630752579,172.998227657327,2.10570120582431,2.09364121321463,36
2,2010,173.427583296737,175.324955986323,2.11972346462151,2.10774523233542,36
3,2010,174.088023241861,175.895045700702,2.09573013197683,2.08446902672753,36
1,2011,178.658702145882,180.608350970432,2.07662161058949,2.06435754470263,36
4,2011,185.655905434722,187.910087261795,2.09100115838529,2.08390269333089,36
1,2012,187.90178080857,190.343264628888,2.0788409879509,2.07236935188321,36
3,2012,192.407216995938,194.798314961661,2.09509043219893,2.08809035253056,36
1,2013,195.221244096891,197.632121852826,2.04840130157259,2.04226355375472,36
3,2013,200.41220877622,202.821625600291,2.08049675475917,2.07476417797437,36
3,2014,206.952563588633,209.286178791151,2.03746128579202,2.03053034405801,36
4,2014,208.582864014234,210.794075344737,2.02748782548072,2.02148731349261,36
1,2015,212.826811669953,215.567715960346,2.04563982058638,2.04139152070805,36
2,2015,215.251606503253,217.65497560849,2.06430333073699,2.05946863673786,36
4,2015,217.365620856061,219.665850296511,2.02665403180283,2.02160338786813,36
3,2017,229.697284196006,232.081356422089,1.97880851576145,1.97342445656918,36
4,2017,231.508573043613,233.780985553294,1.97348812220788,1.96901005257309,36
1,2018,232.915775741944,235.355559570054,1.95206334052563,1.94736807122967,36
2,2018,234.409963689102,236.757769219526,1.9423158461148,1.93833232266328,36
4,2018,238.45324693148,240.707924215756,1.94777541626525,1.94345762891119,36
1,2019,240.392627441799,242.817338989578,1.93632623783238,1.93192971715615,36
2,2019,241.894600209988,244.225335444128,1.92787909774313,1.9240585923802,36
2,2020,260.469903291105,262.85332306384,2.07058365470605,2.06603627586468,36
3,2020,279.283628053495,289.683280305416,2.44137587292557,2.53811388409385,36
4,2020,372.859478781396,378.657876748641,3.99413395222383,4.49078690382115,36
4,2021,476.049489513464,479.436286969921,11.2956810822186,11.2619011184629,36
4,2022,488.629955928824,492.026158376456,11.0966414747525,11.0644937890843,36
1,2001,90.525509945277,92.3850854585543,1.98832782928366,1.96348393058202,37
2,2001,91.8253799723743,93.5993845424663,1.96446072661576,1.94301655957109,37
3,2001,94.6488491332397,96.487471008512,2.03136959017572,2.01557655930243,37
4,2001,97.4330616378078,99.2659016433111,2.10222258268961,2.09198734726456,37
1,2002,101.047044412153,102.99459615242,2.08373899507179,2.06151602360659,37
2,2002,103.650317048083,105.48797039335,2.12069600124538,2.09802028164447,37
3,2002,105.28309719099,106.979511234873,2.09120079611672,2.06829734885703,37
4,2002,105.417281205847,106.946884444241,2.06780603287579,2.04551809302755,37
1,2003,108.276811170014,110.222006540525,2.02201996429987,2.00325285694273,37
2,2003,108.774059876113,110.571955701023,1.9706906831284,1.95298541552428,37
3,2003,110.914610536961,112.587338458298,1.99974811808717,1.98039031225739,37
4,2003,112.27043235151,113.859913531163,1.99349243306687,1.97815457556347,37
2,2004,118.863160627506,120.658530701074,2.0401159113844,2.02203538741297,37
3,2004,120.313886102555,121.983069826177,2.03853928066813,2.01937443997809,37
4,2004,121.030598926774,122.645959342498,2.01369433653987,1.99940933610244,37
1,2005,125.762694059488,127.651925363026,2.04403850302228,2.02592550676288,37
2,2005,126.016695035666,127.838043299176,1.98806170215635,1.97365760418569,37
3,2005,121.638647873589,123.215717979025,1.79043048547848,1.77572727797711,37
4,2005,124.664244574673,126.083763504578,1.84469883225178,1.82894956516939,37
1,2006,125.624574498326,127.817198742532,1.73859890524445,1.73020066690527,37
2,2006,126.695242809267,128.432580298069,1.74471453979695,1.7337417482059,37
3,2006,126.894637545571,128.432181487951,1.71356222208651,1.70064510896988,37
4,2006,127.046688219048,128.746329770653,1.67583893950547,1.67356591271464,37
1,2007,130.942085948444,132.64896643361,1.69135720395094,1.67838982211986,37
2,2007,132.517890636661,134.212742010702,1.69058612400147,1.68088443970157,37
3,2007,133.447079231205,135.056203079389,1.6807112956806,1.67137912022997,37
4,2007,134.378126284031,135.912945721131,1.67083790374214,1.66388063784135,37
2,2008,139.967526847659,141.576862227565,1.68339331683822,1.67193249207377,37
3,2008,144.029260689636,145.587097961829,1.74949417221378,1.73808935210702,37
1,2009,147.018165579449,150.312663102429,1.70313183826296,1.73015995401707,37
2,2009,152.824433195624,155.583706219706,1.79536503330115,1.81207085647059,37
3,2009,166.822374658251,168.56644074841,2.04667350145932,2.03332894408468,37
4,2009,168.383233413791,170.073720438861,2.11916210976999,2.10828153005927,37
1,2010,170.970493159381,172.907427223651,2.10501821970598,2.09140100743082,37
2,2010,173.443477682337,175.31085237827,2.12094802282183,2.10787405594593,37
3,2010,174.051900990251,175.852694808364,2.09450075554609,2.08326453818544,37
4,2010,175.631999205107,177.31240550378,2.09676015853622,2.08640210356189,37
1,2011,178.642053080224,180.584130724739,2.07663779107376,2.06430423845479,37
2,2011,179.65332497844,181.492260487495,2.05664423002479,2.04470427439835,37
3,2011,182.239710663649,184.202298058945,2.08220654425636,2.07418145604207,37
4,2011,185.669795602145,187.919389106427,2.09103446677728,2.08390117511356,37
1,2012,187.907706424478,190.371366482129,2.07902231636623,2.07228995693705,37
2,2012,190.174668814972,192.588534558124,2.0839414888526,2.08004842687221,37
3,2012,192.253695260782,194.637758678979,2.09475474685505,2.08710015233144,37
4,2012,193.159301344052,195.417291555862,2.06413510365089,2.05788597669095,37
1,2013,195.165203902917,197.633265785293,2.04769988605322,2.04191471401263,37
2,2013,197.275236822594,199.666013822751,2.04683487756423,2.04413140908526,37
3,2013,200.366732941231,202.763587783571,2.080183773742,2.07379335161697,37
4,2013,202.701056507918,204.926358409487,2.08809841701112,2.08140399385987,37
1,2014,203.767407901517,206.161736957439,2.04933330100608,2.04321960366066,37
2,2014,205.384645112144,207.683981299653,2.03976053476882,2.03434056048444,37
3,2014,206.922738393759,209.260177423325,2.03736875904791,2.03038618889508,37
4,2014,208.578018490495,210.790155664629,2.02748214149178,2.02147754925003,37
1,2015,212.823720505626,215.562144982027,2.0456278298593,2.04133745944151,37
2,2015,215.252382445641,217.655533004682,2.06431659029374,2.05951038158691,37
3,2015,216.704404909098,219.124725638897,2.05816797014748,2.05198593411642,37
4,2015,217.343731851282,219.645342137511,2.02663609250744,2.02159421496055,37
1,2016,218.974765598301,221.445253779171,2.00700844476193,2.00181764090646,37
2,2016,221.161130274571,223.542122062532,2.00983890336363,2.00539988082329,37
3,2016,221.99022025192,224.384906247132,1.99215813932351,1.98654369123331,37
4,2016,224.999168399333,227.283925159443,2.01064247991938,2.00579646732048,37
1,2017,226.778138902597,229.236035412891,1.9945777147034,1.98959808838652,37
2,2017,228.765972333357,231.131851594161,1.99352429452877,1.98923221673297,37
3,2017,229.687135849341,232.067720651295,1.97879145147056,1.97333321116355,37
4,2017,231.513794643028,233.788829817961,1.97349592485875,1.96906380172908,37
1,2018,232.915901058366,235.354792286672,1.95206454726496,1.94736914683484,37
2,2018,234.412652952751,236.759136863159,1.94235555419836,1.93836019149258,37
3,2018,235.689322180336,238.047760327547,1.93550578068717,1.93032839097148,37
4,2018,238.445125447665,240.696051645487,1.9477710374562,1.94339975407733,37
1,2019,240.341796021886,242.770137715751,1.93590800469789,1.93154162344729,37
2,2019,241.877557565656,244.210939209796,1.9277536402985,1.92394030887787,37
4,2019,250.097205502122,252.351710078137,2.00691821526518,2.00238921532929,37
1,2020,256.435544463141,258.885564265667,2.07367051017274,2.06887351667527,37
2,2020,261.513079556084,266.014828777163,2.08856596811861,2.08020718634272,37
4,2020,387.32790228045,391.319307435716,4.26989309079799,4.64324323886373,37
1,2021,465.644286259687,469.633927226135,10.8345292008846,10.8918169715308,37
2,2021,468.44802455333,471.901107532538,11.2220555246769,11.1816384786899,37
3,2021,472.853558563451,476.469164534389,11.2468502920987,11.2212481070067,37
4,2021,475.736642802568,479.097501788693,11.2906185721993,11.2567922617356,37
1,2022,479.135864003581,482.774002103851,11.1609189879916,11.1236435075896,37
2,2022,482.942750034209,486.366764668369,11.1682519265485,11.1319289669934,37
3,2022,487.150448512954,490.727871428896,11.2859249807252,11.2519983691833,37
4,2022,488.638931431413,492.012642037703,11.0952676926168,11.062663546459,37
1,2023,490.133585697105,493.751987919323,10.7891684789941,10.7549647817454,37
2,2023,493.490433632127,496.882271633519,10.7585064257472,10.724868719444,37
3,2023,493.727806878289,497.253436719947,10.5494018552505,10.5189846913406,37
4,2023,495.997635391012,499.30675241674,10.4370123675073,10.4086828411188,37
1,2024,499.513486966754,503.090332566812,10.3180102650347,10.2856287779711,37
2,2024,503.082100583062,506.44028169311,10.3101125395666,10.2788965418879,37
3,2024,500.985957739491,504.461646995465,9.94132583907127,9.91367985759562,37
4,2024,503.346407352476,506.611836774613,9.85026717437458,9.82461459329364,37
1,2001,90.5106270968454,92.3696752659215,1.98820059042317,1.96342004524446,38
2,2001,91.8170091090666,93.6137090126112,1.96599247821417,1.94487952169506,38
4,2003,112.213233910549,113.883921221692,1.98973137308706,1.97798001530346,38
1,2004,117.424142803711,119.337442477606,2.05308927298524,2.03409433097588,38
2,2004,118.804254915855,120.621344875252,2.03794984768489,2.02066436843768,38
3,2004,120.326208380119,122.011771015362,2.03886381971605,2.02022575559301,38
4,2004,120.974829285952,122.486923281102,2.01066528961226,1.99250444415722,38
1,2005,125.710338751716,127.600822643213,2.04316950056775,2.0251594540266,38
2,2005,125.87802418114,127.668912929229,1.98322072648312,1.96769804199787,38
3,2005,121.62440838831,123.166037076242,1.79042289208261,1.77474640143337,38
4,2005,124.552411340375,125.979787310826,1.84335256540816,1.82797468568277,38
1,2006,125.647573994979,127.841373625605,1.73899686777173,1.73048555966066,38
2,2006,126.655002585175,128.339586335166,1.74367187357363,1.73107401676357,38
3,2006,126.921451290189,128.428527201297,1.71390654163656,1.70011308177725,38
4,2006,127.170596798961,128.721159595526,1.67724283546806,1.6707961283951,38
1,2007,130.94372773888,132.661308938936,1.6914042586341,1.6787157097164,38
2,2007,132.501784850589,134.182994654548,1.6905421547265,1.68029817357019,38
3,2007,133.362970820858,134.847878974209,1.67815984553962,1.66546477197522,38
4,2007,134.191819474139,135.674687216196,1.67083006411734,1.66223063595035,38
1,2008,138.256552111611,140.0211813683,1.67955949980737,1.66945511359833,38
2,2008,139.989608397338,141.634384280314,1.68398465398422,1.67336949333409,38
3,2008,144.637734507057,146.340468530755,1.75776921598005,1.75049690588367,38
4,2008,143.398454464176,144.985581731588,1.70496877167272,1.69734234299864,38
1,2009,146.810139434417,149.537172045701,1.6975122233459,1.71139699887011,38
2,2009,152.728424093203,155.484186285225,1.79210463706932,1.80899445438265,38
3,2009,162.462182043357,164.360869917859,1.95880625570803,1.9539803378212,38
4,2009,168.431665801895,170.118473644344,2.11668344370472,2.1055598765047,38
1,2010,170.977393825738,172.919808904073,2.1051968303096,2.09175460238487,38
2,2010,173.394482052805,175.266727168445,2.11967232555172,2.10676236101579,38
3,2010,174.040324088722,175.842540206266,2.09448864561494,2.08323819396301,38
4,2010,175.283065242543,177.164490677443,2.08861209005724,2.08453386472487,38
1,2011,178.646560804381,180.581411835687,2.07676776809069,2.0642330188329,38
3,2011,181.897605911154,183.676646629588,2.07420201861376,2.06304772905463,38
4,2011,185.695254780683,187.945824582764,2.0911052028035,2.08405784840866,38
1,2012,187.930981291606,190.380796845593,2.07934923593513,2.07235511238975,38
2,2012,190.159450935454,192.565832187171,2.08374685123945,2.07957055405127,38
3,2012,192.25495884625,194.630818810822,2.09478088217629,2.08691503540136,38
4,2012,193.147588144292,195.393421258719,2.06411404400388,2.05758867428544,38
1,2013,195.173980264468,197.6188987135,2.04769834441572,2.04183522377284,38
2,2013,197.233814118426,199.611291684377,2.04632981540259,2.04313938211596,38
3,2013,200.334564301564,202.73574411913,2.08012508398362,2.07373349769463,38
4,2013,202.704463884689,204.930420068656,2.08810502496329,2.08143821597362,38
1,2014,203.779991501358,206.177314745265,2.04950492669869,2.0435055036233,38
2,2014,205.383676284973,207.682788914357,2.03975275398829,2.03437307471175,38
3,2014,206.925795670653,209.261685148157,2.03737570488488,2.03039804746164,38
4,2014,208.576420031386,210.790092788903,2.027476690837,2.02146376251207,38
2,2015,215.254065050191,217.655907384581,2.06433872307351,2.05950754607616,38
3,2015,216.710643851666,219.130335059202,2.05818171546801,2.05198480001795,38
4,2015,217.345239360188,219.645438948029,2.02663711062498,2.02160244752437,38
1,2016,218.972111965288,221.442203878064,2.00698998394604,2.00178560883619,38
2,2016,221.158399202293,223.537130138178,2.00981270228225,2.00531706909559,38
3,2016,222.006549457093,224.41373042802,1.99218024047308,1.98678863370217,38
4,2016,224.998934293292,227.281356577849,2.01064187759869,2.0057672285422,38
1,2017,226.775246123857,229.232670471395,1.99455263629184,1.98954400767988,38
2,2017,228.768542237524,231.137049948339,1.99354686246615,1.98930707179085,38
3,2017,229.690764782616,232.07585876156,1.978796963504,1.97341075881063,38
4,2017,231.500131437504,233.778795233591,1.97347259709432,1.96902000449164,38
1,2018,232.918034971849,235.356050017706,1.95207127200854,1.94736507334309,38
2,2018,234.411829478155,236.761587107661,1.94234877097845,1.93841018458141,38
3,2018,235.690541807301,238.046624635821,1.93550417510827,1.93031281413655,38
4,2018,238.444008829587,240.692871429412,1.94777080979439,1.94337734929669,38
1,2019,240.33643699745,242.76059678044,1.93586039203628,1.93139728069209,38
2,2019,241.880889377526,244.211015670122,1.92778015442262,1.92392837678046,38
3,2019,244.081906658899,246.4374291702,1.93734047752241,1.93237381581945,38
4,2019,250.089846962682,252.346826080511,2.00690405809006,2.00240659196222,38
1,2020,256.435544463141,258.885564265667,2.07367051017274,2.06887351667527,38
2,2020,260.300926404513,264.33720410263,2.08475673495779,2.07621606241471,38
4,2020,384.341641563738,388.556977646075,4.20637942940501,4.59720603898577,38
1,2021,464.872894747319,468.796870623171,10.7906144722193,10.8347386868655,38
2,2021,468.313335509389,471.748958113931,11.2185815310896,11.1792159920499,38
4,2021,475.697738454643,479.057016972617,11.2897037545118,11.2560452683842,38
1,2022,479.150840974721,482.788954045277,11.1613249454293,11.1239952569513,38
2,2022,482.937871822353,486.367573504691,11.1679878480364,11.1323991821177,38
4,2022,488.586349269729,491.951413113992,11.092541930495,11.0602103338422,38
1,2023,490.133828847697,493.747860857449,10.7891583573805,10.7546031221896,38
2,2023,493.490191046428,496.88065674237,10.7585376692436,10.7247524848915,38
3,2023,493.737268579926,497.263089449868,10.5498532573973,10.5194110835898,38
4,2023,495.99864487663,499.307792670879,10.4370624299442,10.4087235743653,38
1,2024,499.516888178772,503.090812767985,10.3181595286601,10.2856227805556,38
3,2024,500.972034910947,504.447692116824,9.94119764437834,9.91355782361597,38
4,2024,503.345827656166,506.611288231116,9.85025126208006,9.82459451987857,38
1,2001,90.5115044289082,92.3798860323082,1.98822318042858,1.96394211693593,39
2,2001,91.7821440780868,93.5647522657741,1.96423320281015,1.94242567168038,39
3,2001,94.6300739253509,96.5039879847055,2.03134874452475,2.01702717650088,39
4,2001,97.451781351827,99.056816584138,2.10399995955465,2.08201122876013,39
1,2002,101.082133666824,103.06312642147,2.08553872422818,2.06472268660767,39
2,2002,104.020703548829,105.964543376294,2.13947370816588,2.12162085479444,39
3,2002,105.113383596331,106.821299911013,2.08769457320652,2.06453770644578,39
1,2003,108.262182802091,110.234348445723,2.02204399742356,2.00489523752074,39
3,2003,110.643292944575,112.39242195212,1.98768017018577,1.97129911004461,39
4,2003,112.128898550854,113.690040044358,1.98969599514397,1.9731946167308,39
1,2004,117.404297206715,119.310289246805,2.05294263728425,2.03388160595234,39
2,2004,118.822336840606,120.612177190765,2.03868429776978,2.02031805644199,39
3,2004,120.341663253073,122.027357065763,2.03970312417696,2.02116848074965,39
4,2004,120.95319737889,122.475146416682,2.01065671603268,1.99289267025247,39
1,2005,125.72150023032,127.608897898853,2.04353517842478,2.02549219446627,39
2,2005,125.867107894755,127.643889344437,1.98318246629225,1.96700219853133,39
3,2005,121.647259331259,123.245011042655,1.79132471347181,1.77726846459549,39
4,2005,124.601523673316,126.013066972706,1.84468362097107,1.82875583103963,39
1,2006,125.612231144518,127.816662468682,1.73841378915502,1.73040499376522,39
2,2006,126.688886590707,128.455256438345,1.74469992917105,1.73439890487691,39
3,2006,126.917331898653,128.65361629926,1.71420531652078,1.70689024229909,39
4,2006,127.200040419551,129.303844511143,1.67698057483472,1.68623888184897,39
1,2007,130.943433798628,132.64513987775,1.6913877309537,1.67828799722515,39
2,2007,132.517890636661,134.235282054816,1.69058612400147,1.68152079587524,39
4,2007,134.293252361962,135.642682270308,1.67340585391124,1.6615336297895,39
1,2008,138.150200980188,139.889868659365,1.67747506770931,1.66660432166406,39
2,2008,139.972436641275,141.605362926488,1.68360280184276,1.67263948483321,39
4,2008,143.353773266052,145.004420689173,1.70489539444234,1.69954119947267,39
1,2009,146.665040364082,149.204097553971,1.69501399378363,1.70381261035731,39
2,2009,152.967391761796,155.416350180669,1.79919604208123,1.80802615420538,39
3,2009,163.997526514437,165.776367664364,1.98933868263869,1.98019109680148,39
4,2009,168.553046978723,170.243634973132,2.11678628042688,2.1058816768636,39
1,2010,170.981854533609,172.928128373316,2.10520153237171,2.09188970460404,39
2,2010,173.42090697134,175.281688524492,2.12042210737085,2.10716061805153,39
3,2010,174.066860918581,175.816338533799,2.09451025181794,2.08209215797287,39
4,2010,175.639094337176,177.319319508901,2.09684761683616,2.08567037197186,39
1,2011,178.638413603404,180.574187109781,2.07654158666994,2.06405057251731,39
2,2011,179.691690909995,181.586339510951,2.05755984283528,2.04698487679047,39
4,2011,185.672415331826,187.922371804532,2.09101784818261,2.08387913995604,39
1,2012,187.907706424478,190.342828581054,2.07902231636623,2.07209385132833,39
2,2012,190.145957984774,192.530520138218,2.08356388669919,2.07882182528753,39
3,2012,192.25034246608,194.624689014459,2.09476778189669,2.08691579124233,39
4,2012,193.145481633445,195.410050084546,2.06411233544899,2.05781933069132,39
1,2013,195.1625732076,197.607869864164,2.04767414117699,2.04169722551702,39
2,2013,197.278390066532,199.658761514752,2.04687249275158,2.04392271200822,39
4,2013,202.69809397228,204.923628958837,2.08809920315249,2.08140259172942,39
1,2014,203.771698693953,206.171649856985,2.04940092579227,2.04344025702727,39
2,2014,205.384845628348,207.681988070993,2.03976013651887,2.03435459679109,39
3,2014,206.928853895001,209.264541293447,2.03737790251244,2.0304004503066,39
4,2014,208.59072612252,210.808561740312,2.02751032398282,2.02166232217694,39
1,2015,212.826532870713,215.568949101781,2.04564443274743,2.0414218548416,39
2,2015,215.259330102634,217.664243115774,2.06439055267062,2.05965070850987,39
3,2015,216.7095350481,219.130752966692,2.05817046454373,2.05200563516447,39
4,2015,217.340747427441,219.642737890623,2.02663012439718,2.02161251499122,39
1,2016,218.982002564592,221.452258703015,2.00708164087715,2.00189208631452,39
2,2016,221.161130274571,223.539991072866,2.00983890336363,2.00535123999987,39
3,2016,221.984003404422,224.386253795402,1.99214692768314,1.98662398739495,39
4,2016,224.999496597832,227.282129781171,2.010643038903,2.0057662374134,39
1,2017,226.775340581956,229.232444976094,1.99455536515475,1.98955405902134,39
2,2017,228.767013041811,231.133559129838,1.99353010147003,1.98925049806551,39
3,2017,229.68807508346,232.074075687372,1.9787903634734,1.9734010026334,39
4,2017,231.51832714089,233.801122573904,1.9735030251213,1.96918058627527,39
1,2018,232.924652150554,235.365460869212,1.95213588663389,1.94750131033313,39
2,2018,234.406734037506,236.757235928287,1.94230875192439,1.93834974137804,39
3,2018,235.687274281582,238.044961797536,1.93550380931189,1.93033115012919,39
4,2018,238.444707146024,240.694129332732,1.94777192303669,1.9433870383813,39
1,2019,240.353346098611,242.776804716809,1.93599309900145,1.93152299281023,39
2,2019,241.884644401194,244.215487724411,1.92781087916652,1.92398116945779,39
3,2019,244.080964019952,246.431029917445,1.93733309417432,1.93228380251797,39
4,2019,250.091013535071,252.344919283098,2.0069062895794,2.00238566510558,39
1,2020,256.43409086028,258.886553980604,2.07365671783406,2.0688664190467,39
2,2020,259.854358438329,263.729970744478,2.07513923357401,2.07317965916403,39
3,2020,279.884802368334,290.023131597445,2.44142398630133,2.55218433363076,39
4,2020,386.934881268661,390.992620443699,4.25671484274199,4.63778018837208,39
1,2021,465.043070070836,468.908604412361,10.7815715877872,10.817467469031,39
2,2021,468.386456568174,471.821274260465,11.2200342827698,11.1803308280986,39
3,2021,473.065520948815,476.693758797252,11.2496496192913,11.2259659417693,39
4,2021,475.690249980598,479.049129309054,11.286965731847,11.2535939829745,39
1,2022,479.163376231544,482.801952619528,11.1621001440723,11.1249977266439,39
2,2022,482.934270438454,486.358076774261,11.1680408184285,11.1317620541027,39
3,2022,487.085261986357,490.665777534453,11.2851515241264,11.251610651573,39
4,2022,488.569398638324,491.939341236621,11.0918404238034,11.0597142524264,39
1,2023,490.130054084792,493.746443165306,10.7889717003675,10.7545625687742,39
2,2023,493.490143401015,496.881791817021,10.7585368887174,10.7248550550264,39
3,2023,493.728691576353,497.254293148259,10.5494746506889,10.5190577420133,39
4,2023,495.997440203809,499.306650063387,10.4370127589968,10.4086910167102,39
1,2024,499.51505673367,503.090440365087,10.3180955554118,10.2856291497546,39
2,2024,503.081545040543,506.43973981598,10.3100680884996,10.2788554156845,39
3,2024,500.977501274443,504.453345617919,9.94123126334417,9.91357753054755,39
4,2024,503.346107643481,506.611548357292,9.85026089312226,9.82460735521267,39
1,2001,90.5165530968359,92.3815074847124,1.98848182717262,1.96401515198433,41
2,2001,91.771128908542,93.54122668858,1.9636926916454,1.94137647465571,41
3,2001,94.5583849606192,96.2592398148101,2.02780536346747,2.00489332581715,41
4,2001,97.4841146062763,99.1260850666683,2.10401723479514,2.08420160102326,41
1,2002,101.06121165096,103.024870526835,2.08436251894556,2.06278427319826,41
2,2002,103.563664559953,105.396414384502,2.11739926836936,2.0944355018836,41
3,2002,105.332344378396,107.036940649328,2.0951907415006,2.07277209122463,41
4,2002,105.418276270742,106.944107079705,2.06780648648692,2.04534490433661,41
1,2003,108.260588621632,110.1842819242,2.02198631916565,2.00272580921361,41
2,2003,108.74604501321,110.615530536425,1.96965976122647,1.95489970331166,41
3,2003,110.654633263903,112.393574886566,1.98892230148903,1.97223731019541,41
4,2003,112.261653408038,113.966050174249,1.98975169801159,1.97949951598917,41
1,2004,117.427788437622,119.337402505195,2.05351393980354,2.03444474098665,41
2,2004,118.90108899812,120.709013525896,2.04028302849786,2.02306581679235,41
3,2004,120.343939895277,122.042970261448,2.03970522393343,2.02155108795106,41
4,2004,120.935049943245,122.431603492391,2.01001593372978,1.99138009385856,41
1,2005,125.714125185277,127.602528541254,2.04351832496242,2.02547078016306,41
2,2005,125.821012231526,127.584122942763,1.98185672087026,1.96507333791691,41
3,2005,121.647259331259,123.228285150035,1.79132471347181,1.77676843669855,41
4,2005,124.590942231118,126.003660801874,1.84468096327761,1.82878595870588,41
1,2006,125.642295597691,127.837390600149,1.73894021379155,1.73040093014459,41
2,2006,126.598798041448,128.23990879271,1.74211152354245,1.72820976695846,41
3,2006,126.906290796594,128.403632485995,1.71389869632692,1.69988836013738,41
4,2006,126.952730083987,128.427986677354,1.67719192206825,1.66837806520233,41
2,2007,132.517890636661,134.212742010702,1.69058612400147,1.68088443970157,41
3,2007,133.363092568605,134.853060403889,1.6784941477725,1.66603463561889,41
4,2007,134.195794383151,135.550944324017,1.67104210272508,1.6594513141323,41
1,2008,138.223223643991,139.962870505932,1.67879937877557,1.66801411781216,41
2,2008,139.963676053121,141.583387374755,1.68337804967837,1.67212896918072,41
4,2008,143.627100661772,145.065691955481,1.70906745240251,1.69896435318534,41
1,2009,146.632284254752,148.933677109725,1.69496272928403,1.69749302221172,41
2,2009,153.076440974119,155.443190113503,1.80336575944009,1.80943737221481,41
3,2009,163.561377145974,165.38072199928,1.97889906736493,1.97127069443239,41
4,2009,168.535389426098,170.31236385567,2.11520105232793,2.10692143312833,41
1,2010,170.963391330867,172.909618325128,2.10488894969015,2.09154029247925,41
2,2010,173.422280714934,175.285013773305,2.12042794638401,2.10724268719684,41
3,2010,174.013761647556,175.756069200725,2.09356530509337,2.08101468187075,41
4,2010,175.477642797718,177.17836299841,2.09247302290299,2.08326595797095,41
1,2011,178.638650153674,180.584032918246,2.07655569851465,2.06428540458637,41
2,2011,179.636583202439,181.475381231962,2.05634527148885,2.04440355221895,41
3,2011,181.877348191144,183.6823442916,2.07416913833307,2.06343327831815,41
4,2011,185.652928059532,187.916214705091,2.09099334297467,2.08403282528031,41
1,2012,187.939155334208,190.408741050808,2.07942460347691,2.07252057531784,41
2,2012,190.220063627669,192.594982076508,2.08437824254344,2.079970020721,41
1,2001,90.5145626220064,92.3809262246882,1.9883533963677,1.96397492153261,42
2,2001,91.8206809646354,93.6261393090388,1.9651222863173,1.94518436977508,42
3,2001,94.6375129586855,96.5083327553987,2.03135700314125,2.01703056504314,42
4,2001,97.4158888951823,99.0843121041959,2.10221244750593,2.08346304656102,42
1,2002,101.08921748673,103.075237301143,2.08510822577188,2.0642786001306,42
2,2002,103.772219753324,105.64057806716,2.12759031915579,2.1061331889014,42
3,2002,105.204996132897,106.918029649951,2.09508007061919,2.07319818791981,42
4,2002,105.418276270742,106.944107079705,2.06780648648692,2.04534490433661,42
1,2003,108.261204166379,110.235831432781,2.02190374874331,2.00499245858677,42
3,2003,110.866012862518,112.523836570557,1.99262854674807,1.97254908003041,42
4,2003,112.315516794103,113.859132967899,1.99351150879223,1.97624555867498,42
1,2004,117.420070548914,119.311613335784,2.05349445972817,2.03393480199609,42
2,2004,118.838150914739,120.625254799271,2.03835162921166,2.01993298821916,42
3,2004,120.319281490247,121.996645048044,2.03885742137031,2.01995610232439,42
4,2004,120.955036708271,122.456209912257,2.0100237802124,1.99160057965866,42
1,2005,125.688902796928,127.582624940629,2.04264725240412,2.02479844959048,42
2,2005,125.825272804731,127.602286813571,1.98187161936886,1.96567465209804,42
4,2005,124.558739128084,125.985632656632,1.84335285239347,1.82797559382047,42
1,2006,125.647573994979,127.842424607567,1.73899686777173,1.73076638012091,42
2,2006,126.662206051267,128.357816928364,1.74368840863488,1.7315288539227,42
1,2007,130.94372773888,132.661308938936,1.6914042586341,1.6787157097164,42
2,2007,132.517890636661,134.212742010702,1.69058612400147,1.68088443970157,42
3,2007,133.316883826056,134.831124310398,1.67846734683348,1.66658840706548,42
4,2007,134.293252361962,135.652846332823,1.67340585391124,1.66174744914144,42
1,2008,138.280090767872,140.077372923312,1.67959460545954,1.67049840015497,42
2,2008,139.996701165797,141.6365480708,1.68399922062976,1.67336621938098,42
3,2008,144.947538666326,146.883147065205,1.76758448987983,1.76628424432166,42
4,2008,143.408201598333,144.878112173428,1.70476220664291,1.69531244878393,42
1,2009,146.759674706896,149.456889371216,1.69742776463842,1.70981129861036,42
2,2009,153.016107456857,155.715762167597,1.80121626051672,1.81600824121454,42
3,2009,165.08925957543,166.855439950958,2.01132318962535,2.00124112389997,42
4,2009,168.679869342619,170.372701598381,2.11952415865038,2.10880820684604,42
1,2010,170.959914979434,172.901305204698,2.10479091203081,2.09129464388675,42
2,2010,173.422280714934,175.293002288199,2.12042794638401,2.107480006377,42
4,2010,175.657666780348,177.335997002078,2.09702527514368,2.08601075577488,42
1,2011,178.637572497284,180.568544797055,2.07652389868741,2.06389498566483,42
2,2011,179.636961260004,181.4746132306,2.05634182275427,2.04436563254337,42
3,2011,181.897605911154,183.676646629588,2.07420201861376,2.06304772905463,42
4,2011,185.680708372582,187.930462545483,2.09105995284487,2.08391509789424,42
2,2012,190.174668814972,192.569431239761,2.0839414888526,2.07969340835793,42
4,2012,193.149479199508,195.40487051716,2.06411710606134,2.05775303780653,42
1,2013,195.1625732076,197.607869864164,2.04767414117699,2.04169722551702,42
1,2014,203.771698693953,206.168831036363,2.04940092579227,2.04337461544283,42
1,2015,212.822647992513,215.564346387978,2.04562260958246,2.04137308560393,42
2,2015,215.254065050191,217.656471682196,2.06433872307351,2.05952630196603,42
3,2015,216.70665898494,219.127949236457,2.05816912114713,2.05200412198531,42
4,2015,217.34214922175,219.645462248581,2.0266329220397,2.02164017114848,42
1,2001,90.5150273528032,92.3745600333028,1.98821426658811,1.96340123131782,48
2,2001,91.7978919350678,93.5728601737179,1.96500227160129,1.9427962330841,48
4,2001,97.5017052478323,99.1959833124953,2.10402653754915,2.0869582117005,48
1,2002,101.189019136557,103.153413553827,2.08612102020115,2.0637705000168,48
2,2002,103.568800884106,105.406501745919,2.11742048640527,2.09478287984906,48
3,2002,104.991871450531,106.684759829826,2.08759009559214,2.06429839326927,48
4,2002,105.428252607714,107.02006438807,2.067633328227,2.04824065631194,48
2,2003,108.739060559511,110.575154736747,1.96942819359183,1.9532545972904,48
4,2003,112.229515624898,113.775458026326,1.99347512168731,1.976221360539,48
2,2004,118.811900284379,120.617643052993,2.03823625033829,2.02054027849679,48
3,2004,120.353043491933,122.066255066823,2.03971363529937,2.02202227365124,48
4,2004,120.931219265877,122.43476699349,2.01001444085777,1.99163104598089,48
2,2005,125.821012231526,127.585449923723,1.98185672087026,1.96513033496085,48
3,2005,121.655747162458,123.200557617327,1.79009514693533,1.77447585352014,48
4,2006,126.952730083987,128.392366950722,1.67719192206825,1.66736585002271,48
2,2007,132.391780057665,134.082840691884,1.68744819551908,1.67760881856719,48
3,2007,133.341494376082,134.85915912376,1.67898421582959,1.66705545046897,48
4,2007,134.358935244586,135.706599749715,1.6735479566241,1.66178612219196,48
2,2008,140.008251872241,141.613490158078,1.68405127372502,1.67237822139663,48
3,2008,143.72077875411,145.466318427804,1.74600534090502,1.73895620414216,48
4,2008,143.407333292231,145.116420530475,1.70498962345249,1.70110357641837,48
3,2009,162.792020447986,164.549078684224,1.96852566070456,1.95910443975552,48
4,2009,168.441651757869,170.16674494003,2.12273067067663,2.11052175759116,48
2,2010,173.40538077402,175.277784793143,2.11999180797907,2.10706701460432,48
3,2010,173.988107380374,175.742394538518,2.092949598885,2.08072937222412,48
4,2010,175.452443322874,177.137931669854,2.09232881223762,2.08238710479814,48
2,2011,179.624817837332,181.466800904981,2.05603742015376,2.04418153391055,48
3,2011,181.907493002219,183.676791266674,2.07421374067933,2.06290919004201,48
4,2011,185.658701070967,187.912982092187,2.0910021057459,2.08390226665118,48
3,2012,192.249378142489,194.615497917102,2.09475437800753,2.08684970678586,48
4,2012,193.149479199508,195.390314420733,2.06411710606134,2.05753436995215,48
2,2013,197.302805249637,199.675181192122,2.0471661294588,2.04410741203856,48
4,2013,202.699746052854,204.924343273113,2.08810127296295,2.08139066794253,48
1,2014,203.774899071726,206.174286632246,2.04942598457243,2.04345596776508,48
2,2014,205.387302081975,207.685864498888,2.03979303741008,2.03442693500354,48
3,2014,206.960781062103,209.301411906981,2.03745209033412,2.03066669557702,48
4,2014,208.609571035057,210.840935739406,2.02755902972476,2.02202016642886,48
1,2015,212.836174686257,215.576696230055,2.04569844302016,2.04147580675657,48
3,2015,216.720964746799,219.144206942736,2.05818968517421,2.05208139401508,48
4,2015,217.34161899859,219.645155930167,2.02663143716467,2.02163719052839,48
1,2016,218.987997456528,221.458414356131,2.00713788885566,2.001959699087,48
2,2016,221.17650261055,223.555148833074,2.00997395690225,2.00546308669321,48
3,2016,221.977828267661,224.372184203762,1.99213602984058,1.98647738738669,48
4,2016,225.000023273482,227.284481068496,2.01064401453777,2.00579995154848,48
1,2017,226.775340581956,229.232920166635,1.99455536515475,1.98954621880944,48
2,2017,228.77161190816,231.138874653016,1.99357367048063,1.98932666109062,48
3,2017,229.709019662885,232.103083035691,1.97881797239257,1.97359145847559,48
4,2017,231.520145942363,233.802406385722,1.97350865707478,1.96918851470459,48
1,2018,232.929653134325,235.369325888825,1.95217802529552,1.94753104389557,48
2,2018,234.410556580631,236.758842203244,1.9423397182631,1.93837387481186,48
3,2018,235.688948622637,238.046064106408,1.93550477183955,1.93033487876445,48
4,2018,238.446061525382,240.696534018075,1.94777391496565,1.94340498119042,48
1,2019,240.385091902261,242.808307205896,1.93625232041061,1.93178259681602,48
2,2019,241.892825937093,244.223548237904,1.92787581748174,1.92405565355408,48
3,2019,244.079143154105,246.428026403178,1.93733009421387,1.93225662938809,48
4,2019,250.08956794047,252.348775110193,2.00690273178954,2.00242864573332,48
1,2020,256.437927408644,258.887263478599,2.07369289058123,2.06888835905059,48
2,2021,468.442361510671,471.870326577286,11.2211145061238,11.1817561173967,48
3,2021,472.815565924127,476.483304373617,11.2475556391455,11.2281135133059,48
4,2021,475.706826980394,479.065596961121,11.2874682675859,11.2539629015019,48
4,2022,488.551475387598,491.91503207108,11.0906080213461,11.0585335913599,48
2,2023,493.491432075032,496.882284021212,10.7586435425596,10.7248897152705,48
3,2023,493.736842009947,497.262719147566,10.5496508207346,10.5192510089858,48
4,2023,495.999010183517,499.308314256332,10.4370262049764,10.4087186603646,48
2,2024,503.081866635893,506.440490268035,10.3100882148004,10.2788982678293,48
3,2024,500.983528835835,504.461320266072,9.94127916612057,9.91361773905825,48
1,2001,90.5145626220064,92.3809262246882,1.9883533963677,1.96397492153261,49
2,2001,91.7978919350678,93.5959946252942,1.96500227160129,1.94381645142172,49
3,2001,94.7058076949825,96.6857035614411,2.03392336372349,2.02521834171675,49
2,2002,103.561360836172,105.407928512989,2.11738976095914,2.09505622276345,49
4,2002,105.440250766479,107.031093772146,2.06763783071893,2.04824340100242,49
4,2003,112.884982880204,115.080071297784,1.99001316410284,2.00159207142556,49
1,2004,117.582493495879,119.541230607841,2.0585255793906,2.04217230784177,49
3,2004,120.368106457663,122.039706745026,2.03878829932645,2.01976955520755,49
1,2005,125.688902796928,127.587829434576,2.04264725240412,2.02497141961621,49
4,2005,124.594501367912,126.007355116353,1.84468188564513,1.82878693251845,49
4,2009,168.617023271622,170.305210742315,2.11945171138575,2.10843205531199,49
2,2011,179.74654270142,181.630456886932,2.05888396275865,2.04802025780062,49
3,2011,181.800645951529,183.561101795661,2.07211354289924,2.06072245406011,49
2,2012,190.133172860449,192.520107157302,2.08342304813378,2.07859841248875,49
1,2013,195.162299152898,197.596032276133,2.04767095577334,2.04160557560707,49
2,2013,197.269060475768,199.64377707674,2.04674983789625,2.04362097737774,49
3,2013,200.340637291823,202.738539030255,2.08016308790362,2.0737737997038,49
4,2014,208.576032755658,210.800353335681,2.02747650014234,2.02159747370974,49
1,2015,212.82152224949,215.56203773869,2.04561488270644,2.04134219563426,49
2,2015,215.257538593568,217.659489938122,2.06437172810255,2.05954868088809,49
3,2015,216.714382622405,219.136507609674,2.0581783255234,2.05203831810406,49
4,2015,217.343577196308,219.64657525124,2.02663578329985,2.02164486574272,49
1,2016,218.984369261959,221.454226633251,2.00709708862422,2.00187992066564,49
2,2016,221.158399202293,223.537130138178,2.00981270228225,2.00531706909559,49
3,2016,222.030705524775,224.434897701156,1.99222284388103,1.98683593214714,49
4,2016,224.999496597832,227.282129781171,2.010643038903,2.0057662374134,49
1,2017,226.774686739853,229.23148079635,1.99454933790515,1.98954012059406,49
2,2017,228.773406909037,231.140149669307,1.99358959439256,1.9893378011175,49
3,2017,229.700546093728,232.096177442666,1.9788041964549,1.97357282738113,49
4,2017,231.513794643028,233.792769508634,1.97349592485875,1.96911364502898,49
1,2018,232.919505347419,235.36213968374,1.95209557291967,1.94747285876281,49
2,2018,234.405826167674,236.755898821308,1.94230033230034,1.9382961293358,49
3,2018,235.687210798839,238.044221120189,1.93550523737006,1.93033569628901,49
4,2018,238.449012971544,240.699085904209,1.94777941387681,1.94341154363382,49
2,2019,241.876336645756,244.210567227625,1.92774538140265,1.92393342681296,49
4,2020,387.900237389893,391.980934098339,4.28493518616089,4.67864194548958,49
1,2021,464.250206519247,468.08927046242,10.7426742206115,10.7716303680103,49
2,2021,468.366991311493,471.834889676867,11.2224990021479,11.1829636232733,49
3,2021,472.784486205398,476.37800223121,11.2452288502272,11.216375484266,49
4,2021,475.712467366844,479.071742447167,11.2871471073532,11.2538785156034,49
1,2022,479.129927501316,482.768181751451,11.1601381618082,11.1226418528392,49
3,2022,487.146390373111,490.725859078467,11.2861058116363,11.2524929759172,49
4,2022,488.616868865636,491.984846665593,11.0937634299348,11.0612781935357,49
1,2023,490.129966478638,493.743928021728,10.7888490686462,10.7543002422335,49
2,2023,493.490110685273,496.881488385186,10.758538298969,10.7248271298693,49
3,2023,493.724077699097,497.25130306167,10.5492526402388,10.5189315324221,49
4,2023,496.001531175454,499.310619494563,10.4370746526294,10.4087392378467,49
1,2024,499.520186035856,503.094057062077,10.3183431936471,10.2858001365707,49
2,2024,503.084264791683,506.442538816415,10.310273113199,10.2790499207138,49
3,2024,500.991264574597,504.46693302282,9.94136827493375,9.91373082162358,49
4,2024,503.345922195031,506.611399147452,9.85025433181568,9.82460071804787,49
1,2001,90.5183816151534,92.3785041449326,1.98848751257624,1.96369779246184,53
2,2001,91.7642830932668,93.5143147591455,1.96330298230006,1.94011853646724,53
3,2001,94.5966984474632,96.3784017656678,2.02948807021112,2.0107324332902,53
4,2001,97.45083200708,99.0752799465622,2.10399835814119,2.08302931142974,53
1,2002,101.04507226936,103.11756856668,2.08323361098014,2.0663080410337,53
2,2002,103.561360836172,105.393443658152,2.11738976095914,2.09437320548181,53
3,2002,104.75271395832,106.466275865428,2.09074264200967,2.06882394131921,53
4,2002,105.419324820181,107.012112882223,2.06762998330291,2.04823869523979,53
1,2003,108.261483680422,110.172218941644,2.02198816593362,2.00228321899513,53
2,2003,108.747627628498,110.615089652349,1.96946021630997,1.95480640354441,53
3,2003,110.660644853777,112.46165579074,1.98769492051054,1.97321186278186,53
4,2003,112.27043235151,113.835958545514,1.99349243306687,1.97713038887288,53
1,2004,117.405157741682,119.298315400252,2.05304138726642,2.03354755154752,53
1,2001,90.5104923864926,92.3715720754166,1.98822004042169,1.96351541002476,54
2,2001,91.7779182188467,93.5356691433207,1.96372836592301,1.94102930874269,54
3,2001,94.6311396879923,96.4842117072769,2.03134990902651,2.01557385054099,54
4,2001,97.5017052478323,99.0999486330336,2.10402653754915,2.08202647743192,54
1,2002,101.039407330173,103.036052506412,2.083720050627,2.06379530469825,54
2,2002,103.632792863937,105.478299352436,2.12062381774086,2.09828444217998,54
3,2002,104.987005711319,106.725644191312,2.09489070162637,2.07436655264193,54
4,2002,105.458435897737,107.136997370463,2.06764487133212,2.05159687570057,54
1,2003,108.257861218889,110.232454708487,2.02186963135959,2.00474514146598,54
2,2003,108.767804660222,110.591827553355,1.97011839180041,1.95368929662633,54
3,2003,111.06145669171,112.759665433237,1.99107146698054,1.97205438004901,54
4,2003,112.31424078112,113.980748084316,1.98977376135734,1.97800792550028,54
1,2004,117.420070548914,119.31366393355,2.05349445972817,2.0339670529669,54
2,2004,118.839426375126,120.627542989886,2.03931089531803,2.02085090699401,54
3,2004,120.431181386004,122.125224353449,2.03978584776343,2.02123155168326,54
4,2004,120.942989090934,122.440451270174,2.01001905292471,1.99143140749362,54
1,2005,125.726659833103,127.618109255364,2.04395610385445,2.02608588989171,54
2,2005,125.896550201324,127.702162767121,1.98459369628552,1.96918288361516,54
3,2005,121.733891152549,123.301572526424,1.79048122688055,1.7753850424722,54
4,2005,124.706636448304,126.178157304651,1.84843721631857,1.83431031969073,54
1,2006,125.620479072315,127.81789625399,1.73855787788296,1.7303878423247,54
2,2006,126.695242809267,128.432580298069,1.74471453979695,1.7337417482059,54
3,2006,126.929776516107,128.48390465027,1.71348005174647,1.70086680408098,54
4,2006,127.318419351393,129.198821147413,1.67590198173632,1.67909424699006,54
1,2007,130.955977556866,132.685514343724,1.69173107269593,1.67937203182377,54
2,2007,132.83840285335,134.568032514711,1.69480609848066,1.68709269944364,54
3,2007,133.562379128292,135.049588196423,1.67827086147869,1.66554098586178,54
4,2007,134.202232427639,135.681964460961,1.6708272729565,1.66220122230132,54
1,2008,138.317363262497,140.107060437494,1.68042679000225,1.6711290643519,54
2,2008,140.036161235403,141.669322382469,1.68354572085408,1.67307216561765,54
3,2008,144.856708484667,146.723152666537,1.76250587123564,1.75964710511246,54
4,2008,143.468431858188,144.910395935458,1.70615075586812,1.6960207423296,54
2,2009,153.110868489567,155.61924903832,1.80347978110795,1.81355834733058,54
3,2009,164.993071477916,166.723060276151,2.01124885377552,1.99973510668782,54
4,2009,168.439041704022,170.12329620669,2.11923383942059,2.10756332618813,54
1,2010,170.970493159381,172.914383597965,2.10501821970598,2.09162086529437,54
2,2010,173.441060790381,175.305273748278,2.1209487654738,2.10777517717641,54
3,2010,174.046593624379,175.833734347328,2.09449651873301,2.08292252215715,54
4,2010,175.415010266217,177.123595978648,2.09197698522467,2.08301995306486,54
2,2011,179.66858409807,181.539642111661,2.05705236250557,2.04589226385805,54
3,2011,181.786239241169,183.537875371232,2.07207771653141,2.06057732667636,54
4,2011,185.669795602145,187.919389106427,2.09103446677728,2.08390117511356,54
1,2012,187.941404403471,190.402889389814,2.07930673791728,2.07233267854971,54
2,2012,190.164912675718,192.534370826219,2.08380250186245,2.07898318646705,54
3,2012,192.258909382943,194.627761148136,2.09477150486507,2.08684364715095,54
2,2013,197.285996773458,199.67264039281,2.04695975207715,2.04420941738685,54
3,2013,200.34727677218,202.764606796632,2.08013419836217,2.07405798167458,54
4,2013,202.707644847291,204.931883847972,2.08812499208461,2.08142754965628,54
4,2014,208.613174495231,210.850564112535,2.0275729165034,2.02215733199246,54
1,2015,212.82995933704,215.568482032954,2.04566470629695,2.0413936280313,54
2,2015,215.250000722228,217.653256091215,2.06429855289772,2.05947873982182,54
3,2015,216.705841059237,219.125951262911,2.05817260424693,2.05199039652353,54
4,2015,217.341311233019,219.643135250176,2.0266309652086,2.02161455401669,54
1,2016,218.987297461774,221.460697273617,2.00711343705842,2.00201389428287,54
2,2016,221.158775148436,223.54109381454,2.00981394007843,2.00538076489247,54
3,2016,222.004402433645,224.395545990021,1.99218672075,1.9865309473437,54
4,2016,224.998934293292,227.28631674772,2.01064187759869,2.00581609520986,54
1,2017,226.777071767876,229.233902233891,1.99457121316425,1.9895650693772,54
2,2017,228.770315085005,231.135862245898,1.99355987046432,1.98927187071284,54
2,2018,234.406734037506,236.755171908441,1.94230875192439,1.93832619969092,54
3,2018,235.685569708008,238.043142036016,1.93550373964775,1.93033163718031,54
1,2019,240.375845670106,242.799355158676,1.93619551502238,1.93174078580227,54
1,2001,90.5198008656037,92.4384149374001,1.98859120922909,1.96689779088083,55
1,2001,90.5119307666144,92.3754437904836,1.98828563434175,1.96368571554577,56
2,2001,91.771128908542,93.5274891069278,1.9636926916454,1.94075961333869,56
3,2001,94.5563349824114,96.243990897994,2.02780309071543,2.0043138556969,56
1,2002,101.150944239133,103.102124415375,2.08781626331167,2.0653976909313,56
2,2002,103.695657190548,105.541485016547,2.12399344167037,2.1013903484131,56
3,2002,105.748683302398,107.521295035026,2.10519821773295,2.08674822592383,56
4,2002,105.482982824375,107.020695364033,2.07073269373579,2.04866119675301,56
1,2003,108.260588621632,110.164367968749,2.02198631916565,2.00190451632156,56
2,2003,108.74604501321,110.548982599234,1.96965976122647,1.9521365130716,56
3,2003,110.755634867172,112.419076761737,1.99081015442017,1.97103947347146,56
4,2003,112.213233910549,113.851086859893,1.98973137308706,1.97659985982012,56
1,2004,117.402643373298,119.301357701117,2.05293847131971,2.03366868420953,56
2,2004,118.811900284379,120.604823036707,2.03823625033829,2.02004008791307,56
3,2004,120.339008656044,122.026619104074,2.0397006584541,2.0211679809083,56
4,2004,120.955036708271,122.456209912257,2.0100237802124,1.99160057965866,56
1,2005,125.695244791637,127.586625223641,2.04286386510709,2.02492725593969,56
2,2005,125.788796556993,127.556385556996,1.98072369607323,1.96410605704811,56
4,2005,124.612009146921,126.023538652211,1.84468491359276,1.82875759990167,56
1,2006,125.630500767436,127.823217690422,1.73873334448619,1.7302920848078,56
2,2006,126.655002585175,128.315620225822,1.74367187357363,1.73036570356272,56
3,2006,126.916131657252,128.618237027242,1.71420469539051,1.7058503998706,56
4,2006,127.172934097355,128.99160400956,1.67586822722107,1.67712415787278,56
1,2007,130.948358694203,132.671502298298,1.69152888102672,1.67899260588491,56
2,2007,132.581185507293,134.304682053953,1.69237688123015,1.68340433076223,56
3,2007,133.357496111314,134.87338452081,1.67832478263011,1.66628711361796,56
1,2008,138.192913496835,139.924323681062,1.67811223584002,1.66710023376146,56
3,2008,144.307322865002,145.976274765946,1.75339327982867,1.7450910345697,56
4,2008,143.346171415925,144.966631787132,1.70486893915134,1.69881044335941,56
1,2009,146.552157070721,148.63635778413,1.69330535778723,1.69031473897022,56
2,2009,153.191971632017,155.309010808241,1.80581199269958,1.8057794575454,56
1,2010,170.977393825738,172.955568864193,2.1051968303096,2.09276225767717,56
2,2010,173.420908535084,175.282509363751,2.12041622877689,2.10717885149458,56
4,2010,175.712340264163,177.399239895053,2.09738513719113,2.08753400385557,56
1,2011,178.638787963359,180.583399705949,2.07655607949273,2.06428753671989,56
2,2011,179.662933560074,181.509767055288,2.05694853612253,2.04518963716214,56
3,2011,181.897605911154,183.676646629588,2.07420201861376,2.06304772905463,56
4,2011,185.653084754891,187.911789268913,2.0909909749478,2.08398435931774,56
3,2012,192.253695260782,194.637758678979,2.09475474685505,2.08710015233144,56
4,2012,193.188480470952,195.439998340553,2.064208029293,2.05798172314974,56
3,2013,200.496601348752,202.90845609367,2.08023038657207,2.07415311699785,56
2,2014,205.38657354399,207.683384420086,2.03977014488415,2.03436046403546,56
3,2017,229.68807508346,232.071218121564,1.9787903634734,1.973363161602,56
4,2017,231.50664198269,233.779400096128,1.97348441202136,1.96900488435607,56
1,2018,232.916886064629,235.361805260295,1.95207122164533,1.9474559694652,56
2,2018,234.407633155421,236.761931426659,1.94230369764016,1.93837100662714,56
3,2018,235.687210798839,238.0489472678,1.93550523737006,1.9303918836257,56
4,2018,238.447041597934,240.697343976543,1.94777590290705,1.94340756118189,56
1,2019,240.368838620619,242.792965892677,1.93613029372849,1.93169655379027,56
2,2019,241.888050091487,244.218466951884,1.9278321732313,1.9239959915282,56
3,2019,244.076249008381,246.428228750364,1.93733131679615,1.9323017913009,56
4,2019,250.089016837213,252.344895617084,2.00690246835403,2.00241309805958,56
1,2020,256.435544463141,258.884802886284,2.07367051017274,2.06886028704291,56
2,2020,263.41389262032,271.889844945987,2.09370619398857,2.10118088414615,56
3,2020,279.996194051996,289.739415853079,2.44157846296335,2.54789912185897,56
4,2020,387.462832957258,391.29054395982,4.28397865320194,4.63110968871453,56
1,2021,463.324797306246,467.334466973354,10.7482059152001,10.7964770859338,56
2,2021,468.090534690285,471.525998833288,11.2120786694245,11.1763453194873,56
3,2021,474.065404692704,477.719053337753,11.2634677160772,11.2439533384791,56
4,2021,475.58413370789,478.946668115642,11.2906589729369,11.2567033623434,56
1,2022,479.07256353777,482.710576848949,11.1584648762,11.1211736851896,56
2,2022,482.952293602927,486.380161777603,11.1685623687356,11.1322007381102,56
3,2022,487.09596706828,490.677728860679,11.2864556048073,11.2528592941821,56
4,2022,488.525326734519,491.878810557415,11.0890021002236,11.05701156744,56
2,2023,493.49358016836,496.886060502429,10.7585208967702,10.7249972592006,56
3,2023,493.742153632336,497.267839671151,10.5497249246091,10.5193055636114,56
4,2023,495.999010183517,499.30816235371,10.4370262049764,10.4087049356827,56
1,2024,499.528895995068,503.103103583669,10.3185146551051,10.2859288315045,56
2,2024,503.084264791683,506.442538816415,10.310273113199,10.2790499207138,56
3,2024,500.977196914616,504.452895124219,9.94125539774709,9.91361167040955,56
4,2024,503.350070028296,506.615439752013,9.85044118604341,9.82475592533333,56
1,2001,90.5240555234503,92.4414247506642,1.98892675956362,1.96700574525269,59
2,2001,91.8591342829235,93.7267706132067,1.96730724676006,1.95036442518662,59
3,2001,94.6300739253509,96.5357840374764,2.03134874452475,2.01859709508545,59
1,2002,101.08921748673,103.107293869465,2.08510822577188,2.06564403403398,59
3,2002,105.748683302398,107.504979792887,2.10519821773295,2.08579297738871,59
4,2002,105.414542526982,106.940674194512,2.06780502539908,2.04534399382907,59
1,2003,108.257861218889,110.201905974649,2.02186963135959,2.00347611127082,59
2,2003,108.884388669913,110.713580072422,1.97017746358248,1.95505619151772,59
3,2003,110.643292944575,112.39242195212,1.98768017018577,1.97129911004461,59
4,2003,112.928256943242,114.868919372157,1.9888869282391,1.98976369574909,59
1,2004,117.420070548914,119.316853566186,2.05349445972817,2.03406673715406,59
2,2004,118.83791784839,120.625489527295,2.03930426010759,2.02084252672117,59
4,2004,120.948544089983,122.469724367351,2.01065485396184,1.99289114248975,59
1,2005,125.688902796928,127.587829434576,2.04264725240412,2.02497141961621,59
2,2005,125.790138400249,127.553575520663,1.98072837836655,1.96399664573818,59
3,2005,121.785100255394,123.475707406471,1.79480938667178,1.78333862933534,59
4,2005,124.552411340375,125.979787310826,1.84335256540816,1.82797468568277,59
1,2006,125.635957410949,127.838149067099,1.73868763631038,1.730676021041,59
2,2006,126.651661673964,128.419192606433,1.74366420770633,1.73327774409531,59
3,2006,126.951069831893,128.579137972083,1.71349106298388,1.70276871369843,59
4,2006,127.243271803453,129.277603766707,1.67588455352303,1.68333275115386,59
1,2007,130.962514379256,132.686914422977,1.69174020338724,1.67911969260045,59
2,2007,132.517890636661,134.175243694251,1.69058612400147,1.67980085634946,59
3,2007,133.372895205307,134.931251673777,1.67899683633903,1.66794673644556,59
4,2007,134.357475378554,135.712876128706,1.67333544715358,1.66165161735081,59
1,2008,138.245828577012,139.981946726986,1.67883292452604,1.66803144416984,59
2,2008,139.987615584878,141.673518932939,1.68397980805034,1.67420254747921,59
3,2008,145.707732863892,147.991595786627,1.77944426332656,1.78797338767515,59
4,2008,143.350225768269,145.026548644588,1.70487832510683,1.69912762251295,59
4,2009,169.023925721417,170.799564594426,2.13381333783283,2.12082556144652,59
1,2010,170.974792331668,172.916127067337,2.1050318836694,2.09149854386447,59
2,2010,173.529202142033,175.419056499078,2.12318634875344,2.11071144946851,59
1,2011,178.638413603404,180.570886340526,2.07654158666994,2.06394860848546,59
2,2014,205.38530719187,207.68695569125,2.03977407241508,2.03445192425881,59
3,2014,206.960781062103,209.305534482238,2.03745209033412,2.03075077194868,59
4,2014,208.603181204218,210.843286662837,2.02754443476422,2.02212158524127,59
2,2015,215.255333026852,217.658833642807,2.06434059534054,2.05955129002475,59
4,2017,231.515067059192,233.784121529669,1.97349888855047,1.96898577824326,59
1,2018,232.924188074648,235.363571642305,1.95210026055523,1.94742621462615,59
2,2018,234.405691230596,236.752329918867,1.94229878393072,1.93828559785274,59
1,2001,90.5145626220064,92.4028141938216,1.9883533963677,1.96510174577626,61
2,2001,91.7670969796615,93.5254542123894,1.96339267783234,1.94066938118282,61
3,2001,94.5966984474632,96.3784017656678,2.02948807021112,2.0107324332902,61
4,2001,97.4564386943048,99.0172468160957,2.10400236987148,2.07981655553299,61
1,2002,101.053025518073,103.091227950826,2.0843421769698,2.06623248823785,61
3,2002,105.216293113529,106.910712175983,2.09114305113637,2.06781014770614,61
4,2002,105.410680360525,106.986375751654,2.06762677367151,2.04738804031227,61
1,2003,108.260588621632,110.241751992485,2.02198631916565,2.00510311757301,61
4,2003,112.390930813011,114.301738355858,1.98866220128697,1.98738155782957,61
1,2004,117.429422908545,119.357471981438,2.05383689445407,2.03548395430057,61
2,2004,118.894763228454,120.692454577155,2.04110467641821,2.02316774363406,61
4,2004,120.944378056295,122.446753601685,2.01001963860746,1.99163424718104,61
1,2005,125.714125185277,127.621492726707,2.04351832496242,2.0260655477269,61
4,2005,124.590942231118,126.003660801874,1.84468096327761,1.82878595870588,61
1,2006,125.60575750332,127.7983419475,1.73830107660991,1.72987881627246,61
2,2006,126.799893058606,128.515893684294,1.74732353705116,1.73587626851975,61
3,2006,126.917331898653,128.523538009488,1.71420531652078,1.70325148870152,61
4,2006,126.939681733183,128.588449077579,1.67581411308847,1.67195924606804,61
1,2007,130.951559118467,132.65841471672,1.69153335460159,1.67860314241532,61
2,2007,132.566170566856,134.252640823528,1.69233898154282,1.6821673817692,61
3,2007,133.336477050637,134.851001644207,1.67831115375468,1.6662789871371,61
4,2007,134.314562689219,135.703703841507,1.67336678929452,1.66242008202055,61
1,2008,138.280090767872,140.040283783301,1.67959460545954,1.66947509111953,61
2,2008,139.963676053121,141.593822601238,1.68337804967837,1.67237602383275,61
3,2008,144.251003886285,145.953905221159,1.75335392785902,1.74588199498894,61
4,2009,168.515340505652,170.472557070979,2.11529798537346,2.11017052622664,61
4,2014,208.603181204218,210.8358898028,2.02754443476422,2.0220022228706,61
3,2015,216.713033098111,219.137587553139,2.05817200710022,2.05206045523836,61
4,2015,217.34161899859,219.647576325209,2.02663143716467,2.02166518705508,61
3,2016,221.98770291482,224.380176407102,1.99215543803203,1.98650206662372,61
4,2016,225.000023273482,227.289322595997,2.01064401453777,2.00585519143973,61
3,2017,229.686149630985,232.069445916363,1.97878888178504,1.97336122349668,61
4,2017,231.50989959039,233.785528656429,1.97348971909255,1.9690550805809,61
3,2018,235.687274281582,238.044961797536,1.93550380931189,1.93033115012919,61
4,2018,238.446061525382,240.696534018075,1.94777391496565,1.94340498119042,61
3,2019,244.07691631085,246.426186416116,1.93733073405046,1.93226625205177,61
4,2019,250.089271200603,252.347781595049,2.00690207886929,2.00243305436901,61
3,2020,279.855270172986,290.269446316955,2.44117337213022,2.55110980360199,61
3,2021,473.17830087257,476.780456429628,11.2501847649938,11.2229215909859,61
4,2021,475.678785554608,479.037719172639,11.2895974801328,11.2560457025324,61
4,2022,488.588996575633,491.969143255771,11.0936597284404,11.061538165446,61
4,2023,495.999010183517,499.308314256332,10.4370262049764,10.4087186603646,61
4,2024,503.345922195031,506.611630414121,9.85025433181568,9.82461511906575,61
1,2001,90.5119307666144,92.3802308800557,1.98828563434175,1.9639107918146,68
3,2001,94.5966984474632,96.3784017656678,2.02948807021112,2.0107324332902,68
4,2001,97.4600573121103,99.0818672445362,2.10400446772486,2.08303159160099,68
2,2002,103.626596137879,105.464917620392,2.1205981149461,2.0977708193225,68
4,2002,105.549122124564,107.076223016242,2.07075807109617,2.04828751994374,68
1,2003,108.26284485237,110.201733920397,2.02199100047968,2.00323343772666,68
2,2003,108.795076072542,110.603292321538,1.97148977487463,1.95424129087889,68
4,2003,112.531783108694,114.048516911956,1.99991915941171,1.98128123289911,68
1,2004,117.440819707119,119.334288978669,2.05425851402356,2.03470173037556,68
2,2004,118.912751420844,120.706561951501,2.04218208491715,2.02394774558401,68
4,2004,121.161405053202,122.823112061057,2.01595927049304,2.00369370333733,68
1,2005,125.762694059488,127.659327933734,2.04403850302228,2.02605391710477,68
2,2005,125.856488612272,127.622096876017,1.98314526464845,1.96642410636057,68
4,2005,124.612009146921,126.025687257844,1.84468491359276,1.82884270695347,68
1,2006,125.624574498326,127.8182611994,1.73859890524445,1.73012369600062,68
2,2006,126.65218332587,128.308713208669,1.74366541471349,1.73011119297212,68
4,2006,127.107406235203,128.864609287942,1.67585090426356,1.67528510693984,68
1,2007,130.942085948444,132.645101792256,1.69135720395094,1.67829220216781,68
2,2007,132.431409906236,134.079259287526,1.68888445756098,1.67764770260403,68
4,2007,134.301791236266,135.643871538477,1.67346955035633,1.66146873634815,68
4,2008,144.094313783052,145.554647260077,1.72030252804028,1.70959394620417,68
1,2009,146.552157070721,148.598413769416,1.69330535778723,1.68945160661631,68
4,2009,168.381919402285,170.159433298076,2.11467290529814,2.10585865063213,68
1,2010,170.974684049597,172.978067524242,2.10519355063626,2.09340711636781,68
2,2010,173.422280714934,175.293002288199,2.12042794638401,2.107480006377,68
4,2010,176.182681224357,177.969336129709,2.10915612895471,2.09693841965306,68
2,2013,197.323630805766,199.717530497473,2.04743278958192,2.04499134096402,68
3,2013,200.360765073827,202.796380805449,2.08014362435741,2.07441822855189,68
4,2013,202.705891716736,204.930125048098,2.08809934471373,2.08139230473216,68
1,2014,203.783591362969,206.186477719122,2.04953382885146,2.04367189686503,68
2,2014,205.388683693101,207.688481654274,2.03980345330233,2.03447036262419,68
3,2014,206.95510673105,209.297410624966,2.0374263973675,2.03064312156707,68
4,2014,208.609571035057,210.840935739406,2.02755902972476,2.02202016642886,68
1,2015,212.832429592401,215.574006324012,2.04566726461721,2.04144500260826,68
2,2015,215.257538593568,217.66019391973,2.06437172810255,2.05957318092556,68
4,2015,217.34161899859,219.645155930167,2.02663143716467,2.02163719052839,68
1,2016,218.990743685439,221.463182659211,2.00715622104574,2.00204395950723,68
2,2016,221.165057901452,223.545035494342,2.00987451124194,2.00542499050214,68
3,2016,221.98770291482,224.378343555767,1.99215543803203,1.98646935809189,68
4,2016,224.999168399333,227.283925159443,2.01064247991938,2.00579646732048,68
1,2017,226.776017323353,229.233028745043,1.99455899600763,1.98955663820857,68
4,2017,231.632687229179,233.903543042723,1.97368524131151,1.96930090694232,68
1,2018,232.924652150554,235.365460869212,1.95213588663389,1.94750131033313,68
2,2018,234.409054621064,236.756363658651,1.94232767219597,1.9383405025407,68
3,2018,235.720808526106,238.081058501766,1.93550657844584,1.9303568701674,68
4,2018,238.449012971544,240.700790184935,1.94777941387681,1.9434346670853,68
1,2019,240.382546570479,242.805828533236,1.93623779620486,1.931771868318,68
2,2019,241.886997958342,244.217403583118,1.92782952959529,1.92399364804002,68
3,2019,244.076249008381,246.425944231281,1.93733131679615,1.93227343470971,68
1,2020,256.436490500307,258.886313547678,2.07367606119232,2.06887711287425,68
3,2020,279.774570351955,290.455613703037,2.44113265983988,2.54703512606559,68
4,2020,385.421699912368,389.470863798633,4.23075105757513,4.6021602783859,68
1,2021,465.286851604935,469.17481353426,10.7956115823129,10.8360976286671,68
2,2021,468.400652894975,471.84227238087,11.2205550924922,11.1805638655706,68
4,2021,475.672458091974,479.031272255765,11.2874040702646,11.2539954546433,68
1,2022,479.148227292077,482.786333488568,11.1610413267034,11.123629430736,68
2,2022,482.950245217594,486.388184348932,11.1681976667878,11.1322733998615,68
3,2022,487.128595962859,490.710615409758,11.2861136019386,11.2527162863439,68
4,2022,488.582568844764,491.950902425104,11.0925115297351,11.0602442007496,68
1,2023,490.137316516947,493.756538241561,10.7893201002534,10.7552526721645,68
2,2023,493.489820586647,496.880898567487,10.7585083101383,10.7247834332343,68
3,2023,493.727806878289,497.253818333023,10.5494018552505,10.5190125621718,68
4,2023,495.997635391012,499.307079525542,10.4370123675073,10.4087019656618,68
2,2024,503.082100583062,506.440972622583,10.3101125395666,10.2789500573698,68
3,2024,500.991264574597,504.467029388595,9.94136827493375,9.91371561710377,68
4,2024,503.347196030212,506.612765468874,9.85028841857206,9.82465251338878,68
1,2001,90.5119307666144,92.3722021191688,1.98828563434175,1.96353602756675,70
2,2001,91.8526020389516,93.6319693616925,1.9661802036364,1.94492044061245,70
2,2002,103.563664559953,105.408273849031,2.11739926836936,2.09505679756987,70
4,2002,105.458939593282,107.01616721824,2.06782164179504,2.04690258219946,70
1,2003,108.261204166379,110.192212157135,2.02190374874331,2.00312438698241,70
1,2004,117.41065712922,119.307318950678,2.0532259399881,2.03389711550564,70
2,2004,118.844939291069,120.633833603788,2.03933515769287,2.02086284576437,70
3,2004,120.326208380119,122.011771015362,2.03886381971605,2.02022575559301,70
1,2005,125.790474571397,127.683280530551,2.04369283444594,2.02555704716612,70
2,2005,125.911069833789,127.695531255816,1.98333658017281,1.96773813694503,70
3,2005,121.659667507822,123.216679555514,1.79133133862404,1.77604328539309,70
4,2005,124.594213462235,126.006684459167,1.84468160671563,1.82878608231002,70
1,2006,125.638081146167,127.830788395542,1.73888579068842,1.7304500100662,70
2,2006,126.773874734997,128.499098645648,1.74600175909257,1.73504699560919,70
3,2006,126.939759376601,128.583879079256,1.71421690302244,1.70404201363867,70
4,2006,127.052043877171,128.563158068623,1.67721514667783,1.66952571864926,70
1,2007,130.96103770659,132.667722826532,1.6916854806793,1.67876768428598,70
2,2007,132.346228047014,133.970266056765,1.68614512000688,1.67441825190427,70
1,2008,138.223223643991,139.939876746014,1.67879937877557,1.66736279304295,70
3,2008,145.067970850913,147.187871820192,1.77310988515388,1.77636527307853,70
4,2008,143.419258533906,144.878224567528,1.70639878699854,1.69700631362896,70
1,2009,146.931793139653,149.708200010406,1.70006975732837,1.7153110710083,70
2,2009,152.674058041812,155.304800850022,1.79342313516376,1.80579583947799,70
3,2009,163.403532397241,165.10654672759,1.9888661792741,1.97661355247525,70
4,2009,168.679869342619,170.367565953034,2.11952415865038,2.10847104533447,70
1,2010,170.976162517557,172.913274829282,2.10521543180498,2.09160874309952,70
2,2010,173.567784400574,175.458006554689,2.12414410948862,2.11168198981725,70
4,2010,175.712340264163,177.3940474812,2.09738513719113,2.08714684161599,70
1,2011,178.638013669737,180.564446886671,2.07654112190873,2.06380261490452,70
2,2011,179.691690909995,181.545296757197,2.05755984283528,2.04597684091544,70
1,2020,256.434800298,258.884507438787,2.0736609619492,2.06885392168982,70
1,2021,462.111746814309,466.311140550633,10.7232366730217,10.7859065607728,70
1,2001,90.5344846144424,92.3931299513861,1.98895920637342,1.96412540695401,73
2,2001,91.7974379796845,93.5481323956581,1.96499987119296,1.94177536165109,73
1,2002,101.222638797945,103.164461764549,2.09262151218101,2.07044402358392,73
2,2003,108.918063477859,110.869194080449,1.97030360113465,1.9613634301311,73
3,2003,111.198690204748,112.86286331308,1.99999413771879,1.97979325895603,73
2,2007,132.599648667171,134.208054878793,1.68930715502747,1.67712402495412,73
4,2015,217.341405213026,219.645760290386,2.02662976647129,2.02162876551231,73
1,2016,218.987997456528,221.458414356131,2.00713788885566,2.001959699087,73
2,2016,221.158399202293,223.537776904406,2.00981270228225,2.00533333850318,73
1,2020,256.441293847728,258.890273757546,2.07371104546106,2.06888929259332,73
2,2020,259.811119030692,263.047200799267,2.08014201220137,2.07207615691742,73
3,2020,278.999770049147,288.12591558243,2.44100062584418,2.52870111007036,73
1,2021,464.012562733323,467.809082925421,10.7405258554103,10.7602098733321,73
2,2021,468.320248631024,471.766143476994,11.2182120300453,11.1786507786136,73
3,2021,472.809899260414,476.436750724356,11.2468864837096,11.2225746526117,73
4,2021,475.654139139444,479.024459752072,11.2939168819742,11.2596885129225,73
1,2022,479.149262487939,482.787431334244,11.1614988634208,11.124216787447,73
2,2022,482.933621373589,486.367286863425,11.1680647108681,11.1324725263093,73
1,2001,90.5198008656037,92.3782730955442,1.98859120922909,1.96375218460356,82
2,2003,108.74604501321,110.5370158914,1.96965976122647,1.95162654708344,82
3,2003,110.600439070864,112.351812634839,1.98698159055028,1.97091583217128,82
4,2003,112.213233910549,113.821435116132,1.98973137308706,1.97534599315022,82
1,2004,117.409721032774,119.319016010349,2.05322358182287,2.03437163168725,82
2,2004,118.811159746475,120.601602882589,2.03823299344589,2.01991901304138,82
3,2004,120.341663253073,122.012652795252,2.03970312417696,2.02055167382363,82
4,2004,121.044311863114,122.607226346094,2.01005885820141,1.99420404798295,82
1,2005,125.682421427362,127.56921506744,2.04243536991643,2.0243816109797,82
2,2005,125.763882356943,127.53914954591,1.97976050096228,1.96350852960151,82
3,2005,121.835071903088,123.519936495092,1.79735435536718,1.78616286999365,82
1,2006,125.642295597691,127.84302526475,1.73894021379155,1.73094850794092,82
2,2006,126.598798041448,128.284466875713,1.74211152354245,1.72941330422783,82
3,2006,126.999710655247,128.506257629588,1.71490854692277,1.70103483339778,82
4,2006,127.237087928228,129.003125514012,1.67725836432972,1.67701906669107,82
1,2007,130.996564053693,132.714264658017,1.69239093357114,1.67982682254923,82
2,2007,132.650685852097,134.356899031092,1.69433010319765,1.68479221781308,82
3,2007,133.320875620672,134.834066180372,1.67830569442298,1.66627613972179,82
4,2007,134.314562689219,135.685690994701,1.67336678929452,1.66200749214494,82
1,2008,138.317363262497,140.071668272132,1.68042679000225,1.67014017658998,82
2,2008,139.989608397338,141.610503979058,1.68398465398422,1.67278785947107,82
3,2008,144.637734507057,146.282364347048,1.75776921598005,1.74887747725657,82
4,2008,143.3436953293,144.936239769749,1.70484496677959,1.69813828344419,82
1,2009,146.819024130955,149.733837054639,1.69825215382172,1.71629624027678,82
2,2009,153.016107456857,155.137734877705,1.80121626051672,1.80136557928057,82
3,2009,165.269884835412,167.002251679238,2.022489442907,2.00929986015919,82
4,2009,168.329184580917,170.0191636809,2.1190920696727,2.10720459684073,82
1,2010,170.963391330867,172.900420398759,2.10488894969015,2.09128354665788,82
2,2010,173.463712600501,175.334586600495,2.12160366755467,2.10854423709679,82
4,2010,175.696480829032,177.378586121802,2.09729448658548,2.08708964506346,82
2,2011,179.629220820404,181.468696846235,2.05613737435162,2.04420250002,82
3,2011,181.907493002219,183.669254361848,2.07421374067933,2.06279661569133,82
4,2011,185.680708372582,187.931353840463,2.09105995284487,2.08389870530498,82
1,2012,188.060430026903,190.550340341843,2.08097679370465,2.07359100442249,82
2,2012,190.136119432576,192.528540283512,2.08344777139109,2.07875911677315,82
4,2012,193.148038882291,195.391800789114,2.06411341314493,2.05750878006742,82
1,2013,195.162299152898,197.601837522867,2.04767095577334,2.04168189224532,82
2,2013,197.312938792299,199.673082353728,2.04729803015902,2.04396464319645,82
3,2013,200.340637291823,202.724552751605,2.08016308790362,2.0734909497902,82
4,2013,202.697151587978,204.92652054895,2.08809784824591,2.08145979624373,82
1,2014,203.761118031995,206.153708443648,2.04925579971497,2.04308108672305,82
2,2014,205.385072197983,207.682137560761,2.03977039729926,2.03433433966048,82
4,2014,208.59072612252,210.808561740312,2.02751032398282,2.02166232217694,82
1,2015,212.822647835565,215.560281371059,2.04561926295936,2.04131157563699,82
2,2015,215.250575431813,217.652319910439,2.0643022405626,2.05946286014637,82
3,2015,216.701439134725,219.12137125538,2.05816492115387,2.05197172301106,82
1,2016,218.973158024926,221.443167310937,2.00699876158758,2.00179197766369,82
1,2017,226.776611110965,229.233471821466,1.99456672108744,1.9895543559799,82
2,2017,228.774331922099,231.14109461869,1.9935916216607,1.98933940969022,82
3,2017,229.696602059107,232.084524766906,1.9788015971908,1.97346123362771,82
4,2017,231.513794643028,233.792769508634,1.97349592485875,1.96911364502898,82
1,2018,232.918003568521,235.361975618583,1.95208022763218,1.94746135954982,82
2,2018,234.410556580631,236.760853632969,1.9423397182631,1.93840330239214,82
3,2018,235.69240029949,238.047634712146,1.93550675380024,1.93030077936281,82
4,2018,238.444008829587,240.692871429412,1.94777080979439,1.94337734929669,82
1,2019,240.353346098611,242.776148317379,1.93599309900145,1.9314904294458,82
2,2019,241.876336645756,244.208469375159,1.92774538140265,1.92390989139777,82
3,2019,244.083505470271,246.436025427533,1.93734519897839,1.93234571876699,82
4,2019,250.097205502122,252.350342310951,2.00691821526518,2.0023991944017,82
1,2020,256.437053688411,258.88761322824,2.07368422105278,2.06885844127649,82
2,2020,260.985347090287,266.292644887519,2.08416332243316,2.08191719666361,82
3,2020,280.209130949258,290.722642096971,2.4416629382096,2.56064706874303,82
3,2021,473.348890684283,476.971881061923,11.2533342369879,11.2291095289208,82
1,2022,479.159420726012,482.797721590557,11.1622176356117,11.1249853301491,82
2,2022,482.932682575216,486.356716819231,11.1679001516553,11.1316801214249,82
3,2022,487.197565408319,490.780687580737,11.2876343133128,11.2543444987671,82
1,2023,490.134932198694,493.749796315052,10.7892598891873,10.7547678341689,82
2,2023,493.489820586647,496.880150885185,10.7585083101383,10.7247177351721,82
3,2023,493.720711597342,497.246285502755,10.5492061619028,10.5187858981019,82
4,2023,495.997377820918,499.306524908963,10.4370184255844,10.4086876002172,82
1,2024,499.517835179492,503.092149889892,10.318203031086,10.2856722115409,82
2,2024,503.082100583062,506.440203948137,10.3101125395666,10.2788881821994,82
3,2024,500.976981921264,504.453145597698,9.94122876092391,9.9135688392469,82
4,2024,503.345740558734,506.611272870791,9.85024988703273,9.8245941715501,82
1,2001,90.5517664445163,92.4134839070084,1.9886906018347,1.96382823838542,85
2,2001,91.7858003001671,93.5360667092512,1.96425246123423,1.94102800808447,85
3,2001,94.6311396879923,96.514482590211,2.03134990902651,2.01703516831873,85
4,2001,97.7313279277365,99.4670779507078,2.10237922834876,2.08825274554152,85
1,2002,101.08921748673,103.01936292836,2.08510822577188,2.06200157829718,85
2,2002,103.632792863937,105.579844871856,2.12062381774086,2.10325400663304,85
3,2002,104.834318013929,106.556274399128,2.09081266624265,2.06943910269503,85
4,2002,105.414874215488,106.939233855808,2.0678051648674,2.04526837761032,85
1,2003,108.259213292935,110.172168922411,2.02184448371454,2.00227110807937,85
2,2003,108.740193904643,110.578015919396,1.96963787336646,1.9533727529559,85
3,2003,110.629767333822,112.376783589549,1.98766867640198,1.9712898464156,85
4,2003,112.27043235151,113.797662312942,1.99349243306687,1.97546216961944,85
1,2004,117.412764562041,119.312052377342,2.0532312584918,2.0339026854209,85
2,2004,118.857895050138,120.646078491593,2.0400927337906,2.02162927026939,85
3,2004,120.343939895277,122.070534952693,2.03970522393343,2.02256476310342,85
4,2004,120.947999244269,122.482244808139,2.01065461453308,1.99340176241875,85
2,2005,125.896550201324,127.667519362776,1.98459369628552,1.96801531595971,85
3,2005,121.695969274451,123.367545080894,1.7913506905409,1.77932811473429,85
4,2005,124.612009146921,126.031600788624,1.84468491359276,1.82904701715717,85
1,2006,125.624574498326,127.822463962701,1.73859890524445,1.73009909859516,85
2,2006,126.651661673964,128.299223843008,1.74366420770633,1.72991727646262,85
3,2006,126.923070214761,128.502652056552,1.71420829303099,1.7025616320406,85
4,2006,126.952730083987,128.392366950722,1.67719192206825,1.66736585002271,85
4,2007,134.194564276765,135.550732665803,1.67103390064667,1.65945315585682,85
1,2009,146.579955595353,148.637221246032,1.6936239023056,1.6905667749071,85
2,2009,153.016107456857,155.137734877705,1.80121626051672,1.80136557928057,85
3,2009,165.088902523764,166.871214603009,2.0223407500832,2.00961260366425,85
1,2010,171.036946941532,173.029385624374,2.10644053800137,2.09448860027867,85
3,2010,173.981373227278,175.729256191051,2.09294398673546,2.08051884554808,85
4,2010,175.696480829032,177.384004341152,2.09729448658548,2.08748095874503,85
1,2011,178.637572497284,180.572939781307,2.07652389868741,2.06400365002946,85
3,2011,181.907493002219,183.663622321071,2.07421374067933,2.0627273840476,85
4,2011,185.658701070967,187.915911077853,2.0910021057459,2.08393211779368,85
1,2012,187.960344770932,190.432504281006,2.07969161706937,2.07268809397103,85
2,2012,190.167110917451,192.552119076706,2.08386453106578,2.07936104856304,85
3,2012,192.248779315656,194.617221856129,2.09476156138807,2.08685246275646,85
4,2012,193.155165527608,195.412251112515,2.06412792763061,2.05784011362988,85
1,2013,195.177696188542,197.611833070118,2.04786403218084,2.04205353247473,85
2,2013,197.39542115095,199.751171654304,2.04828758048579,2.04504548909733,85
3,2013,200.414002934898,202.824107678435,2.08028380927431,2.07429111341427,85
4,2013,202.701486761548,204.9260693766,2.08810029313846,2.08139094464466,85
1,2014,203.782375374139,206.191915530066,2.04951989391524,2.04379656715831,85
2,2014,205.3844528587,207.692164698634,2.03976252732241,2.03451404639886,85
3,2014,206.941443622412,209.3030492882,2.03740647141906,2.03093516314494,85
4,2014,208.599995905909,210.83314638629,2.0275374030522,2.02198877460871,85
1,2015,212.834182023843,215.588206388927,2.04568812038817,2.04165429762987,85
2,2015,215.268445538825,217.673910165427,2.06448022887827,2.05978097915451,85
3,2015,216.729940771179,219.156203682636,2.05819829045915,2.05215210758093,85
4,2015,217.342306149512,219.646915179542,2.02663279953998,2.02165579932745,85
1,2016,218.991928903061,221.464026391152,2.00716546352017,2.00204539048986,85
2,2016,221.162417975266,223.544024416185,2.00984904183449,2.00542436923706,85
3,2016,221.988960120721,224.387426046843,1.99215483808953,1.98659355109284,85
4,2016,224.998987298328,227.283583125263,2.01064213343868,2.00579226964438,85
1,2017,226.776287069007,229.233104597386,1.9945632665248,1.98955600289809,85
2,2017,228.766905996453,231.132735954474,1.99353253225936,1.98924425030352,85
3,2017,229.687667018515,232.07488418419,1.97878965774825,1.97341401761204,85
4,2017,231.510809074078,233.790303009742,1.97349027772901,1.96910371729184,85
1,2018,232.922263166489,235.364703513471,1.95211615729028,1.94750054825018,85
2,2018,234.409512643801,236.76024843013,1.94233054803338,1.93839427498259,85
3,2018,235.693394771285,238.049003174816,1.93550561514063,1.93030513706193,85
4,2018,238.444809118537,240.694103594948,1.94777205698847,1.94338579743312,85
1,2019,240.35870574173,242.782007793687,1.93603490875434,1.93156092848593,85
2,2019,241.880149739342,244.212214676315,1.92777527136445,1.92395633274777,85
3,2019,244.078241169425,246.430603393098,1.9373355517688,1.9323202847133,85
4,2019,250.094926894934,252.348114218407,2.00691365523493,2.00239132797771,85
1,2020,256.434225886597,258.885750792368,2.07365789850602,2.06885636334582,85
3,2020,280.123534698814,290.2281395179,2.44142199483627,2.55079375594267,85
4,2020,383.887707587272,388.113862388129,4.19741266535897,4.58689011085946,85
1,2021,465.63031485341,469.539873356611,10.8089071796917,10.8546324139885,85
2,2021,468.366893736013,471.804967510052,11.2206382985635,11.1809505073398,85
3,2021,472.826609351148,476.444424937,11.2462518607075,11.221086539548,85
4,2021,475.679187669462,479.038083396873,11.2873750291698,11.2540037045424,85
1,2022,479.166676296479,482.806451667457,11.1625641410461,11.1257568778471,85
2,2022,482.934037954977,486.368141159319,11.1680485543429,11.1326006975226,85
3,2022,487.319990343634,490.897796397587,11.2889338540712,11.2550566388339,85
4,2022,488.595848183861,491.965533577258,11.0933171911215,11.0609573367345,85
1,2023,490.137165152411,493.764418796527,10.7893746746797,10.7559203393221,85
3,2023,493.733202508745,497.258793538422,10.5498789919689,10.5194279648761,85
4,2023,496.000056519625,499.309541091126,10.4370205027859,10.4087251067871,85
1,2024,499.518628389017,503.093425415443,10.3182865814606,10.2857779756011,85
2,2024,503.084388432067,506.442545674064,10.3102714502912,10.2790458670751,85
4,2024,503.347498492917,506.612817036766,9.85031817341596,9.82465764437813,85
1,2001,90.51033180348,92.3726815898756,1.98819966841851,1.96354704567639,87
2,2001,91.8088325338393,93.6055254874995,1.96505986979647,1.94444648874893,87
3,2001,94.6265320354761,96.4461569574381,2.03134481913202,2.01421429172534,87
4,2001,97.4462020094954,99.2006760791699,2.10222947413094,2.08815776655178,87
1,2002,101.088831106743,103.138443785035,2.08384273932168,2.06540845458288,87
2,2002,103.57144529561,105.404513759849,2.11743152398885,2.09439249330359,87
3,2002,105.356202768339,107.060361353622,2.09974194697019,2.07705452221462,87
4,2002,105.434291484083,106.964044684705,2.06781256625338,2.04555804335812,87
1,2003,108.264424535447,110.201275180333,2.02188325086944,2.00294526671875,87
2,2003,108.759672908407,110.641379491595,1.96950524062673,1.9556961605192,87
3,2003,110.75054036519,112.52324204519,1.98900399557457,1.97317116733412,87
1,2001,90.5168786176529,92.3759852141969,1.98830100124008,1.96354142169364,89
2,2001,91.7724728661336,93.5271439352867,1.9636997473096,1.94075883999846,89
3,2001,94.5643323794586,96.2541872747993,2.02781192097746,2.00432158502299,89
4,2001,97.5470110830871,99.094353480376,2.10874706112764,2.08380700920028,89
1,2002,101.104244008399,103.028992542156,2.08514635007499,2.0617603794616,89
2,2002,103.716889521729,105.596964534958,2.12408189579973,2.10364940993367,89
3,2002,105.145910256382,106.895271184386,2.09502779296742,2.075255171205,89
4,2002,105.434291484083,106.97124717354,2.06781256625338,2.04590063295698,89
1,2003,108.272433146975,110.226445437691,2.0218998596304,2.003499629946,89
2,2003,108.768181692228,110.625193426573,1.96974253456867,1.95491510617741,89
3,2003,111.248137368328,112.898311466621,2.00003696655265,1.97958563362205,89
4,2003,112.418188818693,114.029605372787,1.99355489617939,1.9793465615314,89
1,2004,117.41065712922,119.304127165549,2.0532259399881,2.03376193747882,89
2,2004,118.858525813019,120.647811273259,2.04009549799311,2.02169869274873,89
3,2004,120.394357958892,122.168829332032,2.04108809525951,2.02555380398977,89
4,2004,120.942989090934,122.444499084853,2.01001905292471,1.99159744661874,89
1,2005,125.72150023032,127.60898156758,2.04353517842478,2.02545982098631,89
2,2005,125.915625215491,127.709464820627,1.98466065911451,1.96919385723009,89
3,2005,121.638647873589,123.184943445162,1.79043048547848,1.7748604254759,89
4,2005,124.594501367912,126.007355116353,1.84468188564513,1.82878693251845,89
1,2006,125.642295597691,127.835841459178,1.73894021379155,1.73043987761081,89
2,2006,126.598798041448,128.239135568187,1.74211152354245,1.72818505484635,89
3,2006,126.905517705004,128.402400025179,1.71389829354732,1.69987297163848,89
4,2006,127.108915447451,128.710099686757,1.67722591217319,1.67216222708874,89
1,2007,130.94372773888,132.645840975253,1.6914042586341,1.67831542382662,89
3,2007,133.339342068785,134.821751528982,1.67814918055069,1.66543235393879,89
4,2007,134.218028770369,135.564114548055,1.67158546729864,1.65976246766423,89
1,2008,138.141375641196,139.850022329733,1.67695720193143,1.66530235098981,89
2,2008,139.983826107991,141.592922337548,1.68362686944863,1.67218899428542,89
3,2008,144.342433862083,146.135729743248,1.75756004710399,1.75222316720195,89
4,2008,143.354120475723,144.897668732888,1.70480443673574,1.69696983447715,89
1,2009,146.56687074936,148.609773540636,1.69336140739448,1.68894993519963,89
3,2009,164.088915765594,165.835976564186,1.99981724551584,1.98937559181825,89
4,2009,168.317322997332,170.007804941415,2.11658286229177,2.1056507782152,89
1,2010,170.965470264487,172.931549115084,2.10489117200736,2.092118093716,89
2,2010,173.422280714934,175.283312986641,2.12042794638401,2.1071842843497,89
3,2010,174.027270501355,175.769514221938,2.09357271682031,2.08102309411731,89
4,2010,175.891254860589,177.613139931024,2.10254410142633,2.09061974072284,89
1,2011,178.637441435043,180.577864601464,2.07652385366255,2.06414777775682,89
2,2011,179.628453320961,181.47533430427,2.05613883521982,2.04439375615618,89
3,2011,181.972322319424,183.833061731902,2.0765269203552,2.06670030475557,89
4,2011,185.654086104071,187.92308060522,2.09099651475213,2.08408838795161,89
1,2012,187.939155334208,190.396365922974,2.07942460347691,2.07244827447843,89
2,2012,190.164912675718,192.549710745099,2.08380250186245,2.07928110874535,89
3,2012,192.256095385794,194.628901154865,2.09478967994563,2.0868798326001,89
4,2012,193.155335800739,195.414533972744,2.06412763565876,2.05787179823522,89
1,2013,195.170026114166,197.616341055171,2.04776601904818,2.04206661636196,89
2,2013,197.323630805766,199.697761818996,2.04743278958192,2.04450567125253,89
3,2013,200.388532870388,202.797296889682,2.08024083612456,2.07416919323301,89
4,2013,202.701056507918,204.926358409487,2.08809841701112,2.08140399385987,89
1,2014,203.772844983927,206.17296599246,2.04940050141396,2.04344006827527,89
2,2014,205.383065517068,207.682967894,2.03974800454441,2.03436978807958,89
3,2014,206.939643349422,209.280207965763,2.03739711220813,2.03054040706479,89
4,2014,208.616688865901,210.853836147688,2.02757504099362,2.02216016065248,89
1,2015,212.836174686257,215.580469909713,2.04569844302016,2.04153664552096,89
2,2015,215.257538593568,217.66019391973,2.06437172810255,2.05957318092556,89
3,2015,216.714382622405,219.135199217967,2.0581783255234,2.05201377857234,89
4,2015,217.341295578279,219.644933470436,2.02663095011738,2.02163597309148,89
1,2016,218.990743685439,221.460643049879,2.00715622104574,2.00194479493933,89
2,2016,221.16435547323,223.543469530707,2.00986843124948,2.00539364558616,89
3,2016,222.021336441119,224.423404888842,1.99220122637978,1.98675431937493,89
4,2016,225.002350704517,227.285337276137,2.01064859819164,2.00576693914294,89
1,2017,226.775138054397,229.232345063212,1.99455326456179,1.98955255834595,89
2,2017,228.767386799561,231.132855237238,1.99353516348631,1.98924044784779,89
3,2017,229.689955273129,232.07309136261,1.97879404159773,1.97337422373658,89
4,2017,231.506647975328,233.780368003621,1.97348406625959,1.96901573214779,89
1,2018,232.919069007458,235.357652981784,1.95207370374203,1.94737808502687,89
2,2018,234.40562959894,236.755120382758,1.94229899721416,1.93831431901913,89
3,2018,235.687210798839,238.046300422519,1.93550523737006,1.93036084435729,89
4,2018,238.451640405978,240.703092719922,1.9477838057763,1.94343992862378,89
1,2019,240.403951381596,242.827212455784,1.93639029501427,1.93192629843615,89
2,2019,241.888050091487,244.219846657141,1.9278321732313,1.92402616763757,89
3,2019,244.080288187574,246.429071559664,1.9373303976801,1.932255820846,89
4,2019,250.092622659778,252.350292959752,2.00690862978494,2.00240483440058,89
1,2020,256.435471908575,258.885463592844,2.07366900578859,2.06887054787603,89
3,2020,280.409746527445,293.570175601526,2.44126486693026,2.58127974591643,89
4,2020,388.186854063604,392.248232730533,4.28425377113133,4.67445208819859,89
1,2021,465.360194413995,469.178607395168,10.7962633509374,10.8240608539193,89
2,2021,468.339584228929,471.786376413843,11.2189297560274,11.1792459469813,89
3,2021,473.08211252278,476.690469737716,11.2493815648413,11.2229503305543,89
4,2021,475.648964288032,479.010119096683,11.28502096873,11.2519933021031,89
1,2022,479.127869071245,482.76654612799,11.1606975791839,11.1236130700698,89
2,2022,482.937800509861,486.365487122454,11.1680148850414,11.1322456442587,89
3,2022,487.18504132009,490.764608157699,11.2866141539341,11.2530416794919,89
4,2022,488.575630580503,491.943245820532,11.0921549591782,11.0599312501497,89
1,2023,490.130588389405,493.749991080284,10.7890371202996,10.754843133818,89
3,2023,493.738912026115,497.265000022519,10.5501411618196,10.5196795610746,89
4,2023,495.997635391012,499.306873922952,10.4370123675073,10.4086900366889,89
1,2024,499.520186035856,503.094527174712,10.3183431936471,10.2858091122613,89
2,2024,503.084698930439,506.442832677563,10.3103072090675,10.2790767149119,89
3,2024,500.997189022722,504.473077039857,9.94141552189883,9.9137565950593,89
4,2024,503.34689311647,506.612244337435,9.85029605615547,9.82463932269448,89
1,2001,90.5183816151534,92.3862123619165,1.98848751257624,1.96402187494605,90
2,2001,91.7670969796615,93.5178456835989,1.96339267783234,1.94025780467082,90
3,2001,94.5894450402415,96.4005957358513,2.02948004495428,2.01193539490834,90
4,2001,97.8302382440949,99.3970975638077,2.10889819598196,2.08532466056394,90
1,2002,101.06860155156,103.062228945241,2.08505771205783,2.06489639132665,90
2,2002,103.627745598541,105.463684438681,2.12060291937573,2.09762920874559,90
3,2002,105.089883222191,106.826322339012,2.09497973774842,2.07442717903096,90
4,2002,105.446904640503,106.993509124801,2.06781734484556,2.04637973040493,90
1,2003,108.26284485237,110.189226387431,2.02199100047968,2.00273054468611,90
2,2003,108.755374286992,110.661769931989,1.96969462825837,1.95671712278106,90
3,2003,110.681517518488,112.404124224792,1.988945202532,1.97147944843162,90
4,2003,112.315516794103,113.879688608462,1.99351150879223,1.97714303604766,90
1,2004,117.412764562041,119.305370466677,2.0532312584918,2.03368598032913,90
2,2004,118.844939291069,120.632406516533,2.03933515769287,2.02085565101026,90
3,2004,120.343939895277,122.032551322319,2.03970522393343,2.02117180670059,90
4,2004,120.942989090934,122.444499084853,2.01001905292471,1.99159744661874,90
1,2005,125.703652809239,127.591273054638,2.04315422723668,2.0250983308013,90
2,2005,125.87802418114,127.668912929229,1.98322072648312,1.96769804199787,90
3,2005,121.675904156171,123.296571186669,1.79133998247482,1.77787029704721,90
4,2005,124.706636448304,126.178157304651,1.84843721631857,1.83431031969073,90
1,2006,125.635187766,127.82995907645,1.7387821861978,1.73053266539279,90
2,2006,126.662206051267,128.330422234233,1.74368840863488,1.73069105103807,90
1,2007,130.946260270571,132.658211940643,1.69140351309076,1.67853300846984,90
2,2007,132.366704023852,133.993710097865,1.68738543126532,1.67544572778573,90
3,2007,133.383932798956,134.937848990481,1.67833648862657,1.66712950648945,90
4,2007,134.195794383151,135.550944324017,1.67104210272508,1.6594513141323,90
1,2008,138.223223643991,139.950313098459,1.67879937877557,1.66766180526038,90
2,2008,139.970383898441,141.574387072321,1.68339580611099,1.67178448354514,90
3,2008,145.175358599525,146.966725989088,1.76774692074586,1.76289624168301,90
4,2008,143.367021724007,144.889499656427,1.70478788205248,1.69647358022572,90
1,2009,146.696966026371,149.205047968825,1.69607322186269,1.70387196069083,90
2,2009,152.99836838899,155.21631710302,1.80116073645083,1.80359936327784,90
3,2009,162.380137899417,164.19741103489,1.95874463823603,1.95146657443849,90
4,2009,168.22636530577,169.928753996465,2.11895307797858,2.10701989347272,90
1,2010,171.009351891858,172.968625379664,2.10604193617857,2.09307125307263,90
2,2010,173.389588570896,175.286528176974,2.11935208378902,2.10719391989611,90
3,2010,173.981623324929,175.737090459328,2.09268771423641,2.08050042013797,90
1,2011,178.643327536218,180.570963212583,2.07661058228338,2.06389122315862,90
2,2011,179.637703649589,181.476153490223,2.05635037877577,2.04440577795897,90
4,2011,185.676068237667,187.928229975656,2.09105756414889,2.08389165383545,90
3,2014,206.921202547879,209.255832828222,2.03736816165379,2.03034070534497,90
4,2014,208.584901930236,210.799002611364,2.02750009450287,2.0215709769855,90
1,2015,212.820217218309,215.558357825487,2.04560767178006,2.04129936409692,90
1,2020,256.440297395204,258.890845517261,2.07371495297201,2.06894191644166,90
2,2020,259.773333084401,262.774382374827,2.08011191870907,2.07167797708171,90
3,2020,281.302612123546,290.10712235102,2.4430590957248,2.54358487462942,90
1,2021,464.662708994203,468.447375257485,10.7473846239767,10.768103629882,90
2,2021,468.221512221251,471.674984472992,11.2181584610199,11.1797138765541,90
3,2021,473.255562992311,476.856877521672,11.2507851247392,11.223536737487,90
4,2021,475.814695737316,479.173486679475,11.2879574884758,11.2544945254225,90
1,2022,479.120750957915,482.759107326453,11.1594962310022,11.121973133825,90
3,2022,487.075424090197,490.664948521233,11.286135154721,11.2530586250015,90
4,2022,488.535744132373,491.892595393187,11.0899488450503,11.0579487958003,90
1,2023,490.136365655188,493.758615469787,10.7893576730705,10.7554754078565,90
2,2024,503.081866635893,506.440490268035,10.3100882148004,10.2788982678293,90
4,2024,503.348288226753,506.613646076444,9.8503180589663,9.82466431794554,90
1,2001,90.5311441403577,92.393766941852,1.98852718477967,1.96403266327092,91
2,2001,91.7935576638091,93.546113108261,1.96429327038236,1.9410645285433,91
3,2001,94.6300739253509,96.3783495065331,2.03134874452475,2.01081936497913,91
4,2001,97.6458813226654,99.1891981954617,2.1088000187554,2.08365718932216,91
1,2002,101.06860155156,102.977491687555,2.08505771205783,2.06132830679929,91
3,2002,104.971551733618,106.935967683836,2.09940597704875,2.0900508021568,91
4,2002,105.414874215488,106.945480827394,2.0678051648674,2.04555328663598,91
1,2003,108.29181545499,110.199906306857,2.02252234312471,2.00231273708233,91
2,2003,108.737820981386,110.564283179115,1.96962900369851,1.95272119828687,91
3,2003,110.962045151623,112.621789070629,1.99098651099918,1.97089290918235,91
4,2003,112.497010120981,114.07136724552,1.9898504152961,1.97429808010532,91
1,2004,117.409930730831,119.306921374086,2.05295684699893,2.03352681068365,91
2,2004,118.804254915855,120.598190634718,2.03794984768489,2.01978673564107,91
3,2004,120.374270985876,122.087646308321,2.04106951373777,2.02354605964007,91
4,2004,121.067394395415,122.594222175034,2.01070184024833,1.99292525084533,91
1,2005,125.734723915418,127.622847074095,2.04397453767759,2.02589442206438,91
1,2006,125.620479072315,127.813141597084,1.73855787788296,1.73012328522647,91
2,2006,126.655002585175,128.301141102891,1.74367187357363,1.72991913817971,91
3,2006,126.893667305894,128.429870764043,1.71356173399135,1.70064428636299,91
4,2006,126.893393266704,128.444045961649,1.67580337961223,1.66913089559927,91
3,2007,133.343703254479,134.834813370923,1.67898665310234,1.6665064660886,91
1,2009,146.625089917097,148.933410005426,1.69454269800046,1.69749974180872,91
4,2009,168.441651757869,170.154658966587,2.12273067067663,2.11049753550805,91
4,2011,185.655549662112,187.920357976458,2.09100028930953,2.08402389622425,91
1,2013,195.184384972251,197.616418473837,2.04794095838446,2.04152859531766,91
3,2013,200.311466853947,202.706133600594,2.08010780184249,2.07357202864346,91
4,2013,202.699755056316,204.925996147944,2.0881017592681,2.08143413465942,91
1,2014,203.764607056393,206.175859184617,2.04931209485752,2.04354019586326,91
2,2014,205.383676284973,207.68496241358,2.03975275398829,2.03440292919404,91
3,2014,206.93506274901,209.275887564432,2.03739332442583,2.03053663905392,91
4,2014,208.578018490495,210.806168213483,2.02748214149178,2.02170034648564,91
2,2015,215.266720668136,217.6685393234,2.06446322527385,2.05963326901637,91
3,2015,216.714382622405,219.13438878153,2.0581783255234,2.05199536672186,91
4,2015,217.34161899859,219.643367777978,2.02663143716467,2.0216155321145,91
1,2016,218.982002564592,221.45309012795,2.00708164087715,2.00192040167941,91
3,2016,221.995417669578,224.391898347135,1.99216865704244,1.98660155761797,91
1,2017,226.774982681312,229.231948265906,1.99454946117639,1.98954222784793,91
2,2017,228.773406909037,231.140149669307,1.99358959439256,1.9893378011175,91
1,2018,232.926921122974,235.369227322091,1.95214724906709,1.94754107667672,91
3,2018,235.689322180336,238.044493407517,1.93550578068717,1.93030032962766,91
1,2019,240.375845670106,242.798874675665,1.93619551502238,1.93162836765278,91
2,2019,241.879310415045,244.209214283984,1.92776392175254,1.92390385754079,91
3,2019,244.078855463295,246.432186120483,1.93733651886903,1.93233592034995,91
1,2020,256.440207854435,258.889254277194,2.07370613590018,2.06888101918086,91
3,2020,280.216407754959,290.624222183656,2.44145989927677,2.55589102349788,91
2,2021,468.414851840285,471.85167958562,11.2204150867638,11.180487715382,91
3,2021,472.709312663439,476.295768901993,11.2441617413934,11.2140572699186,91
1,2022,479.129173978324,482.768178834472,11.1597192265849,11.1220934929268,91
3,2022,487.134512836997,490.719474865957,11.2870378109124,11.2537610977522,91
4,2022,488.588099681741,491.97401190193,11.0934460837266,11.0614882194632,91
2,2023,493.499012247541,496.895254761935,10.7586636960513,10.7250035232343,91
3,2023,493.735436755049,497.261349050198,10.5501553012744,10.5196809207287,91
4,2023,495.999543230071,499.308881907707,10.4370301708746,10.4087190317895,91
1,2024,499.516133641531,503.08981463567,10.3182487471288,10.2857255563519,91
2,2024,503.096479881874,506.459437745242,10.3102002493696,10.2789919346873,91
3,2024,500.966560504133,504.442578222509,9.94117653571516,9.91355797820162,91
1,2001,90.5101005899412,92.3705422129368,1.98820228047679,1.96348435955571,92
2,2001,91.7634492311103,93.5137134759054,1.96331055849761,1.94012424290096,92
3,2001,94.6468510751445,96.3114652221219,2.03046792422665,2.00580776140463,92
4,2001,98.203100188612,99.828541563345,2.14050734806385,2.11803773389693,92
1,2002,101.751950538649,103.93781661203,2.1185017423681,2.10801640470531,92
2,2002,103.660662094903,105.590906773834,2.12073969807055,2.10094834290856,92
3,2002,104.940155248513,106.694633824083,2.09484999433366,2.07513421291063,92
4,2002,105.529753674718,107.079718714573,2.07075065676259,2.04910525111153,92
1,2003,108.283483181708,110.163554617346,2.02290575763218,2.00182062337023,92
2,2003,108.863102345015,110.644436329864,1.97102431227106,1.95310080747984,92
3,2003,110.864306361533,112.529622979364,1.99620737508523,1.97672940190878,92
4,2003,112.475776395053,114.059125764891,1.99357923346498,1.97821227080017,92
1,2004,117.416332216567,119.308062312749,2.05348502932573,2.03393061821341,92
2,2004,118.838246148215,120.627867859249,2.03930571391796,2.02090396115725,92
3,2004,120.397040718482,122.079242568124,2.0397543295444,2.02120199326567,92
4,2004,120.998720897817,122.54447418274,2.01178323882004,1.99503753234784,92
1,2005,125.750007292433,127.639697724016,2.04448755002396,2.02655353083458,92
2,2005,125.892678179882,127.671762553395,1.98327208865857,1.96734378791462,92
3,2005,121.814514398766,123.443744720165,1.79141394961983,1.7779252542319,92
4,2005,124.715444615439,126.207512177654,1.84843904690175,1.8350278604698,92
2,2006,126.655002585175,128.307193718974,1.74367187357363,1.73010968551573,92
3,2006,126.906290796594,128.403632485995,1.71389869632692,1.69988836013738,92
4,2006,126.952730083987,128.392366950722,1.67719192206825,1.66736585002271,92
1,2007,130.944077593492,132.647510152704,1.69138863666528,1.67834961384901,92
2,2007,132.370098105868,134.035242472711,1.68739391861935,1.67655150728487,92
3,2007,133.321130968647,134.804942410288,1.678136614902,1.66548358108725,92
4,2007,134.293252361962,135.642682270308,1.67340585391124,1.6615336297895,92
4,2011,185.653084754891,187.908554963428,2.0909909749478,2.08394116072704,92
1,2012,187.884391669131,190.309307869152,2.07871343083362,2.07185495128405,92
2,2012,190.230541572861,192.580256497549,2.084674299154,2.07967537234704,92
3,2012,192.24961030493,194.618035428022,2.09475441721791,2.08687438022708,92
4,2012,193.152993694059,195.398727433861,2.06413161146451,2.0576709123823,92
1,2013,195.171758036765,197.581993351474,2.04778036839767,2.04148482957969,92
2,2013,197.401402437762,199.746927587701,2.04836466685584,2.04482306550265,92
3,2013,200.326739872648,202.7087377778,2.08014160611385,2.07340550682076,92
4,2013,202.700945816514,204.926175394596,2.0881074396347,2.08139365008233,92
1,2014,203.771387748165,206.165993545612,2.04938704357146,2.04329115477947,92
2,2014,205.390988281811,207.687497000489,2.03983560255454,2.03441855284232,92
3,2014,206.925911205451,209.260339156628,2.03737671928916,2.03037708509619,92
4,2014,208.60535325092,210.831127682201,2.02755246492119,2.02190747249108,92
1,2015,212.830460227974,215.57028314208,2.04566728930843,2.04141947726076,92
2,2015,215.254397211855,217.657585207688,2.06434048710208,2.05954712337039,92
4,2015,217.345756999383,219.647429028978,2.02663938183897,2.02163366242264,92
1,2016,218.992273021349,221.462478928824,2.00717152837182,2.0019846328034,92
2,2016,221.157138395736,223.53576401529,2.00979966814881,2.00529372864183,92
3,2016,221.995401548155,224.395181109384,1.99216647562953,1.98664321505815,92
4,2016,225.000177128669,227.285578604111,2.01064361639931,2.00580923763514,92
1,2017,226.777366535264,229.234166177952,1.9945720390601,1.98956299483526,92
1,2001,90.51033180348,92.3686602360854,1.98819966841851,1.96336909901804,93
2,2001,91.7974379796845,93.5906980078814,1.96499987119296,1.94380456123635,93
3,2001,94.7438971619635,96.6152842108006,2.03396575942614,2.02010117480438,93
4,2001,97.4229807122115,99.2684257846452,2.10221614403609,2.09198819267312,93
1,2002,101.163815227577,103.089486830444,2.08690997203968,2.0634051966115,93
2,2002,104.374090758379,106.447041149112,2.14903942272322,2.14031757114637,93
3,2002,105.274252143797,107.626076306474,2.1167154005483,2.12570726966754,93
4,2002,106.086924336861,108.192251791442,2.09584928493901,2.0995194548275,93
1,2003,108.276811170014,110.170784939076,2.02201996429987,2.00134808577601,93
2,2003,108.737820981386,110.693518896749,1.96962900369851,1.95774319068244,93
3,2003,110.768334088278,112.462156845843,1.99319029601451,1.97458044184742,93
4,2003,112.27043235151,113.887060257524,1.99349243306687,1.97930521681633,93
1,2004,117.435567419814,119.327801542102,2.05385240710209,2.03433725584298,93
2,2004,118.964297884479,120.760242332179,2.04240984902011,2.02452555492399,93
3,2004,120.319281490247,122.003914704564,2.03885742137031,2.02022070611059,93
4,2004,120.947999244269,122.519373872478,2.01065461453308,1.99477348218021,93
1,2005,125.753262275789,127.642750163654,2.0450418909521,2.02699656078724,93
2,2005,126.102815184911,127.918915215039,1.98836580497441,1.97434059568985,93
4,2005,124.552411340375,126.030236531485,1.84335256540816,1.8295816939829,93
1,2006,125.642295597691,127.835841459178,1.73894021379155,1.73043987761081,93
2,2006,126.599969883357,128.25838069635,1.74211420421333,1.72874036222539,93
3,2006,126.935838690249,128.436831099629,1.71391397279056,1.69995735878306,93
4,2006,126.99998208811,128.513209067609,1.67720046626897,1.66951829047558,93
1,2007,130.950038995267,132.700143992988,1.69153122586802,1.67960720670859,93
2,2007,132.490641888739,134.224459823498,1.69051754452422,1.68150662088474,93
3,2007,133.321130968647,134.803502727023,1.678136614902,1.665425200624,93
4,2007,134.231889200496,135.633717252065,1.67107310647786,1.66073226805635,93
1,2008,138.280090767872,140.176762080319,1.67959460545954,1.6731552322368,93
4,2008,143.353773266052,145.045175017589,1.70489539444234,1.70040312029518,93
1,2009,146.570869254126,148.767086499906,1.69345375554328,1.69362928905646,93
2,2009,152.756309614871,155.774493288674,1.79216143860899,1.81596568058191,93
3,2009,166.318070411426,168.084797378963,2.04626782330392,2.03304354220179,93
3,2012,192.25548735235,194.637286852588,2.09475609831613,2.08711382519217,93
1,2015,212.821449106198,215.568010741975,2.04561371584711,2.04141172794931,93
2,2015,215.282185191213,217.68399688429,2.06438194580828,2.05955178363807,93
3,2015,216.746735733546,219.167744614188,2.05816807852276,2.05198125655168,93
4,2015,217.355733310224,219.656624263105,2.02664735066928,2.02163355635125,93
1,2016,218.984369261959,221.456464972736,2.00709708862422,2.00196453887966,93
2,2016,221.165057901452,223.544091502618,2.00987451124194,2.00539746606503,93
3,2016,221.995132037444,224.389084935339,1.99216936163474,1.98655556730573,93
4,2016,224.999157734401,227.286723513176,2.01064192478745,2.0058146288165,93
1,2017,226.778138902597,229.235260058079,1.9945777147034,1.98958167894387,93
2,2017,228.765742705281,231.132012154498,1.99352120063509,1.98922932337791,93
3,2017,229.690764782616,232.073162860025,1.978796963504,1.97337192533384,93
4,2017,231.50664198269,233.779400096128,1.97348441202136,1.96900488435607,93
1,2018,232.92076894478,235.365278269236,1.95210328862856,1.94750972481712,93
2,2018,234.405691230596,236.755561626687,1.94229878393072,1.93831727598382,93
3,2018,235.687210798839,238.046300422519,1.93550523737006,1.93036084435729,93
4,2018,238.451640405978,240.703092719922,1.9477838057763,1.94343992862378,93
1,2019,240.403951381596,242.827212455784,1.93639029501427,1.93192629843615,93
2,2019,241.896011693309,244.226321548068,1.92790066170293,1.92407191191175,93
3,2019,244.079143154105,246.428026403178,1.93733009421387,1.93225662938809,93
4,2019,250.092622659778,252.350292959752,2.00690862978494,2.00240483440058,93
1,2020,256.435544463141,258.885564265667,2.07367051017274,2.06887351667527,93
2,2020,259.018596439322,262.255310414309,2.07026234952386,2.06921907267185,93
3,2020,280.409746527445,293.570175601526,2.44126486693026,2.58127974591643,93
4,2020,388.186854063604,392.248232730533,4.28425377113133,4.67445208819859,93
1,2021,465.41415365164,469.22832731889,10.7968659506757,10.824107167064,93
2,2021,468.337775569652,471.785072298348,11.2189064188115,11.179234586094,93
4,2021,475.646578916485,479.007936804314,11.28500407955,11.2520001645622,93
1,2022,479.100967331108,482.739523277525,11.1587712263003,11.1212543159208,93
1,2023,490.130588389405,493.749991080284,10.7890371202996,10.754843133818,93
2,2023,493.489880939498,496.884164322603,10.7584905785929,10.725028038842,93
3,2023,493.738912026115,497.265000022519,10.5501411618196,10.5196795610746,93
4,2023,495.997635391012,499.306873922952,10.4370123675073,10.4086900366889,93
2,2024,503.084698930439,506.442810977899,10.3103072090675,10.2790781076625,93
3,2024,500.997189022722,504.473077039857,9.94141552189883,9.9137565950593,93
1,2001,90.566646507686,92.4526182220674,1.99000610766601,1.96688486545891,94
2,2001,91.928338882887,93.8603215549585,1.9704657952472,1.95390808234297,94
3,2001,94.5778480359225,96.2441937237119,2.02831212651847,2.00381900992857,94
4,2001,97.45083200708,99.0103613761049,2.10399835814119,2.07981410446484,94
1,2002,101.292520756482,103.205764482187,2.09417176704363,2.07037959690481,94
2,2002,104.230074854905,106.312895004801,2.14431133341007,2.1356038005742,94
3,2002,105.535155214915,107.400413828598,2.1050099336627,2.0914078344377,94
4,2002,105.602397454572,107.160900713605,2.07639269371191,2.05512682378447,94
1,2003,108.268252369944,110.160741557312,2.02200222019166,2.00133848919643,94
2,2003,108.834409609336,110.59711186484,1.97359139726722,1.95404222341001,94
3,2003,111.00883383796,112.687331281505,1.99982971470007,1.98092992223381,94
4,2003,112.537531676519,114.119379998,1.99360531605057,1.97822973125427,94
1,2004,117.454258566799,119.347212902143,2.05475928170396,2.03524795946115,94
2,2004,118.884442281051,120.679422837172,2.04020967158471,2.02174447347419,94
3,2004,120.372023664108,122.060545127993,2.03890610803606,2.02025715760124,94
4,2004,120.931219265877,122.433440901644,2.01001444085777,1.99159450447804,94
1,2005,125.762707549014,127.650519843037,2.04451661309982,2.02646656185891,94
3,2005,121.647259331259,123.203528333841,1.79132471347181,1.77603839271555,94
4,2005,124.715444615439,126.185154510874,1.84843904690175,1.83431106052587,94
1,2006,125.624574498326,127.819276119838,1.73859890524445,1.73033000744844,94
2,2006,126.662206051267,128.330422234233,1.74368840863488,1.73069105103807,94
3,2006,126.927345396748,128.600671383092,1.7142104884901,1.70490300986186,94
4,2006,126.939681733183,128.588449077579,1.67581411308847,1.67195924606804,94
1,2007,130.952860138269,132.654518504067,1.69150294242048,1.6784159986401,94
2,2007,132.460839694222,134.113839144928,1.68895832873722,1.67810730093772,94
3,2007,133.353668064576,134.889422733234,1.67932142971036,1.66798545390649,94
4,2007,134.202232427639,135.649481363104,1.6708272729565,1.66142481245266,94
1,2008,138.280090767872,140.040283783301,1.67959460545954,1.66947509111953,94
2,2008,140.051558417709,141.725992166624,1.68522493136684,1.67551941542055,94
3,2008,145.800537233572,147.954289360912,1.77951123565955,1.78467508406472,94
4,2008,143.713793969682,145.159187046715,1.70475033055762,1.69492299032252,94
1,2009,147.174213014943,150.375004508865,1.7044858846165,1.73081174175764,94
2,2009,152.861062208998,155.330596440427,1.7971326160947,1.80616896692003,94
3,2009,164.005019315689,165.711596885314,1.99974832636636,1.98696095537631,94
4,2009,168.062259041367,169.75039011003,2.11634751922833,2.10464358220859,94
1,2010,170.977393825738,172.919808904073,2.1051968303096,2.09175460238487,94
2,2010,173.405717625454,175.266274856222,2.11998837926422,2.10673239115391,94
3,2010,174.012105589804,175.91272352843,2.0935502610675,2.08462971520068,94
4,2010,175.712340264163,177.416201740775,2.09738513719113,2.08845084646006,94
1,2011,178.647236347404,180.60185897093,2.0767689858164,2.06475512372798,94
2,2011,179.711797719182,181.644300373918,2.05755663492845,2.04809175238219,94
3,2011,182.298251219505,184.124412351504,2.08227298206756,2.07171247415107,94
4,2011,185.680708372582,187.931353840463,2.09105995284487,2.08389870530498,94
1,2012,187.981321634321,190.44613464757,2.08003385215603,2.0728509848694,94
2,2012,190.125394704747,192.533154929494,2.08331914462753,2.07867441014695,94
3,2012,192.269612588339,194.652979200478,2.09481883044513,2.086962732163,94
4,2012,193.146388586519,195.382086250666,2.06411246569412,2.05742705124662,94
1,2013,195.175446780522,197.639955995414,2.04783864703877,2.04179135552534,94
2,2013,197.197029284279,199.591146272782,2.04587649015874,2.04285444045209,94
3,2013,200.306961853098,202.704802001906,2.08007695248395,2.07353653659456,94
4,2013,202.704814511496,204.935636673479,2.08811016117483,2.081537979321,94
1,2014,203.76419935896,206.17345702804,2.04927425302323,2.04343713009161,94
2,2014,205.387507817721,207.697337074948,2.03977516606318,2.03442284301263,94
3,2014,206.922738393759,209.267958013535,2.03736875904791,2.03050016575146,94
4,2014,208.586457196888,210.81095909879,2.02750116071177,2.0217368289892,94
1,2015,212.819938108442,215.563111849098,2.04560559546274,2.04134982138919,94
2,2015,215.254065050191,217.657551774921,2.06433872307351,2.05955003245844,94
3,2015,216.70665898494,219.127949236457,2.05816912114713,2.05200412198531,94
4,2015,217.341452606221,219.643617044577,2.02662973834105,2.02161072823502,94
1,2016,218.970308496224,221.447383816641,2.00697212627204,2.00187518616154,94
2,2016,221.156483183802,223.541707043232,2.00979629124952,2.00538164254486,94
3,2016,222.023902054551,224.434961044776,1.99219282346444,1.98687389886017,94
4,2016,225.010557869436,227.292647146849,2.01066211626216,2.00578211219675,94
1,2017,226.775095248872,229.235019374076,1.99454938930959,1.98957462289305,94
2,2017,228.770775503123,231.136077192314,1.99356263282498,1.98925211719889,94
3,2017,229.687293896609,232.068507368435,1.9787907271951,1.97333843592858,94
4,2017,231.509905196239,233.783518705664,1.97349044089589,1.9690315251989,94
1,2018,232.926921122974,235.364905736158,1.95214724906709,1.94744149778761,94
3,2018,235.686725872216,238.045625695547,1.93550383612375,1.93034180226781,94
4,2018,238.449012971544,240.700790184935,1.94777941387681,1.9434346670853,94
1,2001,90.5104923864926,92.3752934238143,1.98822004042169,1.96369153769179,95
3,2001,94.6311396879923,96.514482590211,2.03134990902651,2.01703516831873,95
4,2001,97.4330616378078,99.1557956838517,2.10222258268961,2.08644889853244,95
1,2002,101.071979418934,103.026290319641,2.08423676935965,2.06211076343831,95
2,2002,103.663326880558,105.497624893029,2.12075054375066,2.09782786180685,95
3,2002,105.059719564902,106.871488963147,2.10459111925597,2.08738981507525,95
4,2002,105.482982824375,107.020695364033,2.07073269373579,2.04866119675301,95
1,2003,108.259567224669,110.193437259668,2.02187317990388,2.0029377727082,95
2,2003,108.74604501321,110.578527303821,1.96965976122647,1.95337356717133,95
3,2003,110.780471501958,112.48399086611,1.99083137456621,1.97243630297948,95
4,2003,112.475776395053,114.1150172471,1.99357923346498,1.98063949807477,95
1,2004,117.429422908545,119.321074931057,2.05383689445407,2.03426247552527,95
2,2004,118.871799466426,120.659822903968,2.04015396231723,2.02172150147182,95
3,2004,120.322808612782,121.991965603936,2.03854751657861,2.01935965599161,95
4,2004,120.931219265877,122.427745841139,2.01001444085777,1.99137905388223,95
1,2005,125.703652809239,127.59326033074,2.04315422723668,2.02515138002469,95
2,2005,125.845008675532,127.609417026829,1.98194065570764,1.96528030388145,95
3,2005,121.678609144416,123.279946728727,1.79277542026818,1.77890084454154,95
4,2005,124.601043830365,126.017800440077,1.84468317253594,1.82893874891189,95
1,2006,125.61573485043,127.812587878945,1.73844701894042,1.73023334921544,95
2,2006,126.688886590707,128.411446711402,1.74469992917105,1.73314900056217,95
3,2006,126.893667305894,128.447307287029,1.71356173399135,1.70112995386444,95
4,2006,127.02088348557,128.369870018195,1.68105704873165,1.66846254437687,95
1,2007,130.94607596897,132.647755398645,1.69140402927385,1.67831929428936,95
2,2007,132.490641888739,134.159332693729,1.69051754452422,1.67978363097838,95
3,2007,133.321130968647,134.803502727023,1.678136614902,1.665425200624,95
4,2007,134.290698075408,135.634642427872,1.67342446558425,1.66144276705822,95
1,2008,138.165628723994,139.879609511087,1.67749593835761,1.66599365042041,95
2,2008,139.963676053121,141.593822601238,1.68337804967837,1.67237602383275,95
3,2008,144.443445149944,146.26853100004,1.75763310397448,1.75335447903205,95
4,2008,143.367021724007,144.889499656427,1.70478788205248,1.69647358022572,95
1,2009,146.819024130955,149.600701856895,1.69825215382172,1.71310151695481,95
2,2009,153.058035176791,155.342345850539,1.80133498745219,1.80603157554571,95
3,2009,165.033429984111,166.756217070789,2.01019353757663,1.9983563156261,95
4,2009,168.99864055891,170.705850310213,2.12958121613959,2.11695104152803,95
1,2010,170.959865964846,172.9000348362,2.10479367264432,2.09126701405929,95
2,2010,173.540749069196,175.418028385837,2.12344648240565,2.11062853758749,95
3,2010,174.082290801908,175.882660682658,2.09509464668444,2.08382831330686,95
4,2010,175.55936505408,177.241108048116,2.09448333673489,2.08430047563772,95
1,2011,178.637591779141,180.57854252778,2.07653085946825,2.06416141471225,95
2,2011,179.658056096334,181.496737200131,2.05689150841782,2.0449207234204,95
3,2011,181.870661977681,183.680499384305,2.07413003678234,2.06344070315418,95
4,2011,185.657497642777,187.91618615555,2.09099725707897,2.08395618603293,95
1,2012,187.913311868589,190.376174684702,2.07911385864804,2.07230025139543,95
2,2012,190.172745643996,192.577749953078,2.08393148743015,2.07986045072624,95
3,2012,192.252769521981,194.639873014784,2.09475456346233,2.08714876655252,95
4,2012,193.151703071026,195.414716415853,2.06412882980627,2.05793549852569,95
1,2013,195.164787221908,197.620783851872,2.0477036278541,2.0417556514151,95
2,2013,197.302862468704,199.685456302142,2.04717729845091,2.04438354004299,95
3,2013,200.322376919637,202.72904066228,2.08009597092425,2.07375205391485,95
4,2013,202.70295214031,204.927719886002,2.08809878669987,2.08139571495394,95
1,2014,203.783135848589,206.177992986496,2.04947879377697,2.04340017369317,95
2,2014,205.383192135585,207.683011610345,2.03974917245422,2.03437180813236,95
3,2014,206.952069989442,209.290585053327,2.03742862154693,2.03057508402568,95
4,2014,208.600082216479,210.827053506722,2.02753745342209,2.0218882047325,95
1,2015,212.825839218585,215.566001487171,2.04564120805958,2.04138498352109,95
2,2015,215.25812119807,217.660351117802,2.06437684777141,2.05956577670078,95
3,2015,216.712033150714,219.132442798804,2.05817795990174,2.0520049458483,95
4,2015,217.341909235105,219.644515749986,2.02663212792697,2.02162869131494,95
1,2016,218.986882322357,221.457013386933,2.00712288926662,2.00192958444109,95
2,2016,221.158469401347,223.539471127658,2.00981433018296,2.00536299745234,95
3,2016,221.985650294232,224.378117548089,1.99215251783529,1.98649649866304,95
4,2016,225.000422257836,227.283748937999,2.01064253054928,2.00578063283795,95
1,2017,226.774692085552,229.23210419323,1.99454934332272,1.98954697303273,95
2,2017,228.772503950362,231.138243358717,1.9935798531379,1.98925887093862,95
3,2017,229.697973263423,232.077964702446,1.97881199246289,1.97336423599504,95
4,2017,231.505081904722,233.778372787047,1.97348196351708,1.96900415963223,95
1,2018,232.91680392695,235.359172855762,1.95207207539436,1.94742738151663,95
2,2018,234.413017419994,236.760495642149,1.94235988355631,1.93838744011488,95
3,2018,235.695258652808,238.050665938761,1.93550450190056,1.93031176265954,95
4,2018,238.45156515486,240.702250576411,1.9477836664788,1.9434286570319,95
1,2019,240.374123635135,242.797813144917,1.93617094816085,1.93172240286375,95
2,2019,241.877899142232,244.208886873358,1.92775759439717,1.92391405305383,95
3,2019,244.07646186857,246.426336862587,1.93733078135121,1.9322742504252,95
4,2019,250.089092634115,252.343142695967,2.00690257615399,2.00238856968334,95
1,2020,256.434267192757,258.883268827262,2.07365781606071,2.0688378352516,95
2,2020,263.359588007612,267.511217540783,2.11521089051322,2.09310671731765,95
3,2020,279.338059005875,289.221181168236,2.44216962379541,2.52550296274554,95
4,2020,380.774496410963,385.518557375792,4.1535764843278,4.60211088022766,95
1,2021,464.122515260486,467.877089247372,10.7278432123174,10.7408644663171,95
2,2021,468.285388181507,471.724922508038,11.2185352919449,11.1792953920395,95
4,2021,475.639159933262,479.008422352046,11.282568584216,11.2499565491093,95
1,2022,479.121054386942,482.760099312988,11.1592941171445,11.1216759883878,95
2,2022,482.959856871233,486.383646196945,11.1686056842239,11.132342133885,95
3,2022,487.378879762582,490.961012071516,11.2915195532751,11.2581423827259,95
4,2022,488.809821918467,492.209490699993,11.1043888363018,11.0708564232912,95
1,2023,490.134843775354,493.754727011172,10.7891527568293,10.7551338409924,95
2,2023,493.490194349655,496.881688118091,10.7585350582121,10.724847212105,95
3,2023,493.720838809872,497.247538220507,10.549506034166,10.5190077866027,95
4,2023,496.010945149441,499.320139315318,10.4370374642866,10.4086987081265,95
1,2024,499.511360399158,503.087866128822,10.3179222142775,10.2855652027263,95
2,2024,503.081608968574,506.439950238075,10.3100686031681,10.2788713522657,95
3,2024,500.976725358663,504.452648797133,9.94122558141977,9.91357089636436,95
4,2024,503.346902356735,506.612609121724,9.85025436293256,9.82461663812743,95
1,2001,90.5329321475666,92.3959672220685,1.98937741977929,1.96475945338882,96
2,2001,91.8490859138134,93.6118152611881,1.9672541615892,1.94471286293047,96
3,2001,94.7058076949825,96.5261824565908,2.03392336372349,2.0171924962388,96
4,2001,97.4600573121103,99.0616453445189,2.10400446772486,2.0820128677467,96
1,2002,101.053025518073,102.970834062014,2.0843421769698,2.06093491021534,96
2,2002,103.684065778354,105.541450161117,2.1178972229253,2.09708031864436,96
4,2002,105.419324820181,106.977551268047,2.06762998330291,2.0466737660183,96
1,2003,108.262238096248,110.194297997565,2.02204410647746,2.00309213460998,96
2,2003,108.872070552865,110.689085793284,1.9699257286378,1.95414564969768,96
3,2003,110.681517518488,112.370366255297,1.988945202532,1.9702095820895,96
4,2003,112.27043235151,113.815205230586,1.99349243306687,1.97623285701284,96
1,2004,117.419787711047,119.333914148522,2.05324898061699,2.03435323112931,96
2,2004,118.823955111292,120.636666304874,2.03869142447152,2.02127902253088,96
3,2004,120.383767746258,122.133612108244,2.03974202108902,2.02322873002241,96
4,2004,121.105928029371,122.740807148573,2.01372380073534,2.00049441582487,96
1,2005,125.732822712434,127.620105536142,2.04356105596216,2.02550416538568,96
2,2005,125.856785657466,127.64174219576,1.98314631865467,1.96699901420602,96
3,2005,121.647259331259,123.264629055153,1.79132471347181,1.77785838892994,96
4,2005,124.558739128084,125.985632656632,1.84335285239347,1.82797559382047,96
1,2006,125.642295597691,127.835841459178,1.73894021379155,1.73043987761081,96
2,2006,126.673272055716,128.33847274282,1.74371381491545,1.73069890659069,96
3,2006,126.893667305894,128.491647610116,1.71356173399135,1.70236451268405,96
4,2006,127.200040419551,129.388874124497,1.67698057483472,1.68863211890662,96
2,2007,132.443642942319,134.086716729127,1.68891515304806,1.67765319454986,96
3,2007,133.372895205307,134.955030433903,1.67899683633903,1.66851136623985,96
4,2007,134.293252361962,135.636835986338,1.67340585391124,1.66142231299839,96
1,2008,138.223223643991,139.950313098459,1.67879937877557,1.66766180526038,96
2,2008,140.009204534846,141.680201070478,1.68451666818531,1.67434879341097,96
3,2008,145.432837286707,147.466666071628,1.77337598825985,1.77512392640603,96
4,2008,143.654760495775,145.166967022148,1.70474459889736,1.69589033068484,96
1,2009,146.847758575593,149.549253715622,1.69829718298534,1.71161622089555,96
2,2009,152.781508904306,155.377369537441,1.79525794402384,1.80736062836933,96
3,2009,164.993071477916,166.732887095153,2.01124885377552,2.00016161686122,96
4,2009,168.679869342619,170.372701598381,2.11952415865038,2.10880820684604,96
1,2010,170.962325798265,172.915818443885,2.10481570200543,2.09169067173698,96
2,2010,173.429154117599,175.303940198253,2.12044446167811,2.1076624484046,96
3,2010,174.102494255019,175.922921731402,2.09575656494025,2.08491091037916,96
4,2010,175.508685804676,177.207368501504,2.09261993956085,2.08334056061449,96
1,2011,178.638013669737,180.563830943761,2.07654112190873,2.06378837107164,96
2,2011,179.687985498159,181.536339875823,2.0575642412156,2.04582893772993,96
3,2011,181.877348191144,183.697717634463,2.07416913833307,2.06371642358015,96
4,2011,185.654086104071,187.918210602797,2.09099651475213,2.08402742669835,96
1,2012,187.956485887922,190.402241668315,2.07915048008102,2.07214712605148,96
3,2012,192.25515009346,194.627726642543,2.09478559429532,2.08687864482237,96
4,2012,193.248147610181,195.49692688572,2.06431862764123,2.0581472032288,96
1,2013,195.163461746539,197.582827159598,2.04768562406383,2.04147201664272,96
2,2013,197.323630805766,199.717530497473,2.04743278958192,2.04499134096402,96
3,2013,200.366732941231,202.798121462091,2.080183773742,2.07446491365732,96
4,2013,202.703899864984,204.927997232229,2.08811479368173,2.08140836424196,96
1,2014,203.783591362969,206.183197750574,2.04953382885146,2.04359499437594,96
2,2014,205.38530719187,207.684692520649,2.03977407241508,2.03441541038909,96
3,2014,206.93506274901,209.275887564432,2.03739332442583,2.03053663905392,96
4,2014,208.603941817369,210.824629964161,2.02753803430525,2.02178498567359,96
1,2015,212.82995933704,215.569870556418,2.04566470629695,2.0414172054278,96
2,2015,215.259330102634,217.664243115774,2.06439055267062,2.05965070850987,96
3,2015,216.718670215493,219.142424311107,2.05818142094887,2.05207242943084,96
4,2015,217.345595155435,219.653228338034,2.02663955145721,2.02171714831224,96
1,2016,218.990743685439,221.463182659211,2.00715622104574,2.00204395950723,96
2,2016,221.1562094919,223.537664948961,2.00979389045845,2.00529908916012,96
3,2016,222.011674192219,224.423302681593,1.99218424766814,1.98686412151617,96
4,2016,224.999496597832,227.283309183142,2.010643038903,2.00577467539525,96
1,2017,226.775340581956,229.234002886278,1.99455536515475,1.98955282269726,96
2,2017,228.770315085005,231.138175805562,1.99355987046432,1.9893165850807,96
3,2017,229.68807508346,232.071218121564,1.9787903634734,1.973363161602,96
4,2017,231.50989959039,233.785528656429,1.97348971909255,1.9690550805809,96
1,2018,232.918003568521,235.359811889815,1.95208022763218,1.94743434156695,96
2,2018,234.409054621064,236.758010479146,1.94232767219597,1.93836479364794,96
3,2018,235.687274281582,238.044961797536,1.93550380931189,1.93033115012919,96
4,2018,238.448071967604,240.698301922146,1.94777678768516,1.94340864809838,96
1,2019,240.358672196885,242.781331834473,1.93604665197677,1.93152669447744,96
2,2019,241.884644401194,244.214083999712,1.92781087916652,1.92393504696547,96
3,2019,244.07691631085,246.429014729124,1.93733073405046,1.93230083355366,96
4,2019,250.089149269058,252.345663511819,2.00690241914628,2.00240873703168,96
1,2020,256.436490500307,258.885650404491,2.07367606119232,2.06886417843623,96
2,2020,261.068617895522,266.521135882929,2.08036143344664,2.08254444342625,96
3,2020,279.299778667222,291.391002856577,2.44184995158706,2.55807537300525,96
4,2020,385.345557799364,389.544489769664,4.22705802526721,4.62221644716273,96
1,2021,465.76496905388,469.692112094004,10.8187961746441,10.8677939591173,96
2,2001,91.7974379796845,93.5906980078814,1.96499987119296,1.94380456123635,28
3,2001,94.7058076949825,96.6857035614411,2.03392336372349,2.02521834171675,28
4,2001,97.5622506761565,99.10864895732,2.10405774789653,2.07934110242983,28
1,2002,101.034838305176,103.014293553461,2.08320823303149,2.06240002299339,28
2,2002,103.561360836172,105.407928512989,2.11738976095914,2.09505622276345,28
3,2002,104.928158420052,106.673758795351,2.09089323726233,2.07092176074977,28
4,2002,105.440250766479,107.031093772146,2.06763783071893,2.04824340100242,28
1,2004,117.582493495879,119.541230607841,2.0585255793906,2.04217230784177,28
2,2004,119.032297582043,120.899609229564,2.04659433129099,2.03144328545089,28
3,2004,120.348843542068,122.020824839733,2.03877051855887,2.01975739641509,28
4,2004,120.948544089983,122.458877389476,2.01065485396184,1.99249670478322,28
1,2005,125.715684762065,127.603033755399,2.0435218827622,2.02547131129978,28
2,2005,125.788796556993,127.552972866607,1.98072369607323,1.9639957542723,28
3,2005,121.821362075257,123.651904190463,1.79734694069925,1.79048935892203,28
4,2005,124.594501367912,126.007355116353,1.84468188564513,1.82878693251845,28
2,2006,126.864250263427,128.765194571416,1.7488892141341,1.74318407647536,28
3,2006,126.894637545571,128.521911750558,1.71356222208651,1.70311440797109,28
1,2007,130.94372773888,132.670676104338,1.6914042586341,1.67896104711138,28
4,2007,134.301207232045,135.659699335038,1.6733845499851,1.66172062326286,28
1,2008,138.347143453572,140.131650877246,1.68047042164628,1.67115163535138,28
2,2008,139.963676053121,141.606812987101,1.68337804967837,1.67268209032341,28
3,2008,144.443445149944,146.311629414316,1.75763310397448,1.75449195003129,28
1,2009,146.726845277736,149.716839577196,1.69671909185205,1.71599215070305,28
2,2001,91.9866728030761,93.7574204250183,1.9686895994972,1.94731346266638,46
2,2001,91.8238586084943,93.5910146654897,1.96513909715978,1.94220092463895,52
1,2002,101.018057400547,103.189994160904,2.08275405035243,2.0709207037377,52
2,2002,103.561360836172,105.393888891208,2.11738976095914,2.09438682911585,52
3,2002,105.35296029468,107.047322294314,2.09126118081404,2.06806632033729,52
4,2002,105.428252607714,106.985793589153,2.067633328227,2.04667580958579,52
1,2003,108.259263925423,110.225126613651,2.02189972790076,2.00431371010248,52
2,2003,108.770611969297,110.722346762375,1.96951251125933,1.95891252191363,52
3,2003,110.601814661003,112.475031830406,1.98689148477887,1.97557979776599,52
4,2003,112.261653408038,113.897607906162,1.98975169801159,1.97661324641968,52
2,2004,118.804392194107,120.607063368682,2.03795045158959,2.02002008556854,52
3,2004,120.343939895277,122.055632495547,2.03970522393343,2.02201542355734,52
4,2004,120.951562841641,122.521610341158,2.01065598976905,1.9947739990021,52
1,2005,125.750007292433,127.639697724016,2.04448755002396,2.02655353083458,52
2,2005,125.856785657466,127.627671165717,1.98314631865467,1.96655533061282,52
3,2005,121.742461921939,123.397286555369,1.79478653077017,1.7824892883394,52
4,2005,124.552411340375,125.970493103181,1.84335256540816,1.82767553129274,52
1,2006,125.620479072315,127.82498187105,1.73855787788296,1.73059867133613,52
4,2006,127.243271803453,129.444827545283,1.67588455352303,1.6880493619592,52
1,2007,130.971486987225,132.675487250304,1.69201764052072,1.67899540543287,52
2,2007,132.566170566856,134.203660165901,1.69233898154282,1.68079569253919,52
3,2007,133.339342068785,134.829271963093,1.67814918055069,1.6655597081283,52
4,2007,134.333318737265,135.742582858706,1.67335256450398,1.66290244079308,52
1,2008,138.447153772332,140.234638891842,1.68336660371409,1.67400715011809,52
2,2008,139.990722733176,141.618848767397,1.68398979972452,1.67280528015105,52
3,2008,144.713903523358,146.383031299046,1.75782166526823,1.74969441502754,52
4,2008,143.46988467225,144.931025931195,1.70474643393729,1.69507519942511,52
1,2009,147.079700652062,150.111107226234,1.70323374768455,1.72486108904827,52
2,2009,152.62126019153,154.966624568288,1.79185849460987,1.79730472623974,52
3,2009,164.729209065029,166.43568782463,2.00031543503658,1.98757346249029,52
4,2009,168.495210583519,170.209632339808,2.12282304687609,2.110575539965,52
1,2010,170.960562298284,172.898064315035,2.1048128680803,2.09122408357662,52
2,2010,173.425037585718,175.288072430618,2.12041253937886,2.10723062629764,52
3,2010,174.087053377532,176.079515027785,2.09573755155804,2.08889271830218,52
4,2010,175.526398623889,177.280673348617,2.09269279337876,2.08550245623471,52
1,2011,178.637572497284,180.568544797055,2.07652389868741,2.06389498566483,52
2,2011,179.672678826602,181.532666011816,2.05704994113438,2.04565093189025,52
3,2011,181.897605911154,183.667149365799,2.07420201861376,2.06289252574448,52
4,2011,185.670995272875,187.922806223665,2.09104433198663,2.08388674324291,52
1,2012,187.902507897082,190.352984063154,2.0788707266999,2.07209049876402,52
2,2012,190.215317756118,192.609147029652,2.0844918042655,2.08050307187069,52
3,2012,192.25034246608,194.632924311678,2.09476778189669,2.0870229321049,52
4,2012,193.163163644333,195.404317358204,2.06415261286506,2.05764938833092,52
1,2013,195.17037119834,197.604366230014,2.04769090499935,2.04166847126789,52
2,2013,197.288278275946,199.655663999582,2.04699800450644,2.0437760926295,52
3,2013,200.306961853098,202.712654309609,2.08007695248395,2.07367943545104,52
4,2013,202.702107828895,204.926897146537,2.08810486734446,2.08139135298226,52
1,2014,203.773795047073,206.167794627544,2.04940758549531,2.04329682259735,52
2,2014,205.392930930901,207.689935150542,2.0398598942479,2.0344690479537,52
3,2014,206.958111542873,209.301905770794,2.03741022195749,2.03062633491055,52
4,2014,208.582916282446,210.797757837721,2.02749342013376,2.02156186564355,52
1,2015,212.828183067053,215.574577438552,2.04565152829058,2.0414865662003,52
2,2015,215.28043055076,217.6824639029,2.06459561118827,2.05978914219273,52
3,2015,216.730955275244,219.152410540238,2.05819595972241,2.05205524574399,52
4,2015,217.341405213026,219.641593504308,2.02662976647129,2.0215890836781,52
1,2016,218.977056065343,221.449088456221,2.00703526917272,2.00188780815457,52
2,2016,221.15599989124,223.534763805736,2.00979116503454,2.00529179502906,52
4,2016,225.004271058547,227.286366949976,2.01065167680541,2.00577527698737,52
2,2017,228.770315085005,231.135862245898,1.99355987046432,1.98927187071284,52
3,2017,229.693341621889,232.081468042168,1.97879918556976,1.97345832180678,52
4,2017,231.50989959039,233.785528656429,1.97348971909255,1.9690550805809,52
1,2018,232.916047161377,235.363138199022,1.95206325670605,1.94745006491885,52
3,2018,235.694534463433,238.04921239603,1.93550438537359,1.93030204701537,52
1,2019,240.353346098611,242.775986657271,1.93599309900145,1.93146232089672,52
3,2019,244.081105654545,246.436695831268,1.93733974048841,1.93237295481334,52
1,2020,256.435020225744,258.889242916829,2.07366530532241,2.06887416360606,52
3,2020,281.409785136868,291.532093287682,2.441646432073,2.55083110182297,52
2,2001,91.8010848542278,93.5897718876832,1.96501907905401,1.94380247568214,60
2,2002,103.561889719772,105.395816575145,2.1173919783125,2.09443448195885,60
3,2002,105.331128779439,107.085762622733,2.09972036862785,2.08016073425235,60
4,2002,105.528060928154,107.140390492839,2.06784803310411,2.04963529370442,60
1,2003,108.268205708566,110.168922741927,2.02219620878606,2.00189467231045,60
2,2003,108.774059876113,110.584956169969,1.9706906831284,1.95354526129593,60
3,2003,110.841622886892,112.587130931649,1.99088361382559,1.97386742779103,60
4,2003,112.566268963961,114.430028951915,1.98987946572723,1.98686261816009,60
1,2004,117.409721032774,119.312697395942,2.05322358182287,2.03408886141673,60
2,2004,118.858525813019,120.64667030147,2.04009549799311,2.0216256270454,60
3,2004,120.326208380119,122.02153388413,2.03886381971605,2.02057566718921,60
4,2004,120.935049943245,122.43371928961,2.01001593372978,1.99144771703316,60
1,2005,125.757905503421,127.647634737509,2.04505253195992,2.0270830766825,60
2,2005,125.821012231526,127.584659220808,1.98185672087026,1.96507816641106,60
3,2005,121.678612450842,123.293905835716,1.79045177243179,1.77677155719885,60
4,2005,124.711680539239,126.130335200243,1.84844003444253,1.83262263793705,60
1,2006,125.608669369974,127.804003885066,1.73832649324247,1.7298858138337,60
2,2006,126.728668004407,128.38530607741,1.74589758243143,1.73239222339735,60
3,2006,126.917985403059,128.419388314282,1.71357430591952,1.69972277903204,60
4,2006,127.200040419551,129.303844511143,1.67698057483472,1.68623888184897,60
1,2007,130.943433798628,132.647712176351,1.6913877309537,1.67834974123366,60
2,2007,132.443642942319,134.101978172529,1.68891515304806,1.678094480723,60
3,2007,133.308337524166,134.790701420415,1.67812992129176,1.66541857686489,60
4,2007,134.290698075408,135.651429621134,1.67342446558425,1.66177410545578,60
1,2008,138.186365572421,139.91905969369,1.67752860519703,1.66663184968602,60
2,2008,139.965426331396,141.602491028446,1.68339065293957,1.67260222551691,60
3,2008,144.856708484667,146.723152666537,1.76250587123564,1.75964710511246,60
4,2008,143.468431858188,144.924698261914,1.70615075586812,1.69660749892801,60
1,2009,146.569856273425,148.951622732535,1.69360891175165,1.6978538246446,60
2,2009,153.082223788696,155.6234120723,1.80139819250405,1.8129067179983,60
2,2001,91.8591342829235,93.6723796582493,1.96730724676006,1.9475990167369,71
4,2001,97.4702319607695,99.0907399426337,2.10400986758676,2.08303472459595,71
3,2002,105.03691503812,106.788802493334,2.0949340394833,2.07519097887357,71
4,2002,105.434291484083,106.97124717354,2.06781256625338,2.04590063295698,71
1,2003,108.27998831076,110.257326383642,2.0219427188979,2.00434460148962,71
2,2003,108.759672908407,110.602201622928,1.96950524062673,1.95400716448491,71
3,2003,110.681823057713,112.485439931955,1.98771293281958,1.97322601039259,71
1,2004,117.449926878525,119.354469241735,2.05428153373212,2.03538551220958,71
2,2004,118.882011799422,120.675984122579,2.04104840415988,2.02280510538906,71
3,2004,120.353171031513,122.022660122888,2.03857553757799,2.01937940040788,71
2,2001,91.9519461218513,93.8363046372141,1.97228933025617,1.95579359055357,72
4,2001,97.5092010770198,99.0949028030975,2.10343193069895,2.08025407459914,72
1,2002,101.010330873097,103.12169938654,2.08241030345373,2.06785454029119,72
4,2002,105.478019173221,107.014924833948,2.07073067971716,2.04865953784471,72
1,2003,108.285171741854,110.192696900514,2.02286868210277,2.00278553169524,72
2,2003,108.775196357839,110.672005088299,1.96956327721105,1.95666190802167,72
3,2003,110.717439737104,112.379143050385,1.99077752796288,1.97101578769453,72
3,2004,120.337307708037,122.016068907847,2.03887405938767,2.01996860569136,72
1,2005,125.714125185277,127.601422090461,2.04351832496242,2.02545175061601,72
3,2005,121.741372904444,123.349595638329,1.79478595436929,1.7810968704162,72
2,2006,126.651661673964,128.340283071139,1.74366420770633,1.73107472228279,72
4,2006,126.913375521853,128.498048440344,1.67775272304113,1.67191561108383,72
1,2007,130.952860138269,132.668051324862,1.69150294242048,1.6788290395147,72
2,2007,132.510124041402,134.130427861616,1.68907859780539,1.67734126844361,72
1,2008,138.16549820192,139.891332521335,1.67807042067441,1.66675829240756,72
3,2008,144.547710625759,146.394286503873,1.76228405962894,1.7582909338548,72
4,2008,143.627100661772,145.069615330874,1.70906745240251,1.69881231567378,72
1,2009,146.819024130955,149.357012753731,1.69825215382172,1.70725049864799,72
2,2009,153.800101409061,155.603238501233,1.82238430944288,1.8133423974632,72
3,2009,162.631953353528,164.670326485609,1.95893106550558,1.95807400907249,72
1,2013,195.177279772789,197.605441925147,2.04773410409108,2.04168591947248,72
3,2014,206.935421235203,209.278852663693,2.03740661240188,2.0306245758152,72
3,2015,216.704404909098,219.125769233138,2.05816797014748,2.05200277020088,72
1,2020,256.434800298,258.884507438787,2.0736609619492,2.06885392168982,72
3,2020,280.6037473676,291.511534621428,2.44151291710037,2.56340562516908,72
2,2001,91.7842865214479,93.5391480269273,1.96387002645626,1.94103173987247,76
4,2001,97.4630504413989,99.2153993629767,2.10223831749314,2.08816211359118,76
1,2002,101.128422392869,103.060850276962,2.0868209245492,2.06454475925449,76
2,2002,103.97949501013,105.929791131014,2.13738841633428,2.11994268320448,76
3,2002,105.470095754817,107.3944290113,2.10495260251595,2.09433983958885,76
4,2002,105.529753674718,107.055531303029,2.07075065676259,2.04818036360311,76
1,2003,108.268205708566,110.161747791538,2.02219620878606,2.00161599525974,76
2,2003,108.74604501321,110.548982599234,1.96965976122647,1.9521365130716,76
3,2003,110.681517518488,112.346036548131,1.988945202532,1.96931712677186,76
4,2003,112.27043235151,113.783337302749,1.99349243306687,1.97481847133471,76
1,2004,117.404297206715,119.336357010025,2.05294263728425,2.03484331097614,76
2,2004,118.811900284379,120.626714350232,2.03823625033829,2.02088747432084,76
3,2004,120.341663253073,122.011785968874,2.03970312417696,2.0205428529204,76
4,2004,120.961959111164,122.460502118061,2.01066019011792,1.99206191293974,76
1,2005,125.694210375624,127.581336177396,2.04265936849757,2.02463071487942,76
2,2005,125.763882356943,127.547099481038,1.97976050096228,1.96379396030626,76
3,2005,121.684254100438,123.225981331923,1.79277846469745,1.77706837437579,76
1,2006,125.712655857905,127.924708152468,1.7399966570621,1.73254656067941,76
2,2006,126.582865619405,128.347542366771,1.74159427344331,1.73093224132433,76
3,2006,126.976901284964,128.748794106692,1.71350441198521,1.7065286095107,76
4,2006,127.688423558001,130.438324246751,1.67709376223933,1.70549438685569,76
1,2007,130.977074884017,132.688005828368,1.69220340132809,1.67937800489848,76
4,2007,134.201983702296,135.543611415299,1.67115170610283,1.65920047794836,76
1,2008,138.381654010006,140.111389176114,1.68178148365582,1.67077973868508,76
2,2008,139.989608397338,141.610503979058,1.68398465398422,1.67278785947107,76
3,2008,145.348463002373,147.286817915138,1.77331549425586,1.77231953049702,76
2,2001,91.7821440780868,93.5355220618101,1.96423320281015,1.94113824904812,80
3,2001,94.6077946800224,96.3782643045636,2.02950030642822,2.00965442717485,80
4,2001,97.5797609950483,99.140907896591,2.10876341628841,2.08462068466247,80
1,2002,101.095415599276,103.035592934109,2.08588764409313,2.06323479354962,80
2,2002,103.707334795863,105.579335070905,2.12404207967837,2.10304466567156,80
3,2002,105.15867267444,106.953395908695,2.09956955121338,2.08200379577986,80
4,2002,105.482982824375,107.013728040513,2.07073269373579,2.04836348207779,80
1,2003,108.257861218889,110.177229834469,2.02186963135959,2.00245181968708,80
2,2003,108.765426276134,110.545160814199,1.97065832426123,1.95174195784836,80
3,2003,110.643003401218,112.376011688672,1.98891238886474,1.9722268860659,80
1,2004,117.440819707119,119.332841301754,2.05425851402356,2.03470412531186,80
2,2004,118.883389741986,120.676514538301,2.0410544756018,2.02280611040261,80
3,2004,120.32193613096,122.006991491715,2.03885986854092,2.02022267470346,80
4,2004,120.947729724322,122.482264840403,2.01065451430649,1.99340178915152,80
1,2005,125.714437577998,127.603161406722,2.04341399245229,2.02536538879303,80
2,2005,125.878886749947,127.661301602895,1.98385196914698,1.96778093301949,80
3,2005,121.654736809849,123.219466606841,1.79043904796509,1.77535449210168,80
4,2005,124.624407081783,126.037931520762,1.84468920386991,1.82884486414815,80
1,2006,125.63807078607,127.831169192709,1.73882607135914,1.73035403451649,80
2,2006,126.694614465532,128.396663852259,1.74489754258721,1.73272019767809,80
3,2006,126.889828535942,128.405687033692,1.71345223224393,1.69995172942814,80
4,2006,127.052043877171,128.563158068623,1.67721514667783,1.66952571864926,80
2,2007,132.431409906236,134.09536893884,1.68888445756098,1.67808509960354,80
4,2007,134.482155772302,135.914216113826,1.677941237329,1.66771200350177,80
3,2009,163.602297483463,165.391838486148,1.98273458859393,1.97410476608817,80
2,2014,205.385247516339,207.693967813917,2.03975190156289,2.03443174141404,80
3,2001,94.6195410478255,96.3557230311714,2.02951333324975,2.00866800815146,47
4,2001,97.4175807724757,99.0616506584944,2.10221443280852,2.08218712731751,47
1,2002,101.018057400547,103.072182681404,2.08275405035243,2.06552758861752,47
2,2002,103.393444073431,105.231911121551,2.10891309813396,2.08658875282491,47
3,2002,104.785558076309,106.492830075749,2.08741225345819,2.0653308444914,47
4,2002,105.410680360525,106.957223556875,2.06762677367151,2.04608929887724,47
2,2003,108.744567921342,110.579030094472,1.96941515379332,1.95332812626928,47
3,2003,110.629767333822,112.376783589549,1.98766867640198,1.9712898464156,47
4,2003,112.213233910549,113.883921221692,1.98973137308706,1.97798001530346,47
1,2004,117.403137470695,119.300300054929,2.05291726423591,2.0336183015854,47
2,2004,118.804254915855,120.599855759402,2.03794984768489,2.01978066931584,47
3,2004,120.420939612963,122.092698454286,2.04111275988901,2.0219107172424,47
4,2004,121.038090458568,122.535750112107,2.01069027788842,1.99211080572776,47
2,2005,125.790138400249,127.560985014879,1.98072837836655,1.96427717822824,47
3,2005,121.822103974384,123.541702334092,1.79734735506744,1.78710843877476,47
4,2005,124.549546756687,125.967954369718,1.84335188542406,1.82767513767405,47
2,2006,126.65218332587,128.345026630447,1.74366541471349,1.73107937888636,47
3,2006,126.90080430775,128.471922818093,1.71346508037294,1.70139837118206,47
4,2006,127.30838883421,129.010427854197,1.67727500139017,1.67530000045883,47
1,2007,130.996564053693,132.723509685875,1.69239093357114,1.68009993296068,47
2,2007,132.556117467217,134.271668236751,1.69231361927761,1.68274817437329,47
3,2007,133.342272045915,134.827275316127,1.67848491331517,1.66585989681478,47
4,2007,134.33448667964,135.716544709843,1.67352257840044,1.66222257620214,47
1,2008,138.280090767872,140.024904671403,1.67959460545954,1.66903987792166,47
2,2008,139.972436641275,141.594363119957,1.68360280184276,1.67238406356941,47
3,2008,144.935614704063,146.678838937427,1.76256093680771,1.75643867658129,47
4,2008,143.3436953293,144.936239769749,1.70484496677959,1.69813828344419,47
1,2009,146.574427208694,149.247208718521,1.69383207176898,1.70411757213236,47
2,2009,153.153894406472,155.33750964629,1.80360408507371,1.80575389367711,47
3,2009,165.962953463317,167.712896007571,2.02302824549852,2.0100515483114,47
1,2010,171.036946941532,173.00796268769,2.10644053800137,2.0938690500903,47
2,2010,173.39377888849,175.254192688791,2.11966913707968,2.10641510021356,47
3,2010,173.991531002183,175.745929420452,2.09294274732806,2.08064373421369,47
4,2010,175.979009552789,177.659147092347,2.10329442153854,2.09242676479717,47
1,2011,178.666052832929,180.642709663686,2.0771827663786,2.06576243846117,47
2,2011,179.639398909384,181.495493226415,2.05605002949299,2.04463803450976,47
3,2011,182.103541800245,184.010526762182,2.07922990281796,2.07023233273505,47
4,2011,185.661527951748,187.91425670785,2.09101486414007,2.08388421173653,47
1,2012,187.907706424478,190.350367388295,2.07902231636623,2.07213227675249,47
2,2012,190.163800636724,192.540333562413,2.08381899348642,2.07913584699014,47
3,2012,192.246988605343,194.629006997389,2.09475683895424,2.08705550040431,47
4,2012,193.153943201883,195.386307344771,2.06412505852128,2.057411776331,47
1,2013,195.166654634233,197.593831932991,2.0477260369439,2.04143083960579,47
2,2013,197.22497605368,199.588076694524,2.04621990109875,2.04265549277894,47
3,2013,200.314733634432,202.702227247844,2.0801103059645,2.07343899884667,47
4,2013,202.700168874117,204.92807516163,2.08810557534065,2.08147455532145,47
1,2014,203.764607056393,206.15756517698,2.04931209485752,2.04315836152341,47
2,2014,205.383128290259,207.679974497633,2.03974706869032,2.03432179214334,47
3,2014,206.928264745294,209.260492882767,2.03738662573182,2.03036358326272,47
4,2014,208.588379736949,210.806381380615,2.02750906781248,2.02166048771064,47
1,2015,212.82995933704,215.567358017302,2.04566470629695,2.04137235317812,47
2,2015,215.267916113173,217.669785877693,2.06446676032482,2.05961089500555,47
3,2015,216.729281415258,219.149023100289,2.05820455835259,2.05201476597801,47
4,2015,217.340465842028,219.641357262988,2.02662970611585,2.02159642258933,47
2,2017,228.783803198483,231.15133848519,1.99367986404846,1.98946728958917,47
3,2017,229.693976782208,232.096208266863,1.97879388909852,1.97361806832397,47
1,2018,232.935771828219,235.375745085551,1.95222970662683,1.94759929171825,47
2,2018,234.414450829125,236.765413803022,1.94237178702812,1.93846159431714,47
3,2018,235.706709487417,238.060930804847,1.93551677927539,1.93030358586473,47
4,2018,238.444881481436,240.69364411893,1.94777225062517,1.94337723571053,47
1,2019,240.337943353618,242.761988454778,1.93586800860675,1.93140281600153,47
2,2019,241.884644401194,244.214487876795,1.92781087916652,1.9239558056936,47
3,2019,244.093713083047,246.454226298328,1.93735536558517,1.93247743235388,47
4,2019,250.104599172825,252.357783197641,2.00693203752284,2.00240767376226,47
1,2020,256.435020225744,258.887255163492,2.07366530532241,2.06885972793936,47
3,2020,280.653697917849,291.634712395605,2.4415320208907,2.56473560560547,47
1,2021,465.712734156517,469.553505671137,10.8149101842881,10.8478133957973,47
2,2021,468.281087973428,471.715371112281,11.2174082431968,11.1782319954041,47
3,2021,473.686224228064,477.312362715519,11.2572132877194,11.2338694817359,47
4,2021,475.7052291329,479.064858798556,11.2902993380155,11.2565774481547,47
1,2022,479.152491024397,482.790585706044,11.160942350826,11.1236319942083,47
2,2022,482.938569232607,486.364154437765,11.1680612297879,11.1320784995089,47
3,2022,487.060427057978,490.640836368354,11.2847398977189,11.2511673576089,47
4,2022,488.556603981463,491.929105262696,11.0913661543453,11.0594117457755,47
1,2023,490.131153573631,493.750521526342,10.7890047547284,10.7548672226532,47
2,2023,493.49225303674,496.882644722798,10.7586964930687,10.7249147650841,47
3,2023,493.747816900743,497.273442686037,10.5499530688601,10.5195308399345,47
4,2023,496.001019287084,499.310116950853,10.4371420293155,10.4088035787393,47
1,2024,499.524412025526,503.09796828077,10.3186010983124,10.2860832150248,47
2,2024,503.084088084345,506.442191828287,10.3102435957003,10.2790162972151,47
3,2024,500.985957739491,504.461622063992,9.94132583907127,9.91368754116193,47
4,2024,503.346832667194,506.612144859121,9.85030918813074,9.82464679031959,47
4,2001,97.4841146062763,99.1517110348549,2.10401723479514,2.08550556994135,40
1,2002,101.086131587668,103.033696426221,2.08586437972745,2.06363342051191,40
2,2004,118.811900284379,120.626714350232,2.03823625033829,2.02088747432084,40
4,2001,97.4836069331517,99.4427297936512,2.10224800367369,2.09880735294575,50
1,2002,101.07700036574,103.003147658266,2.08584179214265,2.06286032358223,50
2,2002,103.561360836172,105.393888891208,2.11738976095914,2.09438682911585,50
2,2003,108.748307818669,110.547954964107,1.97004542697095,1.95197022887189,50
4,2003,112.617560828651,115.010457639672,1.99021191635853,2.00952331679376,50
1,2004,117.446592937179,119.339116951307,2.05473989754396,2.03517835599972,50
2,2004,118.839426375126,120.627542989886,2.03931089531803,2.02085090699401,50
4,2004,120.931497058881,122.428009353683,2.01001455850537,1.99137913702824,50
1,2005,125.695244791637,127.582343312044,2.04286386510709,2.02480499892718,50
2,2005,125.795218924363,127.570132130921,1.98074611436521,1.96451414464121,50
3,2005,121.647259331259,123.245011042655,1.79132471347181,1.77726846459549,50
4,2005,124.590846262193,126.008163586774,1.84468087848945,1.82893654527881,50
2,2006,126.655002585175,128.339586335166,1.74367187357363,1.73107401676357,50
4,2009,168.680257518685,170.369789305953,2.12526852830298,2.11322355794587,50
4,2001,97.6014777748183,99.8721766367658,2.10758067098702,2.12002857851819,63
1,2002,101.722438109651,103.907710940284,2.08541980298235,2.06804308139497,63
2,2002,103.768948691822,105.630610652333,2.12757663696271,2.10567341856511,63
2,2003,108.872070552865,110.762982234628,1.9699257286378,1.95779334340326,63
3,2003,110.809012191339,112.634490247811,1.98715872046579,1.97302034804198,63
1,2004,117.419787711047,119.311428356947,2.05324898061699,2.03366968878846,63
2,2004,118.892115343217,120.67963291842,2.03899127082617,2.02044607142275,63
4,2004,120.991457350792,122.498636324593,2.01003809334927,1.99189286846674,63
1,2005,125.701241575561,127.612384502185,2.04287755841386,2.02550868980552,63
2,2005,125.856488612272,127.631169015844,1.98314526464845,1.96674235615413,63
3,2005,121.675904156171,123.276505030454,1.79133998247482,1.77728019658535,63
4,2005,124.707426961715,126.160742919722,1.84843889805073,1.83371081480323,63
1,2006,125.647753694344,127.840865008187,1.7388865348626,1.73041371811092,63
2,2006,126.773874734997,128.54330357733,1.74600175909257,1.73644090397948,63
3,2006,127.065772203331,128.7131171271,1.71365067179699,1.7031839117695,63
4,2006,127.269413148394,129.453752319695,1.67699664029963,1.68864264075106,63
1,2007,130.94607596897,132.650273819715,1.69140402927385,1.67839513524775,63
4,2007,134.208306322741,135.550556065828,1.67101974651281,1.65908143844645,63
1,2008,138.317363262497,140.107060437494,1.68042679000225,1.6711290643519,63
2,2008,139.989608397338,141.650150876207,1.68398465398422,1.67374937679153,63
3,2008,145.020223083527,146.759667750134,1.76261956671961,1.75648799557348,63
3,2009,165.804859555363,167.536114426366,2.00107511135078,1.98971197415097,63
4,2009,168.550528669487,170.241551721798,2.12291612158191,2.11086286102495,63
1,2013,195.166367620743,197.605799916943,2.04771971891785,2.04185475734535,63
2,2014,205.38445679082,207.682785826473,2.03976331678872,2.03437895787598,63
3,2014,206.93506274901,209.275887564432,2.03739332442583,2.03053663905392,63
4,2014,208.59072612252,210.820351141748,2.02751032398282,2.02184765207777,63
1,2016,218.977056065343,221.449088456221,2.00703526917272,2.00188780815457,63
2,2016,221.160040768436,223.540585982037,2.00981177750242,2.00535414058261,63
4,2017,231.50664198269,233.787043484008,1.97348441202136,1.96909490831091,63
1,2018,232.916356058631,235.365375010638,1.9520667090488,1.94748254480353,63
2,2018,234.407940062079,236.757617293238,1.94231660097277,1.93835653150681,63
3,2018,235.69240029949,238.047634712146,1.93550675380024,1.93030077936281,63
2,2019,241.884644401194,244.214083999712,1.92781087916652,1.92393504696547,63
3,2019,244.084960605404,246.437355322315,1.93734745534766,1.93234793175274,63
1,2020,256.435020225744,258.884687931803,2.07366530532241,2.06884436820064,63
2,2020,260.012361238295,263.617304478995,2.07960872725503,2.07308955917612,63
4,2020,381.453677075466,385.709954824796,4.14807943787804,4.52503891292215,63
1,2021,466.184929279209,470.123304704872,10.8501235359357,10.9014755919372,63
2,2021,468.158150425434,471.583347650093,11.2132445307951,11.1764439278668,63
4,2021,475.675078617737,479.034076164286,11.2899860607431,11.2564061420061,63
1,2022,479.159420726012,482.797721590557,11.1622176356117,11.1249853301491,63
2,2022,482.937936913425,486.370499081314,11.1680352929215,11.1326759377985,63
3,2022,487.369216727575,490.94716888046,11.2899630093761,11.2561005974921,63
1,2023,490.133585697105,493.749537545535,10.7891684789941,10.7547637168965,63
2,2023,493.491631502527,496.882052319293,10.7586110255803,10.7248297353684,63
4,2023,495.997722331271,499.307159062005,10.4370564938617,10.4087242452879,63
1,2024,499.515085297822,503.090050708616,10.3181067830062,10.2856238124718,63
2,2024,503.081474904159,506.439846327675,10.310059790843,10.2788645326674,63
4,2024,503.347016776972,506.612762145264,9.85028695977396,9.82461848924857,63
4,2001,97.5529883462579,99.5463544375637,2.10345437812988,2.10200144431456,64
2,2002,103.702027687691,105.538319469605,2.12401912551672,2.10093521542903,64
1,2002,101.337698525049,103.278417309529,2.08572754391982,2.06204532573764,65
1,2004,117.439485868383,119.33133048369,2.05354346871259,2.03402408709137,65
3,2004,120.343939895277,122.042970261448,2.03970522393343,2.02155108795106,65
3,2006,126.967560754838,128.607204032817,1.71359990826425,1.70314537488906,65
3,2007,133.310691825602,134.795689995447,1.6783005671705,1.66563502165582,65
1,2009,146.881650560633,149.760590701686,1.6983490459224,1.71639260444143,65
2,2009,153.566932254515,155.847638939938,1.79851422265563,1.80623646769503,65
4,2009,168.130583916244,169.815111292053,2.11881687596914,2.10712295529548,65
1,2010,170.967455379785,172.924590517993,2.1050141337349,2.0919366061034,65
4,2010,176.196706428583,177.906246960966,2.10940230797319,2.09721433613277,65
4,2015,217.345894227149,219.652010347277,2.02663080114277,2.02166338484068,65
1,2020,256.435544463141,258.885564265667,2.07367051017274,2.06887351667527,65
4,2020,385.868728997792,390.039812184123,4.23164587930866,4.62387460279385,65
2,2021,468.049187061297,471.554561162033,11.2102573667477,11.1782616173752,65
1,2024,499.513291802292,503.088101268909,10.318088753739,10.2856370725463,65
2,2024,503.081900663212,506.440512297495,10.3100438577221,10.2788837078215,65
2,2002,103.702027687691,105.538319469605,2.12401912551672,2.10093521542903,57
1,2003,108.268205708566,110.177573640479,2.02219620878606,2.00223473173541,57
3,2003,110.88253076357,112.546153567842,1.99328819747156,1.97337072425415,57
4,2003,112.497010120981,114.316260717123,1.9898504152961,1.98483621092727,57
2,2004,118.858525813019,120.647811273259,2.04009549799311,2.02169869274873,57
4,2012,193.155335800739,195.403208525324,2.06412763565876,2.05769228560927,57
1,2013,195.178462870009,197.599941681782,2.04781365820588,2.04173305601795,57
2,2013,197.309555874892,199.734968440199,2.04720670701736,2.04536127570349,57
3,2013,200.336042979917,202.778200763976,2.08026897838556,2.07495282716807,57
4,2013,202.706400891436,204.93476319919,2.08812742672859,2.08141010875985,57
1,2014,203.79847104666,206.199466678138,2.04962711564014,2.04373227489872,57
2,2014,205.38530719187,207.684692520649,2.03977407241508,2.03441541038909,57
3,2014,206.954731187395,209.295621994909,2.0374456939252,2.03066112693873,57
4,2014,208.612447730872,210.83655701199,2.02757084195439,2.02192194457347,57
1,2015,212.820801385835,215.558950082464,2.04560862841535,2.04129989424375,57
3,2015,216.708066259996,219.130374819686,2.05817432248143,2.05203412418515,57
4,2015,217.340747427441,219.644626558264,2.02663012439718,2.02163327263557,57
1,2016,218.987997456528,221.459346211104,2.00713788885566,2.00199286782662,57
2,2016,221.166719446658,223.54820503473,2.00987694302294,2.00545912866027,57
3,2016,221.992645159658,224.389477461207,1.99216610427017,1.98659821723788,57
4,2019,250.088941033956,252.343459020191,2.00690207048472,2.00239496879735,57
1,2020,256.435986684152,258.884990659989,2.07366444568049,2.06884361613536,57
2,2002,103.847581040327,105.719716553251,2.13135166267144,2.10993244071642,66
3,2002,105.145910256382,106.843163290726,2.09502779296742,2.07195021086583,66
3,2004,120.353043491933,122.066255066823,2.03971363529937,2.02202227365124,66
2,2002,103.744492110946,105.60743865333,2.12419645570312,2.10309442722063,67
4,2002,105.804180286437,107.631194454777,2.08477552470974,2.07560541484145,67
1,2003,108.268252369944,110.160741557312,2.02200222019166,2.00133848919643,67
2,2003,108.837542629314,110.598430699088,1.97360313694302,1.95404429677866,67
2,2008,139.992865086901,141.624683769162,1.68402778541375,1.67314088658113,67
1,2011,178.651240689757,180.60004719233,2.07688984270088,2.0647083186995,67
3,2002,105.091862072123,106.793730316272,2.09103553119388,2.06855465031997,30
1,2004,117.440819707119,119.332841301754,2.05425851402356,2.03470412531186,30
2,2005,125.790138400249,127.552668031415,1.98072837836655,1.96394914873708,30
3,2005,121.946071155864,123.941546334137,1.80047096061718,1.79827607936703,30
4,2005,124.601523673316,126.013066972706,1.84468362097107,1.82875583103963,30
3,2006,126.89723520308,128.432121694944,1.71356357548348,1.70064510660374,30
4,2006,127.107406235203,128.864609287942,1.67585090426356,1.67528510693984,30
1,2007,130.945470707679,132.660161637326,1.69135766746955,1.67854546224642,30
2,2007,132.431409906236,134.114018739159,1.68888445756098,1.67859021364879,30
3,2007,133.306577146039,134.790874854318,1.67829651650299,1.66563508145469,30
1,2008,138.150200980188,139.866614828923,1.67747506770931,1.6659831530892,30
2,2008,139.965742987937,141.570470003029,1.68331869280167,1.67167332484482,30
3,2010,174.00604643516,175.778909259521,2.09355835389525,2.08169294758002,30
4,2010,175.682082100315,177.364608828702,2.09720337071814,2.08703383121818,30
3,2011,181.877348191144,183.6823442916,2.07416913833307,2.06343327831815,30
4,2011,185.695254780683,187.944842873729,2.0911052028035,2.08396915877732,30
2,2012,190.168968236118,192.567380357728,2.08387868311921,2.0796525802351,30
3,2012,192.26024810878,194.624443359943,2.09479882104294,2.0868202450047,30
4,2012,193.163958381347,195.409998350906,2.0641440498859,2.05771683478621,30
2,2014,205.383676284973,207.682788914357,2.03975275398829,2.03437307471175,30
4,2014,208.592585552686,210.814988951609,2.0275194487013,2.02176219121648,30
3,2015,216.704404909098,219.124132387863,2.05816797014748,2.05197066300694,30
4,2017,231.504021822345,233.777299845446,1.97348000833082,1.96899791644989,30
1,2018,232.915775741944,235.359174483821,1.95206334052563,1.94739937641641,30
2,2018,234.406734037506,236.757235928287,1.94230875192439,1.93834974137804,30
3,2018,235.68759780598,238.046707903397,1.93550609103619,1.93036120392282,30
4,2018,238.473911902938,240.725978551132,1.94781252928868,1.94350104314024,30
4,2020,387.046614841616,391.070566873758,4.26347557123393,4.6406567123304,30
1,2021,464.355923961789,468.205391735267,10.7477632545706,10.7788944815276,30
2,2021,468.349688374239,471.801504156245,11.2202307643006,11.1805259107144,30
3,2021,473.071392045008,476.687900180345,11.2495106767906,11.2242268505795,30
3,2023,493.738947591401,497.264745501306,10.5496404956131,10.5192294217239,30
2,2024,503.084980421996,506.443111527503,10.3103224751636,10.2790978845664,30
3,2024,501.003427306787,504.479257908896,9.94150947695983,9.91385318045956,30
4,2003,112.747803715906,114.446511397844,1.99369414225616,1.98364739207891,88
1,2004,117.469736666819,119.378034384539,2.05533913411213,2.03653363244787,88
2,2004,118.950099068965,120.773898684775,2.04349353742128,2.02655127046446,88
3,2004,120.333753068953,122.01121816767,2.03875659010199,2.01996838150267,88
1,2005,125.710338751716,127.604696005875,2.04316950056775,2.02526483827004,88
2,2005,125.859929362294,127.627698919505,1.98315731254924,1.96655534089426,88
4,2005,124.558739128084,125.985632656632,1.84335285239347,1.82797559382047,88
1,2006,125.661322565755,127.85556853814,1.73911685843331,1.7308527655203,88
2,2006,126.688886590707,128.411446711402,1.74469992917105,1.73314900056217,88
4,2006,127.172934097355,128.99160400956,1.67586822722107,1.67712415787278,88
1,2007,130.948358694203,132.662950511975,1.69152888102672,1.67877115252692,88
2,2007,132.825386167371,134.448937723158,1.69136158776229,1.68009832482324,88
3,2007,133.320875620672,134.821540071793,1.67830569442298,1.6659814626504,88
1,2008,138.141375641196,139.850022329733,1.67695720193143,1.66530235098981,88
2,2008,139.963676053121,141.583387374755,1.68337804967837,1.67212896918072,88
3,2008,145.01777726195,146.948131946734,1.76763503173629,1.76632939397596,88
4,2008,143.468431858188,144.924698261914,1.70615075586812,1.69660749892801,88
1,2009,146.782328144398,149.725315271619,1.69746904452772,1.71612835577416,88
2,2009,153.947062828137,155.760292380914,1.82525102520043,1.8158176509753,88
3,2009,165.08925957543,166.811746799657,2.01132318962535,1.99943632753552,88
4,2009,168.853507786523,170.538887145651,2.12339197865778,2.11181832692576,88
1,2010,170.961060150466,172.901556385008,2.10479118043205,2.09129597765217,88
3,2010,174.102494255019,175.906587281126,2.09575656494025,2.08452690742728,88
1,2011,178.638650153674,180.584032918246,2.07655569851465,2.06428540458637,88
2,2011,179.659661599971,181.49975740985,2.05687915245038,2.04495508223848,88
3,2011,181.882533505361,183.687110781992,2.07417972077821,2.06345133375261,88
1,2012,187.93852296734,190.410326739136,2.07941369112708,2.07253025543846,88
2,2012,190.168968236118,192.576875078074,2.08387868311921,2.07982627082024,88
3,2012,192.25034246608,194.624689014459,2.09476778189669,2.08691579124233,88
4,2012,193.149479199508,195.40487051716,2.06411710606134,2.05775303780653,88
2,2013,197.345339153326,199.744296787454,2.04769924525031,2.04546155637768,88
3,2013,200.366732941231,202.798121462091,2.080183773742,2.07446491365732,88
1,2014,203.776313178632,206.171556061738,2.0494487674661,2.04338124990106,88
2,2014,205.38445679082,207.682785826473,2.03976331678872,2.03437895787598,88
3,2014,206.939643349422,209.280207965763,2.03739711220813,2.03054040706479,88
4,2014,208.597279758074,210.822688245733,2.02753026424021,2.02184241638497,88
1,2015,212.825108398458,215.572638590716,2.045633567789,2.04146503434079,88
2,2015,215.257538593568,217.66019391973,2.06437172810255,2.05957318092556,88
3,2015,216.714382622405,219.136507609674,2.0581783255234,2.05203831810406,88
1,2016,218.987093196558,221.457118516394,2.00712654761758,2.00192697391311,88
2,2016,221.160867422093,223.539924899522,2.00983641917051,2.00535465616967,88
2,2017,228.767013041811,231.135052384185,1.99353010147003,1.98926924973353,88
3,2017,229.684346439162,232.065603568367,1.97878640375532,1.97332602082595,88
1,2018,232.922633639066,235.366676735441,1.95211187359569,1.94751557070766,88
2,2018,234.405952817109,236.755735281808,1.94230032408533,1.93832187316614,88
3,2018,235.687274281582,238.043247301022,1.93550380931189,1.93031302981191,88
4,2018,238.444707146024,240.694129332732,1.94777192303669,1.9433870383813,88
1,2019,240.358672196885,242.782541892809,1.93604665197677,1.93159667447348,88
2,2019,241.884644401194,244.215487724411,1.92781087916652,1.92398116945779,88
3,2019,244.07691631085,246.426186416116,1.93733073405046,1.93226625205177,88
1,2020,256.434265607383,258.883225517514,2.07365845005477,2.06883881901679,88
3,2020,280.826019998605,290.849089168308,2.44208993560056,2.55618993041864,88
1,2021,464.760282189933,468.695602412224,10.780554450394,10.8266724316563,88
2,2021,468.413617114113,471.858406995716,11.2214279079767,11.1813238195633,88
3,2021,473.150567389204,476.749997577063,11.2496373930789,11.221962268894,88
4,2021,475.733610230941,479.092710758933,11.2880755005039,11.254473282205,88
2,2022,482.932912791783,486.356942640652,11.1679959326498,11.1317348157837,88
3,2022,487.166000756749,490.752364736056,11.2871905303202,11.2541458193079,88
4,2022,488.501048981723,491.848872104952,11.0870969073883,11.055658325495,88
1,2023,490.133585697105,493.752896906072,10.7891684789941,10.7550382237618,88
2,2023,493.490807454966,496.881593118844,10.7585919267573,10.7248432375383,88
3,2023,493.747816900743,497.273954419396,10.5499530688601,10.5195375741318,88
4,2023,495.997635391012,499.306873922952,10.4370123675073,10.4086900366889,88
2,2024,503.084094554501,506.442474614983,10.3102600135925,10.2790342967601,88
3,2024,500.980219433249,504.455888776108,9.94127977269182,9.91364572832323,88
4,2024,503.348288226753,506.613583917736,9.8503180589663,9.82465112109108,88
1,2004,117.426610047755,119.343616923859,2.05362777514689,2.03523025922,18
4,2004,121.403958270545,123.30800641128,2.0269261044894,2.02341597249022,18
3,2005,121.620879093927,123.190511031009,1.7905827080501,1.7758654285022,18
1,2006,125.620479072315,127.815530328079,1.73855787788296,1.73030207300951,18
2,2006,126.651439679692,128.316222475001,1.743663707998,1.73036632150393,18
4,2006,126.890870426203,128.316734256519,1.677175242388,1.66689558696166,18
1,2007,130.96103770659,132.691437823255,1.6916854806793,1.67945197216691,18
3,2007,133.379780500085,134.990810362158,1.68017312167637,1.6705450584711,18
1,2009,146.566250006199,148.311825628676,1.69362291608442,1.6829143879891,18
1,2010,170.959914979434,172.901305204698,2.10479091203081,2.09129464388675,18
1,2004,117.409721032774,119.327160197178,2.05322358182287,2.03463863814888,97
2,2004,118.811900284379,120.626714350232,2.03823625033829,2.02088747432084,97
3,2004,120.316527039874,121.993234443958,2.0388548830887,2.01995391417596,97
4,2004,120.955036708271,122.452356677949,2.0100237802124,1.99143461454237,97
1,2005,125.710338751716,127.604696005875,2.04316950056775,2.02526483827004,97
2,2005,125.788796556993,127.551742844607,1.98072369607323,1.96396069133388,97
3,2005,121.824448221195,123.744956139266,1.79734859410849,1.79318825862016,97
4,2005,124.594501367912,126.006066055629,1.84468188564513,1.82875384098341,97
1,2006,125.630500767436,127.823217690422,1.73873334448619,1.7302920848078,97
2,2006,126.655002585175,128.315620225822,1.74367187357363,1.73036570356272,97
3,2006,126.89723520308,128.432121694944,1.71356357548348,1.70064510660374,97
4,2006,127.269413148394,129.453752319695,1.67699664029963,1.68864264075106,97
1,2007,130.965967601292,132.690452209686,1.69143240220724,1.67873738807081,97
2,2007,132.443642942319,134.140117237474,1.68891515304806,1.67916152932543,97
3,2007,133.321130968647,134.804942410288,1.678136614902,1.66548358108725,97
4,2007,134.33448667964,135.688020024244,1.67352257840044,1.66166213207,97
1,2008,138.280090767872,140.176762080319,1.67959460545954,1.6731552322368,97
2,2008,139.963676053121,141.661086221841,1.68337804967837,1.67395407599675,97
3,2008,144.935614704063,146.715440756437,1.76256093680771,1.75745132669361,97
1,2009,147.100524306612,151.480829152429,1.70436636499351,1.75841564803377,97
3,2009,165.389183418513,167.211960476028,2.01154963568504,2.00334411939087,97
4,2009,169.127557119451,170.835604240657,2.12378526154122,2.11400550069184,97
1,2010,171.012316713344,172.949604544304,2.10608054313988,2.09246293679169,97
2,2010,173.635626085068,175.505990636654,2.12641549151352,2.1132578914908,97
3,2010,174.109975433625,175.86779034364,2.09576218045295,2.08348008905395,97
4,2010,175.712340264163,177.391050080865,2.09738513719113,2.08680503795339,97
1,2011,178.637441435043,180.584798658961,2.07652385366255,2.06432459405828,97
2,2011,179.648852190218,181.492114851963,2.05665011203344,2.04479363971112,97
1,2015,212.830157684183,215.567818134786,2.04566419727146,2.04137659921354,97
4,2015,217.343577196308,219.648826624735,2.02663578329985,2.0216743645859,97
2,2017,228.774331922099,231.140066928358,1.9935916216607,1.98931395266627,97
3,2017,229.693341621889,232.081468042168,1.97879918556976,1.97345832180678,97
2,2018,234.406734037506,236.757235928287,1.94230875192439,1.93834974137804,97
3,2018,235.692793622701,238.04772408541,1.93550449313993,1.9303009087265,97
4,2018,238.44430674091,240.693081207986,1.94777096175032,1.94337630984759,97
1,2019,240.353346098611,242.777955830535,1.93599309900145,1.93156001525479,97
2,2019,241.881209129073,244.214801851651,1.92778316745177,1.92399059576022,97
3,2019,244.076249008381,246.428228750364,1.93733131679615,1.9323017913009,97
4,2019,250.089730046992,252.344709400871,2.00690382056698,2.00239294004853,97
1,2020,256.434265607383,258.883456836425,2.07365845005477,2.06884344613132,97
2,2020,262.112622586537,268.505230027,2.08199208434204,2.08867797218071,97
3,2020,280.163696034617,289.283313930634,2.44154444826426,2.53711398870511,97
4,2020,384.691051786643,388.480410599417,4.22681058366402,4.5512317514131,97
1,2021,465.622189738879,469.461439101198,10.8123246596719,10.8445575481107,97
2,2021,468.380660972028,471.810733411076,11.2182417270413,11.1788130819117,97
3,2021,473.466679408163,477.090447291403,11.2554706302856,11.231259441971,97
4,2021,475.76489018934,479.124301651601,11.291360413861,11.2576660121859,97
1,2022,479.210008247888,482.848387042054,11.1640324627939,11.1267790268223,97
2,2022,482.931703595775,486.355605719147,11.1678959203969,11.1316396524755,97
3,2022,487.112318599671,490.692277082615,11.2861443802097,11.2524916871189,97
4,2022,488.568432757804,491.936775651659,11.0920448123031,11.0598783712359,97
1,2023,490.134932198694,493.750496141213,10.7892598891873,10.7548270351457,97
2,2023,493.489768276268,496.880361117069,10.7584871270477,10.724727542165,97
3,2023,493.720711597342,497.246430926672,10.5492061619028,10.5187965401745,97
4,2023,495.997377820918,499.306524908963,10.4370184255844,10.4086876002172,97
1,2024,499.515085297822,503.089132226192,10.3181067830062,10.2855851863959,97
2,2024,503.08108362176,506.439204331565,10.310035765469,10.2788137166178,97
3,2024,500.970975990254,504.446794168275,9.94119854953209,9.91354724818621,97
4,2024,503.345922195031,506.611399147452,9.85025433181568,9.82460071804787,97
3,2004,120.316089464645,122.039678300153,2.038740280523,2.02169229204385,35
4,2004,121.03349562674,122.617646046299,2.01179686315343,1.99661302938658,35
3,2005,121.62440838831,123.166037076242,1.79042289208261,1.77474640143337,35
4,2005,124.709308999829,126.179920580746,1.84843768143588,1.83430946984111,35
2,2006,126.662206051267,128.342936422559,1.74368840863488,1.73107727774841,35
3,2006,126.921451290189,128.418677999813,1.71390654163656,1.69987888230905,35
3,2004,120.326208380119,122.004256536352,2.03886381971605,2.01996100397758,98
4,2004,120.961959111164,122.465390149874,2.01066019011792,1.99222294104794,98
2,2005,125.790138400249,127.556448850645,1.98072837836655,1.96403971680074,98
3,2005,121.695969274451,123.396473544329,1.7913506905409,1.78018743266034,98
4,2006,127.172934097355,128.99160400956,1.67586822722107,1.67712415787278,98
1,2007,130.948358694203,132.671502298298,1.69152888102672,1.67899260588491,98
2,2007,132.581185507293,134.330250173393,1.69237688123015,1.68411253690808,98
3,2007,133.420986416771,134.905030974646,1.6785267541864,1.66589358287897,98
4,2007,134.290698075408,135.640877217547,1.67342446558425,1.66155717996588,98
1,2008,138.245828577012,140.012282994757,1.67883292452604,1.66888688932936,98
3,2008,144.598105693381,146.746486387508,1.76232129233734,1.76634992217864,98
4,2008,143.437171595378,145.42849004173,1.706228667756,1.70606276529833,98
1,2009,146.71777188432,149.326593862722,1.69610589364623,1.70666301671374,98
2,2009,152.855683927911,154.77413825218,1.79880467103956,1.79292763811793,98
3,2009,162.196343021857,163.933781532425,1.96803635140167,1.95806425459375,98
4,2009,168.501691817952,170.318257319714,2.11468837218079,2.10692236960808,98
1,2010,170.977393825738,173.024071400933,2.1051968303096,2.09465499092424,98
2,2010,173.463750198416,175.328772810419,2.12159309821763,2.1084220171422,98
3,2010,174.05865675511,175.814565209912,2.09450532410669,2.08222668067583,98
4,2010,175.899409715996,177.599521504451,2.10264991601121,2.09083973803536,98
1,2011,178.637441435043,180.593073467638,2.07652385366255,2.06453532863921,98
2,2011,179.66858409807,181.515877034678,2.05705236250557,2.04531130808082,98
3,2011,181.889286078994,183.680086757041,2.07419067478922,2.06322843715376,98
4,2011,185.66533113569,187.921068642612,2.09102308177159,2.08390281331439,98
1,2012,187.893452213659,190.363569359148,2.07883927055321,2.07231506856147,98
2,2012,190.219025745589,192.614411678937,2.08453294031898,2.08060655499056,98
3,2012,192.258909382943,194.659329196443,2.09477150486507,2.08724074378982,98
4,2012,193.163958381347,195.434439247433,2.0641440498859,2.05812384448027,98
1,2013,195.188106845138,197.622875480607,2.04799225390574,2.04229520827254,98
2,2013,197.288278275946,199.674521902841,2.04699800450644,2.04423341088639,98
3,2013,200.334564301564,202.743843834523,2.08012508398362,2.07388671489226,98
4,2013,202.704822953091,204.93330813093,2.088101426497,2.08146787606372,98
1,2014,203.771698693953,206.166539413112,2.04940092579227,2.04331553621089,98
2,2014,205.383128290259,207.682739553687,2.03974706869032,2.03434716736653,98
3,2014,206.945011681939,209.285318961513,2.03740118903949,2.03054440354878,98
4,2014,208.588379736949,210.825296694498,2.02750906781248,2.02195215987655,98
1,2015,212.831871833192,215.577187880584,2.04567315238081,2.04151044061898,98
2,2015,215.254065050191,217.657551774921,2.06433872307351,2.05955003245844,98
3,2015,216.7095350481,219.130752966692,2.05817046454373,2.05200563516447,98
1,2016,218.977056065343,221.447176322576,2.00703526917272,2.00183617497997,98
2,2016,221.155938933824,223.536242871791,2.00978817420847,2.00529850350692,98
3,2016,221.998278379485,224.394768480174,1.99217279514882,1.98660510212004,98
4,2016,225.000467316428,227.282618130066,2.01064497401901,2.00576508785998,98
1,2017,226.774686739853,229.231783271761,1.99454933790515,1.98954369619051,98
2,2017,228.770315085005,231.135862245898,1.99355987046432,1.98927187071284,98
3,2017,229.693341621889,232.07826197379,1.97879918556976,1.97341335049103,98
4,2017,231.508573043613,233.784392996554,1.97348812220788,1.96905256235621,98
1,2018,232.92076894478,235.363010770901,1.95210328862856,1.94747808100932,98
2,2018,234.406042085635,236.755170903369,1.94230293009953,1.93832092095699,98
3,2018,235.686176372839,238.045129817948,1.93550588599612,1.93036196945143,98
4,2018,238.45492390227,240.70824624208,1.94778907215373,1.94347657129058,98
1,2019,240.353346098611,242.779601629024,1.93599309900145,1.93160150132237,98
2,2019,241.890172067,244.221389939426,1.92785299296346,1.92404040895278,98
3,2019,244.076249008381,246.426562272402,1.93733131679615,1.9322814370848,98
4,2019,250.089730046992,252.343455310809,2.00690382056698,2.00238533861336,98
1,2020,256.43409086028,258.88412163743,2.07365671783406,2.06884979348478,98
2,2020,260.156138609896,264.302829099617,2.08083588502887,2.07548900038577,98
3,2020,279.530596293206,290.276568164054,2.44106469273453,2.55292227923456,98
4,2020,378.456942851718,383.213913068438,4.07846708338534,4.49770219814321,98
1,2021,465.353327207362,469.220847430304,10.8046363056015,10.8410593097291,98
2,2021,468.331990249049,471.770461044494,11.2185178875265,11.1789639737578,98
3,2021,473.434836606623,477.061684265947,11.254699058059,11.231018453224,98
4,2021,475.807342706757,479.175524934291,11.2864439473214,11.2541793278582,98
1,2022,479.191857108332,482.832921176574,11.1645275891281,11.1279423047582,98
2,2022,482.932074376879,486.355974406578,11.167929251218,11.1316708511008,98
3,2022,487.349994822305,490.930125034788,11.2912642455467,11.2576334528674,98
4,2022,488.667261340231,492.043463430587,11.0965883101754,11.0638229901088,98
1,2023,490.152924556792,493.776469317094,10.7900619263364,10.7565428453078,98
2,2023,493.48917409617,496.88216788483,10.7584474372034,10.7248657775934,98
3,2023,493.724537202467,497.250001585888,10.549461950599,10.5190293092599,98
4,2023,495.997722331271,499.307445213073,10.4370564938617,10.4087335002214,98
1,2024,499.515085297822,503.089694957392,10.3181067830062,10.2856077260782,98
2,2024,503.083340778388,506.441470625514,10.3101749291895,10.2789419199081,98
3,2024,500.983109984353,504.458951077894,9.94127313359862,9.91361700427473,98
4,2024,503.349683940042,506.615036764808,9.85035610102906,9.82467615294991,98
3,2004,120.394357958892,122.216478372845,2.04108809525951,2.02730447018843,99
4,2004,120.95319737889,122.475146416682,2.01065671603268,1.99289267025247,99
1,2005,125.732822712434,127.637222617633,2.04356105596216,2.0258632851856,99
2,2005,125.867107894755,127.631333038885,1.98318246629225,1.96643797860094,99
4,2005,124.594501367912,126.007355116353,1.84468188564513,1.82878693251845,99
1,2006,125.61744768095,127.817244893652,1.7385190742176,1.73003222500222,99
3,2006,126.893125418864,128.412238248877,1.71346111604152,1.70002903463421,99
4,2006,126.99998208811,128.55753287716,1.67720046626897,1.67077179339526,99
1,2007,130.947670769985,132.658142914542,1.69139364612965,1.67846990039554,99
2,2007,132.564990392061,134.290471052801,1.6907047268873,1.68225289844461,99
3,2007,133.316883826056,134.799714265742,1.67846734683348,1.66576345796798,99
4,2007,134.293252361962,135.642682270308,1.67340585391124,1.6615336297895,99
1,2008,138.192913496835,139.924323681062,1.67811223584002,1.66710023376146,99
2,2008,139.991866529799,141.621422377029,1.68344336882735,1.67268572829309,99
1,2009,146.646082948957,149.200110914789,1.69498496811309,1.70377937091251,99
3,2009,166.54922671878,168.270940336494,2.03482101232763,2.02188606853733,99
4,2009,168.919381302717,170.60574295098,2.12348925118275,2.11217848750788,99
1,2010,170.966966833401,172.905243457764,2.10490200711288,2.09131450763469,99
2,2010,173.558755882359,175.4357246514,2.12415144634101,2.11126398962805,99
3,2010,174.194464106628,176.035471719751,2.09735339856377,2.08696840309899,99
4,2010,175.920100976482,177.622275947749,2.1028625731802,2.09100905951349,99
1,2011,178.638795731994,180.568999045713,2.07652473928109,2.06389721125868,99
2,2011,179.650339341147,181.48967886766,2.05664633830616,2.04470893366356,99
1,2012,187.934753733063,190.409912089116,2.07938633922266,2.07253068438617,99
2,2012,190.174435991944,192.537901838347,2.08396082522716,2.07907937104925,99
1,2013,195.162299152898,197.601837522867,2.04767095577334,2.04168189224532,99
3,2013,200.353297201895,202.76687465675,2.08017327480149,2.07410147399591,99
4,2013,202.701056507918,204.925380499771,2.08809841701112,2.08139119213014,99
1,2014,203.771698693953,206.168831036363,2.04940092579227,2.04337461544283,99
3,2014,206.93126988107,209.268758758615,2.03738982538924,2.03046908027387,99
2,2015,215.255595091803,217.660030808305,2.06435303811068,2.05958937012525,99
3,2015,216.70665898494,219.126934628172,2.05816912114713,2.05198710932666,99
4,2015,217.341452606221,219.643617044577,2.02662973834105,2.02161072823502,99
1,2016,218.977056065343,221.447907269999,2.00703526917272,2.0018596513545,99
2,2016,221.16303101504,223.542334213267,2.0098545806259,2.0053837603724,99
3,2016,221.997233321013,224.401616716039,1.99216411281406,1.98670413996796,99
4,2016,225.000023273482,227.286574162534,2.01064401453777,2.00582438896212,99
1,2017,226.778138902597,229.234946846179,1.9945777147034,1.98956988277157,99
2,2017,228.76951644433,231.135324760526,1.99354818759737,1.98926385174515,99
3,2017,229.684907776035,232.062847963434,1.97878759679424,1.97328272516841,99
4,2017,231.502039108574,233.770480113266,1.97347649895696,1.96892961854527,99
1,2018,232.915901058366,235.354792286672,1.95206454726496,1.94736914683484,99
2,2018,234.407633155421,236.753950928035,1.94230369764016,1.93828919699433,99
3,2018,235.687210798839,238.046300422519,1.93550523737006,1.93036084435729,99
4,2018,238.446061525382,240.696534018075,1.94777391496565,1.94340498119042,99
1,2019,240.353346098611,242.777955830535,1.93599309900145,1.93156001525479,99
2,2019,241.886997958342,244.218777419385,1.92782952959529,1.92402409189564,99
3,2019,244.078314793235,246.427048542319,1.93733033103095,1.9322573401881,99
4,2019,250.089016837213,252.347195694904,2.00690246835403,2.00243554382108,99
1,2020,256.439284783085,258.88923417218,2.07370147484709,2.06891153120177,99
2,2020,260.354283547719,264.307879850989,2.08191174007026,2.07525920459731,99
3,2020,279.72421588589,289.64989597207,2.44121937875038,2.54550349894405,99
4,2020,384.995441853083,389.121220371267,4.21885806074724,4.59933558476147,99
1,2021,465.212854049594,469.143274418637,10.7982400234916,10.8454424678363,99
2,2021,468.385505870565,471.832697834403,11.2209266446611,11.1809732923209,99
3,2021,472.845449284197,476.463536993402,11.2466428163312,11.2214486813668,99
4,2021,475.670578715643,479.031076653591,11.2875285734187,11.2545017339142,99
1,2022,479.117804121649,482.759559797903,11.1606179591587,11.1240072363246,99
2,2022,482.934391837041,486.358227635427,11.1680196636955,11.1317770113745,99
3,2022,487.136829021818,490.719727876807,11.286773510137,11.2533792953947,99
4,2022,488.568432757804,491.940540206996,11.0920448123031,11.0599580049551,99
1,2023,490.125997698961,493.744757838993,10.7887646792133,10.7543134955278,99
2,2023,493.495397692684,496.886457710555,10.7588142137909,10.7250007776554,99
3,2023,493.737753225703,497.263286324052,10.5499573967654,10.5195120295351,99
4,2023,495.999315262306,499.308752214042,10.4370312708756,10.408736383406,99
1,2024,499.521604076847,503.095232955567,10.3183727367315,10.2858282801226,99
2,2024,503.084088084345,506.442508730144,10.3102435957003,10.2790347343134,99
3,2024,500.978800674954,504.454468252773,9.94124316085465,9.91359973976445,99
4,2024,503.347196030212,506.612585751352,9.85028841857206,9.82463579384935,99
1,2006,125.635187766,127.832179210975,1.7387821861978,1.73062628888267,84
1,2024,499.516221855598,503.090985065261,10.3181571092056,10.2856567072127,84
3,2024,500.985957739491,504.461646995465,9.94132583907127,9.91367985759562,84
4,2024,503.346176866999,506.611538937001,9.8502610311609,9.8246013530797,84
1,2006,125.608669369974,127.803260764086,1.73832649324247,1.73001777674581,100
2,2006,126.728668004407,128.455947977879,1.74589758243143,1.73442356903963,100
3,2006,126.910192430521,128.468721825998,1.71357026867203,1.7011376906632,100
4,2006,127.269413148394,129.453752319695,1.67699664029963,1.68864264075106,100
1,2007,130.942085948444,132.645101792256,1.69135720395094,1.67829220216781,100
2,2007,132.443642942319,134.086716729127,1.68891515304806,1.67765319454986,100
3,2007,133.321130968647,134.803502727023,1.678136614902,1.665425200624,100
2,2008,139.973285229377,141.578793042451,1.6836224328556,1.67202068877187,100
3,2008,144.155476954622,145.977359091686,1.75328575300869,1.74873379225091,100
4,2008,143.419778761072,144.952092606827,1.70646699493911,1.69891491970023,100
1,2009,146.819024130955,149.803192244244,1.69825215382172,1.71796051824587,100
2,2007,132.443642942319,134.119779783752,1.68891515304806,1.67859642450254,8
3,2007,133.341494376082,134.875841928085,1.67898421582959,1.66745687908929,8
4,2007,134.482155772302,135.914216113826,1.677941237329,1.66771200350177,8
2,2008,139.975581288328,141.586709871983,1.68360869921433,1.67218550449075,8
3,2008,144.856708484667,146.603747791655,1.76250587123564,1.75639191421818,8
4,2008,143.448450347763,144.915346063305,1.70620905038104,1.69695190212413,8
1,2009,146.759674706896,149.585200124971,1.69742776463842,1.71285937139226,8
2,2009,152.72710985401,155.382556464823,1.7935640121732,1.8072880689341,8
3,2009,163.818345266307,165.551685761066,1.98920091777645,1.97842482120007,8
4,2009,168.491476595541,170.182778184446,2.1167347536651,2.10586016468461,8
1,2010,170.986171340451,172.943350604156,2.10542699775282,2.0924037288867,8
2,2010,173.40538077402,175.266602617976,2.11999180797907,2.1067565356773,8
3,2010,174.009179836149,175.757780894167,2.09356211743371,2.08114162694498,8
4,2010,175.696480829032,177.378586121802,2.09729448658548,2.08708964506346,8
1,2011,178.641646401864,180.584440716637,2.07663699329746,2.06430184184901,8
2,2011,179.650339341147,181.492855946989,2.05664633830616,2.04478716565519,8
3,2011,181.800645951529,183.561101795661,2.07211354289924,2.06072245406011,8
4,2011,185.669795602145,187.923373738195,2.09103446677728,2.08388858143659,8
1,2012,187.884104863984,190.334013302286,2.07870865421907,2.07218421830102,8
2,2012,190.269350481949,192.660084516855,2.08519367588708,2.0814194447459,8
3,2012,192.25034246608,194.628527664508,2.09476778189669,2.08696534690221,8
4,2012,193.15206175228,195.412494856526,2.06412163182904,2.05785827485518,8
1,2013,195.170026114166,197.604151014814,2.04776601904818,2.04187507679319,8
2,2013,197.406847335364,199.776010555104,2.04844154834111,2.04562558352778,8
3,2013,200.366732941231,202.779707928694,2.080183773742,2.07411170072918,8
4,2013,202.69809397228,204.923628958837,2.08809920315249,2.08140259172942,8
1,2014,203.836244197559,206.231166310269,2.0501625550566,2.04416379096753,8
2,2015,215.255595091803,217.658625590058,2.06435303811068,2.05956014377031,8
4,2015,217.34214922175,219.645462248581,2.0266329220397,2.02164017114848,8
2,2016,221.168209690972,223.546831102932,2.00989717132256,2.00539014973129,8
3,2017,229.684712810893,232.075457272146,1.9787850051305,1.97343311072635,8
1,2020,256.435020225744,258.884687931803,2.07366530532241,2.06884436820064,8
2,2020,268.727605203657,280.936200688139,2.1342755989354,2.13110513767979,8
4,2020,385.099428608655,389.153022531989,4.22186749494779,4.59127829108034,8
2,2021,468.404680463052,471.832410445657,11.2192350816048,11.1799812566238,8
1,2022,479.145672283502,482.785415479331,11.1616186418267,11.1247780913682,8
3,2022,487.172906116142,490.751856275819,11.2867154021458,11.2530279269599,8
4,2022,488.575630580503,491.943245820532,11.0921549591782,11.0599312501497,8
2,2023,493.489768276268,496.880902716843,10.7584871270477,10.7247751236349,8
4,2023,495.997377820918,499.306673264822,10.4370184255844,10.4086938933851,8
2,2024,503.081866635893,506.439978508824,10.3100882148004,10.2788634841573,8
3,2024,500.973670145862,504.449637250965,9.94121124668988,9.91355542960605,8
4,2024,503.345922195031,506.611399147452,9.85025433181568,9.82460071804787,8
2,2007,132.517890636661,134.212742010702,1.69058612400147,1.68088443970157,62
2,2008,139.963676053121,141.570190410682,1.68337804967837,1.67180997702745,101
3,2008,144.567268424996,146.307203591902,1.75772031013303,1.75137446866799,101
1,2009,146.907159038999,149.764602035092,1.69424411175762,1.70412690836576,101
2,2009,154.111713319112,155.980658662341,1.82931784816311,1.82239934376021,101
3,2009,167.489992874838,169.221501318629,2.04718033229377,2.03456430209445,101
4,2009,169.40781071092,171.11220092511,2.13465845896513,2.12186871470587,101
1,2010,170.976162517557,172.963383849777,2.10521543180498,2.0930026931788,101
2,2010,173.463750198416,175.338602520542,2.12159309821763,2.1086781998406,101
3,2010,174.051900990251,175.838630621004,2.09450075554609,2.08293099761661,101
4,2010,175.669144082672,177.348440855075,2.09711423288627,2.08662979052776,101
1,2011,178.638413603404,180.575785008727,2.07654158666994,2.06406975664832,101
2,2011,179.65332497844,181.495148470985,2.05664423002479,2.044781449381,101
3,2011,181.990277181446,183.812610522009,2.07656297420046,2.06607315207589,101
4,2011,185.652535223406,187.914381070055,2.0909913425098,2.0840440997055,101
3,2012,192.249179286004,194.624079636762,2.09475661985575,2.08695189577523,101
2,2013,197.312938792299,199.690870363595,2.04729803015902,2.04442170653632,101
3,2013,200.377746342033,202.776877207675,2.08013226659253,2.07369187973641,101
4,2013,202.699829118215,204.928035206476,2.08810258975286,2.0814708642868,101
1,2014,203.767407901517,206.159000771255,2.04933330100608,2.04313280917911,101
2,2014,205.383499416654,207.682355332563,2.03974582743659,2.03434675587666,101
4,2014,208.603181204218,210.8358898028,2.02754443476422,2.0220022228706,101
1,2015,212.832429592401,215.572351524685,2.04566726461721,2.04141923141063,101
2,2015,215.266720668136,217.668592776867,2.06446322527385,2.05960694986598,101
3,2015,216.70687318791,219.126563677378,2.05817735593893,2.05198162915351,101
4,2015,217.340774242627,219.641014066901,2.02663020197312,2.02158891012613,101
1,2016,218.979043209486,221.448883512735,2.00704783297203,2.00182674797523,101
2,2016,221.161130274571,223.540020922224,2.00983890336363,2.00532198993615,101
3,2016,221.997233321013,224.406007540969,1.99216411281406,1.98676770272096,101
4,2016,224.999168399333,227.282379596079,2.01064247991938,2.00577928272736,101
1,2017,226.774686739853,229.231737113145,1.99454933790515,1.98954222086495,101
2,2017,228.770315085005,231.136741607137,1.99355987046432,1.98929185111244,101
3,2017,229.693341621889,232.07826197379,1.97879918556976,1.97341335049103,101
4,2017,231.515650865085,233.794153878404,1.97350091097073,1.96912065548915,101
1,2018,232.919505347419,235.36213968374,1.95209557291967,1.94747285876281,101
2,2018,234.412652952751,236.764556265133,1.94235555419836,1.93844921058595,101
3,2018,235.689682253231,238.044559556837,1.93550406405386,1.9303007828597,101
4,2018,238.444707146024,240.693518102703,1.94777192303669,1.94337845005116,101
1,2019,240.362775937317,242.785429702846,1.93606995981358,1.93154406888759,101
2,2019,241.876336645756,244.205751805275,1.92774538140265,1.92386694562888,101
3,2019,244.076249008381,246.428228750364,1.93733131679615,1.9323017913009,101
4,2019,250.089271200603,252.343704620986,2.00690207886929,2.00239556632386,101
1,2020,256.434800298,258.883904922484,2.0736609619492,2.06884509859004,101
2,2020,258.828858790794,261.851201592676,2.07202905804595,2.06790672986308,101
4,2020,387.958247646716,391.73476810951,4.29526135170506,4.63556830039434,101
1,2021,465.480090138185,469.353761947948,10.8058805146389,10.8442229934155,101
2,2021,468.309343386318,471.735908464634,11.2174880383633,11.1786450505474,101
3,2021,473.182777120524,476.798470871456,11.2507894080215,11.2255074108221,101
1,2022,479.178205158757,482.817423197893,11.1627228339621,11.1250396742344,101
2,2022,482.932847109391,486.356589075679,11.1678943111682,11.1316308265319,101
4,2022,488.573821745201,491.933512493733,11.0913504972978,11.0590955227053,101
1,2023,490.147178286474,493.763310125203,10.7898416160259,10.7555776187784,101
3,2023,493.717950516855,497.24388922075,10.5491652561599,10.5187773263439,101
1,2024,499.516024423623,503.089971861592,10.3181645736524,10.2856381547856,101
2,2024,503.081890123498,506.440312458343,10.310068462968,10.2788578802249,101
2,2008,140.009204534846,141.636184725818,1.68451666818531,1.6733557405512,102
3,2008,146.856664242721,149.07170680603,1.79328398105526,1.80084359981867,102
2,2009,153.007620654885,155.576188607225,1.80004807930818,1.81200541021838,102
4,2009,168.439041704022,170.12577478934,2.11923383942059,2.10741261784608,102
1,2010,170.970493159381,172.908276785078,2.10501821970598,2.09144001356121,102
2,2010,173.405717625454,175.266886334382,2.11998837926422,2.106749008481,102
3,2010,174.040324088722,175.842540206266,2.09448864561494,2.08323819396301,102
4,2010,175.696480829032,177.384004341152,2.09729448658548,2.08748095874503,102
1,2011,178.638787963359,180.565729384401,2.07655607949273,2.0638337340328,102
2,2011,179.624501392538,181.463580000632,2.05603677142642,2.04410376345402,102
3,2011,181.990277181446,183.797143092,2.07656297420046,2.06579162755662,102
4,2011,185.653084754891,187.911789268913,2.0909909749478,2.08398435931774,102
1,2012,187.919233437035,190.362327889399,2.07915856692433,2.07221824955577,102
2,2012,190.146890756023,192.513170022526,2.0835987455825,2.07858426915875,102
3,2013,200.286862629009,202.665408122108,2.08006305876148,2.07314633953918,102
1,2014,203.750806738553,206.15300153385,2.04913846702579,2.04310404949537,102
4,2014,208.588379736949,210.806381380615,2.02750906781248,2.02166048771064,102
1,2015,212.835025920537,215.574720760188,2.04567591025511,2.04142745886181,102
4,2015,217.343078019609,219.643348380367,2.02663069891495,2.0215890114303,102
1,2016,218.977056065343,221.446895629197,2.00703526917272,2.00181737889007,102
2,2016,221.15599989124,223.535461279059,2.00979116503454,2.00530190904886,102
3,2016,221.993397054244,224.398019308355,1.9921610310063,1.98670045184021,102
4,2016,224.998934293292,227.282354588582,2.01064187759869,2.00577716108288,102
1,2017,226.775246123857,229.232138368689,1.99455263629184,1.98954214761617,102
2,2017,228.768542237524,231.13541665509,1.99354686246615,1.98928255733272,102
3,2017,229.69664504967,232.086493169139,1.97878983776152,1.97344184505633,102
4,2017,231.529304466165,233.81056159002,1.97351992494915,1.96920371028678,102
3,2018,235.736096761296,238.092974267659,1.93550734230803,1.93033876691023,102
4,2018,238.45492390227,240.706070192729,1.94778907215373,1.94344562665556,102
2,2019,241.892825937093,244.223380820075,1.92787581748174,1.92395880108383,102
3,2019,244.079225329812,246.435639511363,1.93733226141197,1.93231727784208,102
4,2019,250.089016837213,252.342378677377,2.00690246835403,2.00238695186629,102
1,2020,256.43409086028,258.885359257832,2.07365671783406,2.06886278896693,102
2,2020,261.023105940787,265.831174831968,2.07436846217109,2.07945675752282,102
3,2020,281.696827474596,290.316968564653,2.44464655244636,2.54973478346559,102
1,2021,465.97459387418,469.761689448916,10.8175771196514,10.8408983771642,102
2,2021,468.331990249049,471.769064061124,11.2185178875265,11.1789966243073,102
3,2021,474.10813517413,477.735338450787,11.2620890141943,11.2393977074317,102
4,2021,475.675078617737,479.034226279903,11.2899860607431,11.2563522648798,102
1,2022,479.513388446866,483.159722246638,11.1697626032913,11.1302991296134,102
2,2022,482.933254308844,486.357031321824,11.168027285839,11.1317565054584,102
4,2022,488.516210838432,491.873008636022,11.0886738296241,11.0567835994661,102
1,2023,490.124612858422,493.735610543401,10.7886545763763,10.7537255166892,102
2,2023,493.494677614465,496.886175607898,10.7588389212582,10.725143076273,102
3,2023,493.754526310643,497.281350134473,10.5504042171204,10.5199828263868,102
4,2023,496.000083076333,499.30994999619,10.4371778797026,10.4088290552581,102
1,2024,499.518800993991,503.092962867784,10.3182396709153,10.2856760922837,102
2,2024,503.082971644429,506.441087258887,10.3101738120489,10.2789464934938,102
3,2024,500.989454568204,504.465332142744,9.9414092026883,9.91379908528826,102
4,2024,503.345922195031,506.611259665441,9.85025433181568,9.82459100427247,102
2,2008,139.965426331396,141.574592322363,1.68339065293957,1.67191150885606,103
3,2008,144.502505298805,146.323115107632,1.75767494225762,1.75339194759972,103
4,2008,143.425424364783,144.952708498122,1.7065376900604,1.6989101514597,103
1,2009,146.612215874334,149.594313885403,1.69452227722439,1.71291384955098,103
2,2009,154.029163342265,156.066353336619,1.82614067784313,1.824223543133,103
3,2009,170.437050441649,172.282483678942,2.11205848609177,2.09935543836065,103
4,2009,169.47794677878,171.19271820295,2.13480179317052,2.12180392574807,103
3,2010,174.361842234542,176.30698077912,2.10146923265676,2.09334417471015,103
4,2010,175.319826212932,177.054744022868,2.0887749311345,2.08057977538812,103
1,2011,178.637441435043,180.572271960294,2.07652385366255,2.06400486820122,103
1,2012,187.883759887394,190.320104790422,2.07870749098715,2.07200835980224,103
2,2012,190.277546633911,192.642290032491,2.08530129635646,2.08090050154178,103
3,2012,192.292705333035,194.695697694203,2.09479801902334,2.08767211046193,103
4,2012,193.205913140793,195.488966249527,2.06426154621351,2.05870974261586,103
1,2013,195.176052422602,197.62231842552,2.04783670745887,2.04220443622855,103
2,2013,197.449645534328,199.835279293531,2.04897100078368,2.04673799686937,103
3,2013,200.509343961542,202.953210063601,2.08043919172155,2.07532292490306,103
4,2013,202.718651875478,204.94393090431,2.088134484092,2.08147701777062,103
1,2014,203.830367093009,206.221749920612,2.05011714314336,2.0439161668135,103
2,2014,205.401051254104,207.697781998296,2.03995578648073,2.03449997865437,103
3,2014,206.967618666346,209.304508214357,2.03745877566494,2.0305967339934,103
1,2015,212.833999894214,215.574769658868,2.0456886464983,2.04146661062405,103
2,2015,215.257538593568,217.659301744918,2.06437172810255,2.0595291527863,103
3,2015,216.71091344817,219.130611097126,2.0581762257209,2.05198147130145,103
4,2015,217.34316100239,219.644621650689,2.02663390657844,2.02159407908868,103
1,2016,218.987997456528,221.458414356131,2.00713788885566,2.001959699087,103
2,2016,221.170182034517,223.549431346047,2.00991952750969,2.00545575098492,103
3,2016,222.002084186145,224.395759918974,1.99217642852989,1.98656237418095,103
4,2016,224.999417465326,227.286662982412,2.01064196306529,2.00581731074662,103
1,2017,226.778138902597,229.234946846179,1.9945777147034,1.98956988277157,103
2,2017,228.767013041811,231.133559129838,1.99353010147003,1.98925049806551,103
3,2017,229.693341621889,232.07826197379,1.97879918556976,1.97341335049103,103
4,2017,231.515650865085,233.794153878404,1.97350091097073,1.96912065548915,103
1,2018,232.92076894478,235.359915226255,1.95210328862856,1.94742829281654,103
2,2018,234.412572603091,236.759044232412,1.94235378102551,1.93835865972846,103
3,2018,235.689682253231,238.047486926915,1.93550406405386,1.93033079300275,103
4,2018,238.449012971544,240.699085904209,1.94777941387681,1.94341154363382,103
1,2019,240.364942731357,242.787700394129,1.9361050881372,1.93159889466098,103
2,2019,241.881533019784,244.212057328587,1.92777962894035,1.92393480563039,103
3,2022,487.142767761455,490.7225142163,11.2863075124286,11.252693715729,103
3,2023,493.725853721482,497.251675262558,10.549328747779,10.51892396576,103
4,2023,495.997751272208,499.306842351706,10.43703844749,10.4087097331833,103
1,2024,499.521501408781,503.095719789309,10.3184228028152,10.285883684777,103
2,2024,503.084264791683,506.442416624253,10.310273113199,10.2790452794612,103
3,2024,500.978800674954,504.454656822111,9.94124316085465,9.91359015577899,103
4,2024,503.34760827363,506.612910200244,9.85034478919735,9.82468002542882,103
2,2008,140.008893865733,141.644133818055,1.68402604861269,1.67336996311907,104
3,2008,144.342433862083,146.22031538595,1.75756004710399,1.75442407326955,104
4,2008,143.3436953293,144.971339766249,1.70484496677959,1.69887286909208,104
3,2009,164.806375084626,166.528057851885,2.01110190227894,1.99920864339839,104
4,2009,168.78939349246,170.474769586882,2.12329386028121,2.11175716407935,104
3,2010,174.027270501355,175.775213210797,2.09357271682031,2.08118340366043,104
4,2010,175.477642797718,177.161904442937,2.09247302290299,2.08247010467726,104
1,2011,178.638413603404,180.565115973899,2.07654158666994,2.06380808651547,104
2,2011,179.636961260004,181.476160413556,2.05634182275427,2.04440208718032,104
3,2011,181.972322319424,183.833061731902,2.0765269203552,2.06670030475557,104
4,2011,185.662833180722,187.915887522067,2.09102230199388,2.08388600705269,104
1,2012,187.919372486145,190.369335775553,2.07910458603898,2.07223918563236,104
2,2012,190.163800636724,192.540333562413,2.08381899348642,2.07913584699014,104
3,2012,192.250968560589,194.630760442992,2.09475556906709,2.08703094360523,104
4,2012,193.155335800739,195.414533972744,2.06412763565876,2.05787179823522,104
1,2013,195.166367620743,197.594724166975,2.04771971891785,2.04168758399881,104
2,2013,197.339016499126,199.718387869279,2.0476129466786,2.04485878518029,104
1,2022,479.1065669821,482.746047641862,11.1600854260415,11.123107429632,104
2,2022,482.933149153022,486.357232963201,11.168017454335,11.1317735012761,104
3,2022,487.169235708687,490.752556115277,11.2869425364166,11.2536811894127,104
2,2008,139.997492847653,141.612246598299,1.68346261602946,1.67186244292591,105
1,2009,146.677377010458,148.990438800745,1.69550668533489,1.69877027784755,105
3,2009,162.875003832242,164.692445920057,1.96858922022763,1.96114512933798,105
1,2010,170.963371718519,172.915202067135,2.10489860859304,2.09169936386024,105
2,2010,173.397948476197,175.267955985681,2.11978374315125,2.10679423661103,105
3,2010,174.00604643516,175.760903554074,2.09355835389525,2.08127407894172,105
4,2010,175.508685804676,177.231719720898,2.09261993956085,2.08431438080809,105
1,2011,178.641646401864,180.591852610438,2.07663699329746,2.06448726702296,105
2,2011,179.663791710986,181.504387805613,2.05664500626705,2.04477228864361,105
3,2011,181.990277181446,183.812610522009,2.07656297420046,2.06607315207589,105
4,2011,185.658386050735,187.9160948496,2.0910072796069,2.08393101420454,105
2,2012,190.164912675718,192.558276441984,2.08380250186245,2.0794407985746,105
3,2012,192.25034246608,194.628527664508,2.09476778189669,2.08696534690221,105
4,2012,193.16412836521,195.448464496482,2.06416221656406,2.05841860998106,105
1,2013,195.177349336734,197.597659081401,2.04776967578182,2.04163511961968,105
2,2013,197.293230225049,199.67907500155,2.04703710270504,2.04425827409913,105
1,2014,203.774899071726,206.177533434035,2.04942598457243,2.04352758710099,105
2,2014,205.386716160979,207.690034234922,2.03978745095902,2.03450402957478,105
3,2014,206.939161012094,209.282306264264,2.03741112661946,2.03062887711837,105
1,2015,212.828183067053,215.56857787293,2.04565152829058,2.04140393690105,105
2,2015,215.249912003638,217.653664072598,2.06429756733979,2.05947675768322,105
1,2016,218.977056065343,221.449088456221,2.00703526917272,2.00188780815457,105
2,2016,221.155617193483,223.535471858024,2.00978855485114,2.00529927192628,105
3,2016,222.006257837464,224.404391639406,1.99219391098122,1.9866803034921,105
4,2016,225.000023273482,227.283043337718,2.01064401453777,2.00578186729791,105
1,2017,226.778138902597,229.234946846179,1.9945777147034,1.98956988277157,105
1,2020,256.435544463141,258.885564265667,2.07367051017274,2.06887351667527,105
2,2020,259.875669403283,263.074641283681,2.08064322490313,2.07228032112095,105
3,2020,280.117338667559,289.060146324939,2.44170754891981,2.53649666143426,105
4,2020,384.608300852379,388.718005520674,4.21159213943025,4.58705293772004,105
1,2021,465.066072875143,468.869910267019,10.7751602077814,10.7999451538907,105
2,2021,468.304016867838,471.74830551355,11.2189971582975,11.1796114906195,105
3,2021,473.763929254313,477.368441457097,11.2570093441169,11.2305779278974,105
4,2021,475.694766365919,479.05652271263,11.2915413037782,11.257617401097,105
2,2008,139.996701165797,141.668831292008,1.68399922062976,1.67418447876479,107
3,2008,144.563192955373,146.306296396732,1.75731714408213,1.7510836140544,107
4,2008,143.452864138127,145.048638784752,1.70672518481823,1.70082214294729,107
1,2009,146.569984137505,148.390341579989,1.69372011364996,1.68469266194271,107
2,2009,153.338706433456,155.366660264911,1.81068637327146,1.80768760296439,107
3,2009,164.573505190898,166.330973392064,2.00338410339232,1.99318983764367,107
4,2009,168.404168135708,170.100219700845,2.11654592995395,2.10587401219703,107
1,2010,170.983240962664,172.949886731301,2.1050457287571,2.09236695082498,107
2,2010,173.490629760026,175.365372956691,2.12234839357095,2.1094070521892,107
3,2010,174.036292623719,175.782689221088,2.09350957808792,2.08107379131731,107
4,2010,175.402530752923,177.096817870702,2.09111762760206,2.08158251291741,107
1,2011,178.639342503224,180.566215853933,2.07657724792626,2.06384983223155,107
2,2011,179.676116875895,181.52977420888,2.05727239569938,2.04567133511822,107
3,2011,182.018376512187,183.844013727247,2.07699882876498,2.06657092044371,107
4,2011,185.663230978571,187.915472713137,2.09101705175341,2.08388129408212,107
1,2012,187.886346571271,190.322044325548,2.07874271046422,2.07196459606884,107
2,2012,190.205579878346,192.567885659822,2.08436527547819,2.0796155833389,107
3,2012,192.256202265655,194.6430353994,2.09475850868388,2.0872200823058,107
4,2012,193.19748328149,195.482045157502,2.06425124439111,2.05870786008133,107
1,2013,195.16976130322,197.596586957414,2.0477678491467,2.04176494765638,107
2,2013,197.306464506759,199.72372467535,2.04719293669144,2.04517568234483,107
3,2013,200.33948296442,202.764302838985,2.08014015455319,2.07422213596558,107
4,2013,202.696321219038,204.921465315573,2.0880986502032,2.08140283731765,107
1,2014,203.79931107554,206.202982107386,2.04971069848713,2.04390781769667,107
2,2014,205.385470526358,207.68399294948,2.03977520879762,2.03440102814143,107
4,2014,208.609295017125,210.850483171428,2.02756359772944,2.0221941600383,107
1,2015,212.841390967099,215.581279846084,2.04572932210938,2.04150687487623,107
2,2015,215.268754660174,217.672218403932,2.064482679264,2.05972970364213,107
4,2015,217.34599211021,219.650134876284,2.02664046668005,2.02167289373666,107
2,2016,221.174005631616,223.552960358957,2.00995621312601,2.00548299383587,107
4,2016,225.003453044997,227.289634710874,2.01065053694854,2.00584112429142,107
1,2017,226.780233084392,229.237057849762,1.9945963257763,1.98959016819545,107
3,2017,229.682662182437,232.065860919027,1.9787832756212,1.9733320319076,107
4,2017,231.507665012744,233.783915368127,1.97348487766433,1.96904856295732,107
1,2018,232.922152910587,235.371694403065,1.95211551580407,1.94759757954678,107
2,2018,234.406606194932,236.78059234405,1.94230788825887,1.9385747481495,107
3,2018,235.686948317164,238.041893706677,1.93550529735662,1.930308989321,107
1,2019,240.369035928357,242.797402840205,1.93611521519688,1.9317932450639,107
2,2019,241.877936983954,244.21074208849,1.9277579229521,1.92393992962696,107
3,2019,244.078267143336,246.427051062353,1.93733401390088,1.93226391648942,107
4,2019,250.088904778656,252.346440015932,2.00690206054314,2.00242308686254,107
1,2020,256.434524386464,258.886409008237,2.0736599568365,2.06888012238892,107
2,2020,261.442866596237,266.766925077757,2.0942674148417,2.08434418890487,107
3,2020,279.842713958205,289.328028069675,2.44157099357965,2.54418566617217,107
4,2020,387.460394641441,391.231305208417,4.28073674931654,4.61620628311956,107
1,2021,465.39970499433,469.163015111391,10.7952016066632,10.8119279412974,107
2,2021,468.346276751469,471.78015052104,11.2187066702155,11.1792190245857,107
3,2021,472.955521985178,476.57095543209,11.2481940996031,11.2226130690774,107
4,2021,475.85607688944,479.237611572191,11.2834563383157,11.251740012692,107
1,2022,479.209132739704,482.847479015022,11.1645985911654,11.1272259634042,107
2,2022,482.933154383448,486.357249234438,11.1679950287574,11.1317291737706,107
3,2022,487.248471464807,490.831679516503,11.2889305416643,11.255627621096,107
4,2022,488.608496798853,491.990276347422,11.0947987876399,11.0625114064585,107
1,2023,490.126000334043,493.737051528614,10.7887290667676,10.7538524069634,107
2,2023,493.489880939498,496.884164322603,10.7584905785929,10.725028038842,107
3,2023,493.732400920279,497.258039973504,10.5496768584502,10.5192356026061,107
4,2023,496.001095026085,499.310592731292,10.4371766896423,10.4088218276223,107
1,2024,499.520632700965,503.094227486113,10.318352610185,10.2858126730261,107
2,2024,503.082638661191,506.440968797656,10.3101494401843,10.2789321016597,107
3,2024,500.991204592956,504.46719733466,9.94145504126997,9.91385216054543,107
4,2024,503.346623363438,506.611932688911,9.85029815551808,9.82463487237839,107
2,2008,140.086632240905,141.748422863957,1.685303749249,1.67552663687136,108
3,2008,145.348463002373,147.624263420899,1.77331549425586,1.78143143994677,108
4,2008,143.652114442684,145.6535454995,1.70502233604473,1.70785853275714,108
1,2009,146.665498648645,149.053270157093,1.69601601954253,1.69999892938362,108
2,2009,153.402762041079,155.414259394004,1.81169240989888,1.80865245052771,108
3,2009,163.046653029912,164.889994413779,1.96871796515758,1.96202420380807,108
4,2009,168.324672774516,170.113624456199,2.11466838185457,2.10611443982542,108
1,2010,171.134433647719,173.088820197713,2.10499353366465,2.09148891770835,108
2,2010,173.537381576905,175.496691924544,2.12290690891707,2.11251069758118,108
3,2010,173.98669665898,175.730842761094,2.09294281531549,2.08042969477112,108
4,2010,177.061818751568,179.153413245192,2.12914687876285,2.11761872490675,108
2,2011,179.648994599203,181.51114769167,2.05661895860771,2.04523225391678,108
3,2011,182.150153141544,183.963085841457,2.07972214235736,2.06897527097684,108
4,2011,185.655236419888,187.917038567689,2.09099252389823,2.08401230381853,108
1,2012,187.891433168176,190.319158337026,2.078772100971,2.07200977840213,108
2,2012,190.246437417804,192.599993024642,2.08485619857233,2.08000678342566,108
3,2012,192.301842589058,194.669180499166,2.09488651036195,2.08712865719731,108
4,2012,193.16940843468,195.442470120871,2.06414680335401,2.05817746817197,108
1,2013,195.173022917933,197.604890487683,2.0478110215512,2.04192977194678,108
2,2013,197.332527801322,199.708009542838,2.04742645725342,2.04448907114266,108
3,2013,200.334896140993,202.741009750512,2.0800985368955,2.07374236877815,108
1,2014,203.758172689979,206.160961043773,2.04923427310647,2.04327155123831,108
3,2014,206.954737655777,209.29767962078,2.03737944393704,2.03050773280574,108
4,2014,208.64903085386,210.896439019885,2.0276494245387,2.02252438692169,108
2,2015,215.252035263642,217.659349185651,2.06429956522204,2.05950504827869,108
1,2017,226.795538697015,229.255261861067,1.99473994281802,1.98967556280003,108
2,2017,228.76824040496,231.139189823928,1.99353977799047,1.98924610731814,108
3,2017,229.683077182624,232.066423239195,1.9787835219268,1.97333526189767,108
4,2017,231.502039108574,233.770480113266,1.97347649895696,1.96892961854527,108
1,2018,232.921565255782,235.364548033381,1.95211174777196,1.94750248093146,108
2,2018,234.413046663855,236.760583222318,1.94236035911232,1.938388849207,108
3,2018,235.690621861678,238.04800416795,1.93551463415146,1.93036672757972,108
4,2018,238.446728141082,240.696105914165,1.94777507180912,1.94339312153033,108
1,2019,240.371068700045,242.797093708686,1.93613877671216,1.93176377203922,108
2,2019,241.885146526336,244.214618373059,1.92781511433124,1.92394309069576,108
3,2019,244.075191078051,246.428498539398,1.93732997621226,1.93230867386646,108
1,2020,256.434372210654,258.88857356333,2.07365918784196,2.06887624694514,108
2,2020,262.771564431894,266.268913399727,2.10259927731774,2.08630085725347,108
1,2021,463.410404179875,467.40086833365,10.7268779870255,10.7755910042912,108
2,2021,468.864135190158,472.442847727312,11.2341199082611,11.192033320829,108
3,2022,487.628322676744,491.210480562887,11.2927898319004,11.2582807743293,108
1,2023,490.161916821284,493.815512781813,10.7904242002582,10.759609084807,108
2,2023,493.587557438537,496.978003710933,10.7602374392299,10.7264337802898,108
4,2023,496.109427712676,499.442549589497,10.4421069739186,10.4132087971925,108
1,2024,499.524369563592,503.103283306985,10.3185983378419,10.2861493682435,108
3,2024,501.042534137112,504.519252059188,9.94314325768358,9.91549330160987,108
3,2008,144.502505298805,146.246241262976,1.75767494225762,1.7513350700978,58
4,2008,143.385048763433,144.91246823332,1.7047738064453,1.69651577870126,58
4,2014,208.59072612252,210.81407098801,2.02751032398282,2.02175023815892,58
3,2009,164.828253507658,166.785218661197,2.0003888557239,1.99657393823026,106
4,2009,169.487297568774,171.340574998701,2.12038587911819,2.11583100157408,106
2,2010,173.463712600501,175.326600488288,2.12160366755467,2.10839912842313,106
3,2010,174.129282939137,175.875570716518,2.09577446356181,2.08325609560137,106
1,2011,178.640298895214,180.578277343789,2.07654297563617,2.06406925054831,106
2,2011,179.631486837281,181.469359824947,2.05613757123829,2.04416260380192,106
4,2011,185.652646978874,187.923166466059,2.09099233036487,2.08419229686093,106
1,2012,187.888476055626,190.364885603074,2.07877134830689,2.07240013689408,106
3,2012,192.261410801498,194.655466912321,2.09475543319137,2.08726843559318,106
1,2013,195.177965284192,197.632206790248,2.04767668480406,2.04175288482513,106
2,2013,197.312938792299,199.673082353728,2.04729803015902,2.04396464319645,106
2,2010,173.420908535084,175.282509363751,2.12041622877689,2.10717885149458,109
3,2010,174.121394585625,175.976226320909,2.0963442633459,2.08626266076319,109
4,2010,175.729660401645,177.427708187802,2.09747624007943,2.08826458971567,109
1,2011,178.647236347404,180.581569371774,2.0767689858164,2.06423535488165,109
2,2011,179.687985498159,181.560803749966,2.0575642412156,2.04641711309008,109
3,2011,181.882533505361,183.662182085697,2.07417972077821,2.0630137556311,109
4,2011,185.719562583206,187.978909899782,2.09114944566621,2.08439386285371,109
1,2012,187.950809243512,190.407518384556,2.07958068938812,2.07254144630473,109
2,2012,190.179842371814,192.547331813456,2.08402656983702,2.07926647262181,109
4,2017,231.590956838541,233.90168338107,1.97362376643111,1.9698366704797,109
1,2020,256.443238770847,258.894741478298,2.07369855400579,2.06893087843076,109
3,2020,280.524412553843,291.149020755527,2.4417832138545,2.56310217182642,109
4,2020,381.381775384685,386.210634358395,4.15664661787677,4.61837579885393,109
1,2021,464.706932276426,468.575661016488,10.7486305242789,10.7856390665204,109
3,2021,472.506554769756,476.132412492385,11.2425328621361,11.2182053557882,109
4,2021,475.625508734618,478.986162607729,11.2845724269333,11.2514704723422,109
1,2022,479.098164719337,482.736150230825,11.1588793164896,11.1215986577401,109
4,2023,495.999010183517,499.30816235371,10.4370262049764,10.4087049356827,109
2,2024,503.087452481564,506.445926372547,10.3103831818221,10.2791934226233,109
3,2024,500.981268519005,504.456958320036,9.94128821401424,9.91365874584361,109
4,2010,175.682082100315,177.361159867499,2.09720337071814,2.08668749404288,110
1,2011,178.642053080224,180.584130724739,2.07663779107376,2.06430423845479,110
2,2011,179.637703649589,181.475157370248,2.05635037877577,2.04437064649664,110
3,2011,181.990277181446,183.797143092,2.07656297420046,2.06579162755662,110
4,2011,185.6657517097,187.915678639672,2.0910154727826,2.08387861120185,110
1,2012,187.90094891817,190.343997327893,2.0789316946483,2.07208973061573,110
2,2012,190.163800636724,192.556820977492,2.08381899348642,2.07944696622268,110
3,2012,192.247602229333,194.644583353326,2.09476022415465,2.08725726108952,110
4,2012,193.145933145599,195.409180322207,2.06411367200703,2.0578307847812,110
1,2013,195.163183835729,197.593038919509,2.04767844075942,2.04160474532831,110
2,2013,197.312938792299,199.700698380246,2.04729803015902,2.04466080726053,110
3,2013,200.283925657728,202.634082946541,2.08003937495365,2.07250995389827,110
4,2013,202.699755056316,204.925996147944,2.0881017592681,2.08143413465942,110
2,2014,205.383676284973,207.682788914357,2.03975275398829,2.03437307471175,110
3,2014,206.929285310368,209.268655817535,2.03737234799128,2.03045015201714,110
4,2014,208.597519376375,210.824825155636,2.02753123268673,2.02187610580003,110
2,2015,215.250925655446,217.653409295947,2.06430772654432,2.05948624844345,110
3,2015,216.704404909098,219.124725638897,2.05816797014748,2.05198593411642,110
4,2015,217.340465842028,219.641357262988,2.02662970611585,2.02159642258933,110
1,2016,218.973158024926,221.443797743558,2.00699876158758,2.00181060834174,110
2,2016,221.15599989124,223.536698985647,2.00979116503454,2.00531687952244,110
3,2016,221.99022025192,224.384906247132,1.99215813932351,1.98654369123331,110
4,2016,224.998934293292,227.282354588582,2.01064187759869,2.00577716108288,110
1,2017,226.775006194072,229.232349542908,1.99455102929941,1.98954341323319,110
2,2017,228.767528544703,231.13292957903,1.99353742921243,1.98924162184767,110
3,2017,229.697284196006,232.078854214843,1.97880851576145,1.9733844490956,110
4,2017,231.50664198269,233.779400096128,1.97348441202136,1.96900488435607,110
1,2018,232.924652150554,235.36311742221,1.95213588663389,1.94745128329513,110
2,2018,234.494769521069,236.842429650047,1.94276350664935,1.9386313749193,110
3,2018,235.690081308101,238.045688901496,1.93550460895208,1.93031551594281,110
4,2018,238.445302327974,240.695903168757,1.94777281102844,1.94340331545385,110
1,2019,240.367782102707,242.791363402211,1.93611207793503,1.93165492748216,110
2,2019,241.88455219793,244.215365263402,1.92780599200925,1.92397381330935,110
3,2019,244.076413731909,246.426312727866,1.93732985570011,1.93227053805134,110
4,2019,250.089309442461,252.347355714717,2.00690304381282,2.00243856423977,110
1,2020,256.437447617869,258.886454735468,2.07368855532935,2.06887280726258,110
2,2020,260.43412467229,264.408284534981,2.07250823020423,2.074311946071,110
3,2020,282.704591111946,293.299871107346,2.44394832819962,2.57756486910643,110
1,2021,464.847621970502,468.55305847914,10.7386268242309,10.7432459769329,110
2,2021,468.076390975867,471.509934097437,11.211551177402,11.1754365814133,110
1,2022,479.735334244192,483.387203368249,11.1713451433318,11.130370693091,110
2,2022,482.939087567384,486.363472568311,11.1684361941818,11.1321505515939,110
3,2022,487.235742854075,490.81636780421,11.2868607608257,11.2535164292907,110
4,2022,488.530957145273,491.88443713361,11.0897367745209,11.0576971566647,110
1,2023,490.266190284643,493.94050769434,10.791229533404,10.7562287864856,110
2,2023,493.491511337987,496.886770699283,10.7585435890826,10.7249907857082,110
3,2023,493.768017024318,497.29363892708,10.550391754203,10.5199607123924,110
4,2023,496.005030467074,499.314309566028,10.437286960619,10.4089241713128,110
1,2024,499.524977463073,503.098742977918,10.3185669277982,10.28601494804,110
2,2024,503.086339497398,506.445011515774,10.310389132363,10.2791554613791,110
3,2024,500.993869376075,504.469544825565,9.94142979609703,9.91378695370665,110
4,2024,503.349288223793,506.614666039258,9.85043936122424,9.8247542386436,110
3,2011,182.083189206671,184.073815608149,2.07918954017385,2.07176737487647,6
4,2011,185.654295573668,187.917752131998,2.09099377908754,2.08403148635677,6
1,2012,187.903075064124,190.358600480343,2.07897324080701,2.07219212966087,6
2,2012,190.19442577348,192.586333960042,2.08421181321369,2.08003090627636,6
3,2012,192.266399642217,194.660048990415,2.09475602964985,2.08727102162514,6
4,2012,193.175290694589,195.448170354166,2.06418943262107,2.05832167438614,6
1,2013,195.166367620743,197.594724166975,2.04771971891785,2.04168758399881,6
2,2013,197.339016499126,199.70909497211,2.0476129466786,2.04461981878469,6
3,2013,200.340637291823,202.754820099065,2.08016308790362,2.07409148889614,6
4,2013,202.704822953091,204.929682148915,2.088101426497,2.08140893899657,6
1,2014,203.771698693953,206.171649856985,2.04940092579227,2.04344025702727,6
2,2014,205.383499416654,207.684439117136,2.03974582743659,2.03436993798872,6
3,2014,206.93126988107,209.272357757635,2.03738982538924,2.03053310457474,6
4,2014,208.582916282446,210.797757837721,2.02749342013376,2.02156186564355,6
1,2015,212.836174686257,215.578450831601,2.04569844302016,2.04150507716802,6
2,2015,215.255333026852,217.658833642807,2.06434059534054,2.05955129002475,6
3,2015,216.704237845285,219.124027376576,2.05817108255484,2.05197207913352,6
4,2015,217.342277061591,219.642676220692,2.02663314875593,2.02158944549086,6
1,2016,218.973158024926,221.444878436669,2.00699876158758,2.00183390972588,6
2,2016,221.155617193483,223.536908929456,2.00978855485114,2.00531370474965,6
3,2016,221.998830135487,224.394811154244,1.99217893405493,1.98661178403691,6
4,2016,224.999417465326,227.284388487354,2.01064196306529,2.00579436824009,6
1,2017,226.77988027466,229.237263386406,1.99459688451275,1.98961146309488,6
2,2017,228.767528544703,231.132753448831,1.99353742921243,1.98923188729904,6
3,2017,229.694739568367,232.076441484243,1.97880574527084,1.97338171005822,6
4,2017,231.50664198269,233.779400096128,1.97348441202136,1.96900488435607,6
1,2018,232.915826435853,235.358798495685,1.95206272785039,1.94739837932421,6
2,2018,234.405295229173,236.756010991194,1.94229714776902,1.9383142794419,6
3,2018,235.68729348238,238.045850210837,1.9355089103275,1.93036615876241,6
4,2018,238.450738472499,240.704783618635,1.94778054141301,1.94346563957421,6
1,2019,240.362775937317,242.785429702846,1.93606995981358,1.93154406888759,6
2,2019,241.897022479743,244.226499699047,1.92790410060874,1.92401706993043,6
3,2019,244.075686108994,246.42842282564,1.93732960950116,1.93229676554695,6
4,2019,250.091623192643,252.345607021695,2.00690458192198,2.00240022080605,6
1,2020,256.435020225744,258.88410846498,2.07366530532241,2.06884345229634,6
2,2020,259.198062719807,261.868440280151,2.07366768180878,2.06773107276107,6
3,2020,279.903872048305,288.705892864476,2.44193059478761,2.53722399132744,6
1,2021,464.590693818954,468.436303230557,10.7639901012994,10.7946242332195,6
2,2021,468.334383535729,471.798167651054,11.2206626262423,11.1812812010034,6
3,2021,473.079296539107,476.692687346914,11.2496279487408,11.2238725056574,6
4,2021,475.604697202082,478.964636272014,11.2876591120759,11.2545564967105,6
1,2022,479.173884352667,482.812213399137,11.1628380373104,11.125600451608,6
2,2022,482.933915947744,486.358018673395,11.168086713408,11.1318401502182,6
3,2022,487.090162938472,490.667452406099,11.2847688073173,11.2507844951745,6
4,2022,488.557627445333,491.921828128512,11.0909214734957,11.0588084428983,6
1,2023,490.129069311897,493.740957539494,10.7888665007097,10.7540996979854,6
2,2023,493.491404239803,496.881730108547,10.7586247327525,10.7248302948566,6
3,2023,493.728742732743,497.255695647972,10.5499282524531,10.5194570068944,6
4,2023,495.997005338165,499.306274225124,10.4370126392765,10.4086936619586,6
1,2024,499.513071368418,503.089388757362,10.318028985208,10.2856482039557,6
2,2024,503.081900663212,506.440833148155,10.3100438577221,10.2789128124134,6
3,2024,500.988036910568,504.464035018527,9.94130791318569,9.91364594767845,6
4,2024,503.348288226753,506.613800018679,9.8503180589663,9.82468220548122,6
3,2011,181.873730137645,183.679146847417,2.07415893089833,2.06341552709561,112
4,2011,185.668612032613,187.964165305937,2.09103843898147,2.08483914245994,112
1,2012,187.895268378155,190.332081399025,2.07873175192858,2.07200573290242,112
2,2012,190.273564841346,192.634204087895,2.08522645535858,2.0806747979614,112
3,2012,192.327647622767,194.708273731934,2.09486994018566,2.08741941355855,112
4,2012,193.165270522881,195.414333824308,2.06416741214372,2.05783415131452,112
1,2013,195.209661719482,197.632722324257,2.04819827942982,2.04231199100697,112
2,2013,197.373502379598,199.782008519387,2.04804506731874,2.04615593617593,112
3,2013,200.509368995307,203.023422907436,2.08033283954142,2.07639500101788,112
4,2013,202.764487957774,205.002423469553,2.08817706663056,2.08184105214167,112
1,2014,203.835346321115,206.237082919116,2.05007648478673,2.04428505343513,112
2,2014,205.394819066147,207.694006625426,2.03988527067004,2.03456387951935,112
3,2014,206.984067090577,209.33933507253,2.03752677180607,2.03112512650975,112
4,2014,208.620229206022,210.856179001528,2.02759015108505,2.02217751594847,112
1,2015,212.836532820406,215.578513687715,2.04570559886221,2.04151237916862,112
2,2015,215.257538593568,217.669744193932,2.06437172810255,2.05974494983581,112
3,2015,216.71091344817,219.141731249606,2.0581762257209,2.05216970751523,112
4,2015,217.347773625773,219.662649509126,2.02664080847867,2.02181244477115,112
1,2016,219.012271610659,221.484552466995,2.00736588279016,2.00228054753607,112
2,2016,221.166719446658,223.546713715311,2.00987694302294,2.00542702808553,112
3,2016,221.98770291482,224.385432356893,1.99215543803203,1.98658565599348,112
4,2016,224.999417465326,227.284388487354,2.01064196306529,2.00579436824009,112
1,2017,226.785613950504,229.242515302224,1.99464459305525,1.98964510050511,112
2,2017,228.765739978118,231.13095366443,1.99352133512642,1.98921721359256,112
3,2017,229.682693049608,232.0597089192,1.97878331812591,1.97325868724916,112
4,2017,231.499285479785,233.764798590877,1.97347150219889,1.96887970225585,112
1,2018,232.916768318929,235.35774186263,1.95207167112709,1.94737350241741,112
2,2018,234.416387450481,236.762698440798,1.94238075643468,1.93833337390323,112
3,2018,235.710796691881,238.081449274035,1.93555224318866,1.93064629211484,112
4,2018,238.444707146024,240.693518102703,1.94777192303669,1.94337845005116,112
1,2019,240.368838620619,242.794664828175,1.93613029372849,1.93151303208909,112
2,2019,241.892709825512,244.22408432039,1.92785611046337,1.92393721287337,112
3,2019,244.075686108994,246.433899559479,1.93732960950116,1.93235260697305,112
4,2019,250.089149269058,252.343843613425,2.00690241914628,2.00239400147569,112
1,2020,256.448675553335,258.898382951945,2.07376340916595,2.06897603070852,112
2,2020,259.608806943624,262.434314804105,2.07485486564999,2.06882001571483,112
3,2020,280.491511177579,290.217174666632,2.44232601246944,2.55446427254047,112
4,2020,382.747561796904,387.055157869334,4.16985187525759,4.56235612188609,112
1,2021,465.452435821165,469.221309921433,10.795580156814,10.8137625758695,112
2,2021,468.356828345159,471.804182600951,11.2207292613527,11.1809900271455,112
3,2021,473.150567389204,476.755077683179,11.2496373930789,11.2228423385888,112
4,2021,475.675610085587,479.035008078815,11.2872039166266,11.253969273161,112
1,2022,479.057567940364,482.698506884037,11.1580479374357,11.1207901092733,112
2,2022,482.93549025047,486.36078157346,11.1680171978884,11.1319373455178,112
3,2022,487.30661614902,490.885959141307,11.289126427739,11.2555018291164,112
4,2022,488.66891971983,492.059197899286,11.0976825342041,11.0650506559434,112
1,2023,490.149151309316,493.773336736553,10.7899708942011,10.7564297042499,112
2,2023,493.489820586647,496.880381669241,10.7585083101383,10.7247409631644,112
3,2023,493.724073020752,497.249712463458,10.5493471366061,10.5189350812505,112
4,2023,495.99817951192,499.307370285981,10.4370149655291,10.4086937167697,112
2,2024,503.084506967725,506.442854574035,10.3101983010036,10.2789745040493,112
3,2024,500.972883752035,504.448583721092,9.9412569515358,9.91362358887281,112
1,2013,195.181194112663,197.592759393186,2.04779426208785,2.04133116131383,113
3,2013,200.296524324688,202.674659282144,2.08006984854395,2.07315309389907,113
4,2013,202.727717671766,204.957487465096,2.08816826759636,2.08164506516454,113
1,2014,203.758716759971,206.150987170287,2.04923843449472,2.04295788408035,113
2,2018,234.410721396132,236.764652045814,1.94233355701817,1.93831126870647,113
3,2014,206.923525178515,209.259619598937,2.03737380641422,2.03039587819618,114
4,2014,208.592585552686,210.814988951609,2.0275194487013,2.02176219121648,114
1,2015,212.823720505626,215.56920898942,2.0456278298593,2.04142940695633,114
2,2015,215.28392447489,217.685822177736,2.0646322782395,2.05981229487497,114
3,2015,216.730955275244,219.153983687764,2.05819595972241,2.05208750203865,114
4,2015,217.34820310022,219.655352638981,2.02664422375071,2.02172453083435,114
1,2016,218.984369261959,221.454226633251,2.00709708862422,2.00187992066564,114
3,2016,221.989758461958,224.395615355049,1.99215142512704,1.98668622347241,114
1,2017,226.777071767876,229.235470155951,1.99457121316425,1.98955692969633,114
2,2017,228.77161190816,231.137647862291,1.99357367048063,1.98930142587296,114
3,2017,229.693341621889,232.081468042168,1.97879918556976,1.97345832180678,114
4,2017,231.513794643028,233.792769508634,1.97349592485875,1.96911364502898,114
3,2018,235.688948622637,238.043542257571,1.93550477183955,1.9303025667368,114
4,2018,238.447041597934,240.69622583497,1.94777590290705,1.9433914176825,114
1,2019,240.337943353618,242.761163369082,1.93586800860675,1.93131758775128,114
2,2019,241.884644401194,244.216448344183,1.92781087916652,1.92390042060942,114
3,2019,244.078827136282,246.434935732827,1.93733518714354,1.93236722001098,114
4,2019,250.089149269058,252.345663511819,2.00690241914628,2.00240873703168,114
1,2020,256.435544463141,258.923431519569,2.07367051017274,2.06914821908686,114
2,2020,261.488401373946,266.812948610305,2.0873723776818,2.08301556517676,114
3,2020,281.092151426157,290.401758259248,2.44454066225289,2.56214001134443,114
4,2020,389.281574651948,393.024603600585,4.32834592681045,4.67045620224411,114
1,2021,465.660557496855,469.605191950001,10.8110308412278,10.8630369070528,114
3,2021,472.857957384019,476.502380727153,11.2474276774157,11.2255147578171,114
4,2021,475.758055350201,479.116823164332,11.2867855651209,11.2532670416643,114
1,2022,479.095777396218,482.734539757939,11.1580875210318,11.120536993759,114
2,2022,482.935578024932,486.359705625986,11.1680555161578,11.1318629211684,114
3,2022,487.092326277276,490.673814383916,11.2853794114194,11.2519203119641,114
4,2022,488.516210838432,491.868746945643,11.0886738296241,11.0567335063963,114
1,2023,490.12680353647,493.742182055828,10.7887726658817,10.7542484447748,114
2,2023,493.493648919748,496.884164609106,10.7587464098026,10.7249743834027,114
3,2023,493.722815922984,497.250624697978,10.5495425847099,10.5191422687135,114
4,2023,495.997722331271,499.307159062005,10.4370564938617,10.4087242452879,114
1,2024,499.515085297822,503.090910980392,10.3181067830062,10.2856656114485,114
2,2024,503.081094611003,506.440518324343,10.3100155587545,10.2789115145185,114
4,2024,503.345922195031,506.611399147452,9.85025433181568,9.82460071804787,114
3,2014,206.93506274901,209.275887564432,2.03739332442583,2.03053663905392,115
4,2014,208.613174495231,210.850564112535,2.0275729165034,2.02215733199246,115
1,2015,212.831871833192,215.573168934686,2.04567315238081,2.04145132773811,115
2,2015,215.262155632897,217.66645886713,2.06441440836304,2.059667593066,115
3,2015,216.71690246201,219.140254159466,2.05818683070631,2.05207856140677,115
4,2015,217.343852898884,219.649672593514,2.02663199674782,2.02166678991119,115
1,2016,218.990743685439,221.461039395291,2.00715622104574,2.00197317301044,115
2,2016,221.157257469441,223.5383946656,2.00980355545819,2.00534730007126,115
4,2016,225.000467316428,227.283249965314,2.01064497401901,2.00576626699406,115
1,2017,226.775110251809,229.232275234234,1.99455312151811,1.98955172681853,115
2,2017,228.780566215549,231.148702971628,1.99365246965617,1.98944819150871,115
4,2017,231.523344928421,233.810111570503,1.97351475567306,1.96926098316341,115
1,2018,232.929400714995,235.370885019124,1.9521581544968,1.94754891092831,115
2,2018,234.405691230596,236.755561626687,1.94229878393072,1.93831727598382,115
3,2018,235.686176372839,238.045129817948,1.93550588599612,1.93036196945143,115
4,2018,238.447041597934,240.697343976543,1.94777590290705,1.94340756118189,115
1,2019,240.373357919944,242.79641236131,1.93615636134385,1.93167407846112,115
2,2019,241.878918255522,244.209893810169,1.92776531769519,1.9239246317392,115
3,2019,244.075686108994,246.426545216618,1.93732960950116,1.93227753601671,115
4,2019,250.092999731487,252.346170719588,2.00690980720534,2.00239355126048,115
1,2020,256.435020225744,258.887255163492,2.07366530532241,2.06885972793936,115
2,2020,259.837147742257,263.036910696002,2.08061250452248,2.07222516789159,115
3,2020,280.382327945667,290.635361990065,2.44171197186662,2.55664012837165,115
4,2020,389.300092266574,393.088296954226,4.32173631004525,4.67129613235157,115
1,2021,464.610997077796,468.523897471755,10.7575660434641,10.8008828602011,115
2,2021,468.544027664715,471.997949125196,11.2248457918996,11.1838442681022,115
3,2021,472.484772143642,476.094517636058,11.2421816912804,11.215629650421,115
4,2021,475.801706477673,479.166314731633,11.284044092659,11.2512034303295,115
1,2022,479.138476571523,482.776699707201,11.1606765360862,11.1231950287697,115
2,2022,482.934083312635,486.357830460333,11.168009941441,11.1317375298546,115
3,2022,487.218205027464,490.797963708431,11.2876114055294,11.2540243219465,115
4,2022,488.538975017903,491.902885698299,11.0903272677156,11.0583774546188,115
1,2023,490.130588389405,493.743969827627,10.7890371202996,10.7543713186858,115
2,2023,493.490638570403,496.881018052029,10.758577112092,10.724787378666,115
3,2023,493.728780375982,497.255056488367,10.5497997639236,10.519342707111,115
4,2023,495.99817951192,499.307275629553,10.4370149655291,10.4086856298805,115
1,2024,499.516442332755,503.090061472727,10.3182147610014,10.2856839468892,115
2,2024,503.083216000448,506.441330331695,10.3101229843102,10.2788942657036,115
3,2024,500.976981921264,504.452928568795,9.94122876092391,9.91356900639127,115
4,2024,503.348872464744,506.614238741929,9.8502732051705,9.82461700878969,115
2,2015,215.261580754915,217.667737024673,2.064411541628,2.05970587724964,116
3,2015,216.718473783516,219.142286932831,2.05818060999475,2.05207149293075,116
4,2015,217.34161899859,219.645155930167,2.02663143716467,2.02163719052839,116
1,2017,226.797397823403,229.254462611616,1.99475076619978,1.98971899351713,116
2,2017,228.767717047363,231.135050590534,1.99353960469882,1.98922888715778,116
3,2017,229.684712810893,232.068812558281,1.9787850051305,1.97335380929205,116
1,2018,232.916768318929,235.35774186263,1.95207167112709,1.94737350241741,116
2,2018,234.405826167674,236.753942003153,1.94230033230034,1.93828386784041,116
4,2018,238.451640405978,240.705383106732,1.9477838057763,1.94347002834066,116
1,2019,240.348491491073,242.775051865164,1.935962052218,1.93157798979684,116
2,2019,241.886997958342,244.220747175542,1.92782952959529,1.92405913927137,116
3,2019,244.081045077339,246.4299108865,1.93734022208094,1.9322742718172,116
4,2019,250.091013535071,252.346301983644,2.0069062895794,2.00239239233351,116
1,2020,256.438177848395,258.890061034125,2.07369195885,2.06893167171339,116
1,2021,464.925770539922,468.77561196967,10.7688336407509,10.8021159797782,116
3,2021,472.825601830652,476.428261571242,11.2459228194666,11.2185722241253,116
1,2022,479.159420726012,482.797849859746,11.1622176356117,11.1250451134952,116
2,2022,482.93365998718,486.358271097676,11.1679661755907,11.131815747166,116
4,2022,488.602298356457,491.977682141793,11.0944551894972,11.0620936005656,116
1,2023,490.13884587954,493.758509303029,10.7894208957114,10.7553964833544,116
2,2023,493.489820586647,496.880604354379,10.7585083101383,10.7247597911739,116
3,2017,229.690684133884,232.083779048291,1.97879203259168,1.97349718402462,118
4,2017,231.51832714089,233.801122573904,1.9735030251213,1.96918058627527,118
2,2018,234.415596981224,236.769366324619,1.94238109484772,1.93851654651445,118
4,2018,238.445726287374,240.694512541426,1.94777328358583,1.94337953931514,118
1,2020,256.434800298,258.885579380748,2.0736609619492,2.06886726295353,118
3,2020,279.627413355284,289.966744060985,2.4411833701852,2.55145840025427,118
1,2021,464.831622178274,468.98288104674,10.8133165342619,10.8903035832425,118
3,2021,472.928752206816,476.556901423852,11.2479428711821,11.2241207048503,118
4,2021,475.715256766277,479.206423392266,11.3106080428658,11.2769071185012,118
1,2022,479.142783428894,482.780856981964,11.1606240359984,11.1232161280717,118
3,2022,487.095417946862,490.674924037104,11.2852076974084,11.2515839859845,118
4,2022,488.61318261702,491.982590888009,11.0931200586805,11.0607229557365,118
2,2023,493.49110487757,496.88149867081,10.7585791774551,10.7247848188711,118
3,2023,493.719600116861,497.245783187491,10.549190093663,10.5188152035294,118
4,2023,495.997830156201,499.307014456474,10.4370155902368,10.4086939596649,118
1,2024,499.518692738919,503.093053179599,10.3182779422767,10.2857511714496,118
2,2024,503.082526047449,506.440623950598,10.3101439542583,10.2789182351622,118
3,2024,500.982210569721,504.457996112364,9.94125871245503,9.91365509907654,118
4,2024,503.346686401213,506.612046630012,9.85027465987378,9.82461709115051,118
3,2017,229.697284196006,232.081356422089,1.97880851576145,1.97342445656918,119
1,2020,256.434265607383,258.88415758713,2.07365845005477,2.06885256424485,119
2,2020,259.620804582005,262.276523130101,2.07077012737125,2.06661180775185,119
3,2020,281.950554145188,287.959573307498,2.44852524487556,2.51931727955562,119
3,2023,493.724978161488,497.267616450874,10.5490568332181,10.5192528127759,119
1,2024,499.512415211797,503.086843989575,10.3179866592162,10.2855024247526,119
3,2024,500.980448637183,504.45629561103,9.94124788467812,9.9135882024139,119
1,2019,240.362775937317,242.791536153241,1.93606995981358,1.93144784965112,127
2,2019,241.892825937093,244.229513048597,1.92787581748174,1.92393453627889,127
3,2019,244.079614969562,246.43851795792,1.93733803462794,1.93240992887763,127
4,2019,250.089149269058,252.342718134559,2.00690241914628,2.00238551132967,127
1,2020,256.437927408644,258.888085467748,2.07369289058123,2.06890569207406,127
3,2020,279.961081490009,290.256052817928,2.44144985471107,2.55481396414482,127
1,2021,465.124699929454,469.037395244787,10.7957157471578,10.8393822036145,127
2,2021,468.158532897656,471.582699457781,11.2138951800898,11.1768094977308,127
3,2021,472.90663912796,476.540968632845,11.2479764619757,11.2248288382034,127
4,2021,475.877751307287,479.23990197078,11.2855875359321,11.2526178414144,127
1,2022,479.102432318906,482.741197647869,11.1591876177477,11.1221292200614,127
2,2022,482.942658970694,486.367452016857,11.1684308854981,11.1321068399129,127
3,2022,487.221530077602,490.807027439633,11.2890014928469,11.2558007078147,127
4,2022,488.688441846023,492.080809088093,11.0986519545497,11.0658994044806,127
1,2023,490.139474197218,493.769905054287,10.7898801271828,10.7561255092455,127
2,2023,493.490149691539,496.885248664994,10.7584619047192,10.7250832473613,127
3,2023,493.711709485301,497.241602189783,10.5489514324103,10.5188537833588,127
4,2023,496.003982702117,499.323854434469,10.4372520855768,10.4093031514018,127
2,2024,503.085687960551,506.444109393661,10.3102966616346,10.2790989767361,127
3,2024,500.977196914616,504.452959837143,9.94125539774709,9.9136351791851,127
4,2024,503.346832667194,506.612132369318,9.85030918813074,9.82463769835972,127
1,2019,240.358672196885,242.782541892809,1.93604665197677,1.93159667447348,128
2,2019,241.886997958342,244.218777419385,1.92782952959529,1.92402409189564,128
3,2019,244.079529988325,246.429520486913,1.93733404349304,1.93228478085243,128
4,2019,250.090095841917,252.348112167562,2.0069027997572,2.00243688573029,128
1,2020,256.439284783085,258.88851042075,2.07370147484709,2.06889449550553,128
2,2020,260.678121317565,264.488075330887,2.07862510936616,2.07413944881249,128
3,2020,280.841787183823,292.47847207665,2.4412159582621,2.56355349836182,128
4,2020,382.175758208779,386.829244750303,4.16224967456363,4.60224939037614,128
1,2021,464.486293553074,468.371823257505,10.768013567575,10.8046566565375,128
2,2021,468.393900668441,471.856235250825,11.2211790745164,11.1811943012476,128
3,2021,473.522708000523,477.158415906636,11.2561255640321,11.2336799506138,128
4,2021,475.820776823947,479.244610835409,11.3050581183953,11.2707137150631,128
1,2022,479.117804121649,482.756409598614,11.1606179591587,11.1234862261955,128
2,2022,482.952293602927,486.376929777631,11.1685623687356,11.132175364044,128
3,2022,487.006369245727,490.601283679831,11.2849492046656,11.251910375092,128
4,2022,488.531905952269,491.888494440227,11.0898320089245,11.0578076304141,128
1,2023,490.130507638096,493.753010000429,10.78912654436,10.7550319518595,128
2,2023,493.492529639507,496.884135418996,10.7585603488676,10.7249341519751,128
3,2023,493.754591890175,497.280647796939,10.5498898441793,10.5194809322887,128
4,2023,496.001531175454,499.310619494563,10.4370746526294,10.4087392378467,128
1,2024,499.521501408781,503.09515939282,10.3184228028152,10.2858803996227,128
2,2024,503.084088084345,506.442221180723,10.3102435957003,10.2790177040195,128
3,2024,501.00635131959,504.482913639241,9.94164352546809,9.91408873839287,128
4,2024,503.349683940042,506.61518394881,9.85035610102906,9.8246711801225,128
4,2019,250.089066233558,252.34738742755,2.006902498063,2.00243733585921,121
1,2020,256.434732367915,258.888665430707,2.07366269895946,2.06890890744192,121
2,2020,259.202659441048,262.67564132116,2.07085469613636,2.07064312226117,121
3,2020,281.737038039287,291.324499856815,2.444534925265,2.56573090043757,121
4,2020,384.599403261054,388.594616351567,4.217340837588,4.57537201397818,121
1,2021,464.647220221579,468.528818460418,10.7562616281452,10.7944829665227,121
2,2021,468.344244035985,471.801953227498,11.222713091094,11.1832881110348,121
3,2021,472.553951274876,476.140566134054,11.242590210533,11.2124741258294,121
4,2021,475.595000704457,478.95676287954,11.2842428941066,11.2512570763249,121
1,2022,479.105246317684,482.743194650081,11.1590762730648,11.1217541223044,121
2,2022,482.935263349595,486.360246226025,11.168008333602,11.131918424836,121
3,2022,487.062331659445,490.640143100602,11.2844206986876,11.2505995861547,121
4,2022,488.56199244876,491.92670392668,11.0911894958077,11.0590465291717,121
1,2023,490.126432965033,493.737051065464,10.7887656796729,10.7538513160664,121
2,2023,493.493761089745,496.885069319107,10.7587856718933,10.7250705981054,121
3,2023,493.725173408804,497.250832108866,10.5495134937488,10.5190700273181,121
4,2023,495.997410135121,499.306550947853,10.4370119760885,10.4086840531323,121
1,2024,499.515183998002,503.088998485152,10.3181029791203,10.2855727044645,121
2,2024,503.081263870305,506.439867766396,10.3099772581897,10.2787641112244,121
3,2024,500.978671601853,504.454667781216,9.94128037495898,9.91368071239728,121
4,2024,503.345885843915,506.611217609411,9.85025781624888,9.82459440512262,121
1,2020,256.446606453355,258.900466398851,2.07376669182848,2.06892080438674,117
2,2020,263.410237131866,272.417527154213,2.09473148013034,2.10405856997864,117
3,2020,280.641331884361,296.256844158021,2.44253478768428,2.60163541991549,117
4,2020,394.006923560903,397.207518646051,4.4439683570388,4.67721641190088,117
1,2021,464.437695785298,468.286946918457,10.7526423363609,10.7838744070527,117
2,2021,468.404915741143,471.828122857018,11.2182598036465,11.1803314121654,117
3,2021,473.195886046108,476.83566883701,11.2523109161554,11.2299339473018,117
4,2021,475.626526759343,478.987378238239,11.2860972034951,11.2530899677687,117
1,2022,479.194614622598,482.833182878536,11.1638679625494,11.1267208878909,117
3,2022,487.204977351324,490.799028934853,11.2887560061279,11.2562105045785,117
4,2022,488.731431725076,492.11295424168,11.0994806025112,11.0663626832361,117
2,2023,493.489657176936,496.882397242018,10.758501202625,10.7248545328372,117
3,2023,493.71693560029,497.244641714473,10.5490157683616,10.518757015121,117
4,2023,496.003625304189,499.31487806049,10.4374152222065,10.4090559193488,117
1,2024,499.512261877553,503.088022942859,10.3179391661706,10.2855064740592,117
2,2024,503.080253755285,506.439053896627,10.3099564311638,10.2787994218046,117
3,2024,500.978800674954,504.454468252773,9.94124316085465,9.91359973976445,117
4,2024,503.345922195031,506.611259665441,9.85025433181568,9.82459100427247,117
3,2020,284.083241610563,292.961619455645,2.44265104558989,2.53716917692067,131
4,2020,389.95368715187,393.24594696749,4.34201731926313,4.58558995966687,131
2,2021,468.536646397421,471.993723692397,11.2243542530812,11.1833464643946,45
3,2021,473.060427541289,476.686795370683,11.2495922126592,11.2256390273556,45
3,2022,487.063626441205,490.647390750554,11.284962164699,11.2516585134936,45
4,2022,488.603346212959,491.980173906381,11.093997782173,11.0616839281074,45
1,2023,490.133271600128,493.765213712199,10.7892720946109,10.755983115607,45
2,2023,493.505282346077,496.900130286582,10.7587022448355,10.7255455499722,45
4,2023,496.00118313699,499.310314120312,10.4371211753567,10.4087784114739,45
1,2024,499.517237010957,503.09306476823,10.3182150466841,10.2857585885274,45
2,2024,503.083220316129,506.441779604699,10.3101888401526,10.2790123391791,45
3,2024,500.994060803885,504.471915629705,9.94133178967259,9.91367226975243,45
4,2024,503.347498779967,506.612796584181,9.85033412419119,9.824662981111,45
1,2022,479.117229174416,482.755305383065,11.1595965209059,11.1221576565076,135
2,2022,482.933461058386,486.357225294365,11.1680209287475,11.1317594126793,135
3,2022,487.359490816333,490.937213357239,11.2891566461915,11.2550543738652,135
4,2022,488.597280630928,491.965264007477,11.0932525474687,11.0608672755244,135
1,2023,490.134518654168,493.749719408672,10.7891376192466,10.7547142267802,135
2,2023,493.490638570403,496.881018052029,10.758577112092,10.724787378666,135
3,2023,493.722432973476,497.248077554953,10.5493218729433,10.5189124530834,135
4,2023,495.998673994411,499.308984892942,10.4370504893841,10.4087593423271,135
1,2024,499.516024423623,503.089654421802,10.3181645736524,10.2856320370292,135
2,2024,503.081866635893,506.440018752297,10.3100882148004,10.2788639942967,135
3,2024,500.975108983489,504.450778982434,9.941217996666,9.91357480162911,135
4,2024,503.345740558734,506.611272870791,9.85024988703273,9.8245941715501,135
1,2023,490.147178286474,493.764913259712,10.7898416160259,10.7557258568403,136
2,2023,493.497946349959,496.889686048856,10.7585902855219,10.7250242322003,136
3,2023,493.717949552681,497.245974387191,10.5490964097003,10.5188210243544,136
2,2023,493.492292083541,496.882912098499,10.7586532377713,10.7248657374712,137
3,2023,493.722800641728,497.248491157737,10.549318300632,10.5189115977193,137
4,2023,495.998557521834,499.308379155852,10.4370394311063,10.4087314727802,137
1,2024,499.514250202332,503.088851514118,10.3180693401492,10.2855762069371,137
2,2024,503.081236856439,506.439509009066,10.3100467925385,10.278836604536,137
3,2024,500.976313806611,504.451987243989,9.94122691280739,9.91358301593191,137
4,2024,503.34624120571,506.611534797171,9.85026860815743,9.82459919572792,137
